source_style,target_style,similarity,source_idx,target_idx,source_artist,target_artist,source_genre,target_genre
Early_Renaissance,High_Renaissance,0.9378535747528076,32563,25182,pietro-perugino,Unknown Artist,religious_painting,religious_painting
Early_Renaissance,High_Renaissance,0.8856988549232483,56992,31550,Unknown Artist,pietro-perugino,religious_painting,religious_painting
High_Renaissance,Mannerism_Late_Renaissance,0.8957698941230774,34153,34042,raphael,titian,religious_painting,religious_painting
Northern_Renaissance,High_Renaissance,0.8217867612838745,18009,56401,albrecht-durer,titian,religious_painting,religious_painting
High_Renaissance,Mannerism_Late_Renaissance,0.8491804599761963,42440,44263,pietro-perugino,Unknown Artist,religious_painting,religious_painting
Early_Renaissance,High_Renaissance,0.903457760810852,34989,49846,Unknown Artist,raphael,religious_painting,religious_painting
Early_Renaissance,Mannerism_Late_Renaissance,0.8576543927192688,25789,40469,Unknown Artist,tintoretto,religious_painting,religious_painting
High_Renaissance,Baroque,0.9273122549057007,31767,24638,raphael,Unknown Artist,religious_painting,religious_painting
Early_Renaissance,High_Renaissance,0.867507815361023,43628,51445,Unknown Artist,raphael,religious_painting,religious_painting
Early_Renaissance,Mannerism_Late_Renaissance,0.8337612152099609,43952,56706,Unknown Artist,el-greco,religious_painting,religious_painting
Early_Renaissance,High_Renaissance,0.8544750809669495,45961,22357,fra-angelico,Unknown Artist,religious_painting,religious_painting
Early_Renaissance,High_Renaissance,0.8647423982620239,25751,29414,Unknown Artist,Unknown Artist,religious_painting,religious_painting
Northern_Renaissance,Baroque,0.8533651232719421,13171,8522,albrecht-durer,rembrandt,religious_painting,religious_painting
Early_Renaissance,High_Renaissance,0.948014497756958,43726,36425,Unknown Artist,raphael,religious_painting,religious_painting
High_Renaissance,Mannerism_Late_Renaissance,0.8412754535675049,46281,55922,pietro-perugino,Unknown Artist,religious_painting,religious_painting
Early_Renaissance,High_Renaissance,0.890618085861206,40864,35390,Unknown Artist,raphael,religious_painting,religious_painting
High_Renaissance,Mannerism_Late_Renaissance,0.8897733688354492,22541,55726,raphael,tintoretto,religious_painting,religious_painting
Early_Renaissance,High_Renaissance,0.9033628106117249,22603,45028,Unknown Artist,Unknown Artist,religious_painting,religious_painting
Northern_Renaissance,Mannerism_Late_Renaissance,0.8974580764770508,56458,23384,Unknown Artist,paolo-veronese,religious_painting,religious_painting
Northern_Renaissance,Baroque,0.8425465226173401,12625,657,albrecht-durer,rembrandt,religious_painting,religious_painting
Early_Renaissance,Northern_Renaissance,0.8630667924880981,56569,56799,fra-angelico,Unknown Artist,religious_painting,religious_painting
High_Renaissance,Northern_Renaissance,0.8507745862007141,37361,43033,Unknown Artist,Unknown Artist,religious_painting,religious_painting
Mannerism_Late_Renaissance,Baroque,0.8793535828590393,37729,23143,el-greco,Unknown Artist,religious_painting,religious_painting
Early_Renaissance,High_Renaissance,0.8948079347610474,25709,56644,pietro-perugino,Unknown Artist,religious_painting,religious_painting
Early_Renaissance,High_Renaissance,0.8552446961402893,56326,46182,pietro-perugino,pietro-perugino,religious_painting,religious_painting
Northern_Renaissance,Mannerism_Late_Renaissance,0.8326815366744995,44553,56453,lucas-cranach-the-elder,el-greco,religious_painting,religious_painting
Early_Renaissance,Northern_Renaissance,0.8892882466316223,56529,56031,Unknown Artist,hans-holbein-the-younger,religious_painting,religious_painting
Early_Renaissance,High_Renaissance,0.8306906223297119,26308,55984,Unknown Artist,michelangelo,religious_painting,religious_painting
Early_Renaissance,High_Renaissance,0.9258420467376709,35073,56970,fra-angelico,Unknown Artist,religious_painting,religious_painting
High_Renaissance,Northern_Renaissance,0.8738875389099121,56035,56460,titian,Unknown Artist,religious_painting,religious_painting
Early_Renaissance,Northern_Renaissance,0.8302275538444519,56407,8111,Unknown Artist,albrecht-durer,religious_painting,religious_painting
Northern_Renaissance,Mannerism_Late_Renaissance,0.9023867845535278,34406,56983,Unknown Artist,titian,religious_painting,religious_painting
Early_Renaissance,High_Renaissance,0.9225656986236572,56355,40473,Unknown Artist,pietro-perugino,religious_painting,religious_painting
Early_Renaissance,High_Renaissance,0.8989762663841248,19614,28884,pietro-perugino,pietro-perugino,religious_painting,religious_painting
Mannerism_Late_Renaissance,Rococo,0.8828486800193787,56565,43987,paolo-veronese,Unknown Artist,religious_painting,religious_painting
Early_Renaissance,Mannerism_Late_Renaissance,0.9206157922744751,20738,49582,Unknown Artist,tintoretto,religious_painting,religious_painting
Mannerism_Late_Renaissance,Baroque,0.856566846370697,47149,28150,Unknown Artist,bartolome-esteban-murillo,religious_painting,religious_painting
Early_Renaissance,Northern_Renaissance,0.8563920855522156,36978,46164,fra-angelico,Unknown Artist,religious_painting,religious_painting
Early_Renaissance,Northern_Renaissance,0.8678781986236572,39075,51930,Unknown Artist,hieronymus-bosch,religious_painting,religious_painting
Early_Renaissance,Northern_Renaissance,0.8804370760917664,26778,49917,Unknown Artist,hieronymus-bosch,religious_painting,religious_painting
Early_Renaissance,Northern_Renaissance,0.8458856344223022,25170,24590,Unknown Artist,lucas-cranach-the-elder,religious_painting,religious_painting
Early_Renaissance,High_Renaissance,0.9219033718109131,44276,51928,fra-angelico,Unknown Artist,religious_painting,religious_painting
Northern_Renaissance,High_Renaissance,0.8576824069023132,56332,25932,Unknown Artist,Unknown Artist,religious_painting,religious_painting
Northern_Renaissance,Mannerism_Late_Renaissance,0.8592098951339722,24838,56819,Unknown Artist,paolo-veronese,religious_painting,religious_painting
Early_Renaissance,Northern_Renaissance,0.8628578782081604,36175,18117,Unknown Artist,albrecht-durer,religious_painting,religious_painting
Early_Renaissance,High_Renaissance,0.9058975577354431,46903,56897,Unknown Artist,Unknown Artist,religious_painting,religious_painting
High_Renaissance,Northern_Renaissance,0.8683452606201172,27917,29811,Unknown Artist,Unknown Artist,religious_painting,religious_painting
High_Renaissance,Mannerism_Late_Renaissance,0.874298632144928,19178,35510,Unknown Artist,paolo-veronese,religious_painting,religious_painting
Mannerism_Late_Renaissance,Baroque,0.8740997314453125,46959,27809,el-greco,anthony-van-dyck,religious_painting,religious_painting
Early_Renaissance,High_Renaissance,0.9056393504142761,30376,19342,pietro-perugino,pietro-perugino,religious_painting,religious_painting
Northern_Renaissance,High_Renaissance,0.8962528705596924,56024,49517,Unknown Artist,Unknown Artist,religious_painting,religious_painting
Northern_Renaissance,High_Renaissance,0.8127521276473999,40320,46281,lucas-cranach-the-elder,pietro-perugino,religious_painting,religious_painting
High_Renaissance,Mannerism_Late_Renaissance,0.9000933766365051,21160,46933,Unknown Artist,paolo-veronese,religious_painting,religious_painting
Early_Renaissance,High_Renaissance,0.8927246332168579,57028,49571,Unknown Artist,titian,religious_painting,religious_painting
High_Renaissance,Mannerism_Late_Renaissance,0.9206861853599548,28669,31431,raphael,Unknown Artist,religious_painting,religious_painting
Early_Renaissance,High_Renaissance,0.9362868070602417,43726,33149,Unknown Artist,raphael,religious_painting,religious_painting
Northern_Renaissance,Mannerism_Late_Renaissance,0.924362063407898,44944,24904,Unknown Artist,paolo-veronese,religious_painting,religious_painting
Early_Renaissance,Northern_Renaissance,0.922365665435791,49002,27103,Unknown Artist,Unknown Artist,religious_painting,religious_painting
Northern_Renaissance,High_Renaissance,0.9020674824714661,11580,47498,albrecht-durer,raphael,religious_painting,religious_painting
Baroque,Rococo,0.8882940411567688,56746,55810,Unknown Artist,Unknown Artist,religious_painting,religious_painting
Early_Renaissance,Mannerism_Late_Renaissance,0.8597761988639832,29714,56856,Unknown Artist,tintoretto,religious_painting,religious_painting
Early_Renaissance,Northern_Renaissance,0.9099896550178528,56716,56826,Unknown Artist,Unknown Artist,religious_painting,religious_painting
Early_Renaissance,Northern_Renaissance,0.8709467649459839,36632,56235,Unknown Artist,Unknown Artist,religious_painting,religious_painting
Early_Renaissance,High_Renaissance,0.9397388100624084,56355,20746,Unknown Artist,raphael,religious_painting,religious_painting
Northern_Renaissance,Mannerism_Late_Renaissance,0.8968876600265503,34061,30641,Unknown Artist,el-greco,religious_painting,religious_painting
Early_Renaissance,Northern_Renaissance,0.8901879191398621,56569,41641,fra-angelico,Unknown Artist,religious_painting,religious_painting
High_Renaissance,Baroque,0.8823642730712891,56136,55647,Unknown Artist,peter-paul-rubens,religious_painting,religious_painting
Northern_Renaissance,Mannerism_Late_Renaissance,0.8676691651344299,56873,56579,Unknown Artist,el-greco,religious_painting,religious_painting
Mannerism_Late_Renaissance,Baroque,0.9091868996620178,51500,27680,paolo-veronese,Unknown Artist,religious_painting,religious_painting
High_Renaissance,Northern_Renaissance,0.8192404508590698,27917,23069,Unknown Artist,hans-memling,religious_painting,religious_painting
Northern_Renaissance,Mannerism_Late_Renaissance,0.8673182129859924,30414,55758,Unknown Artist,el-greco,religious_painting,religious_painting
Early_Renaissance,High_Renaissance,0.8986247777938843,56018,33527,fra-angelico,Unknown Artist,religious_painting,religious_painting
High_Renaissance,Mannerism_Late_Renaissance,0.8980696201324463,55808,48260,Unknown Artist,titian,religious_painting,religious_painting
Early_Renaissance,Northern_Renaissance,0.7931627035140991,29533,17979,Unknown Artist,albrecht-durer,religious_painting,religious_painting
Early_Renaissance,High_Renaissance,0.9130119681358337,56604,25458,leonardo-da-vinci,Unknown Artist,religious_painting,religious_painting
Northern_Renaissance,High_Renaissance,0.902096152305603,32870,27923,Unknown Artist,Unknown Artist,religious_painting,religious_painting
Early_Renaissance,High_Renaissance,0.9086548089981079,28215,55743,Unknown Artist,raphael,religious_painting,religious_painting
Northern_Renaissance,Mannerism_Late_Renaissance,0.9108706712722778,11580,28715,albrecht-durer,Unknown Artist,religious_painting,religious_painting
Mannerism_Late_Renaissance,Baroque,0.9151504635810852,56674,56030,el-greco,Unknown Artist,religious_painting,religious_painting
Early_Renaissance,High_Renaissance,0.7212193012237549,56992,56275,Unknown Artist,michelangelo,religious_painting,religious_painting
Northern_Renaissance,Baroque,0.9110354781150818,49358,38214,Unknown Artist,jacob-jordaens,religious_painting,religious_painting
High_Renaissance,Baroque,0.911217212677002,52548,57132,Unknown Artist,bartolome-esteban-murillo,religious_painting,religious_painting
Early_Renaissance,Northern_Renaissance,0.8314374685287476,48154,55964,fra-angelico,Unknown Artist,religious_painting,religious_painting
Early_Renaissance,Mannerism_Late_Renaissance,0.9038017392158508,46903,50840,Unknown Artist,tintoretto,religious_painting,religious_painting
High_Renaissance,Mannerism_Late_Renaissance,0.9171419143676758,31767,55971,raphael,paolo-veronese,religious_painting,religious_painting
Mannerism_Late_Renaissance,Baroque,0.9104505777359009,48260,53002,titian,bartolome-esteban-murillo,religious_painting,religious_painting
High_Renaissance,Mannerism_Late_Renaissance,0.8954200148582458,55705,32464,Unknown Artist,tintoretto,religious_painting,religious_painting
High_Renaissance,Mannerism_Late_Renaissance,0.9157233834266663,56127,25145,raphael,Unknown Artist,religious_painting,religious_painting
High_Renaissance,Northern_Renaissance,0.8468565344810486,19597,11955,Unknown Artist,albrecht-durer,religious_painting,religious_painting
Early_Renaissance,Mannerism_Late_Renaissance,0.8854831457138062,32261,46835,Unknown Artist,Unknown Artist,religious_painting,religious_painting
Early_Renaissance,High_Renaissance,0.8880060911178589,46641,56447,Unknown Artist,michelangelo,religious_painting,religious_painting
Mannerism_Late_Renaissance,Baroque,0.8540788888931274,27334,56038,tintoretto,Unknown Artist,religious_painting,religious_painting
High_Renaissance,Northern_Renaissance,0.8744450807571411,56035,12172,titian,albrecht-durer,religious_painting,religious_painting
High_Renaissance,Northern_Renaissance,0.8516442179679871,55731,18004,titian,albrecht-durer,religious_painting,religious_painting
Northern_Renaissance,High_Renaissance,0.9107313752174377,56435,33704,Unknown Artist,Unknown Artist,religious_painting,religious_painting
Mannerism_Late_Renaissance,Baroque,0.9133993983268738,49582,45887,tintoretto,jacob-jordaens,religious_painting,religious_painting
High_Renaissance,Mannerism_Late_Renaissance,0.8987813591957092,56387,43743,Unknown Artist,Unknown Artist,religious_painting,religious_painting
Early_Renaissance,Northern_Renaissance,0.8854919075965881,30272,39646,Unknown Artist,Unknown Artist,religious_painting,religious_painting
High_Renaissance,Northern_Renaissance,0.8473964333534241,48517,49294,Unknown Artist,hans-memling,religious_painting,religious_painting
High_Renaissance,Mannerism_Late_Renaissance,0.8750230669975281,49140,40956,Unknown Artist,el-greco,religious_painting,religious_painting
High_Renaissance,Mannerism_Late_Renaissance,0.945725679397583,44627,28993,raphael,paolo-veronese,religious_painting,religious_painting
High_Renaissance,Mannerism_Late_Renaissance,0.8947051167488098,34542,35147,raphael,paolo-veronese,religious_painting,religious_painting
High_Renaissance,Northern_Renaissance,0.8724895715713501,48080,18187,Unknown Artist,albrecht-durer,religious_painting,religious_painting
Northern_Renaissance,Baroque,0.8875621557235718,17977,25780,albrecht-durer,Unknown Artist,religious_painting,religious_painting
Early_Renaissance,High_Renaissance,0.865700364112854,56967,55679,Unknown Artist,michelangelo,religious_painting,religious_painting
Early_Renaissance,Northern_Renaissance,0.8765823245048523,26778,22790,Unknown Artist,hans-memling,religious_painting,religious_painting
Early_Renaissance,Northern_Renaissance,0.9163334369659424,51425,22544,pietro-perugino,hans-memling,religious_painting,religious_painting
High_Renaissance,Mannerism_Late_Renaissance,0.9204394817352295,28746,55867,pietro-perugino,Unknown Artist,religious_painting,religious_painting
Early_Renaissance,Mannerism_Late_Renaissance,0.8906440138816833,39021,56520,Unknown Artist,el-greco,religious_painting,religious_painting
Mannerism_Late_Renaissance,Baroque,0.8740841150283813,29838,49259,Unknown Artist,bartolome-esteban-murillo,religious_painting,religious_painting
Northern_Renaissance,High_Renaissance,0.922213077545166,56430,56164,Unknown Artist,Unknown Artist,religious_painting,religious_painting
Early_Renaissance,High_Renaissance,0.913909912109375,56566,22499,Unknown Artist,pietro-perugino,religious_painting,religious_painting
Early_Renaissance,Northern_Renaissance,0.9012113213539124,20835,45167,fra-angelico,Unknown Artist,religious_painting,religious_painting
High_Renaissance,Mannerism_Late_Renaissance,0.8937099575996399,38210,50604,Unknown Artist,el-greco,religious_painting,religious_painting
Baroque,Rococo,0.8170380592346191,8522,55939,rembrandt,Unknown Artist,religious_painting,religious_painting
High_Renaissance,Mannerism_Late_Renaissance,0.9041481614112854,46471,44010,raphael,Unknown Artist,religious_painting,religious_painting
High_Renaissance,Northern_Renaissance,0.8595060706138611,56648,24065,Unknown Artist,Unknown Artist,religious_painting,religious_painting
Early_Renaissance,Northern_Renaissance,0.853991687297821,56737,29749,Unknown Artist,Unknown Artist,religious_painting,religious_painting
Early_Renaissance,High_Renaissance,0.8988935947418213,36632,56806,Unknown Artist,pietro-perugino,religious_painting,religious_painting
Mannerism_Late_Renaissance,Baroque,0.8957381844520569,33734,55651,Unknown Artist,jacob-jordaens,religious_painting,religious_painting
High_Renaissance,Northern_Renaissance,0.8409313559532166,26594,36635,Unknown Artist,hieronymus-bosch,religious_painting,religious_painting
High_Renaissance,Northern_Renaissance,0.8517696857452393,46182,38912,pietro-perugino,Unknown Artist,religious_painting,religious_painting
Early_Renaissance,Northern_Renaissance,0.8295536041259766,44742,35442,Unknown Artist,Unknown Artist,religious_painting,religious_painting
Northern_Renaissance,High_Renaissance,0.9037505388259888,32732,45272,Unknown Artist,Unknown Artist,religious_painting,religious_painting
Early_Renaissance,High_Renaissance,0.8782935738563538,40107,32812,Unknown Artist,Unknown Artist,religious_painting,religious_painting
Early_Renaissance,High_Renaissance,0.8960063457489014,44469,21573,leonardo-da-vinci,leonardo-da-vinci,religious_painting,religious_painting
High_Renaissance,Mannerism_Late_Renaissance,0.8668707013130188,56503,20075,Unknown Artist,tintoretto,religious_painting,religious_painting
Early_Renaissance,High_Renaissance,0.8273932337760925,25463,56061,Unknown Artist,Unknown Artist,religious_painting,religious_painting
Early_Renaissance,High_Renaissance,0.8818405866622925,34989,32517,Unknown Artist,Unknown Artist,religious_painting,religious_painting
High_Renaissance,Northern_Renaissance,0.8419637680053711,57101,43305,Unknown Artist,Unknown Artist,religious_painting,religious_painting
Northern_Renaissance,High_Renaissance,0.8595677018165588,27914,25311,Unknown Artist,Unknown Artist,religious_painting,religious_painting
Mannerism_Late_Renaissance,Rococo,0.9021225571632385,46312,37027,Unknown Artist,Unknown Artist,religious_painting,religious_painting
High_Renaissance,Northern_Renaissance,0.8835229873657227,22495,49358,Unknown Artist,Unknown Artist,religious_painting,religious_painting
High_Renaissance,Mannerism_Late_Renaissance,0.873833179473877,56818,40978,Unknown Artist,tintoretto,religious_painting,religious_painting
High_Renaissance,Northern_Renaissance,0.8783167004585266,49571,37247,titian,Unknown Artist,religious_painting,religious_painting
Early_Renaissance,Northern_Renaissance,0.9003193378448486,39755,55839,Unknown Artist,Unknown Artist,religious_painting,religious_painting
Early_Renaissance,Northern_Renaissance,0.789573073387146,36632,41184,Unknown Artist,Unknown Artist,religious_painting,religious_painting
Northern_Renaissance,High_Renaissance,0.9015718102455139,32870,22248,Unknown Artist,raphael,religious_painting,religious_painting
High_Renaissance,Northern_Renaissance,0.8365164399147034,44996,9996,Unknown Artist,albrecht-durer,religious_painting,religious_painting
High_Renaissance,Mannerism_Late_Renaissance,0.8856220245361328,55727,57139,Unknown Artist,Unknown Artist,religious_painting,religious_painting
Mannerism_Late_Renaissance,Baroque,0.9333605170249939,56440,56855,Unknown Artist,Unknown Artist,religious_painting,religious_painting
Early_Renaissance,High_Renaissance,0.9108149409294128,56478,48805,Unknown Artist,pietro-perugino,religious_painting,religious_painting
Early_Renaissance,Northern_Renaissance,0.9110708832740784,50882,3709,Unknown Artist,albrecht-durer,religious_painting,religious_painting
High_Renaissance,Northern_Renaissance,0.9160934686660767,30747,30850,Unknown Artist,Unknown Artist,religious_painting,religious_painting
High_Renaissance,Baroque,0.8735043406486511,48517,45302,Unknown Artist,anthony-van-dyck,religious_painting,religious_painting
High_Renaissance,Mannerism_Late_Renaissance,0.8896766901016235,57146,48958,raphael,tintoretto,religious_painting,religious_painting
Early_Renaissance,High_Renaissance,0.9228549003601074,56944,56712,Unknown Artist,raphael,religious_painting,religious_painting
High_Renaissance,Mannerism_Late_Renaissance,0.919849157333374,30047,39229,Unknown Artist,Unknown Artist,religious_painting,religious_painting
High_Renaissance,Mannerism_Late_Renaissance,0.8932737112045288,42440,55656,pietro-perugino,Unknown Artist,religious_painting,religious_painting
Early_Renaissance,Northern_Renaissance,0.8792930245399475,57109,56811,Unknown Artist,Unknown Artist,religious_painting,religious_painting
Mannerism_Late_Renaissance,Baroque,0.8870193362236023,47500,32678,el-greco,bartolome-esteban-murillo,religious_painting,religious_painting
High_Renaissance,Mannerism_Late_Renaissance,0.8582965135574341,32241,38963,titian,paolo-veronese,religious_painting,religious_painting
Early_Renaissance,High_Renaissance,0.9315951466560364,56604,55834,leonardo-da-vinci,Unknown Artist,religious_painting,religious_painting
Early_Renaissance,High_Renaissance,0.9062161445617676,25751,55969,Unknown Artist,titian,religious_painting,religious_painting
Early_Renaissance,Northern_Renaissance,0.8559260368347168,56737,5706,Unknown Artist,albrecht-durer,religious_painting,religious_painting
Northern_Renaissance,High_Renaissance,0.9327201247215271,4321,49492,albrecht-durer,Unknown Artist,religious_painting,religious_painting
Northern_Renaissance,Baroque,0.875859797000885,56778,27892,hans-holbein-the-younger,bartolome-esteban-murillo,religious_painting,religious_painting
High_Renaissance,Northern_Renaissance,0.9154360890388489,56614,55686,pietro-perugino,lucas-cranach-the-elder,religious_painting,religious_painting
Northern_Renaissance,High_Renaissance,0.9152477383613586,56147,50730,Unknown Artist,pietro-perugino,religious_painting,religious_painting
Early_Renaissance,High_Renaissance,0.9310139417648315,33443,55608,Unknown Artist,pietro-perugino,religious_painting,religious_painting
Early_Renaissance,Northern_Renaissance,0.8893282413482666,56703,44164,Unknown Artist,hieronymus-bosch,religious_painting,religious_painting
High_Renaissance,Northern_Renaissance,0.8680970072746277,21791,55919,Unknown Artist,Unknown Artist,religious_painting,religious_painting
Northern_Renaissance,Mannerism_Late_Renaissance,0.8736186623573303,31656,41537,Unknown Artist,Unknown Artist,religious_painting,religious_painting
High_Renaissance,Northern_Renaissance,0.9275945425033569,52548,56138,Unknown Artist,Unknown Artist,religious_painting,religious_painting
Early_Renaissance,High_Renaissance,0.907792329788208,24143,30047,Unknown Artist,Unknown Artist,religious_painting,religious_painting
Northern_Renaissance,High_Renaissance,0.8636818528175354,44218,46000,Unknown Artist,raphael,religious_painting,religious_painting
Early_Renaissance,High_Renaissance,0.8512586355209351,55838,46369,Unknown Artist,raphael,religious_painting,religious_painting
Early_Renaissance,Northern_Renaissance,0.8527154326438904,44431,3117,Unknown Artist,albrecht-durer,religious_painting,religious_painting
Northern_Renaissance,Mannerism_Late_Renaissance,0.906187117099762,20178,52870,hans-memling,el-greco,religious_painting,religious_painting
Early_Renaissance,High_Renaissance,0.9016718864440918,20738,44652,Unknown Artist,titian,religious_painting,religious_painting
Northern_Renaissance,Baroque,0.8565208911895752,18164,8218,albrecht-durer,rembrandt,religious_painting,religious_painting
Early_Renaissance,Northern_Renaissance,0.9253965616226196,56645,49789,Unknown Artist,hans-memling,religious_painting,religious_painting
Early_Renaissance,Northern_Renaissance,0.9204456210136414,56645,45101,Unknown Artist,Unknown Artist,religious_painting,religious_painting
Northern_Renaissance,High_Renaissance,0.8952110409736633,31181,32795,hieronymus-bosch,Unknown Artist,religious_painting,religious_painting
Mannerism_Late_Renaissance,Baroque,0.8864624500274658,46959,32931,el-greco,bartolome-esteban-murillo,religious_painting,religious_painting
Northern_Renaissance,High_Renaissance,0.8724895715713501,18187,48080,albrecht-durer,Unknown Artist,religious_painting,religious_painting
High_Renaissance,Mannerism_Late_Renaissance,0.8761264681816101,56503,41697,Unknown Artist,Unknown Artist,religious_painting,religious_painting
Early_Renaissance,High_Renaissance,0.9046764969825745,53073,56949,Unknown Artist,raphael,religious_painting,religious_painting
High_Renaissance,Baroque,0.834786057472229,20501,57138,Unknown Artist,bartolome-esteban-murillo,religious_painting,religious_painting
Early_Renaissance,Northern_Renaissance,0.9135048985481262,51425,56539,pietro-perugino,Unknown Artist,religious_painting,religious_painting
Early_Renaissance,Northern_Renaissance,0.9092133641242981,50194,18025,Unknown Artist,albrecht-durer,religious_painting,religious_painting
High_Renaissance,Northern_Renaissance,0.8737564086914062,19227,24838,raphael,Unknown Artist,religious_painting,religious_painting
Early_Renaissance,Northern_Renaissance,0.8895222544670105,56995,52687,Unknown Artist,hieronymus-bosch,religious_painting,religious_painting
Early_Renaissance,Northern_Renaissance,0.9153856635093689,57024,48646,pietro-perugino,Unknown Artist,religious_painting,religious_painting
Northern_Renaissance,Baroque,0.8096075654029846,17993,2400,albrecht-durer,rembrandt,religious_painting,religious_painting
Early_Renaissance,Northern_Renaissance,0.8642083406448364,32315,25278,fra-angelico,Unknown Artist,religious_painting,religious_painting
Northern_Renaissance,High_Renaissance,0.8811022639274597,56332,39055,Unknown Artist,Unknown Artist,religious_painting,religious_painting
Early_Renaissance,Northern_Renaissance,0.9235148429870605,33305,39350,Unknown Artist,Unknown Artist,religious_painting,religious_painting
Early_Renaissance,High_Renaissance,0.917819619178772,56753,56669,Unknown Artist,Unknown Artist,religious_painting,religious_painting
Northern_Renaissance,High_Renaissance,0.8268890380859375,13151,50675,albrecht-durer,michelangelo,religious_painting,religious_painting
Early_Renaissance,Northern_Renaissance,0.8598560690879822,49238,26861,Unknown Artist,Unknown Artist,religious_painting,religious_painting
Early_Renaissance,Northern_Renaissance,0.9347997307777405,56355,56082,Unknown Artist,Unknown Artist,religious_painting,religious_painting
Early_Renaissance,Northern_Renaissance,0.8792454600334167,56407,49434,Unknown Artist,Unknown Artist,religious_painting,religious_painting
High_Renaissance,Mannerism_Late_Renaissance,0.9353623986244202,56614,37206,pietro-perugino,Unknown Artist,religious_painting,religious_painting
High_Renaissance,Northern_Renaissance,0.8321998715400696,31952,36090,Unknown Artist,hieronymus-bosch,religious_painting,religious_painting
Northern_Renaissance,High_Renaissance,0.8940978646278381,37964,30296,Unknown Artist,Unknown Artist,religious_painting,religious_painting
Mannerism_Late_Renaissance,Baroque,0.9073484539985657,49582,56304,tintoretto,Unknown Artist,religious_painting,religious_painting
High_Renaissance,Northern_Renaissance,0.8496994376182556,35997,21145,Unknown Artist,hans-memling,religious_painting,religious_painting
High_Renaissance,Northern_Renaissance,0.8585923314094543,27609,19108,michelangelo,hieronymus-bosch,religious_painting,religious_painting
High_Renaissance,Northern_Renaissance,0.8673844337463379,21503,49856,Unknown Artist,hans-memling,religious_painting,religious_painting
High_Renaissance,Baroque,0.9001976847648621,22248,36570,raphael,Unknown Artist,religious_painting,religious_painting
Early_Renaissance,Mannerism_Late_Renaissance,0.7978014945983887,52407,55644,Unknown Artist,Unknown Artist,religious_painting,religious_painting
Mannerism_Late_Renaissance,Baroque,0.8792175650596619,29804,56450,tintoretto,bartolome-esteban-murillo,religious_painting,religious_painting
Mannerism_Late_Renaissance,Rococo,0.853210985660553,26412,35907,Unknown Artist,Unknown Artist,religious_painting,religious_painting
Mannerism_Late_Renaissance,Baroque,0.9223460555076599,56704,49853,paolo-veronese,Unknown Artist,religious_painting,religious_painting
Mannerism_Late_Renaissance,Baroque,0.8924676179885864,25184,56352,Unknown Artist,jacob-jordaens,religious_painting,religious_painting
Northern_Renaissance,Baroque,0.811179518699646,12438,43906,albrecht-durer,peter-paul-rubens,religious_painting,religious_painting
Early_Renaissance,High_Renaissance,0.8897770047187805,26869,21477,Unknown Artist,Unknown Artist,religious_painting,religious_painting
Northern_Renaissance,Baroque,0.8432833552360535,18187,4514,albrecht-durer,rembrandt,religious_painting,religious_painting
Mannerism_Late_Renaissance,Baroque,0.8901717662811279,44647,32717,titian,bartolome-esteban-murillo,religious_painting,religious_painting
Early_Renaissance,Mannerism_Late_Renaissance,0.8807955384254456,55895,47005,Unknown Artist,el-greco,religious_painting,religious_painting
Mannerism_Late_Renaissance,Baroque,0.9145669937133789,44118,55872,tintoretto,peter-paul-rubens,religious_painting,religious_painting
Early_Renaissance,Northern_Renaissance,0.8254632353782654,39347,56657,Unknown Artist,Unknown Artist,religious_painting,religious_painting
High_Renaissance,Baroque,0.8290466666221619,46517,17705,titian,rembrandt,religious_painting,religious_painting
Early_Renaissance,Northern_Renaissance,0.8488771915435791,48850,56002,fra-angelico,Unknown Artist,religious_painting,religious_painting
Early_Renaissance,High_Renaissance,0.8757832050323486,56943,50990,Unknown Artist,pietro-perugino,religious_painting,religious_painting
Northern_Renaissance,Rococo,0.889143168926239,24838,19844,Unknown Artist,Unknown Artist,religious_painting,religious_painting
High_Renaissance,Northern_Renaissance,0.8121238350868225,46517,34684,titian,hieronymus-bosch,religious_painting,religious_painting
High_Renaissance,Mannerism_Late_Renaissance,0.865680456161499,28884,41322,pietro-perugino,tintoretto,religious_painting,religious_painting
Northern_Renaissance,High_Renaissance,0.8922973871231079,56539,21001,Unknown Artist,Unknown Artist,religious_painting,religious_painting
Early_Renaissance,High_Renaissance,0.8550755977630615,29714,51589,Unknown Artist,Unknown Artist,religious_painting,religious_painting
Early_Renaissance,Northern_Renaissance,0.8675510287284851,19174,32256,Unknown Artist,Unknown Artist,religious_painting,religious_painting
Early_Renaissance,High_Renaissance,0.8878968358039856,35109,27609,fra-angelico,michelangelo,religious_painting,religious_painting
Early_Renaissance,Northern_Renaissance,0.8756385445594788,46214,56426,Unknown Artist,Unknown Artist,religious_painting,religious_painting
Early_Renaissance,Northern_Renaissance,0.836850643157959,31818,56210,Unknown Artist,lucas-cranach-the-elder,religious_painting,religious_painting
Mannerism_Late_Renaissance,Baroque,0.8854064345359802,23252,56267,paolo-veronese,Unknown Artist,religious_painting,religious_painting
High_Renaissance,Mannerism_Late_Renaissance,0.8580883741378784,31952,29893,Unknown Artist,tintoretto,religious_painting,religious_painting
Northern_Renaissance,High_Renaissance,0.913458526134491,39152,51504,Unknown Artist,Unknown Artist,religious_painting,religious_painting
Mannerism_Late_Renaissance,Baroque,0.8762057423591614,35147,56990,paolo-veronese,bartolome-esteban-murillo,religious_painting,religious_painting
High_Renaissance,Northern_Renaissance,0.8372808694839478,44996,1935,Unknown Artist,albrecht-durer,religious_painting,religious_painting
High_Renaissance,Mannerism_Late_Renaissance,0.8609201908111572,56949,56126,raphael,tintoretto,religious_painting,religious_painting
Early_Renaissance,Mannerism_Late_Renaissance,0.8770154714584351,56306,57116,Unknown Artist,paolo-veronese,religious_painting,religious_painting
High_Renaissance,Mannerism_Late_Renaissance,0.9187694191932678,30163,30859,Unknown Artist,Unknown Artist,religious_painting,religious_painting
High_Renaissance,Mannerism_Late_Renaissance,0.8676214218139648,56179,56914,Unknown Artist,Unknown Artist,religious_painting,religious_painting
Early_Renaissance,Northern_Renaissance,0.9067974090576172,37430,48889,Unknown Artist,Unknown Artist,religious_painting,religious_painting
Early_Renaissance,High_Renaissance,0.8599163889884949,25758,27968,Unknown Artist,leonardo-da-vinci,religious_painting,religious_painting
Early_Renaissance,High_Renaissance,0.8325345516204834,23253,31152,Unknown Artist,titian,religious_painting,religious_painting
Early_Renaissance,High_Renaissance,0.8480912446975708,56306,56771,Unknown Artist,michelangelo,religious_painting,religious_painting
High_Renaissance,Northern_Renaissance,0.8874567747116089,22499,25773,pietro-perugino,Unknown Artist,religious_painting,religious_painting
Early_Renaissance,Northern_Renaissance,0.8593719005584717,32171,26578,Unknown Artist,Unknown Artist,religious_painting,religious_painting
Early_Renaissance,Northern_Renaissance,0.85151606798172,44431,56062,Unknown Artist,lucas-cranach-the-elder,religious_painting,religious_painting
Early_Renaissance,Northern_Renaissance,0.9401373863220215,25309,21151,Unknown Artist,Unknown Artist,religious_painting,religious_painting
Early_Renaissance,High_Renaissance,0.9092800617218018,24143,56991,Unknown Artist,raphael,religious_painting,religious_painting
Early_Renaissance,Northern_Renaissance,0.8244685530662537,56274,23223,Unknown Artist,hieronymus-bosch,religious_painting,religious_painting
Early_Renaissance,Mannerism_Late_Renaissance,0.9044939875602722,56973,29838,fra-angelico,Unknown Artist,religious_painting,religious_painting
High_Renaissance,Northern_Renaissance,0.9163709282875061,56413,45582,Unknown Artist,Unknown Artist,religious_painting,religious_painting
Mannerism_Late_Renaissance,Baroque,0.9105991721153259,30678,56217,Unknown Artist,Unknown Artist,religious_painting,religious_painting
Early_Renaissance,Mannerism_Late_Renaissance,0.8919276595115662,56309,22068,Unknown Artist,paolo-veronese,religious_painting,religious_painting
Early_Renaissance,Northern_Renaissance,0.7905181050300598,41065,37223,Unknown Artist,hieronymus-bosch,religious_painting,religious_painting
Early_Renaissance,High_Renaissance,0.88250732421875,57022,39614,Unknown Artist,michelangelo,religious_painting,religious_painting
Northern_Renaissance,Mannerism_Late_Renaissance,0.8811292052268982,22301,30944,hieronymus-bosch,tintoretto,religious_painting,religious_painting
Northern_Renaissance,High_Renaissance,0.8725873231887817,46806,52759,Unknown Artist,Unknown Artist,religious_painting,religious_painting
Early_Renaissance,Mannerism_Late_Renaissance,0.8555251955986023,56372,37729,pietro-perugino,el-greco,religious_painting,religious_painting
Early_Renaissance,High_Renaissance,0.9195104241371155,51437,34542,Unknown Artist,raphael,religious_painting,religious_painting
Early_Renaissance,High_Renaissance,0.8889778852462769,21956,56818,Unknown Artist,Unknown Artist,religious_painting,religious_painting
Early_Renaissance,High_Renaissance,0.8606300354003906,56372,56128,pietro-perugino,pietro-perugino,religious_painting,religious_painting
High_Renaissance,Mannerism_Late_Renaissance,0.8767220973968506,55705,28880,Unknown Artist,el-greco,religious_painting,religious_painting
High_Renaissance,Baroque,0.8504993915557861,32027,49071,Unknown Artist,Unknown Artist,religious_painting,religious_painting
Mannerism_Late_Renaissance,Baroque,0.849838376045227,50321,17723,tintoretto,rembrandt,religious_painting,religious_painting
High_Renaissance,Northern_Renaissance,0.8830421566963196,51554,56215,titian,Unknown Artist,religious_painting,religious_painting
High_Renaissance,Baroque,0.8664432764053345,33704,30235,Unknown Artist,Unknown Artist,religious_painting,religious_painting
Northern_Renaissance,High_Renaissance,0.8875361680984497,44944,37222,Unknown Artist,titian,religious_painting,religious_painting
Early_Renaissance,Mannerism_Late_Renaissance,0.9015393257141113,56740,57056,Unknown Artist,tintoretto,religious_painting,religious_painting
Early_Renaissance,High_Renaissance,0.9101421236991882,56967,31863,Unknown Artist,Unknown Artist,religious_painting,religious_painting
Early_Renaissance,Northern_Renaissance,0.8897442817687988,56801,12837,Unknown Artist,albrecht-durer,religious_painting,religious_painting
Early_Renaissance,Northern_Renaissance,0.7780748009681702,32528,20355,Unknown Artist,hieronymus-bosch,religious_painting,religious_painting
Mannerism_Late_Renaissance,Rococo,0.8643032312393188,55843,28789,Unknown Artist,Unknown Artist,religious_painting,religious_painting
Early_Renaissance,Mannerism_Late_Renaissance,0.8687919974327087,32171,45000,Unknown Artist,el-greco,religious_painting,religious_painting
High_Renaissance,Northern_Renaissance,0.8949581384658813,29441,25046,Unknown Artist,Unknown Artist,religious_painting,religious_painting
High_Renaissance,Mannerism_Late_Renaissance,0.8837880492210388,47291,56564,pietro-perugino,Unknown Artist,religious_painting,religious_painting
Early_Renaissance,High_Renaissance,0.9461917281150818,28215,49178,Unknown Artist,Unknown Artist,religious_painting,religious_painting
Early_Renaissance,Northern_Renaissance,0.8410157561302185,56981,50921,Unknown Artist,Unknown Artist,religious_painting,religious_painting
Early_Renaissance,Northern_Renaissance,0.8122578263282776,19174,18011,Unknown Artist,albrecht-durer,religious_painting,religious_painting
Early_Renaissance,High_Renaissance,0.9222980737686157,56355,20028,Unknown Artist,Unknown Artist,religious_painting,religious_painting
Mannerism_Late_Renaissance,Baroque,0.8573865294456482,44777,34694,el-greco,bartolome-esteban-murillo,religious_painting,religious_painting
Northern_Renaissance,High_Renaissance,0.9314973950386047,4321,42151,albrecht-durer,raphael,religious_painting,religious_painting
Early_Renaissance,High_Renaissance,0.9089390635490417,52853,49777,Unknown Artist,pietro-perugino,religious_painting,religious_painting
Early_Renaissance,High_Renaissance,0.9416147470474243,20738,56390,Unknown Artist,Unknown Artist,religious_painting,religious_painting
Northern_Renaissance,Baroque,0.8838716745376587,1229,4720,albrecht-durer,rembrandt,religious_painting,religious_painting
Early_Renaissance,High_Renaissance,0.9148609638214111,55869,56417,Unknown Artist,Unknown Artist,religious_painting,religious_painting
Early_Renaissance,Northern_Renaissance,0.8475890159606934,44140,26736,Unknown Artist,hieronymus-bosch,religious_painting,religious_painting
Early_Renaissance,Northern_Renaissance,0.7940130233764648,56165,24643,Unknown Artist,hans-memling,religious_painting,religious_painting
Early_Renaissance,Northern_Renaissance,0.8240426778793335,25912,52023,Unknown Artist,hieronymus-bosch,religious_painting,religious_painting
Early_Renaissance,High_Renaissance,0.9356997013092041,32107,31432,pietro-perugino,pietro-perugino,religious_painting,religious_painting
Early_Renaissance,Northern_Renaissance,0.8691341280937195,56098,6488,Unknown Artist,albrecht-durer,religious_painting,religious_painting
Early_Renaissance,Northern_Renaissance,0.8568699359893799,29617,12617,Unknown Artist,albrecht-durer,religious_painting,religious_painting
High_Renaissance,Northern_Renaissance,0.838665783405304,56179,31955,Unknown Artist,Unknown Artist,religious_painting,religious_painting
Early_Renaissance,High_Renaissance,0.8360787034034729,56407,56108,Unknown Artist,Unknown Artist,religious_painting,religious_painting
High_Renaissance,Mannerism_Late_Renaissance,0.9201207756996155,30163,26349,Unknown Artist,Unknown Artist,religious_painting,religious_painting
Early_Renaissance,Mannerism_Late_Renaissance,0.8321100473403931,37938,27852,Unknown Artist,el-greco,religious_painting,religious_painting
Early_Renaissance,Mannerism_Late_Renaissance,0.9160371422767639,50266,20409,Unknown Artist,Unknown Artist,religious_painting,religious_painting
Northern_Renaissance,High_Renaissance,0.9158037900924683,57136,56387,Unknown Artist,Unknown Artist,religious_painting,religious_painting
Early_Renaissance,Northern_Renaissance,0.8156125545501709,56274,25389,Unknown Artist,hieronymus-bosch,religious_painting,religious_painting
High_Renaissance,Northern_Renaissance,0.8529375195503235,56035,1734,titian,albrecht-durer,religious_painting,religious_painting
Early_Renaissance,Northern_Renaissance,0.9158050417900085,33305,21319,Unknown Artist,Unknown Artist,religious_painting,religious_painting
High_Renaissance,Northern_Renaissance,0.8609158992767334,41676,1312,michelangelo,albrecht-durer,religious_painting,religious_painting
High_Renaissance,Mannerism_Late_Renaissance,0.882102370262146,31952,39493,Unknown Artist,tintoretto,religious_painting,religious_painting
Northern_Renaissance,Mannerism_Late_Renaissance,0.8790186643600464,22301,44267,hieronymus-bosch,Unknown Artist,religious_painting,religious_painting
Early_Renaissance,Northern_Renaissance,0.7867657542228699,40051,30739,Unknown Artist,Unknown Artist,religious_painting,religious_painting
High_Renaissance,Mannerism_Late_Renaissance,0.9041608572006226,21160,41582,Unknown Artist,Unknown Artist,religious_painting,religious_painting
Northern_Renaissance,Mannerism_Late_Renaissance,0.834292471408844,25278,56007,Unknown Artist,Unknown Artist,religious_painting,religious_painting
Mannerism_Late_Renaissance,Baroque,0.9340952634811401,41220,55907,el-greco,Unknown Artist,religious_painting,religious_painting
Baroque,Rococo,0.8879359364509583,5389,46344,rembrandt,Unknown Artist,religious_painting,religious_painting
Early_Renaissance,Northern_Renaissance,0.8606158494949341,50778,18173,Unknown Artist,albrecht-durer,religious_painting,religious_painting
High_Renaissance,Northern_Renaissance,0.9125089645385742,20746,27215,raphael,Unknown Artist,religious_painting,religious_painting
Northern_Renaissance,Mannerism_Late_Renaissance,0.8899486660957336,29110,46763,Unknown Artist,paolo-veronese,religious_painting,religious_painting
Early_Renaissance,Mannerism_Late_Renaissance,0.8595476746559143,32171,23940,Unknown Artist,Unknown Artist,religious_painting,religious_painting
High_Renaissance,Northern_Renaissance,0.9119683504104614,30747,32870,Unknown Artist,Unknown Artist,religious_painting,religious_painting
High_Renaissance,Northern_Renaissance,0.844366729259491,51504,23303,Unknown Artist,hans-memling,religious_painting,religious_painting
Early_Renaissance,High_Renaissance,0.916915774345398,56753,27917,Unknown Artist,Unknown Artist,religious_painting,religious_painting
High_Renaissance,Northern_Renaissance,0.8344180583953857,56229,18146,titian,albrecht-durer,religious_painting,religious_painting
Early_Renaissance,High_Renaissance,0.8969305157661438,25482,21244,pietro-perugino,Unknown Artist,religious_painting,religious_painting
Early_Renaissance,Northern_Renaissance,0.866185188293457,55863,18079,Unknown Artist,albrecht-durer,religious_painting,religious_painting
High_Renaissance,Mannerism_Late_Renaissance,0.8712034821510315,34542,55784,raphael,tintoretto,religious_painting,religious_painting
Early_Renaissance,Northern_Renaissance,0.8426505923271179,37779,34025,Unknown Artist,Unknown Artist,religious_painting,religious_painting
High_Renaissance,Mannerism_Late_Renaissance,0.874732255935669,32812,29067,Unknown Artist,paolo-veronese,religious_painting,religious_painting
Early_Renaissance,Northern_Renaissance,0.8636609315872192,57083,36387,Unknown Artist,Unknown Artist,religious_painting,religious_painting
Northern_Renaissance,Mannerism_Late_Renaissance,0.8765963912010193,38282,20603,hieronymus-bosch,tintoretto,religious_painting,religious_painting
High_Renaissance,Mannerism_Late_Renaissance,0.8991132974624634,55969,56238,titian,titian,religious_painting,religious_painting
Early_Renaissance,Northern_Renaissance,0.892245888710022,25482,27395,pietro-perugino,Unknown Artist,religious_painting,religious_painting
Early_Renaissance,High_Renaissance,0.893805205821991,20575,34309,fra-angelico,titian,religious_painting,religious_painting
High_Renaissance,Northern_Renaissance,0.8871493339538574,19437,13151,michelangelo,albrecht-durer,religious_painting,religious_painting
Northern_Renaissance,Mannerism_Late_Renaissance,0.8959078788757324,46857,42546,Unknown Artist,Unknown Artist,religious_painting,religious_painting
Early_Renaissance,High_Renaissance,0.8530977964401245,39258,22991,Unknown Artist,Unknown Artist,religious_painting,religious_painting
High_Renaissance,Baroque,0.8850423693656921,37222,49472,titian,bartolome-esteban-murillo,religious_painting,religious_painting
High_Renaissance,Northern_Renaissance,0.8250519633293152,39055,48053,Unknown Artist,Unknown Artist,religious_painting,religious_painting
Early_Renaissance,High_Renaissance,0.9024661183357239,55920,56480,pietro-perugino,Unknown Artist,religious_painting,religious_painting
High_Renaissance,Mannerism_Late_Renaissance,0.8900700807571411,27948,22955,Unknown Artist,paolo-veronese,religious_painting,religious_painting
Northern_Renaissance,Mannerism_Late_Renaissance,0.8866645693778992,10124,32295,albrecht-durer,Unknown Artist,religious_painting,religious_painting
Early_Renaissance,Northern_Renaissance,0.8675798177719116,36978,46926,fra-angelico,Unknown Artist,religious_painting,religious_painting
High_Renaissance,Northern_Renaissance,0.8379433751106262,56838,23869,michelangelo,lucas-cranach-the-elder,religious_painting,religious_painting
High_Renaissance,Mannerism_Late_Renaissance,0.8753138184547424,56179,24183,Unknown Artist,tintoretto,religious_painting,religious_painting
High_Renaissance,Mannerism_Late_Renaissance,0.9042782783508301,22248,46975,raphael,el-greco,religious_painting,religious_painting
Early_Renaissance,Northern_Renaissance,0.8677647709846497,26915,26337,pietro-perugino,Unknown Artist,religious_painting,religious_painting
Early_Renaissance,High_Renaissance,0.8582110404968262,27828,43869,Unknown Artist,Unknown Artist,religious_painting,religious_painting
Northern_Renaissance,High_Renaissance,0.8670549988746643,29579,24137,hieronymus-bosch,raphael,religious_painting,religious_painting
High_Renaissance,Northern_Renaissance,0.8443501591682434,24418,1816,titian,albrecht-durer,religious_painting,religious_painting
Early_Renaissance,High_Renaissance,0.8902166485786438,20738,42476,Unknown Artist,Unknown Artist,religious_painting,religious_painting
Early_Renaissance,High_Renaissance,0.9032096862792969,56125,21055,Unknown Artist,raphael,religious_painting,religious_painting
High_Renaissance,Mannerism_Late_Renaissance,0.8711541295051575,22541,20708,raphael,tintoretto,religious_painting,religious_painting
High_Renaissance,Northern_Renaissance,0.8382955193519592,34489,55899,raphael,lucas-cranach-the-elder,religious_painting,religious_painting
High_Renaissance,Northern_Renaissance,0.7929641604423523,47616,41593,Unknown Artist,Unknown Artist,religious_painting,religious_painting
Early_Renaissance,Northern_Renaissance,0.9097879528999329,56580,57080,fra-angelico,hans-memling,religious_painting,religious_painting
Northern_Renaissance,Mannerism_Late_Renaissance,0.899479329586029,49358,21469,Unknown Artist,tintoretto,religious_painting,religious_painting
High_Renaissance,Mannerism_Late_Renaissance,0.8485372066497803,36327,50341,titian,titian,religious_painting,religious_painting
Northern_Renaissance,Mannerism_Late_Renaissance,0.8779639005661011,56539,29930,Unknown Artist,Unknown Artist,religious_painting,religious_painting
Early_Renaissance,High_Renaissance,0.8570184707641602,55779,43136,Unknown Artist,leonardo-da-vinci,religious_painting,religious_painting
Mannerism_Late_Renaissance,Baroque,0.8814460039138794,39923,48216,tintoretto,jacob-jordaens,religious_painting,religious_painting
Early_Renaissance,Mannerism_Late_Renaissance,0.8566499948501587,50546,38062,Unknown Artist,tintoretto,religious_painting,religious_painting
Early_Renaissance,High_Renaissance,0.9035424590110779,32563,56648,pietro-perugino,Unknown Artist,religious_painting,religious_painting
Early_Renaissance,Northern_Renaissance,0.9153382778167725,51425,25952,pietro-perugino,Unknown Artist,religious_painting,religious_painting
Early_Renaissance,Northern_Renaissance,0.8535820841789246,45946,30759,Unknown Artist,hieronymus-bosch,religious_painting,religious_painting
Early_Renaissance,High_Renaissance,0.9090709090232849,34366,39395,Unknown Artist,Unknown Artist,religious_painting,religious_painting
Early_Renaissance,High_Renaissance,0.8735934495925903,52327,20905,Unknown Artist,michelangelo,religious_painting,religious_painting
High_Renaissance,Mannerism_Late_Renaissance,0.8710755705833435,34153,55645,raphael,tintoretto,religious_painting,religious_painting
Early_Renaissance,Mannerism_Late_Renaissance,0.8673303127288818,51437,19717,Unknown Artist,tintoretto,religious_painting,religious_painting
Early_Renaissance,High_Renaissance,0.8764167428016663,48338,56117,Unknown Artist,pietro-perugino,religious_painting,religious_painting
Early_Renaissance,High_Renaissance,0.9084433913230896,57024,37764,pietro-perugino,pietro-perugino,religious_painting,religious_painting
Early_Renaissance,Northern_Renaissance,0.8908886909484863,56125,56318,Unknown Artist,Unknown Artist,religious_painting,religious_painting
High_Renaissance,Northern_Renaissance,0.8555408120155334,50628,42915,Unknown Artist,Unknown Artist,religious_painting,religious_painting
High_Renaissance,Mannerism_Late_Renaissance,0.8944180607795715,26983,55877,titian,paolo-veronese,religious_painting,religious_painting
High_Renaissance,Northern_Renaissance,0.8925290107727051,35997,33084,Unknown Artist,hans-memling,religious_painting,religious_painting
Northern_Renaissance,High_Renaissance,0.8401448130607605,36938,41975,hans-holbein-the-younger,Unknown Artist,religious_painting,religious_painting
Early_Renaissance,Northern_Renaissance,0.8907696604728699,37430,38791,Unknown Artist,hieronymus-bosch,religious_painting,religious_painting
Early_Renaissance,High_Renaissance,0.8933252692222595,56350,24291,fra-angelico,Unknown Artist,religious_painting,religious_painting
High_Renaissance,Mannerism_Late_Renaissance,0.8536155819892883,43505,44499,Unknown Artist,Unknown Artist,religious_painting,religious_painting
Mannerism_Late_Renaissance,Baroque,0.9072339534759521,57044,56942,tintoretto,Unknown Artist,religious_painting,religious_painting
Early_Renaissance,Mannerism_Late_Renaissance,0.8851819038391113,22041,26658,Unknown Artist,paolo-veronese,religious_painting,religious_painting
Early_Renaissance,High_Renaissance,0.8621289730072021,56862,55864,Unknown Artist,Unknown Artist,religious_painting,religious_painting
Early_Renaissance,Northern_Renaissance,0.891370952129364,55997,40320,Unknown Artist,lucas-cranach-the-elder,religious_painting,religious_painting
High_Renaissance,Baroque,0.901385486125946,48204,41888,Unknown Artist,peter-paul-rubens,religious_painting,religious_painting
Early_Renaissance,Northern_Renaissance,0.8583515286445618,23959,56742,fra-angelico,hieronymus-bosch,religious_painting,religious_painting
Mannerism_Late_Renaissance,Baroque,0.8720203042030334,46434,5518,tintoretto,rembrandt,religious_painting,religious_painting
Early_Renaissance,Mannerism_Late_Renaissance,0.855747401714325,25482,55685,pietro-perugino,el-greco,religious_painting,religious_painting
High_Renaissance,Mannerism_Late_Renaissance,0.8813717365264893,57155,21728,Unknown Artist,titian,religious_painting,religious_painting
Early_Renaissance,High_Renaissance,0.9134494662284851,35718,33049,Unknown Artist,Unknown Artist,religious_painting,religious_painting
Early_Renaissance,High_Renaissance,0.8897579312324524,46523,56071,Unknown Artist,Unknown Artist,religious_painting,religious_painting
Early_Renaissance,High_Renaissance,0.8746622800827026,42889,44205,Unknown Artist,Unknown Artist,religious_painting,religious_painting
Early_Renaissance,Northern_Renaissance,0.9015587568283081,51425,56778,pietro-perugino,hans-holbein-the-younger,religious_painting,religious_painting
Early_Renaissance,High_Renaissance,0.9236268997192383,56604,24147,leonardo-da-vinci,raphael,religious_painting,religious_painting
Early_Renaissance,Mannerism_Late_Renaissance,0.8550163507461548,40757,29148,Unknown Artist,paolo-veronese,religious_painting,religious_painting
Northern_Renaissance,Mannerism_Late_Renaissance,0.8923696279525757,49358,21613,Unknown Artist,tintoretto,religious_painting,religious_painting
High_Renaissance,Mannerism_Late_Renaissance,0.8865718841552734,47616,47307,Unknown Artist,Unknown Artist,religious_painting,religious_painting
Mannerism_Late_Renaissance,Baroque,0.845164954662323,23475,55883,Unknown Artist,Unknown Artist,religious_painting,religious_painting
Early_Renaissance,High_Renaissance,0.8718479871749878,25782,31275,Unknown Artist,Unknown Artist,religious_painting,religious_painting
Northern_Renaissance,High_Renaissance,0.8026242256164551,4422,50434,albrecht-durer,Unknown Artist,religious_painting,religious_painting
Early_Renaissance,Northern_Renaissance,0.8454370498657227,57011,22046,Unknown Artist,lucas-cranach-the-elder,religious_painting,religious_painting
Early_Renaissance,High_Renaissance,0.8958702683448792,48154,24288,fra-angelico,pietro-perugino,religious_painting,religious_painting
Northern_Renaissance,High_Renaissance,0.8993728756904602,28722,30838,hans-memling,pietro-perugino,religious_painting,religious_painting
High_Renaissance,Mannerism_Late_Renaissance,0.8962418437004089,51395,36439,Unknown Artist,Unknown Artist,religious_painting,religious_painting
Early_Renaissance,Northern_Renaissance,0.8880090117454529,56645,57035,Unknown Artist,Unknown Artist,religious_painting,religious_painting
High_Renaissance,Mannerism_Late_Renaissance,0.8726713061332703,39920,35979,raphael,tintoretto,religious_painting,religious_painting
Early_Renaissance,High_Renaissance,0.908982515335083,55869,45156,Unknown Artist,Unknown Artist,religious_painting,religious_painting
Northern_Renaissance,High_Renaissance,0.8514719605445862,52881,21007,hans-holbein-the-younger,michelangelo,religious_painting,religious_painting
Early_Renaissance,Northern_Renaissance,0.8355463743209839,19508,56833,fra-angelico,hieronymus-bosch,religious_painting,religious_painting
High_Renaissance,Mannerism_Late_Renaissance,0.8923385739326477,52622,51642,Unknown Artist,Unknown Artist,religious_painting,religious_painting
Northern_Renaissance,High_Renaissance,0.8611674308776855,56985,43198,hans-memling,Unknown Artist,religious_painting,religious_painting
Northern_Renaissance,High_Renaissance,0.8728970885276794,44218,23937,Unknown Artist,michelangelo,religious_painting,religious_painting
Mannerism_Late_Renaissance,Baroque,0.8325306177139282,44636,47567,Unknown Artist,Unknown Artist,religious_painting,religious_painting
Mannerism_Late_Renaissance,Baroque,0.8878792524337769,27333,29952,el-greco,Unknown Artist,religious_painting,religious_painting
High_Renaissance,Northern_Renaissance,0.8296611309051514,19597,8533,Unknown Artist,albrecht-durer,religious_painting,religious_painting
High_Renaissance,Northern_Renaissance,0.8343976736068726,34489,21013,raphael,hieronymus-bosch,religious_painting,religious_painting
Mannerism_Late_Renaissance,Baroque,0.9149935841560364,40117,21662,Unknown Artist,Unknown Artist,religious_painting,religious_painting
Early_Renaissance,High_Renaissance,0.9014788269996643,41936,57054,Unknown Artist,pietro-perugino,religious_painting,religious_painting
Early_Renaissance,High_Renaissance,0.931516706943512,51425,56918,pietro-perugino,raphael,religious_painting,religious_painting
Early_Renaissance,High_Renaissance,0.8798730373382568,55910,48394,Unknown Artist,pietro-perugino,religious_painting,religious_painting
Early_Renaissance,High_Renaissance,0.9342401027679443,43726,20758,Unknown Artist,raphael,religious_painting,religious_painting
Mannerism_Late_Renaissance,Rococo,0.7844164967536926,48217,36076,tintoretto,joshua-reynolds,religious_painting,religious_painting
Northern_Renaissance,Mannerism_Late_Renaissance,0.9006205201148987,44164,24799,hieronymus-bosch,tintoretto,religious_painting,religious_painting
Early_Renaissance,High_Renaissance,0.9026649594306946,51640,55783,fra-angelico,Unknown Artist,religious_painting,religious_painting
High_Renaissance,Northern_Renaissance,0.8796207308769226,47616,29579,Unknown Artist,hieronymus-bosch,religious_painting,religious_painting
Early_Renaissance,Northern_Renaissance,0.8910672068595886,56350,47386,fra-angelico,Unknown Artist,religious_painting,religious_painting
Northern_Renaissance,Mannerism_Late_Renaissance,0.8908955454826355,29110,30530,Unknown Artist,titian,religious_painting,religious_painting
Mannerism_Late_Renaissance,Baroque,0.9119813442230225,56803,56532,titian,peter-paul-rubens,religious_painting,religious_painting
Early_Renaissance,High_Renaissance,0.8851292133331299,20738,39783,Unknown Artist,titian,religious_painting,religious_painting
Early_Renaissance,High_Renaissance,0.893073320388794,41308,48204,Unknown Artist,Unknown Artist,religious_painting,religious_painting
Mannerism_Late_Renaissance,Baroque,0.9044492840766907,50641,24793,Unknown Artist,bartolome-esteban-murillo,religious_painting,religious_painting
Mannerism_Late_Renaissance,Baroque,0.8603688478469849,29838,43082,Unknown Artist,bartolome-esteban-murillo,religious_painting,religious_painting
High_Renaissance,Northern_Renaissance,0.8858577013015747,51504,55799,Unknown Artist,Unknown Artist,religious_painting,religious_painting
Mannerism_Late_Renaissance,Baroque,0.9139840006828308,39498,21214,Unknown Artist,peter-paul-rubens,religious_painting,religious_painting
High_Renaissance,Mannerism_Late_Renaissance,0.8474841117858887,19969,34960,titian,Unknown Artist,religious_painting,religious_painting
Northern_Renaissance,Mannerism_Late_Renaissance,0.7965624332427979,49294,50967,hans-memling,el-greco,religious_painting,religious_painting
High_Renaissance,Northern_Renaissance,0.8664873838424683,20728,48702,pietro-perugino,Unknown Artist,religious_painting,religious_painting
High_Renaissance,Northern_Renaissance,0.8799718618392944,56035,3772,titian,albrecht-durer,religious_painting,religious_painting
Early_Renaissance,High_Renaissance,0.9153297543525696,56509,57009,fra-angelico,Unknown Artist,religious_painting,religious_painting
Early_Renaissance,Mannerism_Late_Renaissance,0.8839789628982544,22082,42192,Unknown Artist,Unknown Artist,religious_painting,religious_painting
Northern_Renaissance,Mannerism_Late_Renaissance,0.8372110724449158,44164,55932,hieronymus-bosch,tintoretto,religious_painting,religious_painting
High_Renaissance,Mannerism_Late_Renaissance,0.9014125466346741,29441,50133,Unknown Artist,Unknown Artist,religious_painting,religious_painting
Early_Renaissance,Northern_Renaissance,0.9099880456924438,56907,39768,Unknown Artist,Unknown Artist,religious_painting,religious_painting
Mannerism_Late_Renaissance,Baroque,0.8640465140342712,27871,1299,tintoretto,rembrandt,religious_painting,religious_painting
Mannerism_Late_Renaissance,Baroque,0.8985241651535034,51642,56587,Unknown Artist,anthony-van-dyck,religious_painting,religious_painting
Early_Renaissance,High_Renaissance,0.91004478931427,56286,38269,Unknown Artist,Unknown Artist,religious_painting,religious_painting
High_Renaissance,Mannerism_Late_Renaissance,0.9121588468551636,43505,56558,Unknown Artist,Unknown Artist,religious_painting,religious_painting
Early_Renaissance,Northern_Renaissance,0.888604998588562,38887,12221,Unknown Artist,albrecht-durer,religious_painting,religious_painting
High_Renaissance,Northern_Renaissance,0.8860963582992554,56035,5376,titian,albrecht-durer,religious_painting,religious_painting
Mannerism_Late_Renaissance,Baroque,0.900350034236908,22364,42304,tintoretto,peter-paul-rubens,religious_painting,religious_painting
Early_Renaissance,Northern_Renaissance,0.8567312359809875,48655,17992,Unknown Artist,albrecht-durer,religious_painting,religious_painting
Northern_Renaissance,High_Renaissance,0.8946396708488464,30850,38441,Unknown Artist,pietro-perugino,religious_painting,religious_painting
Early_Renaissance,High_Renaissance,0.8932210803031921,36314,23329,Unknown Artist,Unknown Artist,religious_painting,religious_painting
High_Renaissance,Mannerism_Late_Renaissance,0.8855870962142944,22541,49406,raphael,paolo-veronese,religious_painting,religious_painting
Early_Renaissance,High_Renaissance,0.8723020553588867,56041,24695,Unknown Artist,Unknown Artist,religious_painting,religious_painting
Early_Renaissance,Northern_Renaissance,0.8460577130317688,29533,9150,Unknown Artist,albrecht-durer,religious_painting,religious_painting
High_Renaissance,Northern_Renaissance,0.8567590117454529,46289,1543,titian,albrecht-durer,religious_painting,religious_painting
Early_Renaissance,High_Renaissance,0.9363965392112732,47887,42841,Unknown Artist,raphael,religious_painting,religious_painting
Mannerism_Late_Renaissance,Baroque,0.8887288570404053,45891,21854,titian,Unknown Artist,religious_painting,religious_painting
High_Renaissance,Mannerism_Late_Renaissance,0.8256065845489502,55731,33545,titian,el-greco,religious_painting,religious_painting
Early_Renaissance,Northern_Renaissance,0.8972499966621399,38887,6635,Unknown Artist,albrecht-durer,religious_painting,religious_painting
Northern_Renaissance,High_Renaissance,0.8783007264137268,11998,56738,albrecht-durer,Unknown Artist,religious_painting,religious_painting
Baroque,Rococo,0.8635183572769165,32153,37466,Unknown Artist,Unknown Artist,religious_painting,religious_painting
Early_Renaissance,Mannerism_Late_Renaissance,0.8886367678642273,55624,26835,Unknown Artist,Unknown Artist,religious_painting,religious_painting
Early_Renaissance,High_Renaissance,0.8630450963973999,33407,48622,Unknown Artist,Unknown Artist,religious_painting,religious_painting
Early_Renaissance,Northern_Renaissance,0.8548461198806763,57075,6055,Unknown Artist,albrecht-durer,religious_painting,religious_painting
Early_Renaissance,Northern_Renaissance,0.8592729568481445,38887,9015,Unknown Artist,albrecht-durer,religious_painting,religious_painting
Early_Renaissance,High_Renaissance,0.9337708950042725,56355,57151,Unknown Artist,pietro-perugino,religious_painting,religious_painting
Early_Renaissance,Northern_Renaissance,0.8938546776771545,22603,45639,Unknown Artist,Unknown Artist,religious_painting,religious_painting
Early_Renaissance,Northern_Renaissance,0.8616004586219788,38887,7890,Unknown Artist,albrecht-durer,religious_painting,religious_painting
Northern_Renaissance,High_Renaissance,0.9309262037277222,4321,56378,albrecht-durer,Unknown Artist,religious_painting,religious_painting
Early_Renaissance,High_Renaissance,0.8277629017829895,23140,35177,Unknown Artist,raphael,religious_painting,religious_painting
Early_Renaissance,Northern_Renaissance,0.8547459244728088,56544,29782,Unknown Artist,Unknown Artist,religious_painting,religious_painting
High_Renaissance,Mannerism_Late_Renaissance,0.9445778727531433,56378,41217,Unknown Artist,Unknown Artist,religious_painting,religious_painting
Northern_Renaissance,High_Renaissance,0.8680970072746277,55919,21791,Unknown Artist,Unknown Artist,religious_painting,religious_painting
Early_Renaissance,Northern_Renaissance,0.865132749080658,50267,26706,Unknown Artist,hieronymus-bosch,religious_painting,religious_painting
High_Renaissance,Mannerism_Late_Renaissance,0.8813336491584778,30981,23711,Unknown Artist,paolo-veronese,religious_painting,religious_painting
High_Renaissance,Mannerism_Late_Renaissance,0.8793781399726868,25069,36455,Unknown Artist,tintoretto,religious_painting,religious_painting
Early_Renaissance,Northern_Renaissance,0.8927497267723083,55624,34815,Unknown Artist,Unknown Artist,religious_painting,religious_painting
Early_Renaissance,Northern_Renaissance,0.8266808390617371,21548,37452,fra-angelico,Unknown Artist,religious_painting,religious_painting
Northern_Renaissance,Mannerism_Late_Renaissance,0.8528844118118286,35163,57017,Unknown Artist,el-greco,religious_painting,religious_painting
Early_Renaissance,High_Renaissance,0.8705301880836487,55869,39070,Unknown Artist,michelangelo,religious_painting,religious_painting
Early_Renaissance,Northern_Renaissance,0.8146101832389832,56688,17957,Unknown Artist,albrecht-durer,religious_painting,religious_painting
Early_Renaissance,High_Renaissance,0.8741864562034607,21956,39920,Unknown Artist,raphael,religious_painting,religious_painting
Northern_Renaissance,Mannerism_Late_Renaissance,0.88517165184021,2747,55683,albrecht-durer,Unknown Artist,religious_painting,religious_painting
High_Renaissance,Baroque,0.8066458106040955,46517,17673,titian,rembrandt,religious_painting,religious_painting
Northern_Renaissance,High_Renaissance,0.8691813349723816,691,51778,albrecht-durer,leonardo-da-vinci,religious_painting,religious_painting
High_Renaissance,Mannerism_Late_Renaissance,0.8726975917816162,46289,56523,titian,titian,religious_painting,religious_painting
Early_Renaissance,High_Renaissance,0.8675075173377991,56703,57032,Unknown Artist,Unknown Artist,religious_painting,religious_painting
High_Renaissance,Mannerism_Late_Renaissance,0.8395454287528992,20022,22161,titian,titian,religious_painting,religious_painting
High_Renaissance,Baroque,0.8260375261306763,23117,35863,titian,Unknown Artist,religious_painting,religious_painting
Early_Renaissance,Northern_Renaissance,0.8221932649612427,45946,33864,Unknown Artist,hieronymus-bosch,religious_painting,religious_painting
High_Renaissance,Northern_Renaissance,0.8117391467094421,48517,56719,Unknown Artist,Unknown Artist,religious_painting,religious_painting
Northern_Renaissance,Mannerism_Late_Renaissance,0.8505024909973145,56202,56242,Unknown Artist,Unknown Artist,religious_painting,religious_painting
Early_Renaissance,High_Renaissance,0.8511252403259277,19614,23117,pietro-perugino,titian,religious_painting,religious_painting
Early_Renaissance,Northern_Renaissance,0.8351214528083801,56496,51797,Unknown Artist,lucas-cranach-the-elder,religious_painting,religious_painting
Mannerism_Late_Renaissance,Baroque,0.8888928294181824,39498,56055,Unknown Artist,Unknown Artist,religious_painting,religious_painting
Early_Renaissance,Mannerism_Late_Renaissance,0.902376651763916,57024,52344,pietro-perugino,Unknown Artist,religious_painting,religious_painting
Early_Renaissance,High_Renaissance,0.8348255157470703,57022,19628,Unknown Artist,michelangelo,religious_painting,religious_painting
Early_Renaissance,High_Renaissance,0.9437524676322937,53035,55991,pietro-perugino,pietro-perugino,religious_painting,religious_painting
Early_Renaissance,High_Renaissance,0.8717119693756104,56982,33628,Unknown Artist,Unknown Artist,religious_painting,religious_painting
Early_Renaissance,Northern_Renaissance,0.8718441128730774,55920,32034,pietro-perugino,Unknown Artist,religious_painting,religious_painting
Northern_Renaissance,Mannerism_Late_Renaissance,0.9009520411491394,44164,45203,hieronymus-bosch,paolo-veronese,religious_painting,religious_painting
High_Renaissance,Northern_Renaissance,0.9284946322441101,31432,30968,pietro-perugino,Unknown Artist,religious_painting,religious_painting
Early_Renaissance,Northern_Renaissance,0.8737295866012573,50194,42314,Unknown Artist,Unknown Artist,religious_painting,religious_painting
Early_Renaissance,High_Renaissance,0.9178819060325623,28008,34462,Unknown Artist,Unknown Artist,religious_painting,religious_painting
Mannerism_Late_Renaissance,Rococo,0.8734065294265747,46312,30459,Unknown Artist,Unknown Artist,religious_painting,religious_painting
Mannerism_Late_Renaissance,Baroque,0.9060695171356201,25145,21610,Unknown Artist,bartolome-esteban-murillo,religious_painting,religious_painting
Early_Renaissance,High_Renaissance,0.920783281326294,56753,25430,Unknown Artist,Unknown Artist,religious_painting,religious_painting
Early_Renaissance,Northern_Renaissance,0.8501297831535339,38461,44399,Unknown Artist,hieronymus-bosch,religious_painting,religious_painting
High_Renaissance,Mannerism_Late_Renaissance,0.8931097388267517,56503,25719,Unknown Artist,paolo-veronese,religious_painting,religious_painting
High_Renaissance,Mannerism_Late_Renaissance,0.8761011362075806,32165,32281,michelangelo,Unknown Artist,religious_painting,religious_painting
Early_Renaissance,Mannerism_Late_Renaissance,0.8698491454124451,57048,27315,Unknown Artist,tintoretto,religious_painting,religious_painting
Early_Renaissance,Northern_Renaissance,0.8931954503059387,25499,56873,Unknown Artist,Unknown Artist,religious_painting,religious_painting
Early_Renaissance,High_Renaissance,0.8374336361885071,56646,44083,Unknown Artist,raphael,religious_painting,religious_painting
Early_Renaissance,Baroque,0.8350647687911987,31834,17691,Unknown Artist,rembrandt,religious_painting,religious_painting
Early_Renaissance,High_Renaissance,0.8896895051002502,40107,21397,Unknown Artist,Unknown Artist,religious_painting,religious_painting
Northern_Renaissance,Baroque,0.890802264213562,56031,23506,hans-holbein-the-younger,Unknown Artist,religious_painting,religious_painting
Mannerism_Late_Renaissance,Baroque,0.8755397796630859,40121,19310,tintoretto,peter-paul-rubens,religious_painting,religious_painting
High_Renaissance,Mannerism_Late_Renaissance,0.8778597116470337,27547,56311,Unknown Artist,tintoretto,religious_painting,religious_painting
Early_Renaissance,High_Renaissance,0.9012547135353088,38339,44442,Unknown Artist,pietro-perugino,religious_painting,religious_painting
Mannerism_Late_Renaissance,Rococo,0.8521327376365662,20640,49970,el-greco,Unknown Artist,religious_painting,religious_painting
High_Renaissance,Rococo,0.8906551599502563,34153,57001,raphael,Unknown Artist,religious_painting,religious_painting
Early_Renaissance,High_Renaissance,0.8651319742202759,46641,45462,Unknown Artist,michelangelo,religious_painting,religious_painting
High_Renaissance,Mannerism_Late_Renaissance,0.9020975828170776,22248,25897,raphael,Unknown Artist,religious_painting,religious_painting
Early_Renaissance,High_Renaissance,0.9200178384780884,55779,19597,Unknown Artist,Unknown Artist,religious_painting,religious_painting
Northern_Renaissance,High_Renaissance,0.8571845889091492,28659,26976,Unknown Artist,Unknown Artist,religious_painting,religious_painting
High_Renaissance,Northern_Renaissance,0.8894283175468445,34473,31194,Unknown Artist,Unknown Artist,religious_painting,religious_painting
Early_Renaissance,Mannerism_Late_Renaissance,0.785465657711029,24275,32090,Unknown Artist,el-greco,religious_painting,religious_painting
High_Renaissance,Northern_Renaissance,0.9432592391967773,36425,4321,raphael,albrecht-durer,religious_painting,religious_painting
Northern_Renaissance,Mannerism_Late_Renaissance,0.7886991500854492,8517,56112,albrecht-durer,paolo-veronese,religious_painting,religious_painting
Early_Renaissance,High_Renaissance,0.8663362860679626,55745,37486,Unknown Artist,titian,religious_painting,religious_painting
Early_Renaissance,Mannerism_Late_Renaissance,0.9044520258903503,50882,41953,Unknown Artist,el-greco,religious_painting,religious_painting
Early_Renaissance,High_Renaissance,0.9187340140342712,26915,56131,pietro-perugino,pietro-perugino,religious_painting,religious_painting
Early_Renaissance,Northern_Renaissance,0.9080939888954163,30666,51970,Unknown Artist,Unknown Artist,religious_painting,religious_painting
High_Renaissance,Baroque,0.8779910206794739,38990,23457,titian,Unknown Artist,religious_painting,religious_painting
Early_Renaissance,High_Renaissance,0.8393117785453796,36979,56361,Unknown Artist,Unknown Artist,religious_painting,religious_painting
Early_Renaissance,Northern_Renaissance,0.8799795508384705,37073,33243,Unknown Artist,Unknown Artist,religious_painting,religious_painting
Early_Renaissance,Baroque,0.8739352822303772,56382,57095,Unknown Artist,Unknown Artist,religious_painting,religious_painting
Northern_Renaissance,High_Renaissance,0.9099543690681458,31571,20088,Unknown Artist,pietro-perugino,religious_painting,religious_painting
Northern_Renaissance,Baroque,0.8610520362854004,24407,33541,Unknown Artist,peter-paul-rubens,religious_painting,religious_painting
High_Renaissance,Mannerism_Late_Renaissance,0.8844098448753357,43505,52366,Unknown Artist,Unknown Artist,religious_painting,religious_painting
Northern_Renaissance,Mannerism_Late_Renaissance,0.8096318244934082,56472,40276,Unknown Artist,el-greco,religious_painting,religious_painting
Early_Renaissance,Northern_Renaissance,0.8642457127571106,38887,3993,Unknown Artist,albrecht-durer,religious_painting,religious_painting
High_Renaissance,Northern_Renaissance,0.8457622528076172,56118,5035,Unknown Artist,albrecht-durer,religious_painting,religious_painting
Early_Renaissance,High_Renaissance,0.8994343876838684,56604,26827,leonardo-da-vinci,titian,religious_painting,religious_painting
High_Renaissance,Northern_Renaissance,0.9277493357658386,52548,57136,Unknown Artist,Unknown Artist,religious_painting,religious_painting
Early_Renaissance,High_Renaissance,0.8925932049751282,55869,28999,Unknown Artist,pietro-perugino,religious_painting,religious_painting
Northern_Renaissance,High_Renaissance,0.83262699842453,55919,38241,Unknown Artist,Unknown Artist,religious_painting,religious_painting
Early_Renaissance,Northern_Renaissance,0.8938713669776917,28215,56162,Unknown Artist,hans-memling,religious_painting,religious_painting
Early_Renaissance,Mannerism_Late_Renaissance,0.8732954263687134,56046,35923,Unknown Artist,Unknown Artist,religious_painting,religious_painting
Early_Renaissance,High_Renaissance,0.7244404554367065,57022,48727,Unknown Artist,michelangelo,religious_painting,religious_painting
Mannerism_Late_Renaissance,Rococo,0.8860026597976685,56745,45259,Unknown Artist,Unknown Artist,religious_painting,religious_painting
Early_Renaissance,Northern_Renaissance,0.8555679321289062,38461,38019,Unknown Artist,hieronymus-bosch,religious_painting,religious_painting
Early_Renaissance,High_Renaissance,0.9076569080352783,56604,22891,leonardo-da-vinci,titian,religious_painting,religious_painting
Early_Renaissance,High_Renaissance,0.91042560338974,56967,48397,Unknown Artist,michelangelo,religious_painting,religious_painting
Mannerism_Late_Renaissance,Baroque,0.8662418723106384,56312,20019,el-greco,Unknown Artist,religious_painting,religious_painting
Early_Renaissance,High_Renaissance,0.9221664667129517,25709,56875,pietro-perugino,pietro-perugino,religious_painting,religious_painting
Early_Renaissance,High_Renaissance,0.9001231789588928,29159,56207,Unknown Artist,Unknown Artist,religious_painting,religious_painting
High_Renaissance,Mannerism_Late_Renaissance,0.9035612344741821,56770,21963,Unknown Artist,el-greco,religious_painting,religious_painting
High_Renaissance,Northern_Renaissance,0.9150115847587585,30747,39152,Unknown Artist,Unknown Artist,religious_painting,religious_painting
Early_Renaissance,Northern_Renaissance,0.9017927050590515,56379,46806,fra-angelico,Unknown Artist,religious_painting,religious_painting
Mannerism_Late_Renaissance,Baroque,0.8771172165870667,56563,56659,tintoretto,peter-paul-rubens,religious_painting,religious_painting
Northern_Renaissance,High_Renaissance,0.900777280330658,2747,21160,albrecht-durer,Unknown Artist,religious_painting,religious_painting
Early_Renaissance,Northern_Renaissance,0.8653348684310913,38887,11222,Unknown Artist,albrecht-durer,religious_painting,religious_painting
Early_Renaissance,High_Renaissance,0.8482444882392883,19614,20692,pietro-perugino,raphael,religious_painting,religious_painting
High_Renaissance,Northern_Renaissance,0.8896164894104004,32795,56886,Unknown Artist,hieronymus-bosch,religious_painting,religious_painting
High_Renaissance,Mannerism_Late_Renaissance,0.8755984306335449,22495,36461,Unknown Artist,Unknown Artist,religious_painting,religious_painting
Northern_Renaissance,High_Renaissance,0.9242972135543823,28659,56475,Unknown Artist,raphael,religious_painting,religious_painting
Early_Renaissance,High_Renaissance,0.8733807802200317,56309,32488,Unknown Artist,titian,religious_painting,religious_painting
Early_Renaissance,Baroque,0.8324381113052368,46126,27314,Unknown Artist,Unknown Artist,religious_painting,religious_painting
Early_Renaissance,Northern_Renaissance,0.8600162267684937,20866,56687,Unknown Artist,Unknown Artist,religious_painting,religious_painting
Early_Renaissance,High_Renaissance,0.899469256401062,48904,36556,Unknown Artist,Unknown Artist,religious_painting,religious_painting
Early_Renaissance,Northern_Renaissance,0.8332891464233398,44764,18069,Unknown Artist,albrecht-durer,religious_painting,religious_painting
Early_Renaissance,Mannerism_Late_Renaissance,0.8364197611808777,24911,25233,Unknown Artist,paolo-veronese,religious_painting,religious_painting
Early_Renaissance,High_Renaissance,0.8683964014053345,56372,55731,pietro-perugino,titian,religious_painting,religious_painting
Early_Renaissance,Northern_Renaissance,0.8576533794403076,24497,56769,Unknown Artist,Unknown Artist,religious_painting,religious_painting
Early_Renaissance,Mannerism_Late_Renaissance,0.8690661787986755,55895,33031,Unknown Artist,el-greco,religious_painting,religious_painting
Early_Renaissance,High_Renaissance,0.8424062132835388,23140,19094,Unknown Artist,Unknown Artist,religious_painting,religious_painting
High_Renaissance,Northern_Renaissance,0.9304060339927673,56229,6436,titian,albrecht-durer,religious_painting,religious_painting
Northern_Renaissance,High_Renaissance,0.827631413936615,25046,38990,Unknown Artist,titian,religious_painting,religious_painting
Baroque,Rococo,0.8319317102432251,48629,56531,Unknown Artist,Unknown Artist,religious_painting,religious_painting
Early_Renaissance,Northern_Renaissance,0.8602825999259949,49238,22656,Unknown Artist,Unknown Artist,religious_painting,religious_painting
Early_Renaissance,High_Renaissance,0.8780266046524048,32988,33624,Unknown Artist,Unknown Artist,religious_painting,religious_painting
Northern_Renaissance,Baroque,0.8584368824958801,1229,6265,albrecht-durer,rembrandt,religious_painting,religious_painting
Mannerism_Late_Renaissance,Baroque,0.8883576393127441,23967,20596,el-greco,Unknown Artist,religious_painting,religious_painting
Northern_Renaissance,High_Renaissance,0.897686243057251,47158,55690,Unknown Artist,Unknown Artist,religious_painting,religious_painting
Mannerism_Late_Renaissance,Baroque,0.9022265076637268,44777,37791,el-greco,bartolome-esteban-murillo,religious_painting,religious_painting
Early_Renaissance,Mannerism_Late_Renaissance,0.8162736296653748,22041,30010,Unknown Artist,el-greco,religious_painting,religious_painting
Early_Renaissance,High_Renaissance,0.9521867036819458,56355,56320,Unknown Artist,raphael,religious_painting,religious_painting
Early_Renaissance,High_Renaissance,0.9006492495536804,42889,19177,Unknown Artist,pietro-perugino,religious_painting,religious_painting
Early_Renaissance,Northern_Renaissance,0.8609651923179626,50194,47921,Unknown Artist,Unknown Artist,religious_painting,religious_painting
Northern_Renaissance,High_Renaissance,0.8881796002388,56332,31952,Unknown Artist,Unknown Artist,religious_painting,religious_painting
High_Renaissance,Northern_Renaissance,0.8993728756904602,30838,28722,pietro-perugino,hans-memling,religious_painting,religious_painting
Northern_Renaissance,High_Renaissance,0.8935193419456482,11580,56839,albrecht-durer,Unknown Artist,religious_painting,religious_painting
Early_Renaissance,Northern_Renaissance,0.8684560060501099,36632,18131,Unknown Artist,albrecht-durer,religious_painting,religious_painting
High_Renaissance,Mannerism_Late_Renaissance,0.9033824801445007,27948,42250,Unknown Artist,el-greco,religious_painting,religious_painting
Mannerism_Late_Renaissance,Baroque,0.8881418108940125,56579,30585,el-greco,Unknown Artist,religious_painting,religious_painting
Early_Renaissance,Northern_Renaissance,0.8878809213638306,33318,25063,Unknown Artist,hieronymus-bosch,religious_painting,religious_painting
Early_Renaissance,Northern_Renaissance,0.8775783181190491,45227,55846,Unknown Artist,Unknown Artist,religious_painting,religious_painting
Early_Renaissance,Northern_Renaissance,0.8681979179382324,37073,35551,Unknown Artist,Unknown Artist,religious_painting,religious_painting
Mannerism_Late_Renaissance,Baroque,0.8690705299377441,41582,51182,Unknown Artist,Unknown Artist,religious_painting,religious_painting
Early_Renaissance,Mannerism_Late_Renaissance,0.896759569644928,51956,51235,Unknown Artist,Unknown Artist,religious_painting,religious_painting
Northern_Renaissance,High_Renaissance,0.8881264328956604,18155,52918,albrecht-durer,Unknown Artist,religious_painting,religious_painting
Early_Renaissance,Northern_Renaissance,0.9280284643173218,56683,23264,fra-angelico,Unknown Artist,religious_painting,religious_painting
Northern_Renaissance,Baroque,0.8371185660362244,18164,17703,albrecht-durer,rembrandt,religious_painting,religious_painting
Northern_Renaissance,High_Renaissance,0.8603638410568237,1312,55730,albrecht-durer,michelangelo,religious_painting,religious_painting
Early_Renaissance,Northern_Renaissance,0.9060877561569214,33305,31497,Unknown Artist,Unknown Artist,religious_painting,religious_painting
Northern_Renaissance,High_Renaissance,0.8824562430381775,34061,55896,Unknown Artist,Unknown Artist,religious_painting,religious_painting
High_Renaissance,Mannerism_Late_Renaissance,0.9023119807243347,34542,56510,raphael,Unknown Artist,religious_painting,religious_painting
Northern_Renaissance,High_Renaissance,0.8922576308250427,56556,56503,hieronymus-bosch,Unknown Artist,religious_painting,religious_painting
Early_Renaissance,High_Renaissance,0.9073082804679871,48154,43505,fra-angelico,Unknown Artist,religious_painting,religious_painting
Early_Renaissance,Northern_Renaissance,0.8816853165626526,56379,48041,fra-angelico,Unknown Artist,religious_painting,religious_painting
Early_Renaissance,Mannerism_Late_Renaissance,0.8792164325714111,56199,56795,Unknown Artist,Unknown Artist,religious_painting,religious_painting
Early_Renaissance,Baroque,0.8523788452148438,38461,55626,Unknown Artist,Unknown Artist,religious_painting,religious_painting
Northern_Renaissance,High_Renaissance,0.9266957640647888,44729,44368,Unknown Artist,pietro-perugino,religious_painting,religious_painting
High_Renaissance,Mannerism_Late_Renaissance,0.9030032753944397,55808,21652,Unknown Artist,titian,religious_painting,religious_painting
Early_Renaissance,High_Renaissance,0.8987048864364624,30376,31887,pietro-perugino,Unknown Artist,religious_painting,religious_painting
Northern_Renaissance,Mannerism_Late_Renaissance,0.8835161924362183,34061,56803,Unknown Artist,titian,religious_painting,religious_painting
High_Renaissance,Mannerism_Late_Renaissance,0.886235237121582,56949,50169,raphael,el-greco,religious_painting,religious_painting
Northern_Renaissance,High_Renaissance,0.8592378497123718,55772,23716,Unknown Artist,titian,religious_painting,religious_painting
High_Renaissance,Mannerism_Late_Renaissance,0.9002807140350342,25182,30380,Unknown Artist,Unknown Artist,religious_painting,religious_painting
Early_Renaissance,Mannerism_Late_Renaissance,0.8474398851394653,37654,49370,Unknown Artist,el-greco,religious_painting,religious_painting
Early_Renaissance,Northern_Renaissance,0.815858781337738,49845,10920,Unknown Artist,albrecht-durer,religious_painting,religious_painting
Mannerism_Late_Renaissance,Baroque,0.8761122822761536,22880,32196,Unknown Artist,bartolome-esteban-murillo,religious_painting,religious_painting
Early_Renaissance,High_Renaissance,0.8312060832977295,56992,52854,Unknown Artist,michelangelo,religious_painting,religious_painting
Northern_Renaissance,High_Renaissance,0.8527183532714844,18131,56015,albrecht-durer,Unknown Artist,religious_painting,religious_painting
Mannerism_Late_Renaissance,Baroque,0.9088794589042664,41217,56603,Unknown Artist,bartolome-esteban-murillo,religious_painting,religious_painting
Northern_Renaissance,High_Renaissance,0.8632056713104248,56195,36961,Unknown Artist,Unknown Artist,religious_painting,religious_painting
High_Renaissance,Mannerism_Late_Renaissance,0.8941578269004822,56694,32485,pietro-perugino,Unknown Artist,religious_painting,religious_painting
Early_Renaissance,Northern_Renaissance,0.8742202520370483,37073,46689,Unknown Artist,Unknown Artist,religious_painting,religious_painting
Early_Renaissance,High_Renaissance,0.900595486164093,36314,30076,Unknown Artist,raphael,religious_painting,religious_painting
High_Renaissance,Mannerism_Late_Renaissance,0.894677996635437,56060,43296,Unknown Artist,paolo-veronese,religious_painting,religious_painting
Early_Renaissance,High_Renaissance,0.8519364595413208,57048,56602,Unknown Artist,raphael,religious_painting,religious_painting
Early_Renaissance,Northern_Renaissance,0.8773614168167114,29617,323,Unknown Artist,albrecht-durer,religious_painting,religious_painting
Early_Renaissance,High_Renaissance,0.8856719136238098,44574,36093,Unknown Artist,titian,religious_painting,religious_painting
Early_Renaissance,Northern_Renaissance,0.8437789082527161,45305,35431,Unknown Artist,lucas-cranach-the-elder,religious_painting,religious_painting
High_Renaissance,Northern_Renaissance,0.903456449508667,56390,32975,Unknown Artist,Unknown Artist,religious_painting,religious_painting
High_Renaissance,Mannerism_Late_Renaissance,0.8910661339759827,24418,56130,titian,tintoretto,religious_painting,religious_painting
Northern_Renaissance,Mannerism_Late_Renaissance,0.8609091639518738,20883,22663,Unknown Artist,tintoretto,religious_painting,religious_painting
High_Renaissance,Baroque,0.8515883088111877,32241,51721,titian,bartolome-esteban-murillo,religious_painting,religious_painting
High_Renaissance,Mannerism_Late_Renaissance,0.8056767582893372,36093,23161,titian,el-greco,religious_painting,religious_painting
Early_Renaissance,High_Renaissance,0.879826545715332,51286,47350,Unknown Artist,Unknown Artist,religious_painting,religious_painting
Northern_Renaissance,Mannerism_Late_Renaissance,0.8747683167457581,44164,55855,hieronymus-bosch,tintoretto,religious_painting,religious_painting
Early_Renaissance,High_Renaissance,0.8753991723060608,45523,52661,Unknown Artist,raphael,religious_painting,religious_painting
High_Renaissance,Mannerism_Late_Renaissance,0.8718924522399902,57101,57077,Unknown Artist,tintoretto,religious_painting,religious_painting
Northern_Renaissance,High_Renaissance,0.8643516898155212,18009,41093,albrecht-durer,pietro-perugino,religious_painting,religious_painting
Early_Renaissance,Mannerism_Late_Renaissance,0.874192476272583,46903,56091,Unknown Artist,tintoretto,religious_painting,religious_painting
Early_Renaissance,Northern_Renaissance,0.8587843179702759,22676,3203,Unknown Artist,albrecht-durer,religious_painting,religious_painting
Early_Renaissance,Baroque,0.8620799779891968,42953,56904,Unknown Artist,Unknown Artist,religious_painting,religious_painting
Early_Renaissance,High_Renaissance,0.9243878126144409,36314,55988,Unknown Artist,Unknown Artist,religious_painting,religious_painting
Early_Renaissance,High_Renaissance,0.8526027202606201,23253,56913,Unknown Artist,titian,religious_painting,religious_painting
Early_Renaissance,Mannerism_Late_Renaissance,0.9084742069244385,55605,56522,pietro-perugino,Unknown Artist,religious_painting,religious_painting
Early_Renaissance,High_Renaissance,0.8808978796005249,40864,34272,Unknown Artist,Unknown Artist,religious_painting,religious_painting
High_Renaissance,Northern_Renaissance,0.8581281304359436,22248,40802,raphael,Unknown Artist,religious_painting,religious_painting
High_Renaissance,Northern_Renaissance,0.8769994378089905,26255,6696,pietro-perugino,albrecht-durer,religious_painting,religious_painting
Northern_Renaissance,High_Renaissance,0.8841009736061096,55785,51554,hans-memling,titian,religious_painting,religious_painting
High_Renaissance,Mannerism_Late_Renaissance,0.913574755191803,34542,56300,raphael,tintoretto,religious_painting,religious_painting
Early_Renaissance,Northern_Renaissance,0.8878511786460876,32171,57033,Unknown Artist,lucas-cranach-the-elder,religious_painting,religious_painting
Northern_Renaissance,Mannerism_Late_Renaissance,0.8724513053894043,30414,42497,Unknown Artist,titian,religious_painting,religious_painting
High_Renaissance,Northern_Renaissance,0.9036821722984314,30747,40342,Unknown Artist,Unknown Artist,religious_painting,religious_painting
Early_Renaissance,Baroque,0.8875555992126465,25758,3942,Unknown Artist,rembrandt,religious_painting,religious_painting
Mannerism_Late_Renaissance,Rococo,0.8901169896125793,57044,55794,tintoretto,Unknown Artist,religious_painting,religious_painting
Northern_Renaissance,Mannerism_Late_Renaissance,0.9202744364738464,34406,32814,Unknown Artist,Unknown Artist,religious_painting,religious_painting
Northern_Renaissance,High_Renaissance,0.8820089101791382,27103,53063,Unknown Artist,Unknown Artist,religious_painting,religious_painting
Northern_Renaissance,High_Renaissance,0.8776896595954895,44218,32165,Unknown Artist,michelangelo,religious_painting,religious_painting
High_Renaissance,Baroque,0.9117207527160645,56644,55601,Unknown Artist,Unknown Artist,religious_painting,religious_painting
High_Renaissance,Mannerism_Late_Renaissance,0.9048205018043518,56060,30572,Unknown Artist,Unknown Artist,religious_painting,religious_painting
Early_Renaissance,High_Renaissance,0.8657073378562927,55624,42421,Unknown Artist,Unknown Artist,religious_painting,religious_painting
Early_Renaissance,High_Renaissance,0.9275441765785217,49966,56413,Unknown Artist,Unknown Artist,religious_painting,religious_painting
Early_Renaissance,High_Renaissance,0.8730765581130981,32906,48254,Unknown Artist,Unknown Artist,religious_painting,religious_painting
Early_Renaissance,Baroque,0.8876768350601196,23253,56832,Unknown Artist,bartolome-esteban-murillo,religious_painting,religious_painting
Early_Renaissance,High_Renaissance,0.9016610980033875,24143,27948,Unknown Artist,Unknown Artist,religious_painting,religious_painting
High_Renaissance,Northern_Renaissance,0.866544246673584,32795,56087,Unknown Artist,hieronymus-bosch,religious_painting,religious_painting
High_Renaissance,Mannerism_Late_Renaissance,0.868985652923584,22541,19375,raphael,paolo-veronese,religious_painting,religious_painting
Mannerism_Late_Renaissance,Baroque,0.8736854195594788,48958,55966,tintoretto,Unknown Artist,religious_painting,religious_painting
Mannerism_Late_Renaissance,Baroque,0.8890978693962097,20317,57154,titian,Unknown Artist,religious_painting,religious_painting
Early_Renaissance,Northern_Renaissance,0.8849357962608337,36314,28346,Unknown Artist,Unknown Artist,religious_painting,religious_painting
Mannerism_Late_Renaissance,Baroque,0.9129820466041565,28993,33922,paolo-veronese,anthony-van-dyck,religious_painting,religious_painting
Northern_Renaissance,High_Renaissance,0.908654510974884,44218,19437,Unknown Artist,michelangelo,religious_painting,religious_painting
Early_Renaissance,High_Renaissance,0.9207965135574341,20738,20368,Unknown Artist,Unknown Artist,religious_painting,religious_painting
High_Renaissance,Mannerism_Late_Renaissance,0.8949722647666931,36327,44118,titian,tintoretto,religious_painting,religious_painting
Early_Renaissance,Northern_Renaissance,0.9077744483947754,19626,29079,Unknown Artist,Unknown Artist,religious_painting,religious_painting
Northern_Renaissance,High_Renaissance,0.8860228657722473,26549,56179,hans-memling,Unknown Artist,religious_painting,religious_painting
Northern_Renaissance,Mannerism_Late_Renaissance,0.8488730788230896,22975,31142,Unknown Artist,el-greco,religious_painting,religious_painting
Early_Renaissance,Mannerism_Late_Renaissance,0.8141052722930908,27082,20076,Unknown Artist,el-greco,religious_painting,religious_painting
Early_Renaissance,High_Renaissance,0.9281279444694519,56355,56159,Unknown Artist,raphael,religious_painting,religious_painting
Early_Renaissance,Northern_Renaissance,0.8636588454246521,24426,12388,Unknown Artist,albrecht-durer,religious_painting,religious_painting
Mannerism_Late_Renaissance,Baroque,0.8999306559562683,40544,26451,tintoretto,Unknown Artist,religious_painting,religious_painting
Northern_Renaissance,Mannerism_Late_Renaissance,0.8688782453536987,37344,46299,Unknown Artist,Unknown Artist,religious_painting,religious_painting
Early_Renaissance,High_Renaissance,0.8761083483695984,56766,56533,Unknown Artist,Unknown Artist,religious_painting,religious_painting
High_Renaissance,Mannerism_Late_Renaissance,0.8591447472572327,44652,31805,titian,Unknown Artist,religious_painting,religious_painting
Early_Renaissance,High_Renaissance,0.8848478198051453,26692,40818,pietro-perugino,Unknown Artist,religious_painting,religious_painting
High_Renaissance,Northern_Renaissance,0.8693347573280334,56035,17960,titian,albrecht-durer,religious_painting,religious_painting
High_Renaissance,Northern_Renaissance,0.8654752373695374,56035,9375,titian,albrecht-durer,religious_painting,religious_painting
High_Renaissance,Northern_Renaissance,0.8940978646278381,30296,37964,Unknown Artist,Unknown Artist,religious_painting,religious_painting
Early_Renaissance,High_Renaissance,0.8717108964920044,25709,37511,pietro-perugino,pietro-perugino,religious_painting,religious_painting
High_Renaissance,Northern_Renaissance,0.8155823945999146,41238,50325,Unknown Artist,Unknown Artist,religious_painting,religious_painting
High_Renaissance,Northern_Renaissance,0.9152477383613586,50730,56147,pietro-perugino,Unknown Artist,religious_painting,religious_painting
Early_Renaissance,High_Renaissance,0.8417686820030212,27505,34127,Unknown Artist,Unknown Artist,religious_painting,religious_painting
Early_Renaissance,High_Renaissance,0.870622992515564,29359,46559,fra-angelico,pietro-perugino,religious_painting,religious_painting
Early_Renaissance,Mannerism_Late_Renaissance,0.873771607875824,31889,24721,Unknown Artist,el-greco,religious_painting,religious_painting
Mannerism_Late_Renaissance,Baroque,0.9115171432495117,38722,28713,tintoretto,Unknown Artist,religious_painting,religious_painting
High_Renaissance,Northern_Renaissance,0.8544800281524658,44876,21470,Unknown Artist,Unknown Artist,religious_painting,religious_painting
High_Renaissance,Mannerism_Late_Renaissance,0.9179121851921082,22248,38687,raphael,tintoretto,religious_painting,religious_painting
Early_Renaissance,Northern_Renaissance,0.8384435772895813,25499,32581,Unknown Artist,Unknown Artist,religious_painting,religious_painting
Early_Renaissance,Mannerism_Late_Renaissance,0.8808766603469849,51437,56524,Unknown Artist,paolo-veronese,religious_painting,religious_painting
High_Renaissance,Northern_Renaissance,0.8446797728538513,19597,56751,Unknown Artist,Unknown Artist,religious_painting,religious_painting
Northern_Renaissance,High_Renaissance,0.8423129916191101,34061,21233,Unknown Artist,titian,religious_painting,religious_painting
High_Renaissance,Northern_Renaissance,0.8581860661506653,30618,56287,Unknown Artist,Unknown Artist,religious_painting,religious_painting
Early_Renaissance,Northern_Renaissance,0.9162648916244507,57048,659,Unknown Artist,albrecht-durer,religious_painting,religious_painting
Northern_Renaissance,High_Renaissance,0.8524394035339355,2175,51395,albrecht-durer,Unknown Artist,religious_painting,religious_painting
Early_Renaissance,Mannerism_Late_Renaissance,0.8523223400115967,43952,30894,Unknown Artist,el-greco,religious_painting,religious_painting
Early_Renaissance,Mannerism_Late_Renaissance,0.8819370865821838,31718,39126,Unknown Artist,Unknown Artist,religious_painting,religious_painting
Mannerism_Late_Renaissance,Baroque,0.8488734364509583,50321,34287,tintoretto,Unknown Artist,religious_painting,religious_painting
Early_Renaissance,High_Renaissance,0.9098193645477295,56967,37329,Unknown Artist,pietro-perugino,religious_painting,religious_painting
Mannerism_Late_Renaissance,Rococo,0.8947672843933105,22880,35421,Unknown Artist,Unknown Artist,religious_painting,religious_painting
Early_Renaissance,High_Renaissance,0.8952406048774719,37577,32986,Unknown Artist,Unknown Artist,religious_painting,religious_painting
High_Renaissance,Mannerism_Late_Renaissance,0.8695241212844849,26983,30521,titian,tintoretto,religious_painting,religious_painting
High_Renaissance,Mannerism_Late_Renaissance,0.953458309173584,37410,50044,michelangelo,tintoretto,religious_painting,religious_painting
Early_Renaissance,High_Renaissance,0.8609049916267395,49770,44748,Unknown Artist,Unknown Artist,religious_painting,religious_painting
High_Renaissance,Northern_Renaissance,0.8993128538131714,45028,6422,Unknown Artist,albrecht-durer,religious_painting,religious_painting
Early_Renaissance,High_Renaissance,0.8937891721725464,23386,40664,fra-angelico,Unknown Artist,religious_painting,religious_painting
High_Renaissance,Baroque,0.8635846972465515,56136,47802,Unknown Artist,Unknown Artist,religious_painting,religious_painting
Early_Renaissance,High_Renaissance,0.9331657886505127,25482,19853,pietro-perugino,pietro-perugino,religious_painting,religious_painting
High_Renaissance,Northern_Renaissance,0.903545081615448,30747,56720,Unknown Artist,Unknown Artist,religious_painting,religious_painting
Early_Renaissance,Northern_Renaissance,0.8632586002349854,49105,36367,fra-angelico,Unknown Artist,religious_painting,religious_painting
Northern_Renaissance,High_Renaissance,0.8795208930969238,48975,26725,lucas-cranach-the-elder,Unknown Artist,religious_painting,religious_painting
Early_Renaissance,Northern_Renaissance,0.9240410923957825,51425,48312,pietro-perugino,hans-memling,religious_painting,religious_painting
Early_Renaissance,High_Renaissance,0.8811768293380737,49966,28565,Unknown Artist,raphael,religious_painting,religious_painting
Mannerism_Late_Renaissance,Baroque,0.8662996292114258,46933,39149,paolo-veronese,Unknown Artist,religious_painting,religious_painting
High_Renaissance,Mannerism_Late_Renaissance,0.8108744621276855,19278,47187,titian,Unknown Artist,religious_painting,religious_painting
Early_Renaissance,Northern_Renaissance,0.8714220523834229,38887,6950,Unknown Artist,albrecht-durer,religious_painting,religious_painting
Early_Renaissance,Northern_Renaissance,0.8842810392379761,40412,20195,Unknown Artist,lucas-cranach-the-elder,religious_painting,religious_painting
High_Renaissance,Mannerism_Late_Renaissance,0.8641128540039062,32986,56829,Unknown Artist,Unknown Artist,religious_painting,religious_painting
High_Renaissance,Northern_Renaissance,0.8952110409736633,32795,31181,Unknown Artist,hieronymus-bosch,religious_painting,religious_painting
High_Renaissance,Northern_Renaissance,0.875156044960022,42200,49481,Unknown Artist,Unknown Artist,religious_painting,religious_painting
Northern_Renaissance,High_Renaissance,0.8877800703048706,56241,42200,hieronymus-bosch,Unknown Artist,religious_painting,religious_painting
High_Renaissance,Northern_Renaissance,0.9018120765686035,49492,56077,Unknown Artist,Unknown Artist,religious_painting,religious_painting
High_Renaissance,Mannerism_Late_Renaissance,0.9066972136497498,56930,21360,Unknown Artist,Unknown Artist,religious_painting,religious_painting
Mannerism_Late_Renaissance,Baroque,0.8388370871543884,35510,50243,paolo-veronese,anthony-van-dyck,religious_painting,religious_painting
Early_Renaissance,Northern_Renaissance,0.8674912452697754,56801,24428,Unknown Artist,Unknown Artist,religious_painting,religious_painting
Early_Renaissance,High_Renaissance,0.8953125476837158,35718,22664,Unknown Artist,pietro-perugino,religious_painting,religious_painting
Northern_Renaissance,Mannerism_Late_Renaissance,0.8829292058944702,22975,50106,Unknown Artist,Unknown Artist,religious_painting,religious_painting
High_Renaissance,Northern_Renaissance,0.8841327428817749,32795,19414,Unknown Artist,hieronymus-bosch,religious_painting,religious_painting
High_Renaissance,Mannerism_Late_Renaissance,0.8911761045455933,33550,56667,pietro-perugino,tintoretto,religious_painting,religious_painting
Northern_Renaissance,Mannerism_Late_Renaissance,0.8689426779747009,39802,27911,hans-memling,Unknown Artist,religious_painting,religious_painting
Mannerism_Late_Renaissance,Baroque,0.8106688261032104,27315,17677,tintoretto,rembrandt,religious_painting,religious_painting
Early_Renaissance,Northern_Renaissance,0.8692798614501953,32171,22301,Unknown Artist,hieronymus-bosch,religious_painting,religious_painting
High_Renaissance,Northern_Renaissance,0.8621228337287903,46466,24031,Unknown Artist,Unknown Artist,religious_painting,religious_painting
Mannerism_Late_Renaissance,Rococo,0.8887186646461487,25719,52278,paolo-veronese,Unknown Artist,religious_painting,religious_painting
Early_Renaissance,Northern_Renaissance,0.8805615305900574,39460,6775,Unknown Artist,albrecht-durer,religious_painting,religious_painting
Northern_Renaissance,High_Renaissance,0.8858471512794495,56830,34489,lucas-cranach-the-elder,raphael,religious_painting,religious_painting
Early_Renaissance,Northern_Renaissance,0.8897289633750916,56921,44498,Unknown Artist,lucas-cranach-the-elder,religious_painting,religious_painting
High_Renaissance,Baroque,0.9276941418647766,56770,32733,Unknown Artist,Unknown Artist,religious_painting,religious_painting
High_Renaissance,Mannerism_Late_Renaissance,0.8948466181755066,44627,32204,raphael,el-greco,religious_painting,religious_painting
Early_Renaissance,High_Renaissance,0.8606495261192322,49770,46342,Unknown Artist,Unknown Artist,religious_painting,religious_painting
Early_Renaissance,High_Renaissance,0.9059005975723267,56355,56323,Unknown Artist,Unknown Artist,religious_painting,religious_painting
Early_Renaissance,High_Renaissance,0.8711144924163818,24831,49671,Unknown Artist,Unknown Artist,religious_painting,religious_painting
Early_Renaissance,Northern_Renaissance,0.8375164866447449,36850,38226,Unknown Artist,hieronymus-bosch,religious_painting,religious_painting
High_Renaissance,Baroque,0.8879993557929993,56839,55836,Unknown Artist,Unknown Artist,religious_painting,religious_painting
Early_Renaissance,Baroque,0.8557918667793274,25846,17574,Unknown Artist,rembrandt,religious_painting,religious_painting
Mannerism_Late_Renaissance,Baroque,0.8759965896606445,25719,32279,paolo-veronese,jacob-jordaens,religious_painting,religious_painting
High_Renaissance,Mannerism_Late_Renaissance,0.8567922115325928,43505,48084,Unknown Artist,Unknown Artist,religious_painting,religious_painting
High_Renaissance,Mannerism_Late_Renaissance,0.8848680257797241,22390,56386,Unknown Artist,Unknown Artist,religious_painting,religious_painting
Northern_Renaissance,High_Renaissance,0.8737564086914062,24838,19227,Unknown Artist,raphael,religious_painting,religious_painting
Northern_Renaissance,High_Renaissance,0.8803478479385376,49358,25069,Unknown Artist,Unknown Artist,religious_painting,religious_painting
Early_Renaissance,High_Renaissance,0.9113762378692627,51111,56915,Unknown Artist,pietro-perugino,religious_painting,religious_painting
Early_Renaissance,Mannerism_Late_Renaissance,0.9159127473831177,20738,56116,Unknown Artist,Unknown Artist,religious_painting,religious_painting
Early_Renaissance,Northern_Renaissance,0.8455622792243958,20435,5836,Unknown Artist,albrecht-durer,religious_painting,religious_painting
High_Renaissance,Northern_Renaissance,0.8655272126197815,52548,2886,Unknown Artist,albrecht-durer,religious_painting,religious_painting
Northern_Renaissance,Mannerism_Late_Renaissance,0.9071843028068542,49358,42704,Unknown Artist,paolo-veronese,religious_painting,religious_painting
High_Renaissance,Northern_Renaissance,0.8305633068084717,32795,57141,Unknown Artist,hieronymus-bosch,religious_painting,religious_painting
Mannerism_Late_Renaissance,Baroque,0.8713197708129883,46434,56906,tintoretto,Unknown Artist,religious_painting,religious_painting
Early_Renaissance,High_Renaissance,0.9138975143432617,21752,55808,Unknown Artist,Unknown Artist,religious_painting,religious_painting
Early_Renaissance,Mannerism_Late_Renaissance,0.8167464137077332,56326,55897,pietro-perugino,Unknown Artist,religious_painting,religious_painting
Early_Renaissance,Mannerism_Late_Renaissance,0.8616893887519836,49845,43239,Unknown Artist,Unknown Artist,religious_painting,religious_painting
Mannerism_Late_Renaissance,Baroque,0.8680185675621033,50321,47445,tintoretto,Unknown Artist,religious_painting,religious_painting
Early_Renaissance,High_Renaissance,0.8780933022499084,51437,26417,Unknown Artist,raphael,religious_painting,religious_painting
Early_Renaissance,Northern_Renaissance,0.8969128727912903,56737,56626,Unknown Artist,Unknown Artist,religious_painting,religious_painting
Early_Renaissance,Mannerism_Late_Renaissance,0.8599861264228821,42667,19848,Unknown Artist,paolo-veronese,religious_painting,religious_painting
Early_Renaissance,High_Renaissance,0.8978078365325928,37604,55606,Unknown Artist,Unknown Artist,religious_painting,religious_painting
Early_Renaissance,High_Renaissance,0.8687359690666199,36632,55682,Unknown Artist,Unknown Artist,religious_painting,religious_painting
Early_Renaissance,High_Renaissance,0.8729547262191772,51702,35204,Unknown Artist,Unknown Artist,religious_painting,religious_painting
Early_Renaissance,Mannerism_Late_Renaissance,0.8008672595024109,36632,23365,Unknown Artist,paolo-veronese,religious_painting,religious_painting
Early_Renaissance,High_Renaissance,0.8702775239944458,25758,29599,Unknown Artist,leonardo-da-vinci,religious_painting,religious_painting
Early_Renaissance,Northern_Renaissance,0.8897854685783386,50266,26549,Unknown Artist,hans-memling,religious_painting,religious_painting
High_Renaissance,Mannerism_Late_Renaissance,0.8853161931037903,27560,20952,Unknown Artist,paolo-veronese,religious_painting,religious_painting
Baroque,Rococo,0.894899308681488,27233,49379,Unknown Artist,Unknown Artist,religious_painting,religious_painting
High_Renaissance,Mannerism_Late_Renaissance,0.8990437984466553,56712,36970,raphael,Unknown Artist,religious_painting,religious_painting
Early_Renaissance,Northern_Renaissance,0.822418749332428,38878,9947,pietro-perugino,albrecht-durer,religious_painting,religious_painting
High_Renaissance,Northern_Renaissance,0.8421252965927124,19094,56039,Unknown Artist,Unknown Artist,religious_painting,religious_painting
Northern_Renaissance,Baroque,0.8757542371749878,56472,42406,Unknown Artist,Unknown Artist,religious_painting,religious_painting
Early_Renaissance,High_Renaissance,0.8910589218139648,25496,55747,Unknown Artist,leonardo-da-vinci,religious_painting,religious_painting
High_Renaissance,Mannerism_Late_Renaissance,0.8925232291221619,31767,41654,raphael,paolo-veronese,religious_painting,religious_painting
Early_Renaissance,Mannerism_Late_Renaissance,0.9203665256500244,56655,44804,Unknown Artist,Unknown Artist,religious_painting,religious_painting
Mannerism_Late_Renaissance,Baroque,0.8824219107627869,21728,50068,titian,bartolome-esteban-murillo,religious_painting,religious_painting
High_Renaissance,Mannerism_Late_Renaissance,0.8944414258003235,32812,56459,Unknown Artist,paolo-veronese,religious_painting,religious_painting
Early_Renaissance,Northern_Renaissance,0.8780099749565125,43628,24087,Unknown Artist,hans-memling,religious_painting,religious_painting
High_Renaissance,Mannerism_Late_Renaissance,0.9045431017875671,32165,36915,michelangelo,Unknown Artist,religious_painting,religious_painting
Mannerism_Late_Renaissance,Baroque,0.8294246196746826,48217,7683,tintoretto,rembrandt,religious_painting,religious_painting
Mannerism_Late_Renaissance,Baroque,0.856094479560852,35995,24781,titian,Unknown Artist,religious_painting,religious_painting
High_Renaissance,Northern_Renaissance,0.8912004828453064,55988,31003,Unknown Artist,hans-memling,religious_painting,religious_painting
Early_Renaissance,High_Renaissance,0.8572074770927429,23386,48603,fra-angelico,michelangelo,religious_painting,religious_painting
Early_Renaissance,High_Renaissance,0.958847165107727,48154,37417,fra-angelico,Unknown Artist,religious_painting,religious_painting
High_Renaissance,Northern_Renaissance,0.8783007264137268,56738,11998,Unknown Artist,albrecht-durer,religious_painting,religious_painting
Early_Renaissance,High_Renaissance,0.9053459167480469,46523,50225,Unknown Artist,raphael,religious_painting,religious_painting
Early_Renaissance,Northern_Renaissance,0.8732240796089172,56703,50646,Unknown Artist,hieronymus-bosch,religious_painting,religious_painting
High_Renaissance,Mannerism_Late_Renaissance,0.8801742792129517,56127,31106,raphael,paolo-veronese,religious_painting,religious_painting
High_Renaissance,Northern_Renaissance,0.9059683680534363,30747,3637,Unknown Artist,albrecht-durer,religious_painting,religious_painting
Early_Renaissance,High_Renaissance,0.9263790845870972,49775,47291,pietro-perugino,pietro-perugino,religious_painting,religious_painting
Early_Renaissance,High_Renaissance,0.8655992150306702,56967,55798,Unknown Artist,michelangelo,religious_painting,religious_painting
Early_Renaissance,Northern_Renaissance,0.8483102917671204,31565,9717,Unknown Artist,albrecht-durer,religious_painting,religious_painting
Early_Renaissance,Northern_Renaissance,0.8508260250091553,48457,56070,Unknown Artist,hans-memling,religious_painting,religious_painting
Early_Renaissance,Northern_Renaissance,0.8351890444755554,38887,3953,Unknown Artist,albrecht-durer,religious_painting,religious_painting
Early_Renaissance,High_Renaissance,0.8949131965637207,20738,32241,Unknown Artist,titian,religious_painting,religious_painting
Early_Renaissance,High_Renaissance,0.8774225115776062,36314,52404,Unknown Artist,titian,religious_painting,religious_painting
High_Renaissance,Baroque,0.8814916014671326,23329,56793,Unknown Artist,jacob-jordaens,religious_painting,religious_painting
Mannerism_Late_Renaissance,Baroque,0.8918435573577881,36886,56093,tintoretto,Unknown Artist,religious_painting,religious_painting
High_Renaissance,Baroque,0.9097909927368164,30838,50426,pietro-perugino,Unknown Artist,religious_painting,religious_painting
Early_Renaissance,Northern_Renaissance,0.8153952956199646,56407,34822,Unknown Artist,Unknown Artist,religious_painting,religious_painting
Early_Renaissance,Mannerism_Late_Renaissance,0.8529531955718994,25057,20494,Unknown Artist,titian,religious_painting,religious_painting
Early_Renaissance,Mannerism_Late_Renaissance,0.8799693584442139,29053,56184,Unknown Artist,Unknown Artist,religious_painting,religious_painting
Northern_Renaissance,High_Renaissance,0.9302791953086853,56082,46966,Unknown Artist,pietro-perugino,religious_painting,religious_painting
Northern_Renaissance,Mannerism_Late_Renaissance,0.9071565270423889,17956,47059,albrecht-durer,Unknown Artist,religious_painting,religious_painting
Northern_Renaissance,Mannerism_Late_Renaissance,0.9052107334136963,56215,56821,Unknown Artist,tintoretto,religious_painting,religious_painting
Baroque,Rococo,0.8553599715232849,56961,22310,Unknown Artist,Unknown Artist,religious_painting,religious_painting
Northern_Renaissance,High_Renaissance,0.8702481389045715,56811,56277,Unknown Artist,Unknown Artist,religious_painting,religious_painting
Early_Renaissance,High_Renaissance,0.8980342149734497,21326,20728,Unknown Artist,pietro-perugino,religious_painting,religious_painting
Northern_Renaissance,High_Renaissance,0.8658686280250549,56540,56838,hieronymus-bosch,michelangelo,religious_painting,religious_painting
Early_Renaissance,Mannerism_Late_Renaissance,0.879905641078949,21192,26256,Unknown Artist,tintoretto,religious_painting,religious_painting
Early_Renaissance,High_Renaissance,0.8340328931808472,43021,56519,Unknown Artist,titian,religious_painting,religious_painting
High_Renaissance,Northern_Renaissance,0.855877697467804,49513,50712,Unknown Artist,Unknown Artist,religious_painting,religious_painting
Northern_Renaissance,High_Renaissance,0.8601061701774597,29579,56353,hieronymus-bosch,raphael,religious_painting,religious_painting
Early_Renaissance,High_Renaissance,0.9146788120269775,40864,55918,Unknown Artist,Unknown Artist,religious_painting,religious_painting
High_Renaissance,Northern_Renaissance,0.8979546427726746,20088,56392,pietro-perugino,hieronymus-bosch,religious_painting,religious_painting
Early_Renaissance,Northern_Renaissance,0.8458422422409058,56305,36535,fra-angelico,Unknown Artist,religious_painting,religious_painting
Early_Renaissance,High_Renaissance,0.8742262125015259,45523,57146,Unknown Artist,raphael,religious_painting,religious_painting
Early_Renaissance,High_Renaissance,0.8542950749397278,34221,20579,pietro-perugino,Unknown Artist,religious_painting,religious_painting
Northern_Renaissance,High_Renaissance,0.9294082522392273,34406,52548,Unknown Artist,Unknown Artist,religious_painting,religious_painting
High_Renaissance,Baroque,0.8324771523475647,48685,1950,Unknown Artist,rembrandt,religious_painting,religious_painting
Early_Renaissance,Northern_Renaissance,0.887571394443512,55869,35054,Unknown Artist,Unknown Artist,religious_painting,religious_painting
Mannerism_Late_Renaissance,Baroque,0.8971021771430969,56094,26008,Unknown Artist,bartolome-esteban-murillo,religious_painting,religious_painting
Northern_Renaissance,High_Renaissance,0.9034821391105652,56147,55995,Unknown Artist,Unknown Artist,religious_painting,religious_painting
High_Renaissance,Mannerism_Late_Renaissance,0.8910950422286987,37410,47109,michelangelo,el-greco,religious_painting,religious_painting
Early_Renaissance,High_Renaissance,0.8436868786811829,40617,41455,fra-angelico,Unknown Artist,religious_painting,religious_painting
Early_Renaissance,High_Renaissance,0.8900665640830994,56309,56240,Unknown Artist,Unknown Artist,religious_painting,religious_painting
Early_Renaissance,Northern_Renaissance,0.8649391531944275,24831,19930,Unknown Artist,Unknown Artist,religious_painting,religious_painting
Early_Renaissance,Mannerism_Late_Renaissance,0.9052384495735168,32171,56094,Unknown Artist,Unknown Artist,religious_painting,religious_painting
Early_Renaissance,Mannerism_Late_Renaissance,0.8359599709510803,56316,56068,Unknown Artist,tintoretto,religious_painting,religious_painting
Northern_Renaissance,Baroque,0.856290340423584,3203,24449,albrecht-durer,bartolome-esteban-murillo,religious_painting,religious_painting
High_Renaissance,Northern_Renaissance,0.8653876781463623,21503,20423,Unknown Artist,hans-memling,religious_painting,religious_painting
Early_Renaissance,High_Renaissance,0.9139723181724548,56879,50747,Unknown Artist,Unknown Artist,religious_painting,religious_painting
High_Renaissance,Northern_Renaissance,0.8732860088348389,44996,56456,Unknown Artist,Unknown Artist,religious_painting,religious_painting
High_Renaissance,Baroque,0.893679678440094,39920,24609,raphael,Unknown Artist,religious_painting,religious_painting
Northern_Renaissance,High_Renaissance,0.8661985993385315,57136,50571,Unknown Artist,titian,religious_painting,religious_painting
Early_Renaissance,Mannerism_Late_Renaissance,0.9247362017631531,56967,30678,Unknown Artist,Unknown Artist,religious_painting,religious_painting
High_Renaissance,Northern_Renaissance,0.8199324011802673,33254,28286,leonardo-da-vinci,hieronymus-bosch,religious_painting,religious_painting
Early_Renaissance,High_Renaissance,0.9099870324134827,56645,21958,Unknown Artist,Unknown Artist,religious_painting,religious_painting
Mannerism_Late_Renaissance,Baroque,0.8595974445343018,51801,42375,tintoretto,jacob-jordaens,religious_painting,religious_painting
Northern_Renaissance,High_Renaissance,0.8913546800613403,44944,20337,Unknown Artist,titian,religious_painting,religious_painting
Early_Renaissance,High_Renaissance,0.9018916487693787,31258,55678,Unknown Artist,Unknown Artist,religious_painting,religious_painting
Mannerism_Late_Renaissance,Baroque,0.887726366519928,22626,35966,el-greco,Unknown Artist,religious_painting,religious_painting
Early_Renaissance,High_Renaissance,0.8999108672142029,55692,34768,fra-angelico,Unknown Artist,religious_painting,religious_painting
Early_Renaissance,High_Renaissance,0.8899796009063721,51437,32508,Unknown Artist,raphael,religious_painting,religious_painting
Early_Renaissance,Northern_Renaissance,0.8371049761772156,50778,10091,Unknown Artist,albrecht-durer,religious_painting,religious_painting
Early_Renaissance,Northern_Renaissance,0.9123713970184326,57024,43557,pietro-perugino,hans-memling,religious_painting,religious_painting
High_Renaissance,Mannerism_Late_Renaissance,0.8948076367378235,40419,56521,michelangelo,paolo-veronese,religious_painting,religious_painting
Mannerism_Late_Renaissance,Baroque,0.8183598518371582,55816,20472,Unknown Artist,peter-paul-rubens,religious_painting,religious_painting
High_Renaissance,Mannerism_Late_Renaissance,0.8693724870681763,36327,49460,titian,tintoretto,religious_painting,religious_painting
High_Renaissance,Mannerism_Late_Renaissance,0.8583421111106873,22390,42295,Unknown Artist,Unknown Artist,religious_painting,religious_painting
Early_Renaissance,Mannerism_Late_Renaissance,0.9086558818817139,47861,23585,Unknown Artist,Unknown Artist,religious_painting,religious_painting
Northern_Renaissance,Mannerism_Late_Renaissance,0.8964524865150452,29110,56690,Unknown Artist,tintoretto,religious_painting,religious_painting
Early_Renaissance,High_Renaissance,0.9099511504173279,56901,56027,Unknown Artist,Unknown Artist,religious_painting,religious_painting
High_Renaissance,Northern_Renaissance,0.9197115898132324,56786,34927,raphael,Unknown Artist,religious_painting,religious_painting
Early_Renaissance,High_Renaissance,0.8987076878547668,56879,56977,Unknown Artist,Unknown Artist,religious_painting,religious_painting
Early_Renaissance,Northern_Renaissance,0.9058523178100586,20082,57052,Unknown Artist,Unknown Artist,religious_painting,religious_painting
Early_Renaissance,High_Renaissance,0.9164620041847229,39021,56770,Unknown Artist,Unknown Artist,religious_painting,religious_painting
Early_Renaissance,Northern_Renaissance,0.9299256801605225,37190,56686,Unknown Artist,lucas-cranach-the-elder,religious_painting,religious_painting
Early_Renaissance,High_Renaissance,0.8686792850494385,57022,43098,Unknown Artist,michelangelo,religious_painting,religious_painting
Baroque,Rococo,0.8707199096679688,17680,36778,rembrandt,Unknown Artist,religious_painting,religious_painting
High_Renaissance,Mannerism_Late_Renaissance,0.8668018579483032,56229,51492,titian,el-greco,religious_painting,religious_painting
Early_Renaissance,High_Renaissance,0.8700246214866638,42667,29774,Unknown Artist,raphael,religious_painting,religious_painting
High_Renaissance,Mannerism_Late_Renaissance,0.8301107883453369,25069,38333,Unknown Artist,Unknown Artist,religious_painting,religious_painting
Early_Renaissance,High_Renaissance,0.8103679418563843,56992,56231,Unknown Artist,michelangelo,religious_painting,religious_painting
High_Renaissance,Northern_Renaissance,0.8800965547561646,56035,3517,titian,albrecht-durer,religious_painting,religious_painting
High_Renaissance,Mannerism_Late_Renaissance,0.8573058247566223,23117,39120,titian,el-greco,religious_painting,religious_painting
High_Renaissance,Baroque,0.8718345165252686,24418,29863,titian,anthony-van-dyck,religious_painting,religious_painting
High_Renaissance,Mannerism_Late_Renaissance,0.8549090623855591,57117,21069,michelangelo,Unknown Artist,religious_painting,religious_painting
High_Renaissance,Baroque,0.8920992016792297,27609,36807,michelangelo,Unknown Artist,religious_painting,religious_painting
Early_Renaissance,Baroque,0.8818132877349854,51286,56851,Unknown Artist,Unknown Artist,religious_painting,religious_painting
Mannerism_Late_Renaissance,Baroque,0.9159591197967529,56808,44685,Unknown Artist,peter-paul-rubens,religious_painting,religious_painting
Northern_Renaissance,High_Renaissance,0.8799498081207275,30503,33672,lucas-cranach-the-elder,pietro-perugino,religious_painting,religious_painting
High_Renaissance,Northern_Renaissance,0.8520185947418213,46182,23747,pietro-perugino,hans-holbein-the-younger,religious_painting,religious_painting
High_Renaissance,Northern_Renaissance,0.8621867895126343,33619,50708,pietro-perugino,hans-memling,religious_painting,religious_painting
High_Renaissance,Northern_Renaissance,0.9037505388259888,45272,32732,Unknown Artist,Unknown Artist,religious_painting,religious_painting
High_Renaissance,Northern_Renaissance,0.8912302851676941,30747,56404,Unknown Artist,lucas-cranach-the-elder,religious_painting,religious_painting
Early_Renaissance,Northern_Renaissance,0.7829110026359558,56688,56608,Unknown Artist,Unknown Artist,religious_painting,religious_painting
High_Renaissance,Baroque,0.8463504314422607,41676,8207,michelangelo,rembrandt,religious_painting,religious_painting
High_Renaissance,Mannerism_Late_Renaissance,0.8750141263008118,42200,56934,Unknown Artist,tintoretto,religious_painting,religious_painting
Northern_Renaissance,High_Renaissance,0.8781604170799255,39535,33321,Unknown Artist,Unknown Artist,religious_painting,religious_painting
High_Renaissance,Mannerism_Late_Renaissance,0.8714378476142883,24418,50736,titian,tintoretto,religious_painting,religious_painting
Northern_Renaissance,High_Renaissance,0.9385643005371094,56828,56747,hans-memling,pietro-perugino,religious_painting,religious_painting
Early_Renaissance,Northern_Renaissance,0.8372789025306702,56670,49000,fra-angelico,Unknown Artist,religious_painting,religious_painting
Mannerism_Late_Renaissance,Baroque,0.8698510527610779,22943,10337,titian,rembrandt,religious_painting,religious_painting
High_Renaissance,Mannerism_Late_Renaissance,0.8835234642028809,42124,56965,Unknown Artist,Unknown Artist,religious_painting,religious_painting
Northern_Renaissance,Baroque,0.8641988635063171,29749,17693,Unknown Artist,rembrandt,religious_painting,religious_painting
Early_Renaissance,Northern_Renaissance,0.9041841626167297,50194,7697,Unknown Artist,albrecht-durer,religious_painting,religious_painting
High_Renaissance,Mannerism_Late_Renaissance,0.9044966101646423,57081,56708,Unknown Artist,Unknown Artist,religious_painting,religious_painting
Northern_Renaissance,High_Renaissance,0.8742365837097168,30503,37872,lucas-cranach-the-elder,raphael,religious_painting,religious_painting
Northern_Renaissance,High_Renaissance,0.8722695708274841,19071,56422,Unknown Artist,Unknown Artist,religious_painting,religious_painting
Northern_Renaissance,High_Renaissance,0.8804717063903809,56910,56347,hans-holbein-the-younger,titian,religious_painting,religious_painting
Early_Renaissance,Northern_Renaissance,0.8627653121948242,29122,13342,Unknown Artist,albrecht-durer,religious_painting,religious_painting
Early_Renaissance,Northern_Renaissance,0.9044564366340637,22126,46857,Unknown Artist,Unknown Artist,religious_painting,religious_painting
High_Renaissance,Mannerism_Late_Renaissance,0.8715171813964844,25211,56278,Unknown Artist,el-greco,religious_painting,religious_painting
Mannerism_Late_Renaissance,Baroque,0.8649604320526123,40121,45696,tintoretto,peter-paul-rubens,religious_painting,religious_painting
Early_Renaissance,High_Renaissance,0.8847219944000244,40794,33702,Unknown Artist,Unknown Artist,religious_painting,religious_painting
High_Renaissance,Mannerism_Late_Renaissance,0.8702797293663025,40818,55978,Unknown Artist,tintoretto,religious_painting,religious_painting
Mannerism_Late_Renaissance,Baroque,0.8407076597213745,26658,32153,paolo-veronese,Unknown Artist,religious_painting,religious_painting
Northern_Renaissance,Rococo,0.8546798825263977,38907,45512,hieronymus-bosch,Unknown Artist,religious_painting,religious_painting
Early_Renaissance,High_Renaissance,0.8745585083961487,47252,46558,pietro-perugino,pietro-perugino,religious_painting,religious_painting
Early_Renaissance,High_Renaissance,0.8857247233390808,43742,40313,Unknown Artist,raphael,religious_painting,religious_painting
Northern_Renaissance,High_Renaissance,0.8860552310943604,29110,19296,Unknown Artist,Unknown Artist,religious_painting,religious_painting
Early_Renaissance,Northern_Renaissance,0.8847371339797974,55863,5810,Unknown Artist,albrecht-durer,religious_painting,religious_painting
Early_Renaissance,Northern_Renaissance,0.888351559638977,56305,55637,fra-angelico,Unknown Artist,religious_painting,religious_painting
Early_Renaissance,Northern_Renaissance,0.9307712316513062,56279,44730,Unknown Artist,Unknown Artist,religious_painting,religious_painting
Early_Renaissance,Mannerism_Late_Renaissance,0.8847991824150085,56372,55663,pietro-perugino,el-greco,religious_painting,religious_painting
Early_Renaissance,Northern_Renaissance,0.8763102889060974,57083,17965,Unknown Artist,albrecht-durer,religious_painting,religious_painting
Early_Renaissance,Northern_Renaissance,0.9292359948158264,20738,18163,Unknown Artist,albrecht-durer,religious_painting,religious_painting
Early_Renaissance,Northern_Renaissance,0.8756141066551208,46960,31656,Unknown Artist,Unknown Artist,religious_painting,religious_painting
High_Renaissance,Mannerism_Late_Renaissance,0.9047772288322449,34153,51801,raphael,tintoretto,religious_painting,religious_painting
Early_Renaissance,Northern_Renaissance,0.880922257900238,55954,21966,Unknown Artist,Unknown Artist,religious_painting,religious_painting
Northern_Renaissance,Mannerism_Late_Renaissance,0.8716447949409485,24838,19685,Unknown Artist,tintoretto,religious_painting,religious_painting
High_Renaissance,Mannerism_Late_Renaissance,0.9154514670372009,56127,56369,raphael,paolo-veronese,religious_painting,religious_painting
Early_Renaissance,High_Renaissance,0.8834352493286133,32563,29266,pietro-perugino,Unknown Artist,religious_painting,religious_painting
High_Renaissance,Mannerism_Late_Renaissance,0.9029932618141174,56179,28769,Unknown Artist,tintoretto,religious_painting,religious_painting
Early_Renaissance,Northern_Renaissance,0.8846341371536255,56407,5547,Unknown Artist,albrecht-durer,religious_painting,religious_painting
Early_Renaissance,Northern_Renaissance,0.8413727879524231,38247,5640,Unknown Artist,albrecht-durer,religious_painting,religious_painting
Early_Renaissance,High_Renaissance,0.8448278903961182,57071,55766,Unknown Artist,michelangelo,religious_painting,religious_painting
High_Renaissance,Mannerism_Late_Renaissance,0.8658125400543213,22541,44085,raphael,paolo-veronese,religious_painting,religious_painting
High_Renaissance,Mannerism_Late_Renaissance,0.8859031200408936,26983,40463,titian,tintoretto,religious_painting,religious_painting
High_Renaissance,Mannerism_Late_Renaissance,0.8408494591712952,20022,56953,titian,paolo-veronese,religious_painting,religious_painting
Early_Renaissance,Northern_Renaissance,0.9207709431648254,23202,56435,Unknown Artist,Unknown Artist,religious_painting,religious_painting
High_Renaissance,Mannerism_Late_Renaissance,0.8774516582489014,47498,22777,raphael,Unknown Artist,religious_painting,religious_painting
Early_Renaissance,High_Renaissance,0.883736252784729,26308,57117,Unknown Artist,michelangelo,religious_painting,religious_painting
Early_Renaissance,High_Renaissance,0.9185061454772949,25482,51176,pietro-perugino,Unknown Artist,religious_painting,religious_painting
Early_Renaissance,High_Renaissance,0.8780096769332886,32563,32216,pietro-perugino,pietro-perugino,religious_painting,religious_painting
Northern_Renaissance,Mannerism_Late_Renaissance,0.9066873788833618,55811,41220,Unknown Artist,el-greco,religious_painting,religious_painting
High_Renaissance,Mannerism_Late_Renaissance,0.9182392358779907,22541,21660,raphael,paolo-veronese,religious_painting,religious_painting
High_Renaissance,Mannerism_Late_Renaissance,0.903071939945221,43505,25348,Unknown Artist,paolo-veronese,religious_painting,religious_painting
High_Renaissance,Mannerism_Late_Renaissance,0.8704674243927002,24418,19518,titian,tintoretto,religious_painting,religious_painting
High_Renaissance,Northern_Renaissance,0.8635403513908386,56035,4697,titian,albrecht-durer,religious_painting,religious_painting
Early_Renaissance,Northern_Renaissance,0.8828588724136353,56525,37279,Unknown Artist,Unknown Artist,religious_painting,religious_painting
Northern_Renaissance,Mannerism_Late_Renaissance,0.8412900567054749,56873,24447,Unknown Artist,el-greco,religious_painting,religious_painting
High_Renaissance,Baroque,0.8418917655944824,56347,17757,titian,rembrandt,religious_painting,religious_painting
High_Renaissance,Northern_Renaissance,0.8467706441879272,56229,6858,titian,albrecht-durer,religious_painting,religious_painting
Early_Renaissance,Northern_Renaissance,0.8367782831192017,45523,30576,Unknown Artist,Unknown Artist,religious_painting,religious_painting
Early_Renaissance,Northern_Renaissance,0.8803606629371643,56683,43174,fra-angelico,Unknown Artist,religious_painting,religious_painting
Early_Renaissance,High_Renaissance,0.8181381225585938,57005,26573,pietro-perugino,Unknown Artist,religious_painting,religious_painting
High_Renaissance,Northern_Renaissance,0.8720890879631042,52918,4904,Unknown Artist,albrecht-durer,religious_painting,religious_painting
Early_Renaissance,High_Renaissance,0.9269762635231018,21326,28916,Unknown Artist,Unknown Artist,religious_painting,religious_painting
Baroque,Rococo,0.8789969086647034,1299,51619,rembrandt,Unknown Artist,religious_painting,religious_painting
High_Renaissance,Northern_Renaissance,0.8096027970314026,38241,56213,Unknown Artist,Unknown Artist,religious_painting,religious_painting
High_Renaissance,Northern_Renaissance,0.8727044463157654,30296,29683,Unknown Artist,hieronymus-bosch,religious_painting,religious_painting
High_Renaissance,Mannerism_Late_Renaissance,0.8975234031677246,22248,45089,raphael,el-greco,religious_painting,religious_painting
Northern_Renaissance,High_Renaissance,0.8617775440216064,44164,56673,hieronymus-bosch,michelangelo,religious_painting,religious_painting
Early_Renaissance,Northern_Renaissance,0.8717191219329834,56372,55750,pietro-perugino,lucas-cranach-the-elder,religious_painting,religious_painting
High_Renaissance,Mannerism_Late_Renaissance,0.9128372073173523,27948,24106,Unknown Artist,paolo-veronese,religious_painting,religious_painting
Early_Renaissance,Northern_Renaissance,0.885603129863739,56322,56599,Unknown Artist,Unknown Artist,religious_painting,religious_painting
Early_Renaissance,High_Renaissance,0.9354949593544006,28217,39649,Unknown Artist,Unknown Artist,religious_painting,religious_painting
Mannerism_Late_Renaissance,Rococo,0.9090636372566223,23384,42649,paolo-veronese,Unknown Artist,religious_painting,religious_painting
Early_Renaissance,High_Renaissance,0.9221091866493225,55968,31745,pietro-perugino,Unknown Artist,religious_painting,religious_painting
High_Renaissance,Mannerism_Late_Renaissance,0.8169266581535339,56684,20640,pietro-perugino,el-greco,religious_painting,religious_painting
Early_Renaissance,High_Renaissance,0.8909913897514343,55692,56772,fra-angelico,Unknown Artist,religious_painting,religious_painting
Mannerism_Late_Renaissance,Baroque,0.8443572521209717,22880,48509,Unknown Artist,Unknown Artist,religious_painting,religious_painting
Early_Renaissance,High_Renaissance,0.9027624130249023,56623,55823,Unknown Artist,raphael,religious_painting,religious_painting
Northern_Renaissance,High_Renaissance,0.8593723177909851,13151,38732,albrecht-durer,michelangelo,religious_painting,religious_painting
Early_Renaissance,High_Renaissance,0.8808796405792236,33920,26102,Unknown Artist,Unknown Artist,religious_painting,religious_painting
Early_Renaissance,Northern_Renaissance,0.8570838570594788,56700,19611,fra-angelico,hieronymus-bosch,religious_painting,religious_painting
Early_Renaissance,Northern_Renaissance,0.7823418974876404,38339,8079,Unknown Artist,albrecht-durer,religious_painting,religious_painting
Early_Renaissance,High_Renaissance,0.8943145871162415,56410,37022,Unknown Artist,Unknown Artist,religious_painting,religious_painting
Early_Renaissance,High_Renaissance,0.9081080555915833,25482,38210,pietro-perugino,Unknown Artist,religious_painting,religious_painting
Mannerism_Late_Renaissance,Baroque,0.8959276676177979,20409,51570,Unknown Artist,Unknown Artist,religious_painting,religious_painting
High_Renaissance,Northern_Renaissance,0.8647260665893555,34489,27691,raphael,lucas-cranach-the-elder,religious_painting,religious_painting
Northern_Renaissance,High_Renaissance,0.907088577747345,34061,56127,Unknown Artist,raphael,religious_painting,religious_painting
Early_Renaissance,High_Renaissance,0.9180148243904114,51425,25702,pietro-perugino,Unknown Artist,religious_painting,religious_painting
Mannerism_Late_Renaissance,Baroque,0.8535099625587463,56858,50180,el-greco,peter-paul-rubens,religious_painting,religious_painting
Early_Renaissance,High_Renaissance,0.8821417093276978,25782,42036,Unknown Artist,Unknown Artist,religious_painting,religious_painting
Early_Renaissance,High_Renaissance,0.876099705696106,25758,57148,Unknown Artist,Unknown Artist,religious_painting,religious_painting
High_Renaissance,Northern_Renaissance,0.9328843951225281,46466,34154,Unknown Artist,Unknown Artist,religious_painting,religious_painting
High_Renaissance,Mannerism_Late_Renaissance,0.9132983088493347,22248,44082,raphael,Unknown Artist,religious_painting,religious_painting
Early_Renaissance,High_Renaissance,0.8872032165527344,55771,44981,Unknown Artist,Unknown Artist,religious_painting,religious_painting
High_Renaissance,Baroque,0.8539990186691284,56503,42531,Unknown Artist,Unknown Artist,religious_painting,religious_painting
Mannerism_Late_Renaissance,Baroque,0.8648718595504761,32473,49112,Unknown Artist,Unknown Artist,religious_painting,religious_painting
Northern_Renaissance,Baroque,0.8754012584686279,56380,27654,Unknown Artist,peter-paul-rubens,religious_painting,religious_painting
High_Renaissance,Northern_Renaissance,0.8482086658477783,19597,56613,Unknown Artist,Unknown Artist,religious_painting,religious_painting
Early_Renaissance,Northern_Renaissance,0.8856055736541748,29053,55945,Unknown Artist,Unknown Artist,religious_painting,religious_painting
Early_Renaissance,High_Renaissance,0.8927084803581238,35725,56859,Unknown Artist,Unknown Artist,religious_painting,religious_painting
High_Renaissance,Mannerism_Late_Renaissance,0.8854503631591797,19227,32473,raphael,Unknown Artist,religious_painting,religious_painting
High_Renaissance,Mannerism_Late_Renaissance,0.8818967938423157,26983,56935,titian,paolo-veronese,religious_painting,religious_painting
Baroque,Rococo,0.9115923047065735,36263,33724,Unknown Artist,Unknown Artist,religious_painting,religious_painting
High_Renaissance,Mannerism_Late_Renaissance,0.8719761967658997,56325,47813,Unknown Artist,el-greco,religious_painting,religious_painting
Northern_Renaissance,Mannerism_Late_Renaissance,0.8318579792976379,56893,28309,lucas-cranach-the-elder,el-greco,religious_painting,religious_painting
Early_Renaissance,High_Renaissance,0.910460889339447,49002,19837,Unknown Artist,Unknown Artist,religious_painting,religious_painting
High_Renaissance,Baroque,0.8276399374008179,30981,24005,Unknown Artist,Unknown Artist,religious_painting,religious_painting
Early_Renaissance,Northern_Renaissance,0.8461200594902039,55779,7258,Unknown Artist,albrecht-durer,religious_painting,religious_painting
Early_Renaissance,High_Renaissance,0.8862929940223694,57011,39051,Unknown Artist,titian,religious_painting,religious_painting
Northern_Renaissance,Mannerism_Late_Renaissance,0.9091032147407532,20883,56266,Unknown Artist,Unknown Artist,religious_painting,religious_painting
Early_Renaissance,High_Renaissance,0.9166725873947144,48338,56325,Unknown Artist,Unknown Artist,religious_painting,religious_painting
Mannerism_Late_Renaissance,Baroque,0.8500986099243164,31435,6328,Unknown Artist,rembrandt,religious_painting,religious_painting
Early_Renaissance,High_Renaissance,0.8211222290992737,35109,42868,fra-angelico,raphael,religious_painting,religious_painting
Early_Renaissance,High_Renaissance,0.85288006067276,19614,20255,pietro-perugino,titian,religious_painting,religious_painting
Northern_Renaissance,High_Renaissance,0.8714286088943481,40320,57101,lucas-cranach-the-elder,Unknown Artist,religious_painting,religious_painting
Northern_Renaissance,High_Renaissance,0.9328843951225281,34154,46466,Unknown Artist,Unknown Artist,religious_painting,religious_painting
Northern_Renaissance,Baroque,0.9062830805778503,21701,38397,Unknown Artist,Unknown Artist,religious_painting,religious_painting
Early_Renaissance,Mannerism_Late_Renaissance,0.911820650100708,39021,56394,Unknown Artist,el-greco,religious_painting,religious_painting
Early_Renaissance,Northern_Renaissance,0.9306703805923462,56604,25485,leonardo-da-vinci,Unknown Artist,religious_painting,religious_painting
Early_Renaissance,Northern_Renaissance,0.8456992506980896,38887,10596,Unknown Artist,albrecht-durer,religious_painting,religious_painting
High_Renaissance,Northern_Renaissance,0.8751934766769409,27923,28487,Unknown Artist,Unknown Artist,religious_painting,religious_painting
Early_Renaissance,High_Renaissance,0.8517478704452515,30545,33495,Unknown Artist,michelangelo,religious_painting,religious_painting
Early_Renaissance,Northern_Renaissance,0.893494188785553,56407,2175,Unknown Artist,albrecht-durer,religious_painting,religious_painting
High_Renaissance,Mannerism_Late_Renaissance,0.8437555432319641,44652,44273,titian,el-greco,religious_painting,religious_painting
Early_Renaissance,High_Renaissance,0.8975722789764404,51286,32116,Unknown Artist,pietro-perugino,religious_painting,religious_painting
Early_Renaissance,High_Renaissance,0.8901360034942627,55838,20109,Unknown Artist,Unknown Artist,religious_painting,religious_painting
Mannerism_Late_Renaissance,Baroque,0.8586953282356262,51492,9157,el-greco,rembrandt,religious_painting,religious_painting
Northern_Renaissance,Mannerism_Late_Renaissance,0.9088765978813171,44218,48288,Unknown Artist,Unknown Artist,religious_painting,religious_painting
Northern_Renaissance,Baroque,0.8532029986381531,1935,56418,albrecht-durer,Unknown Artist,religious_painting,religious_painting
High_Renaissance,Mannerism_Late_Renaissance,0.8470264673233032,56401,50862,titian,Unknown Artist,religious_painting,religious_painting
Mannerism_Late_Renaissance,Rococo,0.9033474326133728,55942,46469,paolo-veronese,Unknown Artist,religious_painting,religious_painting
Early_Renaissance,High_Renaissance,0.9062882661819458,55869,28746,Unknown Artist,pietro-perugino,religious_painting,religious_painting
High_Renaissance,Mannerism_Late_Renaissance,0.8708393573760986,30981,56891,Unknown Artist,paolo-veronese,religious_painting,religious_painting
High_Renaissance,Northern_Renaissance,0.8497306108474731,46342,55755,Unknown Artist,Unknown Artist,religious_painting,religious_painting
Mannerism_Late_Renaissance,Rococo,0.8807635307312012,55661,57063,Unknown Artist,Unknown Artist,religious_painting,religious_painting
Mannerism_Late_Renaissance,Baroque,0.8506014943122864,38062,5904,tintoretto,rembrandt,religious_painting,religious_painting
Early_Renaissance,High_Renaissance,0.8845300078392029,20738,26620,Unknown Artist,Unknown Artist,religious_painting,religious_painting
High_Renaissance,Mannerism_Late_Renaissance,0.9302549362182617,22248,30786,raphael,Unknown Artist,religious_painting,religious_painting
Northern_Renaissance,Mannerism_Late_Renaissance,0.8774946928024292,42819,56357,Unknown Artist,el-greco,religious_painting,religious_painting
Mannerism_Late_Renaissance,Baroque,0.891126811504364,49582,27712,tintoretto,Unknown Artist,religious_painting,religious_painting
Early_Renaissance,High_Renaissance,0.891158938407898,27300,26865,Unknown Artist,pietro-perugino,religious_painting,religious_painting
Early_Renaissance,Northern_Renaissance,0.8657302856445312,56407,17993,Unknown Artist,albrecht-durer,religious_painting,religious_painting
High_Renaissance,Baroque,0.8964287638664246,30163,19462,Unknown Artist,Unknown Artist,religious_painting,religious_painting
Early_Renaissance,Northern_Renaissance,0.8697056174278259,56274,55963,Unknown Artist,hans-memling,religious_painting,religious_painting
Early_Renaissance,Mannerism_Late_Renaissance,0.8927296996116638,25709,33709,pietro-perugino,Unknown Artist,religious_painting,religious_painting
Early_Renaissance,Northern_Renaissance,0.8708236813545227,38887,8010,Unknown Artist,albrecht-durer,religious_painting,religious_painting
High_Renaissance,Northern_Renaissance,0.8629809617996216,56035,8682,titian,albrecht-durer,religious_painting,religious_painting
Early_Renaissance,Mannerism_Late_Renaissance,0.8857362270355225,25846,42228,Unknown Artist,paolo-veronese,religious_painting,religious_painting
Early_Renaissance,Northern_Renaissance,0.898949384689331,56737,17974,Unknown Artist,albrecht-durer,religious_painting,religious_painting
Northern_Renaissance,High_Renaissance,0.8283652067184448,34025,48961,Unknown Artist,titian,religious_painting,religious_painting
High_Renaissance,Baroque,0.8291394114494324,46517,17756,titian,rembrandt,religious_painting,religious_painting
Early_Renaissance,Northern_Renaissance,0.8283175826072693,47252,42134,pietro-perugino,Unknown Artist,religious_painting,religious_painting
Early_Renaissance,High_Renaissance,0.9114490747451782,31718,45616,Unknown Artist,raphael,religious_painting,religious_painting
High_Renaissance,Mannerism_Late_Renaissance,0.9042632579803467,27948,57029,Unknown Artist,paolo-veronese,religious_painting,religious_painting
Early_Renaissance,Northern_Renaissance,0.8379440307617188,42712,41923,fra-angelico,Unknown Artist,religious_painting,religious_painting
Baroque,Rococo,0.8980652689933777,45453,35901,Unknown Artist,Unknown Artist,religious_painting,religious_painting
Early_Renaissance,Mannerism_Late_Renaissance,0.877805769443512,56857,29428,fra-angelico,el-greco,religious_painting,religious_painting
Early_Renaissance,High_Renaissance,0.8740105628967285,56123,46596,pietro-perugino,michelangelo,religious_painting,religious_painting
High_Renaissance,Northern_Renaissance,0.9182887673377991,55834,48975,Unknown Artist,lucas-cranach-the-elder,religious_painting,religious_painting
Early_Renaissance,Baroque,0.8626843094825745,22041,50240,Unknown Artist,Unknown Artist,religious_painting,religious_painting
Early_Renaissance,High_Renaissance,0.8895395994186401,29714,45025,Unknown Artist,Unknown Artist,religious_painting,religious_painting
High_Renaissance,Northern_Renaissance,0.8739813566207886,27547,56458,Unknown Artist,Unknown Artist,religious_painting,religious_painting
High_Renaissance,Mannerism_Late_Renaissance,0.9217243790626526,22248,41834,raphael,paolo-veronese,religious_painting,religious_painting
High_Renaissance,Mannerism_Late_Renaissance,0.9221755266189575,37410,42995,michelangelo,el-greco,religious_painting,religious_painting
Northern_Renaissance,High_Renaissance,0.9043242931365967,56826,25324,Unknown Artist,Unknown Artist,religious_painting,religious_painting
Northern_Renaissance,Mannerism_Late_Renaissance,0.872520923614502,43039,44188,Unknown Artist,Unknown Artist,religious_painting,religious_painting
High_Renaissance,Baroque,0.8596734404563904,27560,36133,Unknown Artist,Unknown Artist,religious_painting,religious_painting
High_Renaissance,Mannerism_Late_Renaissance,0.8785954713821411,44981,38707,Unknown Artist,titian,religious_painting,religious_painting
Northern_Renaissance,High_Renaissance,0.9011908173561096,48542,48517,hans-memling,Unknown Artist,religious_painting,religious_painting
Northern_Renaissance,Baroque,0.9184980988502502,34061,25414,Unknown Artist,peter-paul-rubens,religious_painting,religious_painting
Early_Renaissance,Baroque,0.8967940807342529,56593,56984,Unknown Artist,Unknown Artist,religious_painting,religious_painting
High_Renaissance,Mannerism_Late_Renaissance,0.871858537197113,26102,55612,Unknown Artist,Unknown Artist,religious_painting,religious_painting
Early_Renaissance,Mannerism_Late_Renaissance,0.853295624256134,25963,21845,Unknown Artist,el-greco,religious_painting,religious_painting
Early_Renaissance,Northern_Renaissance,0.8667365908622742,48891,43720,fra-angelico,hieronymus-bosch,religious_painting,religious_painting
High_Renaissance,Mannerism_Late_Renaissance,0.8781020045280457,48204,57088,Unknown Artist,Unknown Artist,religious_painting,religious_painting
Early_Renaissance,Mannerism_Late_Renaissance,0.8591211438179016,37938,20484,Unknown Artist,el-greco,religious_painting,religious_painting
Early_Renaissance,High_Renaissance,0.8976489305496216,30154,55982,Unknown Artist,Unknown Artist,religious_painting,religious_painting
High_Renaissance,Mannerism_Late_Renaissance,0.8851329684257507,25069,38722,Unknown Artist,tintoretto,religious_painting,religious_painting
Early_Renaissance,High_Renaissance,0.9146194458007812,49002,55985,Unknown Artist,raphael,religious_painting,religious_painting
Early_Renaissance,High_Renaissance,0.8933152556419373,42889,44876,Unknown Artist,Unknown Artist,religious_painting,religious_painting
Early_Renaissance,High_Renaissance,0.8690710067749023,28296,56247,Unknown Artist,michelangelo,religious_painting,religious_painting
Early_Renaissance,Northern_Renaissance,0.8750481009483337,57048,56640,Unknown Artist,Unknown Artist,religious_painting,religious_painting
High_Renaissance,Mannerism_Late_Renaissance,0.9048923254013062,57155,23739,Unknown Artist,Unknown Artist,religious_painting,religious_painting
High_Renaissance,Mannerism_Late_Renaissance,0.8455621004104614,31550,56398,pietro-perugino,Unknown Artist,religious_painting,religious_painting
Early_Renaissance,Mannerism_Late_Renaissance,0.8597274422645569,38247,22019,Unknown Artist,tintoretto,religious_painting,religious_painting
Early_Renaissance,Northern_Renaissance,0.8472604155540466,31565,22962,Unknown Artist,Unknown Artist,religious_painting,religious_painting
High_Renaissance,Mannerism_Late_Renaissance,0.8842616677284241,31767,55831,raphael,tintoretto,religious_painting,religious_painting
Early_Renaissance,Northern_Renaissance,0.8698065876960754,28744,56076,Unknown Artist,Unknown Artist,religious_painting,religious_painting
Northern_Renaissance,High_Renaissance,0.8669126629829407,37247,32705,Unknown Artist,raphael,religious_painting,religious_painting
Early_Renaissance,Northern_Renaissance,0.8590754270553589,42368,46166,Unknown Artist,Unknown Artist,religious_painting,religious_painting
Early_Renaissance,Mannerism_Late_Renaissance,0.8634382486343384,29753,37090,pietro-perugino,titian,religious_painting,religious_painting
Early_Renaissance,Mannerism_Late_Renaissance,0.8783079385757446,26574,31849,Unknown Artist,Unknown Artist,religious_painting,religious_painting
Northern_Renaissance,Mannerism_Late_Renaissance,0.9110099673271179,34061,23402,Unknown Artist,el-greco,religious_painting,religious_painting
High_Renaissance,Baroque,0.8007380366325378,46517,27033,titian,Unknown Artist,religious_painting,religious_painting
Early_Renaissance,High_Renaissance,0.8994395136833191,26869,33619,Unknown Artist,pietro-perugino,religious_painting,religious_painting
High_Renaissance,Northern_Renaissance,0.8877800703048706,42200,56241,Unknown Artist,hieronymus-bosch,religious_painting,religious_painting
Early_Renaissance,Northern_Renaissance,0.894899308681488,56525,56202,Unknown Artist,Unknown Artist,religious_painting,religious_painting
Mannerism_Late_Renaissance,Baroque,0.8569136261940002,38722,43976,tintoretto,Unknown Artist,religious_painting,religious_painting
Early_Renaissance,High_Renaissance,0.8923932909965515,23050,56631,Unknown Artist,Unknown Artist,religious_painting,religious_painting
Early_Renaissance,Northern_Renaissance,0.8454656004905701,33407,3895,Unknown Artist,albrecht-durer,religious_painting,religious_painting
High_Renaissance,Mannerism_Late_Renaissance,0.8912912011146545,39783,32766,titian,paolo-veronese,religious_painting,religious_painting
High_Renaissance,Northern_Renaissance,0.8871446847915649,56035,18134,titian,albrecht-durer,religious_painting,religious_painting
Early_Renaissance,High_Renaissance,0.8755213022232056,57140,28552,Unknown Artist,Unknown Artist,religious_painting,religious_painting
Early_Renaissance,High_Renaissance,0.8767693638801575,26869,43369,Unknown Artist,pietro-perugino,religious_painting,religious_painting
High_Renaissance,Mannerism_Late_Renaissance,0.8775264620780945,32165,42240,michelangelo,Unknown Artist,religious_painting,religious_painting
Early_Renaissance,High_Renaissance,0.9213714599609375,56753,52427,Unknown Artist,Unknown Artist,religious_painting,religious_painting
High_Renaissance,Northern_Renaissance,0.9127819538116455,56390,56743,Unknown Artist,Unknown Artist,religious_painting,religious_painting
High_Renaissance,Baroque,0.8931213021278381,30618,43903,Unknown Artist,Unknown Artist,religious_painting,religious_painting
High_Renaissance,Northern_Renaissance,0.8664233684539795,55731,18009,titian,albrecht-durer,religious_painting,religious_painting
Early_Renaissance,Northern_Renaissance,0.8883596658706665,56737,4434,Unknown Artist,albrecht-durer,religious_painting,religious_painting
Mannerism_Late_Renaissance,Baroque,0.8736007809638977,33545,27670,el-greco,Unknown Artist,religious_painting,religious_painting
Northern_Renaissance,Baroque,0.9072028994560242,34061,56253,Unknown Artist,Unknown Artist,religious_painting,religious_painting
Northern_Renaissance,Mannerism_Late_Renaissance,0.885532796382904,44218,51500,Unknown Artist,paolo-veronese,religious_painting,religious_painting
High_Renaissance,Mannerism_Late_Renaissance,0.9432576298713684,56669,56258,Unknown Artist,Unknown Artist,religious_painting,religious_painting
High_Renaissance,Mannerism_Late_Renaissance,0.8901903629302979,37673,56835,raphael,paolo-veronese,religious_painting,religious_painting
Northern_Renaissance,Mannerism_Late_Renaissance,0.8627195358276367,37247,56303,Unknown Artist,Unknown Artist,religious_painting,religious_painting
Early_Renaissance,High_Renaissance,0.8923256397247314,21752,50543,Unknown Artist,leonardo-da-vinci,religious_painting,religious_painting
Early_Renaissance,Northern_Renaissance,0.8759725689888,52853,56221,Unknown Artist,Unknown Artist,religious_painting,religious_painting
High_Renaissance,Baroque,0.9050539135932922,56327,40135,titian,bartolome-esteban-murillo,religious_painting,religious_painting
Early_Renaissance,Northern_Renaissance,0.8492013216018677,56407,18003,Unknown Artist,albrecht-durer,religious_painting,religious_painting
Northern_Renaissance,High_Renaissance,0.8727992177009583,726,51701,albrecht-durer,leonardo-da-vinci,religious_painting,religious_painting
Early_Renaissance,High_Renaissance,0.8748314380645752,56630,35126,Unknown Artist,Unknown Artist,religious_painting,religious_painting
High_Renaissance,Northern_Renaissance,0.8807247281074524,56127,41504,raphael,Unknown Artist,religious_painting,religious_painting
Early_Renaissance,Mannerism_Late_Renaissance,0.9118869304656982,56655,49220,Unknown Artist,el-greco,religious_painting,religious_painting
Baroque,Rococo,0.897339403629303,21610,30318,bartolome-esteban-murillo,Unknown Artist,religious_painting,religious_painting
High_Renaissance,Northern_Renaissance,0.9278790950775146,37410,35284,michelangelo,Unknown Artist,religious_painting,religious_painting
Early_Renaissance,High_Renaissance,0.8724839091300964,43742,56594,Unknown Artist,michelangelo,religious_painting,religious_painting
High_Renaissance,Mannerism_Late_Renaissance,0.9058313369750977,56127,46530,raphael,el-greco,religious_painting,religious_painting
Northern_Renaissance,Baroque,0.8754330277442932,28487,41365,Unknown Artist,Unknown Artist,religious_painting,religious_painting
High_Renaissance,Baroque,0.8397848606109619,43369,47948,pietro-perugino,Unknown Artist,religious_painting,religious_painting
High_Renaissance,Northern_Renaissance,0.8452249765396118,34489,52647,raphael,hieronymus-bosch,religious_painting,religious_painting
High_Renaissance,Mannerism_Late_Renaissance,0.8596572279930115,22390,35722,Unknown Artist,Unknown Artist,religious_painting,religious_painting
High_Renaissance,Northern_Renaissance,0.9145647287368774,52548,56295,Unknown Artist,Unknown Artist,religious_painting,religious_painting
High_Renaissance,Northern_Renaissance,0.8008232116699219,49513,56969,Unknown Artist,Unknown Artist,religious_painting,religious_painting
High_Renaissance,Northern_Renaissance,0.8687716722488403,25430,45318,Unknown Artist,Unknown Artist,religious_painting,religious_painting
Early_Renaissance,Northern_Renaissance,0.8449607491493225,19174,56600,Unknown Artist,Unknown Artist,religious_painting,religious_painting
Early_Renaissance,High_Renaissance,0.9513670802116394,56355,41447,Unknown Artist,Unknown Artist,religious_painting,religious_painting
Early_Renaissance,High_Renaissance,0.8120816946029663,19614,56096,pietro-perugino,raphael,religious_painting,religious_painting
Early_Renaissance,Northern_Renaissance,0.8716882467269897,48349,40055,Unknown Artist,hieronymus-bosch,religious_painting,religious_painting
High_Renaissance,Mannerism_Late_Renaissance,0.8614068627357483,55731,55816,titian,Unknown Artist,religious_painting,religious_painting
High_Renaissance,Mannerism_Late_Renaissance,0.8960840106010437,22248,36844,raphael,tintoretto,religious_painting,religious_painting
Early_Renaissance,High_Renaissance,0.8612114787101746,47347,52871,Unknown Artist,Unknown Artist,religious_painting,religious_painting
Early_Renaissance,Northern_Renaissance,0.9019597768783569,50194,17956,Unknown Artist,albrecht-durer,religious_painting,religious_painting
Mannerism_Late_Renaissance,Baroque,0.8665190935134888,38333,20229,Unknown Artist,Unknown Artist,religious_painting,religious_painting
Early_Renaissance,High_Renaissance,0.8904008865356445,19413,55953,fra-angelico,Unknown Artist,religious_painting,religious_painting
Early_Renaissance,High_Renaissance,0.8905671238899231,44744,56327,Unknown Artist,titian,religious_painting,religious_painting
Early_Renaissance,Northern_Renaissance,0.8514211177825928,57083,3965,Unknown Artist,albrecht-durer,religious_painting,religious_painting
High_Renaissance,Northern_Renaissance,0.8536012172698975,55705,56313,Unknown Artist,Unknown Artist,religious_painting,religious_painting
Early_Renaissance,Northern_Renaissance,0.858150064945221,22126,13084,Unknown Artist,albrecht-durer,religious_painting,religious_painting
Northern_Renaissance,Mannerism_Late_Renaissance,0.9141801595687866,44218,51768,Unknown Artist,Unknown Artist,religious_painting,religious_painting
Early_Renaissance,Northern_Renaissance,0.8908634185791016,50663,18155,fra-angelico,albrecht-durer,religious_painting,religious_painting
Early_Renaissance,Mannerism_Late_Renaissance,0.8815355896949768,43494,56867,Unknown Artist,el-greco,religious_painting,religious_painting
Northern_Renaissance,High_Renaissance,0.8480014204978943,56458,19178,Unknown Artist,Unknown Artist,religious_painting,religious_painting
Early_Renaissance,High_Renaissance,0.8606290817260742,44140,24418,Unknown Artist,titian,religious_painting,religious_painting
High_Renaissance,Northern_Renaissance,0.8600033521652222,56229,2113,titian,albrecht-durer,religious_painting,religious_painting
Northern_Renaissance,Mannerism_Late_Renaissance,0.9035329222679138,29110,50335,Unknown Artist,Unknown Artist,religious_painting,religious_painting
High_Renaissance,Mannerism_Late_Renaissance,0.9169110059738159,26827,37516,titian,Unknown Artist,religious_painting,religious_painting
Early_Renaissance,Northern_Renaissance,0.8684852719306946,56322,44978,Unknown Artist,Unknown Artist,religious_painting,religious_painting
Early_Renaissance,Northern_Renaissance,0.8960435390472412,56305,55785,fra-angelico,hans-memling,religious_painting,religious_painting
High_Renaissance,Rococo,0.8742344975471497,36327,42758,titian,Unknown Artist,religious_painting,religious_painting
Early_Renaissance,High_Renaissance,0.9045342803001404,48338,21690,Unknown Artist,Unknown Artist,religious_painting,religious_painting
High_Renaissance,Northern_Renaissance,0.8463611602783203,56035,6059,titian,albrecht-durer,religious_painting,religious_painting
High_Renaissance,Mannerism_Late_Renaissance,0.8725528120994568,20501,55928,Unknown Artist,Unknown Artist,religious_painting,religious_painting
High_Renaissance,Mannerism_Late_Renaissance,0.9255382418632507,57155,56872,Unknown Artist,Unknown Artist,religious_painting,religious_painting
High_Renaissance,Northern_Renaissance,0.8861441612243652,31863,32177,Unknown Artist,Unknown Artist,religious_painting,religious_painting
Early_Renaissance,High_Renaissance,0.8885077834129333,46960,56802,Unknown Artist,raphael,religious_painting,religious_painting
High_Renaissance,Baroque,0.889073371887207,44627,45930,raphael,Unknown Artist,religious_painting,religious_painting
Early_Renaissance,High_Renaissance,0.8913248777389526,56862,46289,Unknown Artist,titian,religious_painting,religious_painting
Early_Renaissance,Mannerism_Late_Renaissance,0.8423943519592285,56467,44389,Unknown Artist,paolo-veronese,religious_painting,religious_painting
High_Renaissance,Mannerism_Late_Renaissance,0.8794653415679932,40419,27574,michelangelo,Unknown Artist,religious_painting,religious_painting
Early_Renaissance,Northern_Renaissance,0.8864624500274658,56737,13109,Unknown Artist,albrecht-durer,religious_painting,religious_painting
Northern_Renaissance,High_Renaissance,0.8433154225349426,28527,36327,hieronymus-bosch,titian,religious_painting,religious_painting
High_Renaissance,Northern_Renaissance,0.8484067320823669,30981,39702,Unknown Artist,Unknown Artist,religious_painting,religious_painting
Early_Renaissance,Mannerism_Late_Renaissance,0.8614182472229004,20866,19359,Unknown Artist,Unknown Artist,religious_painting,religious_painting
Northern_Renaissance,Baroque,0.8499166965484619,56358,1,Unknown Artist,rembrandt,religious_painting,religious_painting
Northern_Renaissance,Mannerism_Late_Renaissance,0.8478994369506836,49917,40832,hieronymus-bosch,tintoretto,religious_painting,religious_painting
High_Renaissance,Baroque,0.8776456713676453,19227,25735,raphael,anthony-van-dyck,religious_painting,religious_painting
Early_Renaissance,Northern_Renaissance,0.8887584209442139,46903,56893,Unknown Artist,lucas-cranach-the-elder,religious_painting,religious_painting
Early_Renaissance,High_Renaissance,0.9536406397819519,38609,22162,Unknown Artist,Unknown Artist,religious_painting,religious_painting
Early_Renaissance,High_Renaissance,0.8872201442718506,41239,47616,Unknown Artist,Unknown Artist,religious_painting,religious_painting
Early_Renaissance,High_Renaissance,0.9044871926307678,46960,41313,Unknown Artist,pietro-perugino,religious_painting,religious_painting
High_Renaissance,Mannerism_Late_Renaissance,0.8714960217475891,45618,27334,Unknown Artist,tintoretto,religious_painting,religious_painting
Early_Renaissance,High_Renaissance,0.880524754524231,56604,31139,leonardo-da-vinci,Unknown Artist,religious_painting,religious_painting
Early_Renaissance,High_Renaissance,0.9063917994499207,55869,56346,Unknown Artist,Unknown Artist,religious_painting,religious_painting
Early_Renaissance,Mannerism_Late_Renaissance,0.8903117775917053,46903,34760,Unknown Artist,paolo-veronese,religious_painting,religious_painting
High_Renaissance,Northern_Renaissance,0.7974643111228943,56806,55931,pietro-perugino,lucas-cranach-the-elder,religious_painting,religious_painting
Early_Renaissance,High_Renaissance,0.8908001780509949,56274,39753,Unknown Artist,Unknown Artist,religious_painting,religious_painting
High_Renaissance,Baroque,0.8358513116836548,46517,7422,titian,rembrandt,religious_painting,religious_painting
High_Renaissance,Mannerism_Late_Renaissance,0.9250122904777527,20501,48706,Unknown Artist,Unknown Artist,religious_painting,religious_painting
Mannerism_Late_Renaissance,Baroque,0.9077942967414856,30641,34905,el-greco,Unknown Artist,religious_painting,religious_painting
Northern_Renaissance,High_Renaissance,0.9294624924659729,28659,46546,Unknown Artist,raphael,religious_painting,religious_painting
Northern_Renaissance,Mannerism_Late_Renaissance,0.8408440351486206,5810,37981,albrecht-durer,Unknown Artist,religious_painting,religious_painting
High_Renaissance,Mannerism_Late_Renaissance,0.8973060846328735,56347,40544,titian,tintoretto,religious_painting,religious_painting
Northern_Renaissance,High_Renaissance,0.9068049192428589,11580,32400,albrecht-durer,raphael,religious_painting,religious_painting
Early_Renaissance,Northern_Renaissance,0.8534520268440247,33191,43039,pietro-perugino,Unknown Artist,religious_painting,religious_painting
High_Renaissance,Northern_Renaissance,0.8804717063903809,56347,56910,titian,hans-holbein-the-younger,religious_painting,religious_painting
Early_Renaissance,High_Renaissance,0.9281570315361023,34366,28669,Unknown Artist,raphael,religious_painting,religious_painting
High_Renaissance,Northern_Renaissance,0.8212313652038574,45272,32057,Unknown Artist,Unknown Artist,religious_painting,religious_painting
High_Renaissance,Northern_Renaissance,0.8776533603668213,56229,17982,titian,albrecht-durer,religious_painting,religious_painting
Early_Renaissance,Northern_Renaissance,0.8684008121490479,38887,1229,Unknown Artist,albrecht-durer,religious_painting,religious_painting
High_Renaissance,Northern_Renaissance,0.9142887592315674,55991,32328,pietro-perugino,lucas-cranach-the-elder,religious_painting,religious_painting
Early_Renaissance,Mannerism_Late_Renaissance,0.817388653755188,56429,49200,leonardo-da-vinci,el-greco,religious_painting,religious_painting
Early_Renaissance,High_Renaissance,0.8947327733039856,56244,56301,fra-angelico,pietro-perugino,religious_painting,religious_painting
Early_Renaissance,Mannerism_Late_Renaissance,0.89820796251297,37430,56345,Unknown Artist,Unknown Artist,religious_painting,religious_painting
Early_Renaissance,Northern_Renaissance,0.8912079334259033,52547,48634,fra-angelico,hans-memling,religious_painting,religious_painting
Baroque,Rococo,0.8758605122566223,32678,26953,bartolome-esteban-murillo,Unknown Artist,religious_painting,religious_painting
Early_Renaissance,High_Renaissance,0.9369330406188965,43726,56032,Unknown Artist,raphael,religious_painting,religious_painting
High_Renaissance,Baroque,0.9117661714553833,19227,20561,raphael,Unknown Artist,religious_painting,religious_painting
High_Renaissance,Mannerism_Late_Renaissance,0.8680195212364197,30163,31704,Unknown Artist,Unknown Artist,religious_painting,religious_painting
High_Renaissance,Northern_Renaissance,0.8765597343444824,56035,18060,titian,albrecht-durer,religious_painting,religious_painting
Early_Renaissance,Mannerism_Late_Renaissance,0.8995366096496582,56485,56677,Unknown Artist,Unknown Artist,religious_painting,religious_painting
Early_Renaissance,Northern_Renaissance,0.8418633937835693,56797,32270,Unknown Artist,Unknown Artist,religious_painting,religious_painting
Early_Renaissance,Northern_Renaissance,0.9442958831787109,56355,44729,Unknown Artist,Unknown Artist,religious_painting,religious_painting
Baroque,Rococo,0.8491966724395752,55822,42932,Unknown Artist,Unknown Artist,religious_painting,religious_painting
Early_Renaissance,Northern_Renaissance,0.8762972950935364,36978,28149,fra-angelico,Unknown Artist,religious_painting,religious_painting
Early_Renaissance,Northern_Renaissance,0.880950391292572,56737,5057,Unknown Artist,albrecht-durer,religious_painting,religious_painting
High_Renaissance,Northern_Renaissance,0.8382497429847717,31952,43842,Unknown Artist,lucas-cranach-the-elder,religious_painting,religious_painting
Northern_Renaissance,Baroque,0.8473254442214966,56332,17580,Unknown Artist,rembrandt,religious_painting,religious_painting
Early_Renaissance,Northern_Renaissance,0.881119966506958,56737,12908,Unknown Artist,albrecht-durer,religious_painting,religious_painting
Mannerism_Late_Renaissance,Baroque,0.8811461329460144,20484,21148,el-greco,Unknown Artist,religious_painting,religious_painting
Early_Renaissance,Rococo,0.8508636951446533,25463,56605,Unknown Artist,Unknown Artist,religious_painting,religious_painting
Early_Renaissance,Northern_Renaissance,0.8793479204177856,26915,47410,pietro-perugino,Unknown Artist,religious_painting,religious_painting
High_Renaissance,Rococo,0.9055967330932617,56863,33256,Unknown Artist,Unknown Artist,religious_painting,religious_painting
Early_Renaissance,High_Renaissance,0.8634264469146729,39225,23442,Unknown Artist,raphael,religious_painting,religious_painting
High_Renaissance,Northern_Renaissance,0.8669894337654114,39753,39802,Unknown Artist,hans-memling,religious_painting,religious_painting
High_Renaissance,Mannerism_Late_Renaissance,0.9080877900123596,56712,23422,raphael,Unknown Artist,religious_painting,religious_painting
Early_Renaissance,Northern_Renaissance,0.8386587500572205,38887,1196,Unknown Artist,albrecht-durer,religious_painting,religious_painting
High_Renaissance,Mannerism_Late_Renaissance,0.9373196959495544,46546,19627,raphael,Unknown Artist,religious_painting,religious_painting
Early_Renaissance,High_Renaissance,0.9261823892593384,25482,36811,pietro-perugino,pietro-perugino,religious_painting,religious_painting
Early_Renaissance,High_Renaissance,0.9030336737632751,28354,25663,Unknown Artist,michelangelo,religious_painting,religious_painting
Northern_Renaissance,Mannerism_Late_Renaissance,0.9354820847511292,55811,55821,Unknown Artist,Unknown Artist,religious_painting,religious_painting
High_Renaissance,Mannerism_Late_Renaissance,0.9016149640083313,30163,46312,Unknown Artist,Unknown Artist,religious_painting,religious_painting
High_Renaissance,Northern_Renaissance,0.8961532711982727,56229,18119,titian,albrecht-durer,religious_painting,religious_painting
Northern_Renaissance,Mannerism_Late_Renaissance,0.9046037793159485,56826,57087,Unknown Artist,Unknown Artist,religious_painting,religious_painting
High_Renaissance,Mannerism_Late_Renaissance,0.8840934634208679,49848,27976,Unknown Artist,paolo-veronese,religious_painting,religious_painting
Early_Renaissance,Mannerism_Late_Renaissance,0.8926694989204407,27082,38237,Unknown Artist,Unknown Artist,religious_painting,religious_painting
High_Renaissance,Northern_Renaissance,0.8554718494415283,35997,34574,Unknown Artist,lucas-cranach-the-elder,religious_painting,religious_painting
High_Renaissance,Mannerism_Late_Renaissance,0.904818058013916,30163,22005,Unknown Artist,paolo-veronese,religious_painting,religious_painting
Early_Renaissance,Northern_Renaissance,0.9308220148086548,53035,21701,pietro-perugino,Unknown Artist,religious_painting,religious_painting
Early_Renaissance,Mannerism_Late_Renaissance,0.8817242980003357,46903,56004,Unknown Artist,paolo-veronese,religious_painting,religious_painting
Early_Renaissance,Mannerism_Late_Renaissance,0.8681891560554504,24497,24399,Unknown Artist,Unknown Artist,religious_painting,religious_painting
Mannerism_Late_Renaissance,Baroque,0.9291525483131409,55958,48629,paolo-veronese,Unknown Artist,religious_painting,religious_painting
Early_Renaissance,Mannerism_Late_Renaissance,0.8822717070579529,56306,47121,Unknown Artist,el-greco,religious_painting,religious_painting
High_Renaissance,Mannerism_Late_Renaissance,0.8865005373954773,19178,27356,Unknown Artist,tintoretto,religious_painting,religious_painting
High_Renaissance,Mannerism_Late_Renaissance,0.8753006458282471,56806,50319,pietro-perugino,paolo-veronese,religious_painting,religious_painting
Mannerism_Late_Renaissance,Rococo,0.8366357684135437,32156,55722,tintoretto,Unknown Artist,religious_painting,religious_painting
Mannerism_Late_Renaissance,Baroque,0.8571894764900208,56704,56864,paolo-veronese,bartolome-esteban-murillo,religious_painting,religious_painting
High_Renaissance,Mannerism_Late_Renaissance,0.8899837136268616,49848,56367,Unknown Artist,tintoretto,religious_painting,religious_painting
Mannerism_Late_Renaissance,Baroque,0.8559811115264893,22626,36253,el-greco,Unknown Artist,religious_painting,religious_painting
Early_Renaissance,Baroque,0.8670085668563843,34453,56163,Unknown Artist,Unknown Artist,religious_painting,religious_painting
Early_Renaissance,High_Renaissance,0.9271803498268127,28008,26841,Unknown Artist,Unknown Artist,religious_painting,religious_painting
Early_Renaissance,Northern_Renaissance,0.8473891019821167,44431,56588,Unknown Artist,Unknown Artist,religious_painting,religious_painting
High_Renaissance,Northern_Renaissance,0.8621228337287903,46466,38302,Unknown Artist,Unknown Artist,religious_painting,religious_painting
Early_Renaissance,Mannerism_Late_Renaissance,0.9036194086074829,48338,57133,Unknown Artist,tintoretto,religious_painting,religious_painting
Mannerism_Late_Renaissance,Baroque,0.8849605321884155,42013,25654,el-greco,Unknown Artist,religious_painting,religious_painting
High_Renaissance,Mannerism_Late_Renaissance,0.9047022461891174,32488,20317,titian,titian,religious_painting,religious_painting
Northern_Renaissance,Mannerism_Late_Renaissance,0.9093654751777649,44218,33734,Unknown Artist,Unknown Artist,religious_painting,religious_painting
Northern_Renaissance,High_Renaissance,0.8849542737007141,28659,55715,Unknown Artist,Unknown Artist,religious_painting,religious_painting
High_Renaissance,Mannerism_Late_Renaissance,0.8752021789550781,34542,28765,raphael,tintoretto,religious_painting,religious_painting
Early_Renaissance,Mannerism_Late_Renaissance,0.880575954914093,26574,55959,Unknown Artist,Unknown Artist,religious_painting,religious_painting
High_Renaissance,Mannerism_Late_Renaissance,0.8872873187065125,22248,55615,raphael,el-greco,religious_painting,religious_painting
Northern_Renaissance,High_Renaissance,0.9165468215942383,19071,35997,Unknown Artist,Unknown Artist,religious_painting,religious_painting
Early_Renaissance,High_Renaissance,0.8797305822372437,25782,57074,Unknown Artist,Unknown Artist,religious_painting,religious_painting
High_Renaissance,Mannerism_Late_Renaissance,0.8672665953636169,55742,23196,Unknown Artist,el-greco,religious_painting,religious_painting
Mannerism_Late_Renaissance,Baroque,0.9141572713851929,56704,55756,paolo-veronese,Unknown Artist,religious_painting,religious_painting
Baroque,Rococo,0.8747778534889221,55850,57119,peter-paul-rubens,Unknown Artist,religious_painting,religious_painting
Early_Renaissance,Northern_Renaissance,0.8667951226234436,41270,38026,Unknown Artist,Unknown Artist,religious_painting,religious_painting
Northern_Renaissance,High_Renaissance,0.8913900256156921,44944,30618,Unknown Artist,Unknown Artist,religious_painting,religious_painting
Northern_Renaissance,High_Renaissance,0.8582795262336731,26378,57100,hans-memling,pietro-perugino,religious_painting,religious_painting
Northern_Renaissance,High_Renaissance,0.8554313778877258,2175,19278,albrecht-durer,titian,religious_painting,religious_painting
High_Renaissance,Mannerism_Late_Renaissance,0.859476625919342,39783,47806,titian,el-greco,religious_painting,religious_painting
Early_Renaissance,High_Renaissance,0.8399998545646667,55757,56446,Unknown Artist,Unknown Artist,religious_painting,religious_painting
Northern_Renaissance,Mannerism_Late_Renaissance,0.8717644214630127,56873,32920,Unknown Artist,el-greco,religious_painting,religious_painting
High_Renaissance,Mannerism_Late_Renaissance,0.8763249516487122,20579,56671,Unknown Artist,el-greco,religious_painting,religious_painting
Northern_Renaissance,High_Renaissance,0.8845429420471191,55799,45618,Unknown Artist,Unknown Artist,religious_painting,religious_painting
Early_Renaissance,Baroque,0.8747955560684204,32826,36138,Unknown Artist,Unknown Artist,religious_painting,religious_painting
Early_Renaissance,High_Renaissance,0.9441055655479431,23113,32414,fra-angelico,Unknown Artist,religious_painting,religious_painting
High_Renaissance,Northern_Renaissance,0.9176156520843506,56747,44746,pietro-perugino,hans-memling,religious_painting,religious_painting
High_Renaissance,Northern_Renaissance,0.864815354347229,23815,36055,Unknown Artist,Unknown Artist,religious_painting,religious_painting
Early_Renaissance,Northern_Renaissance,0.9417597651481628,56604,11580,leonardo-da-vinci,albrecht-durer,religious_painting,religious_painting
Early_Renaissance,High_Renaissance,0.83023601770401,38887,30115,Unknown Artist,raphael,religious_painting,religious_painting
Northern_Renaissance,Baroque,0.9052519202232361,35284,40837,Unknown Artist,Unknown Artist,religious_painting,religious_painting
Northern_Renaissance,Mannerism_Late_Renaissance,0.8771878480911255,55811,56479,Unknown Artist,el-greco,religious_painting,religious_painting
Early_Renaissance,High_Renaissance,0.9241211414337158,49002,46790,Unknown Artist,pietro-perugino,religious_painting,religious_painting
Early_Renaissance,Mannerism_Late_Renaissance,0.8617498278617859,46903,43360,Unknown Artist,paolo-veronese,religious_painting,religious_painting
Early_Renaissance,Mannerism_Late_Renaissance,0.8747755885124207,57048,55665,Unknown Artist,Unknown Artist,religious_painting,religious_painting
Early_Renaissance,Mannerism_Late_Renaissance,0.8744443655014038,45227,56988,Unknown Artist,Unknown Artist,religious_painting,religious_painting
High_Renaissance,Baroque,0.8842832446098328,55731,48373,titian,peter-paul-rubens,religious_painting,religious_painting
High_Renaissance,Northern_Renaissance,0.9210758805274963,30747,2747,Unknown Artist,albrecht-durer,religious_painting,religious_painting
High_Renaissance,Northern_Renaissance,0.8881796002388,31952,56332,Unknown Artist,Unknown Artist,religious_painting,religious_painting
High_Renaissance,Mannerism_Late_Renaissance,0.9058049917221069,56127,25658,raphael,Unknown Artist,religious_painting,religious_painting
Mannerism_Late_Renaissance,Baroque,0.9218975901603699,25980,38866,tintoretto,peter-paul-rubens,religious_painting,religious_painting
High_Renaissance,Mannerism_Late_Renaissance,0.9037768244743347,30047,52814,Unknown Artist,Unknown Artist,religious_painting,religious_painting
High_Renaissance,Mannerism_Late_Renaissance,0.8592885136604309,36327,20204,titian,tintoretto,religious_painting,religious_painting
Early_Renaissance,Northern_Renaissance,0.857659637928009,39755,57066,Unknown Artist,Unknown Artist,religious_painting,religious_painting
High_Renaissance,Mannerism_Late_Renaissance,0.8694700002670288,48622,56755,Unknown Artist,Unknown Artist,religious_painting,religious_painting
High_Renaissance,Baroque,0.8836629986763,25069,56431,Unknown Artist,Unknown Artist,religious_painting,religious_painting
High_Renaissance,Baroque,0.910938560962677,56839,36604,Unknown Artist,jacob-jordaens,religious_painting,religious_painting
High_Renaissance,Northern_Renaissance,0.875418484210968,56503,34492,Unknown Artist,Unknown Artist,religious_painting,religious_painting
High_Renaissance,Mannerism_Late_Renaissance,0.8751636743545532,55678,26922,Unknown Artist,paolo-veronese,religious_painting,religious_painting
Mannerism_Late_Renaissance,Baroque,0.9197030663490295,40117,20944,Unknown Artist,jacob-jordaens,religious_painting,religious_painting
Northern_Renaissance,Mannerism_Late_Renaissance,0.8499857783317566,56873,55965,Unknown Artist,el-greco,religious_painting,religious_painting
High_Renaissance,Northern_Renaissance,0.8650628328323364,56412,37602,Unknown Artist,hans-memling,religious_painting,religious_painting
Early_Renaissance,Northern_Renaissance,0.9008070230484009,44431,56364,Unknown Artist,hieronymus-bosch,religious_painting,religious_painting
Early_Renaissance,High_Renaissance,0.9170385599136353,56604,24954,leonardo-da-vinci,raphael,religious_painting,religious_painting
Early_Renaissance,High_Renaissance,0.8728717565536499,55624,56734,Unknown Artist,raphael,religious_painting,religious_painting
Early_Renaissance,High_Renaissance,0.901078462600708,56309,52622,Unknown Artist,Unknown Artist,religious_painting,religious_painting
Northern_Renaissance,High_Renaissance,0.8538292646408081,56886,37734,hieronymus-bosch,michelangelo,religious_painting,religious_painting
Early_Renaissance,Northern_Renaissance,0.8979717493057251,29617,3552,Unknown Artist,albrecht-durer,religious_painting,religious_painting
Early_Renaissance,Northern_Renaissance,0.7486799359321594,40149,55650,Unknown Artist,Unknown Artist,religious_painting,religious_painting
Early_Renaissance,High_Renaissance,0.8292644023895264,35109,55630,fra-angelico,michelangelo,religious_painting,religious_painting
Mannerism_Late_Renaissance,Baroque,0.8843526840209961,40121,4836,tintoretto,rembrandt,religious_painting,religious_painting
Early_Renaissance,High_Renaissance,0.8599480390548706,51702,31157,Unknown Artist,pietro-perugino,religious_painting,religious_painting
Early_Renaissance,High_Renaissance,0.8771776556968689,55900,56412,Unknown Artist,Unknown Artist,religious_painting,religious_painting
Early_Renaissance,Mannerism_Late_Renaissance,0.8677327632904053,55806,37309,Unknown Artist,Unknown Artist,religious_painting,religious_painting
High_Renaissance,Northern_Renaissance,0.8531965017318726,56277,43465,Unknown Artist,Unknown Artist,religious_painting,religious_painting
High_Renaissance,Mannerism_Late_Renaissance,0.9016249775886536,34542,56134,raphael,Unknown Artist,religious_painting,religious_painting
Mannerism_Late_Renaissance,Baroque,0.8440377116203308,46192,42173,paolo-veronese,Unknown Artist,religious_painting,religious_painting
Early_Renaissance,High_Renaissance,0.9525651335716248,56604,23612,leonardo-da-vinci,leonardo-da-vinci,religious_painting,religious_painting
Northern_Renaissance,Mannerism_Late_Renaissance,0.8656767010688782,46300,46874,Unknown Artist,paolo-veronese,religious_painting,religious_painting
Early_Renaissance,High_Renaissance,0.9420964121818542,29617,44996,Unknown Artist,Unknown Artist,religious_painting,religious_painting
Northern_Renaissance,High_Renaissance,0.8362042903900146,48542,25075,hans-memling,raphael,religious_painting,religious_painting
High_Renaissance,Mannerism_Late_Renaissance,0.8296489119529724,35204,56581,Unknown Artist,el-greco,religious_painting,religious_painting
Early_Renaissance,High_Renaissance,0.8738643527030945,53102,55797,Unknown Artist,titian,religious_painting,religious_painting
Mannerism_Late_Renaissance,Baroque,0.8978687524795532,30786,47956,Unknown Artist,peter-paul-rubens,religious_painting,religious_painting
Early_Renaissance,Baroque,0.8689397573471069,55935,56959,Unknown Artist,peter-paul-rubens,religious_painting,religious_painting
Early_Renaissance,High_Renaissance,0.8518595695495605,50996,19969,Unknown Artist,titian,religious_painting,religious_painting
Early_Renaissance,Northern_Renaissance,0.8763939142227173,29617,10835,Unknown Artist,albrecht-durer,religious_painting,religious_painting
Early_Renaissance,High_Renaissance,0.9322142601013184,23216,56930,Unknown Artist,Unknown Artist,religious_painting,religious_painting
Early_Renaissance,High_Renaissance,0.9390523433685303,53035,51896,pietro-perugino,pietro-perugino,religious_painting,religious_painting
High_Renaissance,Northern_Renaissance,0.896758496761322,36556,31347,Unknown Artist,hans-holbein-the-younger,religious_painting,religious_painting
Early_Renaissance,High_Renaissance,0.8950158953666687,25751,45243,Unknown Artist,Unknown Artist,religious_painting,religious_painting
Northern_Renaissance,Mannerism_Late_Renaissance,0.7524174451828003,12026,42190,albrecht-durer,Unknown Artist,religious_painting,religious_painting
Early_Renaissance,Northern_Renaissance,0.8781574964523315,24726,44434,Unknown Artist,Unknown Artist,religious_painting,religious_painting
Mannerism_Late_Renaissance,Baroque,0.8173796534538269,31336,1197,tintoretto,rembrandt,religious_painting,religious_painting
Early_Renaissance,Mannerism_Late_Renaissance,0.8956628441810608,43494,51949,Unknown Artist,el-greco,religious_painting,religious_painting
Mannerism_Late_Renaissance,Baroque,0.8734193444252014,32662,56584,el-greco,Unknown Artist,religious_painting,religious_painting
High_Renaissance,Northern_Renaissance,0.8868253827095032,51504,43569,Unknown Artist,Unknown Artist,religious_painting,religious_painting
Early_Renaissance,High_Renaissance,0.8664996027946472,43952,31006,Unknown Artist,pietro-perugino,religious_painting,religious_painting
Early_Renaissance,High_Renaissance,0.9047867059707642,25709,38316,pietro-perugino,Unknown Artist,religious_painting,religious_painting
High_Renaissance,Mannerism_Late_Renaissance,0.8726306557655334,29441,56868,Unknown Artist,tintoretto,religious_painting,religious_painting
High_Renaissance,Mannerism_Late_Renaissance,0.8710466027259827,56949,37319,raphael,Unknown Artist,religious_painting,religious_painting
High_Renaissance,Mannerism_Late_Renaissance,0.9045585989952087,46602,21927,pietro-perugino,Unknown Artist,religious_painting,religious_painting
Early_Renaissance,Northern_Renaissance,0.9190958142280579,56509,33007,fra-angelico,Unknown Artist,religious_painting,religious_painting
Northern_Renaissance,Mannerism_Late_Renaissance,0.8876216411590576,56830,56314,lucas-cranach-the-elder,titian,religious_painting,religious_painting
Mannerism_Late_Renaissance,Rococo,0.817488968372345,25971,47108,tintoretto,Unknown Artist,religious_painting,religious_painting
Early_Renaissance,High_Renaissance,0.9064115881919861,42889,36953,Unknown Artist,Unknown Artist,religious_painting,religious_painting
Early_Renaissance,Northern_Renaissance,0.8498479127883911,56754,55814,fra-angelico,Unknown Artist,religious_painting,religious_painting
Early_Renaissance,Mannerism_Late_Renaissance,0.8982769250869751,31718,23475,Unknown Artist,Unknown Artist,religious_painting,religious_painting
Northern_Renaissance,Baroque,0.9072587490081787,18025,31226,albrecht-durer,peter-paul-rubens,religious_painting,religious_painting
Northern_Renaissance,Mannerism_Late_Renaissance,0.9262445569038391,6422,56155,albrecht-durer,Unknown Artist,religious_painting,religious_painting
Northern_Renaissance,High_Renaissance,0.8641160130500793,18116,42859,albrecht-durer,Unknown Artist,religious_painting,religious_painting
High_Renaissance,Northern_Renaissance,0.8651381134986877,56838,42715,michelangelo,hieronymus-bosch,religious_painting,religious_painting
Northern_Renaissance,Mannerism_Late_Renaissance,0.8800939917564392,28527,46979,hieronymus-bosch,paolo-veronese,religious_painting,religious_painting
Early_Renaissance,High_Renaissance,0.9004252552986145,32916,56528,Unknown Artist,pietro-perugino,religious_painting,religious_painting
High_Renaissance,Mannerism_Late_Renaissance,0.9020835757255554,30747,41226,Unknown Artist,Unknown Artist,religious_painting,religious_painting
Early_Renaissance,Northern_Renaissance,0.8837082982063293,50194,1440,Unknown Artist,albrecht-durer,religious_painting,religious_painting
Northern_Renaissance,Baroque,0.8209299445152283,18164,17617,albrecht-durer,rembrandt,religious_painting,religious_painting
Mannerism_Late_Renaissance,Baroque,0.877916693687439,29659,22783,paolo-veronese,Unknown Artist,religious_painting,religious_painting
High_Renaissance,Northern_Renaissance,0.8802238702774048,22390,31521,Unknown Artist,Unknown Artist,religious_painting,religious_painting
Early_Renaissance,Baroque,0.8629435300827026,56665,29308,Unknown Artist,Unknown Artist,religious_painting,religious_painting
Early_Renaissance,Northern_Renaissance,0.9081743359565735,56593,25825,Unknown Artist,Unknown Artist,religious_painting,religious_painting
High_Renaissance,Mannerism_Late_Renaissance,0.945549726486206,57155,40598,Unknown Artist,Unknown Artist,religious_painting,religious_painting
High_Renaissance,Northern_Renaissance,0.9294624924659729,46546,28659,raphael,Unknown Artist,religious_painting,religious_painting
Northern_Renaissance,Mannerism_Late_Renaissance,0.9045175313949585,28527,56582,hieronymus-bosch,tintoretto,religious_painting,religious_painting
High_Renaissance,Northern_Renaissance,0.8859555125236511,46966,56576,pietro-perugino,Unknown Artist,religious_painting,religious_painting
Early_Renaissance,High_Renaissance,0.8942703008651733,25751,33259,Unknown Artist,Unknown Artist,religious_painting,religious_painting
Early_Renaissance,High_Renaissance,0.8907986879348755,40864,31263,Unknown Artist,Unknown Artist,religious_painting,religious_painting
Northern_Renaissance,Mannerism_Late_Renaissance,0.8778254985809326,26549,49404,hans-memling,Unknown Artist,religious_painting,religious_painting
Mannerism_Late_Renaissance,Baroque,0.903940737247467,56440,52840,Unknown Artist,bartolome-esteban-murillo,religious_painting,religious_painting
Early_Renaissance,Northern_Renaissance,0.8820821046829224,25758,11318,Unknown Artist,albrecht-durer,religious_painting,religious_painting
Early_Renaissance,High_Renaissance,0.8664794564247131,22082,43896,Unknown Artist,Unknown Artist,religious_painting,religious_painting
Early_Renaissance,High_Renaissance,0.9016600251197815,56780,19087,Unknown Artist,Unknown Artist,religious_painting,religious_painting
High_Renaissance,Mannerism_Late_Renaissance,0.9006765484809875,40818,22364,Unknown Artist,tintoretto,religious_painting,religious_painting
Mannerism_Late_Renaissance,Baroque,0.911579966545105,57044,7408,tintoretto,rembrandt,religious_painting,religious_painting
Mannerism_Late_Renaissance,Baroque,0.9025183916091919,20144,56406,el-greco,Unknown Artist,religious_painting,religious_painting
Northern_Renaissance,Mannerism_Late_Renaissance,0.8464502096176147,19414,44211,hieronymus-bosch,tintoretto,religious_painting,religious_painting
Northern_Renaissance,Mannerism_Late_Renaissance,0.8441790342330933,56506,22626,Unknown Artist,el-greco,religious_painting,religious_painting
Early_Renaissance,Mannerism_Late_Renaissance,0.894642174243927,51437,56920,Unknown Artist,paolo-veronese,religious_painting,religious_painting
High_Renaissance,Northern_Renaissance,0.8892425298690796,21958,22975,Unknown Artist,Unknown Artist,religious_painting,religious_painting
High_Renaissance,Baroque,0.9139565229415894,56347,36263,titian,Unknown Artist,religious_painting,religious_painting
High_Renaissance,Northern_Renaissance,0.8461676836013794,25311,26852,Unknown Artist,Unknown Artist,religious_painting,religious_painting
Northern_Renaissance,Mannerism_Late_Renaissance,0.8918845653533936,56195,30012,Unknown Artist,tintoretto,religious_painting,religious_painting
Early_Renaissance,Northern_Renaissance,0.8715237379074097,56330,44373,Unknown Artist,Unknown Artist,religious_painting,religious_painting
Northern_Renaissance,High_Renaissance,0.9172841906547546,4321,20329,albrecht-durer,pietro-perugino,religious_painting,religious_painting
Early_Renaissance,Mannerism_Late_Renaissance,0.8981919884681702,45939,56044,Unknown Artist,el-greco,religious_painting,religious_painting
Early_Renaissance,Northern_Renaissance,0.8701738119125366,52277,29860,Unknown Artist,Unknown Artist,religious_painting,religious_painting
High_Renaissance,Northern_Renaissance,0.8571576476097107,56229,21763,titian,Unknown Artist,religious_painting,religious_painting
Mannerism_Late_Renaissance,Rococo,0.8479793667793274,44499,39996,Unknown Artist,Unknown Artist,religious_painting,religious_painting
Mannerism_Late_Renaissance,Baroque,0.8954436779022217,28993,29282,paolo-veronese,Unknown Artist,religious_painting,religious_painting
Early_Renaissance,High_Renaissance,0.8954885005950928,25709,19265,pietro-perugino,pietro-perugino,religious_painting,religious_painting
Northern_Renaissance,Baroque,0.9040082097053528,56539,33566,Unknown Artist,Unknown Artist,religious_painting,religious_painting
Northern_Renaissance,Mannerism_Late_Renaissance,0.8368222117424011,55750,56312,lucas-cranach-the-elder,el-greco,religious_painting,religious_painting
Early_Renaissance,High_Renaissance,0.8306005001068115,27505,38279,Unknown Artist,Unknown Artist,religious_painting,religious_painting
Early_Renaissance,Mannerism_Late_Renaissance,0.89766526222229,55624,23215,Unknown Artist,Unknown Artist,religious_painting,religious_painting
Early_Renaissance,Northern_Renaissance,0.8748821020126343,38887,17968,Unknown Artist,albrecht-durer,religious_painting,religious_painting
Early_Renaissance,High_Renaissance,0.8717168569564819,20738,24280,Unknown Artist,Unknown Artist,religious_painting,religious_painting
Early_Renaissance,Baroque,0.815902829170227,50688,52912,Unknown Artist,Unknown Artist,religious_painting,religious_painting
High_Renaissance,Mannerism_Late_Renaissance,0.8162904977798462,30296,28064,Unknown Artist,Unknown Artist,religious_painting,religious_painting
Early_Renaissance,Northern_Renaissance,0.868388295173645,22126,4644,Unknown Artist,albrecht-durer,religious_painting,religious_painting
Early_Renaissance,High_Renaissance,0.8903999924659729,56125,40186,Unknown Artist,Unknown Artist,religious_painting,religious_painting
High_Renaissance,Northern_Renaissance,0.8963587284088135,35997,56815,Unknown Artist,hieronymus-bosch,religious_painting,religious_painting
Early_Renaissance,Mannerism_Late_Renaissance,0.8790028691291809,56724,19758,Unknown Artist,paolo-veronese,religious_painting,religious_painting
High_Renaissance,Northern_Renaissance,0.8298884630203247,56229,18029,titian,albrecht-durer,religious_painting,religious_painting
Early_Renaissance,High_Renaissance,0.9087235927581787,23613,22390,Unknown Artist,Unknown Artist,religious_painting,religious_painting
Early_Renaissance,Mannerism_Late_Renaissance,0.8935049176216125,25846,56052,Unknown Artist,paolo-veronese,religious_painting,religious_painting
High_Renaissance,Mannerism_Late_Renaissance,0.8862048983573914,56859,23255,Unknown Artist,tintoretto,religious_painting,religious_painting
High_Renaissance,Mannerism_Late_Renaissance,0.8771060705184937,50628,34318,Unknown Artist,el-greco,religious_painting,religious_painting
Early_Renaissance,Northern_Renaissance,0.9419907927513123,35073,20883,fra-angelico,Unknown Artist,religious_painting,religious_painting
Early_Renaissance,Northern_Renaissance,0.8755897283554077,48158,50004,Unknown Artist,lucas-cranach-the-elder,religious_painting,religious_painting
Northern_Renaissance,Baroque,0.8664158582687378,56873,50410,Unknown Artist,Unknown Artist,religious_painting,religious_painting
Early_Renaissance,Northern_Renaissance,0.8460128903388977,43094,28636,Unknown Artist,Unknown Artist,religious_painting,religious_painting
High_Renaissance,Mannerism_Late_Renaissance,0.9158686399459839,37410,36521,michelangelo,titian,religious_painting,religious_painting
Early_Renaissance,High_Renaissance,0.8880990147590637,32172,56878,Unknown Artist,Unknown Artist,religious_painting,religious_painting
Early_Renaissance,Mannerism_Late_Renaissance,0.9285424947738647,51956,35618,Unknown Artist,Unknown Artist,religious_painting,religious_painting
Early_Renaissance,High_Renaissance,0.8881194591522217,26869,26255,Unknown Artist,pietro-perugino,religious_painting,religious_painting
Northern_Renaissance,Baroque,0.8354275226593018,18029,23873,albrecht-durer,Unknown Artist,religious_painting,religious_painting
High_Renaissance,Mannerism_Late_Renaissance,0.8127232193946838,28866,25721,pietro-perugino,tintoretto,religious_painting,religious_painting
High_Renaissance,Northern_Renaissance,0.8463206887245178,55639,25720,raphael,hans-memling,religious_painting,religious_painting
High_Renaissance,Mannerism_Late_Renaissance,0.8862423300743103,47498,56574,raphael,Unknown Artist,religious_painting,religious_painting
Early_Renaissance,Baroque,0.92731773853302,48904,46167,Unknown Artist,Unknown Artist,religious_painting,religious_painting
Northern_Renaissance,High_Renaissance,0.8555009365081787,13151,37673,albrecht-durer,raphael,religious_painting,religious_painting
High_Renaissance,Northern_Renaissance,0.9334048628807068,56614,691,pietro-perugino,albrecht-durer,religious_painting,religious_painting
High_Renaissance,Northern_Renaissance,0.8891519904136658,56164,39835,Unknown Artist,hieronymus-bosch,religious_painting,religious_painting
Early_Renaissance,Northern_Renaissance,0.9159297943115234,36314,25374,Unknown Artist,hans-memling,religious_painting,religious_painting
Northern_Renaissance,Mannerism_Late_Renaissance,0.9269953966140747,39152,39498,Unknown Artist,Unknown Artist,religious_painting,religious_painting
Early_Renaissance,Mannerism_Late_Renaissance,0.8822056651115417,24752,55780,Unknown Artist,Unknown Artist,religious_painting,religious_painting
High_Renaissance,Northern_Renaissance,0.8467851877212524,55731,8517,titian,albrecht-durer,religious_painting,religious_painting
Early_Renaissance,Northern_Renaissance,0.8545481562614441,56569,50878,fra-angelico,Unknown Artist,religious_painting,religious_painting
Mannerism_Late_Renaissance,Baroque,0.8735886216163635,56268,23195,titian,Unknown Artist,religious_painting,religious_painting
High_Renaissance,Northern_Renaissance,0.8205440640449524,31157,36838,pietro-perugino,Unknown Artist,religious_painting,religious_painting
High_Renaissance,Mannerism_Late_Renaissance,0.8666554689407349,31767,25871,raphael,el-greco,religious_painting,religious_painting
Early_Renaissance,Northern_Renaissance,0.9099857211112976,50996,44218,Unknown Artist,Unknown Artist,religious_painting,religious_painting
High_Renaissance,Mannerism_Late_Renaissance,0.8822379112243652,48517,35995,Unknown Artist,titian,religious_painting,religious_painting
Early_Renaissance,Mannerism_Late_Renaissance,0.8951010704040527,56593,56089,Unknown Artist,tintoretto,religious_painting,religious_painting
Early_Renaissance,Mannerism_Late_Renaissance,0.8601821064949036,30031,39175,fra-angelico,Unknown Artist,religious_painting,religious_painting
Early_Renaissance,High_Renaissance,0.8904968500137329,44469,25049,leonardo-da-vinci,Unknown Artist,religious_painting,religious_painting
Early_Renaissance,Northern_Renaissance,0.906944990158081,25751,48542,Unknown Artist,hans-memling,religious_painting,religious_painting
Northern_Renaissance,High_Renaissance,0.8949581384658813,25046,29441,Unknown Artist,Unknown Artist,religious_painting,religious_painting
Early_Renaissance,Northern_Renaissance,0.8835912346839905,49105,23996,fra-angelico,Unknown Artist,religious_painting,religious_painting
Early_Renaissance,High_Renaissance,0.8659232258796692,19614,26409,pietro-perugino,Unknown Artist,religious_painting,religious_painting
Northern_Renaissance,Baroque,0.880737841129303,34154,1688,Unknown Artist,rembrandt,religious_painting,religious_painting
High_Renaissance,Mannerism_Late_Renaissance,0.8881924748420715,44981,34371,Unknown Artist,tintoretto,religious_painting,religious_painting
Early_Renaissance,High_Renaissance,0.9386940002441406,56604,55633,leonardo-da-vinci,raphael,religious_painting,religious_painting
High_Renaissance,Baroque,0.8842971324920654,22541,38455,raphael,bartolome-esteban-murillo,religious_painting,religious_painting
High_Renaissance,Northern_Renaissance,0.8525048494338989,23716,47497,titian,hieronymus-bosch,religious_painting,religious_painting
Mannerism_Late_Renaissance,Rococo,0.8875144720077515,25184,37513,Unknown Artist,Unknown Artist,religious_painting,religious_painting
Mannerism_Late_Renaissance,Baroque,0.911418616771698,29310,56174,paolo-veronese,Unknown Artist,religious_painting,religious_painting
Early_Renaissance,Northern_Renaissance,0.888829231262207,56766,30503,Unknown Artist,lucas-cranach-the-elder,religious_painting,religious_painting
Early_Renaissance,High_Renaissance,0.8772574067115784,47252,20039,pietro-perugino,Unknown Artist,religious_painting,religious_painting
Northern_Renaissance,Mannerism_Late_Renaissance,0.8977217674255371,42819,51543,Unknown Artist,titian,religious_painting,religious_painting
High_Renaissance,Northern_Renaissance,0.8247643709182739,56229,12625,titian,albrecht-durer,religious_painting,religious_painting
Early_Renaissance,High_Renaissance,0.8474746346473694,27561,51287,Unknown Artist,Unknown Artist,religious_painting,religious_painting
High_Renaissance,Mannerism_Late_Renaissance,0.9178467392921448,55743,56512,raphael,Unknown Artist,religious_painting,religious_painting
Early_Renaissance,Northern_Renaissance,0.8325175642967224,44140,55693,Unknown Artist,Unknown Artist,religious_painting,religious_painting
Mannerism_Late_Renaissance,Baroque,0.8690876364707947,38237,56572,Unknown Artist,Unknown Artist,religious_painting,religious_painting
High_Renaissance,Northern_Renaissance,0.9024502635002136,51275,44891,pietro-perugino,hans-memling,religious_painting,religious_painting
Northern_Renaissance,High_Renaissance,0.8651852607727051,35054,43831,Unknown Artist,Unknown Artist,religious_painting,religious_painting
Early_Renaissance,Northern_Renaissance,0.8780348896980286,29617,12901,Unknown Artist,albrecht-durer,religious_painting,religious_painting
Northern_Renaissance,Mannerism_Late_Renaissance,0.9077863097190857,34061,20144,Unknown Artist,el-greco,religious_painting,religious_painting
Mannerism_Late_Renaissance,Baroque,0.8474491834640503,28715,23748,Unknown Artist,Unknown Artist,religious_painting,religious_painting
Early_Renaissance,Mannerism_Late_Renaissance,0.8942891955375671,51437,23848,Unknown Artist,paolo-veronese,religious_painting,religious_painting
Early_Renaissance,Northern_Renaissance,0.8706152439117432,55996,27785,Unknown Artist,lucas-cranach-the-elder,religious_painting,religious_painting
Early_Renaissance,High_Renaissance,0.8653229475021362,57005,57125,pietro-perugino,raphael,religious_painting,religious_painting
Early_Renaissance,High_Renaissance,0.9244608283042908,40864,55943,Unknown Artist,Unknown Artist,religious_painting,religious_painting
High_Renaissance,Mannerism_Late_Renaissance,0.8687778115272522,55969,42013,titian,el-greco,religious_painting,religious_painting
Mannerism_Late_Renaissance,Rococo,0.848904550075531,46434,55842,tintoretto,Unknown Artist,religious_painting,religious_painting
High_Renaissance,Northern_Renaissance,0.8902045488357544,21503,56985,Unknown Artist,hans-memling,religious_painting,religious_painting
High_Renaissance,Baroque,0.8466627597808838,46517,7682,titian,rembrandt,religious_painting,religious_painting
Early_Renaissance,High_Renaissance,0.926609218120575,53035,56786,pietro-perugino,raphael,religious_painting,religious_painting
High_Renaissance,Mannerism_Late_Renaissance,0.8643577694892883,39783,57072,titian,tintoretto,religious_painting,religious_painting
Early_Renaissance,Northern_Renaissance,0.8975629806518555,56737,1183,Unknown Artist,albrecht-durer,religious_painting,religious_painting
Mannerism_Late_Renaissance,Baroque,0.8915429711341858,56298,32131,tintoretto,peter-paul-rubens,religious_painting,religious_painting
Early_Renaissance,High_Renaissance,0.9241007566452026,25482,51275,pietro-perugino,pietro-perugino,religious_painting,religious_painting
Early_Renaissance,High_Renaissance,0.8478720784187317,30332,39391,Unknown Artist,Unknown Artist,religious_painting,religious_painting
Early_Renaissance,High_Renaissance,0.9049755930900574,48338,47828,Unknown Artist,Unknown Artist,religious_painting,religious_painting
Northern_Renaissance,Mannerism_Late_Renaissance,0.8458239436149597,56893,36985,lucas-cranach-the-elder,Unknown Artist,religious_painting,religious_painting
High_Renaissance,Mannerism_Late_Renaissance,0.9044459462165833,37410,38716,michelangelo,titian,religious_painting,religious_painting
High_Renaissance,Baroque,0.8689479827880859,47849,57156,raphael,Unknown Artist,religious_painting,religious_painting
Northern_Renaissance,High_Renaissance,0.9060522317886353,691,52632,albrecht-durer,titian,religious_painting,religious_painting
Early_Renaissance,High_Renaissance,0.8574067950248718,56883,45830,Unknown Artist,michelangelo,religious_painting,religious_painting
Early_Renaissance,High_Renaissance,0.8361291885375977,25758,38642,Unknown Artist,raphael,religious_painting,religious_painting
Mannerism_Late_Renaissance,Baroque,0.931936502456665,40598,37325,Unknown Artist,Unknown Artist,religious_painting,religious_painting
Early_Renaissance,Northern_Renaissance,0.8416551947593689,56382,48073,Unknown Artist,Unknown Artist,religious_painting,religious_painting
High_Renaissance,Mannerism_Late_Renaissance,0.8630368709564209,55690,38977,Unknown Artist,el-greco,religious_painting,religious_painting
Early_Renaissance,Northern_Renaissance,0.9227477312088013,56604,44944,leonardo-da-vinci,Unknown Artist,religious_painting,religious_painting
Northern_Renaissance,Mannerism_Late_Renaissance,0.8692682981491089,49294,27218,hans-memling,el-greco,religious_painting,religious_painting
Early_Renaissance,Northern_Renaissance,0.8516983389854431,45946,36274,Unknown Artist,Unknown Artist,religious_painting,religious_painting
Early_Renaissance,Northern_Renaissance,0.8522548079490662,56780,42925,Unknown Artist,Unknown Artist,religious_painting,religious_painting
High_Renaissance,Mannerism_Late_Renaissance,0.8908804059028625,22390,36374,Unknown Artist,Unknown Artist,religious_painting,religious_painting
Northern_Renaissance,High_Renaissance,0.9210758805274963,2747,30747,albrecht-durer,Unknown Artist,religious_painting,religious_painting
High_Renaissance,Northern_Renaissance,0.8289494514465332,26983,56358,titian,Unknown Artist,religious_painting,religious_painting
Baroque,Rococo,0.8705776333808899,21854,32924,Unknown Artist,Unknown Artist,religious_painting,religious_painting
Northern_Renaissance,Mannerism_Late_Renaissance,0.9337487816810608,56430,20220,Unknown Artist,tintoretto,religious_painting,religious_painting
Early_Renaissance,Northern_Renaissance,0.8849136829376221,56820,3907,Unknown Artist,albrecht-durer,religious_painting,religious_painting
High_Renaissance,Mannerism_Late_Renaissance,0.8572677373886108,56249,56003,Unknown Artist,Unknown Artist,religious_painting,religious_painting
High_Renaissance,Northern_Renaissance,0.817768931388855,55730,18167,michelangelo,albrecht-durer,religious_painting,religious_painting
Mannerism_Late_Renaissance,Rococo,0.8699632883071899,47532,28958,tintoretto,Unknown Artist,religious_painting,religious_painting
Early_Renaissance,High_Renaissance,0.8363478183746338,56013,29129,Unknown Artist,raphael,religious_painting,religious_painting
Northern_Renaissance,Baroque,0.8603548407554626,3203,43314,albrecht-durer,bartolome-esteban-murillo,religious_painting,religious_painting
Mannerism_Late_Renaissance,Baroque,0.9219552874565125,56314,21271,titian,jacob-jordaens,religious_painting,religious_painting
High_Renaissance,Mannerism_Late_Renaissance,0.8889195322990417,26983,39923,titian,tintoretto,religious_painting,religious_painting
Early_Renaissance,High_Renaissance,0.8985135555267334,55838,22495,Unknown Artist,Unknown Artist,religious_painting,religious_painting
Early_Renaissance,Mannerism_Late_Renaissance,0.8473564386367798,50778,56804,Unknown Artist,paolo-veronese,religious_painting,religious_painting
Northern_Renaissance,Mannerism_Late_Renaissance,0.8918027281761169,56539,22880,Unknown Artist,Unknown Artist,religious_painting,religious_painting
Northern_Renaissance,Mannerism_Late_Renaissance,0.876855731010437,56380,35079,Unknown Artist,tintoretto,religious_painting,religious_painting
High_Renaissance,Baroque,0.9136791229248047,55896,21356,Unknown Artist,Unknown Artist,religious_painting,religious_painting
High_Renaissance,Mannerism_Late_Renaissance,0.9022181034088135,40664,56745,Unknown Artist,Unknown Artist,religious_painting,religious_painting
High_Renaissance,Mannerism_Late_Renaissance,0.9049360752105713,22248,51444,raphael,paolo-veronese,religious_painting,religious_painting
Early_Renaissance,High_Renaissance,0.899298369884491,25482,28866,pietro-perugino,pietro-perugino,religious_painting,religious_painting
Early_Renaissance,Mannerism_Late_Renaissance,0.8862110376358032,35718,38388,Unknown Artist,Unknown Artist,religious_painting,religious_painting
Early_Renaissance,Northern_Renaissance,0.873206615447998,39971,56195,Unknown Artist,Unknown Artist,religious_painting,religious_painting
Mannerism_Late_Renaissance,Baroque,0.8444029092788696,56298,17567,tintoretto,rembrandt,religious_painting,religious_painting
Northern_Renaissance,Baroque,0.8385183215141296,3203,50231,albrecht-durer,bartolome-esteban-murillo,religious_painting,religious_painting
High_Renaissance,Northern_Renaissance,0.8603302836418152,47828,37684,Unknown Artist,Unknown Artist,religious_painting,religious_painting
Early_Renaissance,High_Renaissance,0.9405034184455872,28217,21903,Unknown Artist,raphael,religious_painting,religious_painting
Northern_Renaissance,High_Renaissance,0.8825449347496033,55799,20501,Unknown Artist,Unknown Artist,religious_painting,religious_painting
Early_Renaissance,Northern_Renaissance,0.8659295439720154,44140,52969,Unknown Artist,Unknown Artist,religious_painting,religious_painting
Early_Renaissance,Northern_Renaissance,0.8810058236122131,31617,56472,Unknown Artist,Unknown Artist,religious_painting,religious_painting
Mannerism_Late_Renaissance,Baroque,0.9311039447784424,55821,2379,Unknown Artist,rembrandt,religious_painting,religious_painting
Early_Renaissance,High_Renaissance,0.8693555593490601,39758,49432,Unknown Artist,Unknown Artist,religious_painting,religious_painting
Early_Renaissance,High_Renaissance,0.8824865818023682,28744,45542,Unknown Artist,raphael,religious_painting,religious_painting
High_Renaissance,Mannerism_Late_Renaissance,0.8716303706169128,37673,55940,raphael,tintoretto,religious_painting,religious_painting
Northern_Renaissance,Mannerism_Late_Renaissance,0.880286455154419,22975,46434,Unknown Artist,tintoretto,religious_painting,religious_painting
High_Renaissance,Northern_Renaissance,0.8746020793914795,22499,48383,pietro-perugino,hans-memling,religious_painting,religious_painting
Early_Renaissance,Baroque,0.894481360912323,30364,55822,pietro-perugino,Unknown Artist,religious_painting,religious_painting
Early_Renaissance,High_Renaissance,0.8615851998329163,55996,56635,Unknown Artist,Unknown Artist,religious_painting,religious_painting
Northern_Renaissance,Mannerism_Late_Renaissance,0.8486751317977905,56332,25971,Unknown Artist,tintoretto,religious_painting,religious_painting
High_Renaissance,Northern_Renaissance,0.8919720649719238,49962,29110,Unknown Artist,Unknown Artist,religious_painting,religious_painting
High_Renaissance,Rococo,0.9330468773841858,56839,28964,Unknown Artist,Unknown Artist,religious_painting,religious_painting
High_Renaissance,Mannerism_Late_Renaissance,0.8935920000076294,33550,33011,pietro-perugino,paolo-veronese,religious_painting,religious_painting
Northern_Renaissance,Mannerism_Late_Renaissance,0.890166699886322,37467,56362,hans-memling,Unknown Artist,religious_painting,religious_painting
High_Renaissance,Mannerism_Late_Renaissance,0.8700213432312012,56859,30341,Unknown Artist,tintoretto,religious_painting,religious_painting
Mannerism_Late_Renaissance,Baroque,0.8958949446678162,56920,55696,paolo-veronese,Unknown Artist,religious_painting,religious_painting
Northern_Renaissance,Mannerism_Late_Renaissance,0.8380423188209534,56332,56858,Unknown Artist,el-greco,religious_painting,religious_painting
High_Renaissance,Mannerism_Late_Renaissance,0.9146595001220703,55608,48745,pietro-perugino,Unknown Artist,religious_painting,religious_painting
Early_Renaissance,Northern_Renaissance,0.8895476460456848,56322,31908,Unknown Artist,Unknown Artist,religious_painting,religious_painting
High_Renaissance,Mannerism_Late_Renaissance,0.9059667587280273,25069,38014,Unknown Artist,paolo-veronese,religious_painting,religious_painting
Northern_Renaissance,Mannerism_Late_Renaissance,0.9082334637641907,659,27333,albrecht-durer,el-greco,religious_painting,religious_painting
Mannerism_Late_Renaissance,Baroque,0.8942599892616272,22880,23926,Unknown Artist,bartolome-esteban-murillo,religious_painting,religious_painting
High_Renaissance,Northern_Renaissance,0.8601833581924438,37022,33512,Unknown Artist,hieronymus-bosch,religious_painting,religious_painting
Northern_Renaissance,Mannerism_Late_Renaissance,0.8615827560424805,30503,20794,lucas-cranach-the-elder,tintoretto,religious_painting,religious_painting
Northern_Renaissance,Mannerism_Late_Renaissance,0.8985142707824707,31194,26551,Unknown Artist,Unknown Artist,religious_painting,religious_painting
Early_Renaissance,High_Renaissance,0.8749452829360962,56046,34041,Unknown Artist,michelangelo,religious_painting,religious_painting
Mannerism_Late_Renaissance,Baroque,0.8808208703994751,56856,322,tintoretto,rembrandt,religious_painting,religious_painting
High_Renaissance,Mannerism_Late_Renaissance,0.8690029978752136,25702,56850,Unknown Artist,Unknown Artist,religious_painting,religious_painting
High_Renaissance,Baroque,0.9071066975593567,26841,55736,Unknown Artist,Unknown Artist,religious_painting,religious_painting
Early_Renaissance,Mannerism_Late_Renaissance,0.890967071056366,50266,48915,Unknown Artist,Unknown Artist,religious_painting,religious_painting
Early_Renaissance,High_Renaissance,0.8424111008644104,21956,44152,Unknown Artist,raphael,religious_painting,religious_painting
Early_Renaissance,Baroque,0.8521669507026672,23253,43894,Unknown Artist,Unknown Artist,religious_painting,religious_painting
Early_Renaissance,Northern_Renaissance,0.8667203783988953,56703,31355,Unknown Artist,hieronymus-bosch,religious_painting,religious_painting
Early_Renaissance,Northern_Renaissance,0.8666020631790161,50349,8196,Unknown Artist,albrecht-durer,religious_painting,religious_painting
Early_Renaissance,High_Renaissance,0.8788092136383057,51702,52835,Unknown Artist,pietro-perugino,religious_painting,religious_painting
High_Renaissance,Baroque,0.9055097699165344,45156,46819,Unknown Artist,Unknown Artist,religious_painting,religious_painting
High_Renaissance,Northern_Renaissance,0.883394718170166,50929,24407,pietro-perugino,Unknown Artist,religious_painting,religious_painting
Mannerism_Late_Renaissance,Rococo,0.8814444541931152,56565,56376,paolo-veronese,Unknown Artist,religious_painting,religious_painting
High_Renaissance,Northern_Renaissance,0.8814231753349304,42200,56166,Unknown Artist,Unknown Artist,religious_painting,religious_painting
High_Renaissance,Northern_Renaissance,0.8813167810440063,32795,57039,Unknown Artist,hieronymus-bosch,religious_painting,religious_painting
High_Renaissance,Mannerism_Late_Renaissance,0.8853882551193237,34153,34707,raphael,tintoretto,religious_painting,religious_painting
Early_Renaissance,High_Renaissance,0.8810246586799622,47347,22670,Unknown Artist,pietro-perugino,religious_painting,religious_painting
High_Renaissance,Baroque,0.8826402425765991,56503,7169,Unknown Artist,rembrandt,religious_painting,religious_painting
Northern_Renaissance,High_Renaissance,0.8609158992767334,1312,41676,albrecht-durer,michelangelo,religious_painting,religious_painting
Early_Renaissance,Northern_Renaissance,0.8905445337295532,33305,37344,Unknown Artist,Unknown Artist,religious_painting,religious_painting
Northern_Renaissance,Rococo,0.9206058382987976,28659,20049,Unknown Artist,Unknown Artist,religious_painting,religious_painting
Northern_Renaissance,High_Renaissance,0.8693753480911255,44944,56968,Unknown Artist,titian,religious_painting,religious_painting
Northern_Renaissance,High_Renaissance,0.8726537227630615,22586,26983,hans-holbein-the-younger,titian,religious_painting,religious_painting
Mannerism_Late_Renaissance,Baroque,0.8470110297203064,30380,49263,Unknown Artist,Unknown Artist,religious_painting,religious_painting
High_Renaissance,Mannerism_Late_Renaissance,0.8893380165100098,26409,25392,Unknown Artist,el-greco,religious_painting,religious_painting
High_Renaissance,Mannerism_Late_Renaissance,0.9114707708358765,56060,56881,Unknown Artist,Unknown Artist,religious_painting,religious_painting
Early_Renaissance,Northern_Renaissance,0.8419508934020996,36978,42303,fra-angelico,Unknown Artist,religious_painting,religious_painting
Early_Renaissance,Mannerism_Late_Renaissance,0.8925422430038452,56098,29926,Unknown Artist,el-greco,religious_painting,religious_painting
Early_Renaissance,Northern_Renaissance,0.8817383050918579,21771,23046,Unknown Artist,Unknown Artist,religious_painting,religious_painting
Mannerism_Late_Renaissance,Baroque,0.9004654884338379,57044,56939,tintoretto,Unknown Artist,religious_painting,religious_painting
Early_Renaissance,High_Renaissance,0.9082328081130981,56883,56060,Unknown Artist,Unknown Artist,religious_painting,religious_painting
Early_Renaissance,Mannerism_Late_Renaissance,0.8419016599655151,35778,30920,Unknown Artist,Unknown Artist,religious_painting,religious_painting
Early_Renaissance,Mannerism_Late_Renaissance,0.8905957937240601,19103,57049,fra-angelico,Unknown Artist,religious_painting,religious_painting
Mannerism_Late_Renaissance,Baroque,0.8836771845817566,42497,47853,titian,jacob-jordaens,religious_painting,religious_painting
Northern_Renaissance,Mannerism_Late_Renaissance,0.8701618909835815,56830,56765,lucas-cranach-the-elder,Unknown Artist,religious_painting,religious_painting
High_Renaissance,Mannerism_Late_Renaissance,0.858980119228363,22495,56633,Unknown Artist,el-greco,religious_painting,religious_painting
Early_Renaissance,Mannerism_Late_Renaissance,0.9056592583656311,50094,43430,Unknown Artist,Unknown Artist,religious_painting,religious_painting
Early_Renaissance,Northern_Renaissance,0.8890348672866821,50194,433,Unknown Artist,albrecht-durer,religious_painting,religious_painting
Early_Renaissance,High_Renaissance,0.9061428904533386,44376,55880,Unknown Artist,Unknown Artist,religious_painting,religious_painting
High_Renaissance,Mannerism_Late_Renaissance,0.8367937803268433,32027,44636,Unknown Artist,Unknown Artist,religious_painting,religious_painting
High_Renaissance,Northern_Renaissance,0.8587544560432434,50628,46267,Unknown Artist,hieronymus-bosch,religious_painting,religious_painting
Early_Renaissance,High_Renaissance,0.8737521767616272,23042,39269,pietro-perugino,raphael,religious_painting,religious_painting
Early_Renaissance,Northern_Renaissance,0.8850611448287964,48978,30236,Unknown Artist,Unknown Artist,religious_painting,religious_painting
High_Renaissance,Northern_Renaissance,0.8787468075752258,31863,37571,Unknown Artist,hieronymus-bosch,religious_painting,religious_painting
Early_Renaissance,High_Renaissance,0.8768561482429504,50266,50628,Unknown Artist,Unknown Artist,religious_painting,religious_painting
Mannerism_Late_Renaissance,Baroque,0.8327332735061646,31336,12134,tintoretto,rembrandt,religious_painting,religious_painting
Northern_Renaissance,High_Renaissance,0.8698697686195374,48975,26659,lucas-cranach-the-elder,Unknown Artist,religious_painting,religious_painting
High_Renaissance,Mannerism_Late_Renaissance,0.8880119919776917,39783,20887,titian,tintoretto,religious_painting,religious_painting
Early_Renaissance,High_Renaissance,0.8458651304244995,38860,56342,Unknown Artist,pietro-perugino,religious_painting,religious_painting
Early_Renaissance,High_Renaissance,0.9116359353065491,56982,57081,Unknown Artist,Unknown Artist,religious_painting,religious_painting
Early_Renaissance,High_Renaissance,0.8901781439781189,36368,30690,Unknown Artist,pietro-perugino,religious_painting,religious_painting
Early_Renaissance,Northern_Renaissance,0.8712762594223022,56737,12026,Unknown Artist,albrecht-durer,religious_painting,religious_painting
High_Renaissance,Northern_Renaissance,0.9066357612609863,25458,47661,Unknown Artist,Unknown Artist,religious_painting,religious_painting
Mannerism_Late_Renaissance,Baroque,0.8493230938911438,24251,51954,Unknown Artist,Unknown Artist,religious_painting,religious_painting
Mannerism_Late_Renaissance,Baroque,0.8752987384796143,21652,24020,titian,bartolome-esteban-murillo,religious_painting,religious_painting
Early_Renaissance,High_Renaissance,0.9257410764694214,56355,22648,Unknown Artist,Unknown Artist,religious_painting,religious_painting
Mannerism_Late_Renaissance,Rococo,0.876468300819397,56004,49036,paolo-veronese,Unknown Artist,religious_painting,religious_painting
High_Renaissance,Northern_Renaissance,0.8265843987464905,56229,4892,titian,albrecht-durer,religious_painting,religious_painting
Early_Renaissance,High_Renaissance,0.8672077655792236,49002,29024,Unknown Artist,Unknown Artist,religious_painting,religious_painting
Early_Renaissance,Mannerism_Late_Renaissance,0.9018223881721497,56623,56338,Unknown Artist,Unknown Artist,religious_painting,religious_painting
High_Renaissance,Mannerism_Late_Renaissance,0.8942967653274536,44981,56308,Unknown Artist,titian,religious_painting,religious_painting
Early_Renaissance,High_Renaissance,0.8896185159683228,56350,37361,fra-angelico,Unknown Artist,religious_painting,religious_painting
Northern_Renaissance,Mannerism_Late_Renaissance,0.9120972156524658,44218,21759,Unknown Artist,tintoretto,religious_painting,religious_painting
Early_Renaissance,High_Renaissance,0.8827396631240845,25496,55697,Unknown Artist,Unknown Artist,religious_painting,religious_painting
Early_Renaissance,High_Renaissance,0.9072654843330383,44376,55660,Unknown Artist,Unknown Artist,religious_painting,religious_painting
High_Renaissance,Mannerism_Late_Renaissance,0.9170973896980286,30747,20863,Unknown Artist,tintoretto,religious_painting,religious_painting
Northern_Renaissance,Mannerism_Late_Renaissance,0.8913312554359436,49358,56634,Unknown Artist,paolo-veronese,religious_painting,religious_painting
Northern_Renaissance,Mannerism_Late_Renaissance,0.9106765985488892,56031,57060,hans-holbein-the-younger,Unknown Artist,religious_painting,religious_painting
Early_Renaissance,Northern_Renaissance,0.8344511985778809,38887,10765,Unknown Artist,albrecht-durer,religious_painting,religious_painting
Northern_Renaissance,Mannerism_Late_Renaissance,0.8748659491539001,49358,25980,Unknown Artist,tintoretto,religious_painting,religious_painting
Early_Renaissance,Northern_Renaissance,0.9161909222602844,51425,45870,pietro-perugino,Unknown Artist,religious_painting,religious_painting
Early_Renaissance,Northern_Renaissance,0.8331369757652283,56407,34200,Unknown Artist,Unknown Artist,religious_painting,religious_painting
Mannerism_Late_Renaissance,Baroque,0.8822728395462036,56704,4994,paolo-veronese,rembrandt,religious_painting,religious_painting
Early_Renaissance,Mannerism_Late_Renaissance,0.880598783493042,51437,56929,Unknown Artist,paolo-veronese,religious_painting,religious_painting
Early_Renaissance,Northern_Renaissance,0.8307911157608032,41270,17971,Unknown Artist,albrecht-durer,religious_painting,religious_painting
High_Renaissance,Mannerism_Late_Renaissance,0.868752658367157,35126,57020,Unknown Artist,paolo-veronese,religious_painting,religious_painting
Mannerism_Late_Renaissance,Baroque,0.8897748589515686,41834,45453,paolo-veronese,Unknown Artist,religious_painting,religious_painting
High_Renaissance,Baroque,0.8175444602966309,56015,17577,Unknown Artist,rembrandt,religious_painting,religious_painting
Early_Renaissance,Northern_Renaissance,0.9022284150123596,56907,28645,Unknown Artist,Unknown Artist,religious_painting,religious_painting
Northern_Renaissance,Mannerism_Late_Renaissance,0.9037033319473267,11318,44647,albrecht-durer,titian,religious_painting,religious_painting
High_Renaissance,Mannerism_Late_Renaissance,0.8803255558013916,30163,56946,Unknown Artist,paolo-veronese,religious_painting,religious_painting
Northern_Renaissance,Baroque,0.8792281150817871,3907,32011,albrecht-durer,Unknown Artist,religious_painting,religious_painting
Early_Renaissance,High_Renaissance,0.8737527132034302,40864,56434,Unknown Artist,Unknown Artist,religious_painting,religious_painting
Northern_Renaissance,Mannerism_Late_Renaissance,0.8541383743286133,56613,27871,Unknown Artist,tintoretto,religious_painting,religious_painting
High_Renaissance,Mannerism_Late_Renaissance,0.8957035541534424,37872,57044,raphael,tintoretto,religious_painting,religious_painting
Early_Renaissance,Northern_Renaissance,0.8756557106971741,47252,56294,pietro-perugino,Unknown Artist,religious_painting,religious_painting
Early_Renaissance,Mannerism_Late_Renaissance,0.8951327204704285,36868,31781,Unknown Artist,el-greco,religious_painting,religious_painting
High_Renaissance,Baroque,0.8598647713661194,56127,57122,raphael,Unknown Artist,religious_painting,religious_painting
Northern_Renaissance,Baroque,0.8164174556732178,11955,2611,albrecht-durer,rembrandt,religious_painting,religious_painting
Early_Renaissance,Northern_Renaissance,0.8861154913902283,56703,35163,Unknown Artist,Unknown Artist,religious_painting,religious_painting
Early_Renaissance,Northern_Renaissance,0.917840838432312,26869,4684,Unknown Artist,albrecht-durer,religious_painting,religious_painting
Early_Renaissance,High_Renaissance,0.9543097019195557,56355,38257,Unknown Artist,Unknown Artist,religious_painting,religious_painting
High_Renaissance,Northern_Renaissance,0.8565025925636292,37361,36098,Unknown Artist,Unknown Artist,religious_painting,religious_painting
Early_Renaissance,Northern_Renaissance,0.8857143521308899,45946,56011,Unknown Artist,hieronymus-bosch,religious_painting,religious_painting
High_Renaissance,Mannerism_Late_Renaissance,0.8816037774085999,39920,30445,raphael,tintoretto,religious_painting,religious_painting
Northern_Renaissance,Baroque,0.8845919966697693,6488,56767,albrecht-durer,Unknown Artist,religious_painting,religious_painting
High_Renaissance,Mannerism_Late_Renaissance,0.8959910869598389,32241,23608,titian,paolo-veronese,religious_painting,religious_painting
Early_Renaissance,Baroque,0.8994992971420288,49105,36123,fra-angelico,Unknown Artist,religious_painting,religious_painting
High_Renaissance,Mannerism_Late_Renaissance,0.8695335984230042,41093,49096,pietro-perugino,el-greco,religious_painting,religious_painting
Early_Renaissance,Mannerism_Late_Renaissance,0.9129344820976257,51437,56926,Unknown Artist,Unknown Artist,religious_painting,religious_painting
Mannerism_Late_Renaissance,Rococo,0.9061272144317627,42704,39374,paolo-veronese,Unknown Artist,religious_painting,religious_painting
Early_Renaissance,Mannerism_Late_Renaissance,0.8271727561950684,26574,35861,Unknown Artist,Unknown Artist,religious_painting,religious_painting
Early_Renaissance,High_Renaissance,0.8854171633720398,56967,56333,Unknown Artist,pietro-perugino,religious_painting,religious_painting
Early_Renaissance,Mannerism_Late_Renaissance,0.8547757863998413,56372,43349,pietro-perugino,el-greco,religious_painting,religious_painting
Northern_Renaissance,Mannerism_Late_Renaissance,0.8718852996826172,2175,35146,albrecht-durer,paolo-veronese,religious_painting,religious_painting
Northern_Renaissance,Baroque,0.8531855344772339,7697,5841,albrecht-durer,rembrandt,religious_painting,religious_painting
Early_Renaissance,High_Renaissance,0.8811624646186829,46018,36447,Unknown Artist,Unknown Artist,religious_painting,religious_painting
Early_Renaissance,Mannerism_Late_Renaissance,0.9157076478004456,40864,57123,Unknown Artist,paolo-veronese,religious_painting,religious_painting
Northern_Renaissance,High_Renaissance,0.8894283175468445,31194,34473,Unknown Artist,Unknown Artist,religious_painting,religious_painting
Early_Renaissance,High_Renaissance,0.9460232257843018,46523,32409,Unknown Artist,Unknown Artist,religious_painting,religious_painting
High_Renaissance,Mannerism_Late_Renaissance,0.8557208776473999,34153,49563,raphael,titian,religious_painting,religious_painting
High_Renaissance,Mannerism_Late_Renaissance,0.8907768726348877,22248,31435,raphael,Unknown Artist,religious_painting,religious_painting
Early_Renaissance,Northern_Renaissance,0.8851516842842102,39971,22745,Unknown Artist,Unknown Artist,religious_painting,religious_painting
Early_Renaissance,Northern_Renaissance,0.8267443776130676,38247,18165,Unknown Artist,albrecht-durer,religious_painting,religious_painting
Northern_Renaissance,High_Renaissance,0.8446316719055176,3119,55607,albrecht-durer,Unknown Artist,religious_painting,religious_painting
High_Renaissance,Mannerism_Late_Renaissance,0.8846266269683838,44652,56218,titian,titian,religious_painting,religious_painting
Northern_Renaissance,High_Renaissance,0.8407429456710815,13151,42124,albrecht-durer,Unknown Artist,religious_painting,religious_painting
Early_Renaissance,Northern_Renaissance,0.8638285994529724,56305,56647,fra-angelico,Unknown Artist,religious_painting,religious_painting
Mannerism_Late_Renaissance,Baroque,0.9178071618080139,56920,51413,paolo-veronese,jacob-jordaens,religious_painting,religious_painting
Early_Renaissance,Northern_Renaissance,0.8652244806289673,56322,32723,Unknown Artist,hans-memling,religious_painting,religious_painting
Northern_Renaissance,High_Renaissance,0.8433940410614014,4422,29023,albrecht-durer,leonardo-da-vinci,religious_painting,religious_painting
Early_Renaissance,Mannerism_Late_Renaissance,0.8894228339195251,57075,56493,Unknown Artist,Unknown Artist,religious_painting,religious_painting
High_Renaissance,Mannerism_Late_Renaissance,0.9099279642105103,56127,56075,raphael,Unknown Artist,religious_painting,religious_painting
Early_Renaissance,Northern_Renaissance,0.887603759765625,26869,42819,Unknown Artist,Unknown Artist,religious_painting,religious_painting
High_Renaissance,Northern_Renaissance,0.8410582542419434,31053,36938,leonardo-da-vinci,hans-holbein-the-younger,religious_painting,religious_painting
Northern_Renaissance,High_Renaissance,0.9304060339927673,6436,56229,albrecht-durer,titian,religious_painting,religious_painting
Early_Renaissance,Northern_Renaissance,0.8654214143753052,36314,26063,Unknown Artist,hans-memling,religious_painting,religious_painting
High_Renaissance,Northern_Renaissance,0.879266619682312,33704,41505,Unknown Artist,Unknown Artist,religious_painting,religious_painting
Mannerism_Late_Renaissance,Baroque,0.8950196504592896,38687,55700,tintoretto,bartolome-esteban-murillo,religious_painting,religious_painting
Early_Renaissance,Mannerism_Late_Renaissance,0.8760042190551758,55708,31949,Unknown Artist,paolo-veronese,religious_painting,religious_painting
Early_Renaissance,Northern_Renaissance,0.8694592714309692,32172,8146,Unknown Artist,albrecht-durer,religious_painting,religious_painting
High_Renaissance,Rococo,0.8827496767044067,56127,56193,raphael,Unknown Artist,religious_painting,religious_painting
Early_Renaissance,High_Renaissance,0.8707439303398132,23253,56684,Unknown Artist,pietro-perugino,religious_painting,religious_painting
Early_Renaissance,Mannerism_Late_Renaissance,0.8739661574363708,51437,39997,Unknown Artist,paolo-veronese,religious_painting,religious_painting
High_Renaissance,Northern_Renaissance,0.8615942597389221,56035,487,titian,albrecht-durer,religious_painting,religious_painting
High_Renaissance,Northern_Renaissance,0.8858471512794495,34489,56830,raphael,lucas-cranach-the-elder,religious_painting,religious_painting
Early_Renaissance,Northern_Renaissance,0.8054373264312744,56220,55973,Unknown Artist,Unknown Artist,religious_painting,religious_painting
Early_Renaissance,Mannerism_Late_Renaissance,0.864547848701477,56042,52358,fra-angelico,el-greco,religious_painting,religious_painting
Northern_Renaissance,Mannerism_Late_Renaissance,0.8979527354240417,28527,56699,hieronymus-bosch,tintoretto,religious_painting,religious_painting
Early_Renaissance,Northern_Renaissance,0.8078600168228149,31565,22067,Unknown Artist,Unknown Artist,religious_painting,religious_painting
Early_Renaissance,Northern_Renaissance,0.9067814946174622,45450,32556,Unknown Artist,Unknown Artist,religious_painting,religious_painting
High_Renaissance,Mannerism_Late_Renaissance,0.8873924016952515,30981,29804,Unknown Artist,tintoretto,religious_painting,religious_painting
Northern_Renaissance,High_Renaissance,0.8724797964096069,13151,55727,albrecht-durer,Unknown Artist,religious_painting,religious_painting
Early_Renaissance,High_Renaissance,0.8618993759155273,30666,23982,Unknown Artist,Unknown Artist,religious_painting,religious_painting
Early_Renaissance,High_Renaissance,0.8918446898460388,56967,23800,Unknown Artist,michelangelo,religious_painting,religious_painting
High_Renaissance,Mannerism_Late_Renaissance,0.9299173355102539,37410,49148,michelangelo,paolo-veronese,religious_painting,religious_painting
Early_Renaissance,Northern_Renaissance,0.8720458149909973,56407,12438,Unknown Artist,albrecht-durer,religious_painting,religious_painting
Northern_Renaissance,High_Renaissance,0.8601061701774597,29579,38324,hieronymus-bosch,raphael,religious_painting,religious_painting
Northern_Renaissance,High_Renaissance,0.8360576033592224,56287,56321,Unknown Artist,Unknown Artist,religious_painting,religious_painting
Northern_Renaissance,Mannerism_Late_Renaissance,0.8414268493652344,10124,40994,albrecht-durer,Unknown Artist,religious_painting,religious_painting
Northern_Renaissance,Mannerism_Late_Renaissance,0.8317948579788208,56893,56416,lucas-cranach-the-elder,el-greco,religious_painting,religious_painting
High_Renaissance,Mannerism_Late_Renaissance,0.917130708694458,56839,56440,Unknown Artist,Unknown Artist,religious_painting,religious_painting
Mannerism_Late_Renaissance,Rococo,0.8797876834869385,19972,57085,paolo-veronese,Unknown Artist,religious_painting,religious_painting
Early_Renaissance,High_Renaissance,0.9054277539253235,56309,49962,Unknown Artist,Unknown Artist,religious_painting,religious_painting
Early_Renaissance,High_Renaissance,0.9128624200820923,24143,44627,Unknown Artist,raphael,religious_painting,religious_painting
Early_Renaissance,High_Renaissance,0.8282062411308289,52054,52243,Unknown Artist,Unknown Artist,religious_painting,religious_painting
Northern_Renaissance,High_Renaissance,0.9137976169586182,34154,20083,Unknown Artist,Unknown Artist,religious_painting,religious_painting
Early_Renaissance,High_Renaissance,0.888534426689148,22128,56575,Unknown Artist,michelangelo,religious_painting,religious_painting
Early_Renaissance,High_Renaissance,0.8923414349555969,23613,25862,Unknown Artist,Unknown Artist,religious_painting,religious_painting
Early_Renaissance,High_Renaissance,0.9019537568092346,51437,33550,Unknown Artist,pietro-perugino,religious_painting,religious_painting
Early_Renaissance,High_Renaissance,0.8701658844947815,45523,30981,Unknown Artist,Unknown Artist,religious_painting,religious_painting
High_Renaissance,Mannerism_Late_Renaissance,0.8969789147377014,46602,44958,pietro-perugino,Unknown Artist,religious_painting,religious_painting
High_Renaissance,Northern_Renaissance,0.8646630644798279,56035,6825,titian,albrecht-durer,religious_painting,religious_painting
Mannerism_Late_Renaissance,Rococo,0.8829049468040466,55843,56972,Unknown Artist,Unknown Artist,religious_painting,religious_painting
Early_Renaissance,Northern_Renaissance,0.9286525845527649,56740,49197,Unknown Artist,hans-memling,religious_painting,religious_painting
Early_Renaissance,Northern_Renaissance,0.9041855931282043,50875,56024,fra-angelico,Unknown Artist,religious_painting,religious_painting
Baroque,Rococo,0.9159055352210999,57122,29222,Unknown Artist,Unknown Artist,religious_painting,religious_painting
High_Renaissance,Mannerism_Late_Renaissance,0.8691878318786621,47498,56843,raphael,Unknown Artist,religious_painting,religious_painting
Early_Renaissance,Northern_Renaissance,0.8521595001220703,44431,17977,Unknown Artist,albrecht-durer,religious_painting,religious_painting
Northern_Renaissance,Mannerism_Late_Renaissance,0.81210857629776,32034,40316,Unknown Artist,Unknown Artist,religious_painting,religious_painting
High_Renaissance,Northern_Renaissance,0.9286677837371826,56614,6033,pietro-perugino,albrecht-durer,religious_painting,religious_painting
Mannerism_Late_Renaissance,Baroque,0.8898109793663025,38722,17680,tintoretto,rembrandt,religious_painting,religious_painting
Early_Renaissance,High_Renaissance,0.8646909594535828,27965,56728,Unknown Artist,leonardo-da-vinci,religious_painting,religious_painting
High_Renaissance,Mannerism_Late_Renaissance,0.8450123071670532,24418,29083,titian,titian,religious_painting,religious_painting
Early_Renaissance,High_Renaissance,0.7600430846214294,56963,56932,Unknown Artist,raphael,religious_painting,religious_painting
High_Renaissance,Mannerism_Late_Renaissance,0.8782367706298828,56594,19653,michelangelo,paolo-veronese,religious_painting,religious_painting
High_Renaissance,Baroque,0.8852618336677551,25211,27233,Unknown Artist,Unknown Artist,religious_painting,religious_painting
High_Renaissance,Northern_Renaissance,0.8542506098747253,49848,56380,Unknown Artist,Unknown Artist,religious_painting,religious_painting
High_Renaissance,Mannerism_Late_Renaissance,0.9167476892471313,19853,55868,pietro-perugino,Unknown Artist,religious_painting,religious_painting
High_Renaissance,Mannerism_Late_Renaissance,0.8902209401130676,23937,24616,michelangelo,Unknown Artist,religious_painting,religious_painting
Early_Renaissance,High_Renaissance,0.894769012928009,55838,56183,Unknown Artist,pietro-perugino,religious_painting,religious_painting
Early_Renaissance,High_Renaissance,0.8728464841842651,55869,39183,Unknown Artist,titian,religious_painting,religious_painting
High_Renaissance,Mannerism_Late_Renaissance,0.8904445767402649,32241,46438,titian,paolo-veronese,religious_painting,religious_painting
Mannerism_Late_Renaissance,Baroque,0.8941396474838257,56926,55841,Unknown Artist,Unknown Artist,religious_painting,religious_painting
Early_Renaissance,Northern_Renaissance,0.8475858569145203,41270,46968,Unknown Artist,Unknown Artist,religious_painting,religious_painting
Northern_Renaissance,Mannerism_Late_Renaissance,0.9390614628791809,56430,56996,Unknown Artist,tintoretto,religious_painting,religious_painting
Early_Renaissance,High_Renaissance,0.8767018914222717,56922,25469,Unknown Artist,Unknown Artist,religious_painting,religious_painting
Early_Renaissance,Northern_Renaissance,0.8733235597610474,50194,18045,Unknown Artist,albrecht-durer,religious_painting,religious_painting
High_Renaissance,Baroque,0.8627606630325317,27560,56153,Unknown Artist,Unknown Artist,religious_painting,religious_painting
High_Renaissance,Northern_Renaissance,0.8134462237358093,32795,48856,Unknown Artist,hieronymus-bosch,religious_painting,religious_painting
Early_Renaissance,Northern_Renaissance,0.9275860786437988,25309,39423,Unknown Artist,Unknown Artist,religious_painting,religious_painting
Mannerism_Late_Renaissance,Baroque,0.866683304309845,24251,52900,Unknown Artist,Unknown Artist,religious_painting,religious_painting
High_Renaissance,Mannerism_Late_Renaissance,0.9065367579460144,29260,39813,Unknown Artist,Unknown Artist,religious_painting,religious_painting
Early_Renaissance,High_Renaissance,0.8082482814788818,25782,47916,Unknown Artist,michelangelo,religious_painting,religious_painting
Northern_Renaissance,High_Renaissance,0.8850694298744202,56815,49848,hieronymus-bosch,Unknown Artist,religious_painting,religious_painting
High_Renaissance,Northern_Renaissance,0.8208643198013306,23442,26752,raphael,hieronymus-bosch,religious_painting,religious_painting
Early_Renaissance,Northern_Renaissance,0.8732225298881531,29617,9330,Unknown Artist,albrecht-durer,religious_painting,religious_painting
Mannerism_Late_Renaissance,Baroque,0.838458776473999,37090,11145,titian,rembrandt,religious_painting,religious_painting
High_Renaissance,Mannerism_Late_Renaissance,0.8919122219085693,56770,44297,Unknown Artist,Unknown Artist,religious_painting,religious_painting
Early_Renaissance,Northern_Renaissance,0.7939407229423523,38461,31604,Unknown Artist,hieronymus-bosch,religious_painting,religious_painting
High_Renaissance,Mannerism_Late_Renaissance,0.872663140296936,31767,36886,raphael,tintoretto,religious_painting,religious_painting
High_Renaissance,Northern_Renaissance,0.8738017082214355,30047,56022,Unknown Artist,Unknown Artist,religious_painting,religious_painting
High_Renaissance,Northern_Renaissance,0.851471483707428,56648,45008,Unknown Artist,Unknown Artist,religious_painting,religious_painting
Early_Renaissance,High_Renaissance,0.9137903451919556,25482,35224,pietro-perugino,pietro-perugino,religious_painting,religious_painting
Early_Renaissance,Northern_Renaissance,0.8939549326896667,50099,56419,fra-angelico,Unknown Artist,religious_painting,religious_painting
Northern_Renaissance,Mannerism_Late_Renaissance,0.792047381401062,20178,56861,hans-memling,titian,religious_painting,religious_painting
High_Renaissance,Northern_Renaissance,0.9321678280830383,41447,39626,Unknown Artist,Unknown Artist,religious_painting,religious_painting
Early_Renaissance,Northern_Renaissance,0.8769331574440002,55920,20823,pietro-perugino,Unknown Artist,religious_painting,religious_painting
High_Renaissance,Northern_Renaissance,0.9121325612068176,56930,36667,Unknown Artist,Unknown Artist,religious_painting,religious_painting
High_Renaissance,Baroque,0.8585835099220276,39920,3935,raphael,rembrandt,religious_painting,religious_painting
Early_Renaissance,High_Renaissance,0.9196885824203491,20738,56694,Unknown Artist,pietro-perugino,religious_painting,religious_painting
Early_Renaissance,Northern_Renaissance,0.7674272656440735,38461,21372,Unknown Artist,hieronymus-bosch,religious_painting,religious_painting
Northern_Renaissance,Mannerism_Late_Renaissance,0.8735970854759216,22975,23252,Unknown Artist,paolo-veronese,religious_painting,religious_painting
Early_Renaissance,Mannerism_Late_Renaissance,0.8569538593292236,39758,27984,Unknown Artist,Unknown Artist,religious_painting,religious_painting
Early_Renaissance,High_Renaissance,0.8886024951934814,26915,41307,pietro-perugino,Unknown Artist,religious_painting,religious_painting
Early_Renaissance,High_Renaissance,0.9479174017906189,46523,51189,Unknown Artist,Unknown Artist,religious_painting,religious_painting
Early_Renaissance,High_Renaissance,0.889161229133606,57067,52576,Unknown Artist,leonardo-da-vinci,religious_painting,religious_painting
Early_Renaissance,Mannerism_Late_Renaissance,0.8983994722366333,25751,46809,Unknown Artist,el-greco,religious_painting,religious_painting
High_Renaissance,Northern_Renaissance,0.8196238279342651,55682,25781,Unknown Artist,hans-memling,religious_painting,religious_painting
Early_Renaissance,High_Renaissance,0.8464019894599915,57106,56351,Unknown Artist,Unknown Artist,religious_painting,religious_painting
Early_Renaissance,High_Renaissance,0.8687808513641357,26869,26623,Unknown Artist,pietro-perugino,religious_painting,religious_painting
High_Renaissance,Northern_Renaissance,0.8644431829452515,56035,18164,titian,albrecht-durer,religious_painting,religious_painting
Early_Renaissance,High_Renaissance,0.8117551207542419,55773,56559,Unknown Artist,Unknown Artist,religious_painting,religious_painting
Mannerism_Late_Renaissance,Rococo,0.8969773650169373,50840,56283,tintoretto,Unknown Artist,religious_painting,religious_painting
High_Renaissance,Mannerism_Late_Renaissance,0.8582115769386292,22390,33605,Unknown Artist,Unknown Artist,religious_painting,religious_painting
Northern_Renaissance,Mannerism_Late_Renaissance,0.8837422728538513,7697,40169,albrecht-durer,Unknown Artist,religious_painting,religious_painting
Early_Renaissance,High_Renaissance,0.9341614842414856,55741,37410,fra-angelico,michelangelo,religious_painting,religious_painting
Northern_Renaissance,High_Renaissance,0.8452144861221313,44218,29260,Unknown Artist,Unknown Artist,religious_painting,religious_painting
Early_Renaissance,High_Renaissance,0.8785916566848755,39021,42450,Unknown Artist,Unknown Artist,religious_painting,religious_painting
Northern_Renaissance,High_Renaissance,0.87306147813797,22975,55742,Unknown Artist,Unknown Artist,religious_painting,religious_painting
Mannerism_Late_Renaissance,Baroque,0.928979218006134,21963,23773,el-greco,Unknown Artist,religious_painting,religious_painting
Mannerism_Late_Renaissance,Baroque,0.9120675921440125,25980,37413,tintoretto,peter-paul-rubens,religious_painting,religious_painting
Mannerism_Late_Renaissance,Baroque,0.8158514499664307,29148,55983,paolo-veronese,Unknown Artist,religious_painting,religious_painting
High_Renaissance,Northern_Renaissance,0.9174122214317322,46466,37467,Unknown Artist,hans-memling,religious_painting,religious_painting
Northern_Renaissance,High_Renaissance,0.8766348958015442,34061,34153,Unknown Artist,raphael,religious_painting,religious_painting
Early_Renaissance,Mannerism_Late_Renaissance,0.8263341784477234,42667,56099,Unknown Artist,Unknown Artist,religious_painting,religious_painting
High_Renaissance,Mannerism_Late_Renaissance,0.871121883392334,37673,44651,raphael,tintoretto,religious_painting,religious_painting
Early_Renaissance,High_Renaissance,0.8617913126945496,56777,55805,Unknown Artist,michelangelo,religious_painting,religious_painting
High_Renaissance,Northern_Renaissance,0.8708772659301758,32216,3119,pietro-perugino,albrecht-durer,religious_painting,religious_painting
High_Renaissance,Mannerism_Late_Renaissance,0.8856077790260315,37872,56565,raphael,paolo-veronese,religious_painting,religious_painting
Early_Renaissance,Northern_Renaissance,0.8680486083030701,56525,56966,Unknown Artist,Unknown Artist,religious_painting,religious_painting
Northern_Renaissance,High_Renaissance,0.8457622528076172,5035,56118,albrecht-durer,Unknown Artist,religious_painting,religious_painting
Early_Renaissance,Northern_Renaissance,0.8573455810546875,56407,10489,Unknown Artist,albrecht-durer,religious_painting,religious_painting
Early_Renaissance,Northern_Renaissance,0.8831852078437805,20835,36213,fra-angelico,Unknown Artist,religious_painting,religious_painting
High_Renaissance,Northern_Renaissance,0.8416016101837158,23815,56441,Unknown Artist,hieronymus-bosch,religious_painting,religious_painting
Early_Renaissance,High_Renaissance,0.8881238102912903,38287,46398,fra-angelico,raphael,religious_painting,religious_painting
Early_Renaissance,High_Renaissance,0.896447479724884,19174,55937,Unknown Artist,raphael,religious_painting,religious_painting
Early_Renaissance,High_Renaissance,0.8407717347145081,38339,56198,Unknown Artist,pietro-perugino,religious_painting,religious_painting
High_Renaissance,Mannerism_Late_Renaissance,0.8932801485061646,32241,47532,titian,tintoretto,religious_painting,religious_painting
Northern_Renaissance,Mannerism_Late_Renaissance,0.9108043313026428,56539,56808,Unknown Artist,Unknown Artist,religious_painting,religious_painting
High_Renaissance,Mannerism_Late_Renaissance,0.9311914443969727,34272,56704,Unknown Artist,paolo-veronese,religious_painting,religious_painting
Early_Renaissance,High_Renaissance,0.8678301572799683,22600,38056,fra-angelico,pietro-perugino,religious_painting,religious_painting
Early_Renaissance,High_Renaissance,0.9263798594474792,20738,49140,Unknown Artist,Unknown Artist,religious_painting,religious_painting
High_Renaissance,Mannerism_Late_Renaissance,0.9104784727096558,34153,55611,raphael,tintoretto,religious_painting,religious_painting
Mannerism_Late_Renaissance,Baroque,0.8923051357269287,26658,50478,paolo-veronese,Unknown Artist,religious_painting,religious_painting
High_Renaissance,Mannerism_Late_Renaissance,0.8674337267875671,55731,38273,titian,el-greco,religious_painting,religious_painting
High_Renaissance,Mannerism_Late_Renaissance,0.8537952303886414,56401,41421,titian,Unknown Artist,religious_painting,religious_painting
Northern_Renaissance,Mannerism_Late_Renaissance,0.9145939946174622,30414,43871,Unknown Artist,el-greco,religious_painting,religious_painting
High_Renaissance,Mannerism_Late_Renaissance,0.8540372252464294,31952,22851,Unknown Artist,el-greco,religious_painting,religious_painting
Northern_Renaissance,Mannerism_Late_Renaissance,0.871317982673645,22975,56465,Unknown Artist,el-greco,religious_painting,religious_painting
Northern_Renaissance,Mannerism_Late_Renaissance,0.852899432182312,56873,44777,Unknown Artist,el-greco,religious_painting,religious_painting
Northern_Renaissance,Baroque,0.8556364178657532,13171,5746,albrecht-durer,rembrandt,religious_painting,religious_painting
Early_Renaissance,High_Renaissance,0.9126717448234558,51286,48304,Unknown Artist,pietro-perugino,religious_painting,religious_painting
Mannerism_Late_Renaissance,Baroque,0.8835387825965881,31106,55723,paolo-veronese,bartolome-esteban-murillo,religious_painting,religious_painting
High_Renaissance,Mannerism_Late_Renaissance,0.9055694937705994,34542,35687,raphael,tintoretto,religious_painting,religious_painting
High_Renaissance,Northern_Renaissance,0.897053062915802,56770,19345,Unknown Artist,Unknown Artist,religious_painting,religious_painting
Early_Renaissance,High_Renaissance,0.8463895916938782,20738,55793,Unknown Artist,pietro-perugino,religious_painting,religious_painting
Early_Renaissance,High_Renaissance,0.8899642825126648,27828,42453,Unknown Artist,Unknown Artist,religious_painting,religious_painting
Mannerism_Late_Renaissance,Baroque,0.942696213722229,49148,34651,paolo-veronese,Unknown Artist,religious_painting,religious_painting
High_Renaissance,Mannerism_Late_Renaissance,0.8874709010124207,20022,45962,titian,Unknown Artist,religious_painting,religious_painting
Early_Renaissance,High_Renaissance,0.8552632331848145,32292,48685,Unknown Artist,Unknown Artist,religious_painting,religious_painting
Early_Renaissance,High_Renaissance,0.8421028256416321,19614,44161,pietro-perugino,titian,religious_painting,religious_painting
Baroque,Rococo,0.907490074634552,45453,40970,Unknown Artist,Unknown Artist,religious_painting,religious_painting
Northern_Renaissance,High_Renaissance,0.8623007535934448,56826,41238,Unknown Artist,Unknown Artist,religious_painting,religious_painting
High_Renaissance,Northern_Renaissance,0.9124310612678528,37805,18116,Unknown Artist,albrecht-durer,religious_painting,religious_painting
Early_Renaissance,High_Renaissance,0.8136468529701233,25758,46838,Unknown Artist,leonardo-da-vinci,religious_painting,religious_painting
Early_Renaissance,High_Renaissance,0.8874791264533997,28610,45631,Unknown Artist,Unknown Artist,religious_painting,religious_painting
High_Renaissance,Mannerism_Late_Renaissance,0.8720962405204773,56673,49458,michelangelo,tintoretto,religious_painting,religious_painting
Northern_Renaissance,Mannerism_Late_Renaissance,0.9007924199104309,44218,36642,Unknown Artist,paolo-veronese,religious_painting,religious_painting
Early_Renaissance,High_Renaissance,0.9450742602348328,25309,55792,Unknown Artist,Unknown Artist,religious_painting,religious_painting
High_Renaissance,Baroque,0.8852297067642212,38990,49452,titian,Unknown Artist,religious_painting,religious_painting
Early_Renaissance,Mannerism_Late_Renaissance,0.8749833703041077,56372,41670,pietro-perugino,el-greco,religious_painting,religious_painting
Early_Renaissance,Northern_Renaissance,0.8959358930587769,37430,44829,Unknown Artist,Unknown Artist,religious_painting,religious_painting
Early_Renaissance,High_Renaissance,0.811547577381134,55638,47849,Unknown Artist,raphael,religious_painting,religious_painting
Northern_Renaissance,High_Renaissance,0.9124310612678528,18116,37805,albrecht-durer,Unknown Artist,religious_painting,religious_painting
Early_Renaissance,Northern_Renaissance,0.8476783037185669,47711,21734,fra-angelico,hans-memling,religious_painting,religious_painting
High_Renaissance,Northern_Renaissance,0.8654770851135254,32216,20871,pietro-perugino,lucas-cranach-the-elder,religious_painting,religious_painting
Early_Renaissance,Northern_Renaissance,0.8392702341079712,38131,38282,fra-angelico,hieronymus-bosch,religious_painting,religious_painting
Early_Renaissance,High_Renaissance,0.8679138422012329,56410,55746,Unknown Artist,pietro-perugino,religious_painting,religious_painting
High_Renaissance,Mannerism_Late_Renaissance,0.9005494713783264,36811,27617,pietro-perugino,titian,religious_painting,religious_painting
Mannerism_Late_Renaissance,Baroque,0.9051330089569092,57044,5389,tintoretto,rembrandt,religious_painting,religious_painting
Early_Renaissance,High_Renaissance,0.9086454510688782,56834,30163,Unknown Artist,Unknown Artist,religious_painting,religious_painting
Early_Renaissance,Northern_Renaissance,0.8392208218574524,56922,13171,Unknown Artist,albrecht-durer,religious_painting,religious_painting
Northern_Renaissance,Mannerism_Late_Renaissance,0.8561218976974487,56873,23481,Unknown Artist,el-greco,religious_painting,religious_painting
Early_Renaissance,Northern_Renaissance,0.8448660969734192,40051,56854,Unknown Artist,hieronymus-bosch,religious_painting,religious_painting
Early_Renaissance,Northern_Renaissance,0.9244626760482788,19103,55811,fra-angelico,Unknown Artist,religious_painting,religious_painting
Northern_Renaissance,Mannerism_Late_Renaissance,0.8645951747894287,29749,22943,Unknown Artist,titian,religious_painting,religious_painting
Early_Renaissance,High_Renaissance,0.8920977115631104,56780,38068,Unknown Artist,Unknown Artist,religious_painting,religious_painting
High_Renaissance,Mannerism_Late_Renaissance,0.917374312877655,31767,19474,raphael,tintoretto,religious_painting,religious_painting
Early_Renaissance,Northern_Renaissance,0.9114885330200195,56451,47158,Unknown Artist,Unknown Artist,religious_painting,religious_painting
Early_Renaissance,High_Renaissance,0.9039609432220459,56797,56069,Unknown Artist,Unknown Artist,religious_painting,religious_painting
Early_Renaissance,Northern_Renaissance,0.8646886348724365,38287,57135,fra-angelico,hans-memling,religious_painting,religious_painting
High_Renaissance,Mannerism_Late_Renaissance,0.8882176876068115,25211,56036,Unknown Artist,el-greco,religious_painting,religious_painting
Early_Renaissance,Northern_Renaissance,0.9271757006645203,24725,56668,Unknown Artist,Unknown Artist,religious_painting,religious_painting
High_Renaissance,Mannerism_Late_Renaissance,0.8891950249671936,20501,56366,Unknown Artist,Unknown Artist,religious_painting,religious_painting
Early_Renaissance,High_Renaissance,0.9090850353240967,25963,45237,Unknown Artist,Unknown Artist,religious_painting,religious_painting
Early_Renaissance,High_Renaissance,0.8806829452514648,19614,46993,pietro-perugino,Unknown Artist,religious_painting,religious_painting
High_Renaissance,Baroque,0.8445616960525513,51589,9085,Unknown Artist,rembrandt,religious_painting,religious_painting
Northern_Renaissance,Mannerism_Late_Renaissance,0.9101670980453491,49358,29795,Unknown Artist,tintoretto,religious_painting,religious_painting
High_Renaissance,Mannerism_Late_Renaissance,0.8564392328262329,36811,29982,pietro-perugino,el-greco,religious_painting,religious_painting
Early_Renaissance,Mannerism_Late_Renaissance,0.9047026634216309,25482,46959,pietro-perugino,el-greco,religious_painting,religious_painting
High_Renaissance,Mannerism_Late_Renaissance,0.8234682083129883,56968,25935,titian,tintoretto,religious_painting,religious_painting
Early_Renaissance,High_Renaissance,0.8585208058357239,26869,56924,Unknown Artist,pietro-perugino,religious_painting,religious_painting
Northern_Renaissance,Mannerism_Late_Renaissance,0.8115639090538025,8517,22835,albrecht-durer,tintoretto,religious_painting,religious_painting
Early_Renaissance,High_Renaissance,0.8845993280410767,40412,49513,Unknown Artist,Unknown Artist,religious_painting,religious_painting
Early_Renaissance,Baroque,0.887242317199707,56326,42837,pietro-perugino,Unknown Artist,religious_painting,religious_painting
Early_Renaissance,Northern_Renaissance,0.9001750349998474,36364,21042,Unknown Artist,Unknown Artist,religious_painting,religious_painting
Early_Renaissance,High_Renaissance,0.8667827844619751,56967,40419,Unknown Artist,michelangelo,religious_painting,religious_painting
Northern_Renaissance,Mannerism_Late_Renaissance,0.891900897026062,49358,20033,Unknown Artist,paolo-veronese,religious_painting,religious_painting
Northern_Renaissance,Mannerism_Late_Renaissance,0.891900897026062,49358,29310,Unknown Artist,paolo-veronese,religious_painting,religious_painting
Northern_Renaissance,Mannerism_Late_Renaissance,0.8901872634887695,21701,55698,Unknown Artist,titian,religious_painting,religious_painting
High_Renaissance,Mannerism_Late_Renaissance,0.8796748518943787,29266,32276,Unknown Artist,Unknown Artist,religious_painting,religious_painting
High_Renaissance,Mannerism_Late_Renaissance,0.8621308207511902,52918,40121,Unknown Artist,tintoretto,religious_painting,religious_painting
Early_Renaissance,Mannerism_Late_Renaissance,0.9045695662498474,55869,19173,Unknown Artist,Unknown Artist,religious_painting,religious_painting
Early_Renaissance,High_Renaissance,0.8882142305374146,40864,38923,Unknown Artist,Unknown Artist,religious_painting,religious_painting
Northern_Renaissance,Baroque,0.8777203559875488,22975,3422,Unknown Artist,rembrandt,religious_painting,religious_painting
Northern_Renaissance,Baroque,0.8880903720855713,18007,28739,albrecht-durer,Unknown Artist,religious_painting,religious_painting
High_Renaissance,Mannerism_Late_Renaissance,0.9080797433853149,56839,55787,Unknown Artist,paolo-veronese,religious_painting,religious_painting
High_Renaissance,Mannerism_Late_Renaissance,0.9093289375305176,31767,55942,raphael,paolo-veronese,religious_painting,religious_painting
High_Renaissance,Mannerism_Late_Renaissance,0.8521589636802673,55731,32662,titian,el-greco,religious_painting,religious_painting
Mannerism_Late_Renaissance,Baroque,0.9171701669692993,56674,56746,el-greco,Unknown Artist,religious_painting,religious_painting
Early_Renaissance,High_Renaissance,0.8378726840019226,25758,55768,Unknown Artist,raphael,religious_painting,religious_painting
High_Renaissance,Mannerism_Late_Renaissance,0.8874614834785461,31952,56563,Unknown Artist,tintoretto,religious_painting,religious_painting
Early_Renaissance,Northern_Renaissance,0.8899612426757812,53035,28045,pietro-perugino,hans-memling,religious_painting,religious_painting
Early_Renaissance,Northern_Renaissance,0.8798865675926208,56737,9702,Unknown Artist,albrecht-durer,religious_painting,religious_painting
Early_Renaissance,Mannerism_Late_Renaissance,0.9020495414733887,29403,55719,Unknown Artist,Unknown Artist,religious_painting,religious_painting
High_Renaissance,Northern_Renaissance,0.8512839674949646,31952,3880,Unknown Artist,albrecht-durer,religious_painting,religious_painting
Early_Renaissance,High_Renaissance,0.8595531582832336,36632,40460,Unknown Artist,Unknown Artist,religious_painting,religious_painting
High_Renaissance,Northern_Renaissance,0.8595677018165588,25311,27914,Unknown Artist,Unknown Artist,religious_painting,religious_painting
Early_Renaissance,High_Renaissance,0.8589072823524475,28610,51556,Unknown Artist,Unknown Artist,religious_painting,religious_painting
Early_Renaissance,Mannerism_Late_Renaissance,0.8766474723815918,44769,32156,Unknown Artist,tintoretto,religious_painting,religious_painting
Early_Renaissance,Mannerism_Late_Renaissance,0.8609110116958618,56665,31653,Unknown Artist,tintoretto,religious_painting,religious_painting
Early_Renaissance,Northern_Renaissance,0.8648632168769836,57083,52993,Unknown Artist,hans-memling,religious_painting,religious_painting
Early_Renaissance,Northern_Renaissance,0.8256015181541443,36978,37828,fra-angelico,Unknown Artist,religious_painting,religious_painting
Early_Renaissance,Northern_Renaissance,0.8900285959243774,50544,26378,fra-angelico,hans-memling,religious_painting,religious_painting
Early_Renaissance,Northern_Renaissance,0.9342485666275024,57024,31571,pietro-perugino,Unknown Artist,religious_painting,religious_painting
Early_Renaissance,High_Renaissance,0.906351625919342,30666,56562,Unknown Artist,Unknown Artist,religious_painting,religious_painting
Early_Renaissance,Mannerism_Late_Renaissance,0.848890483379364,28744,46712,Unknown Artist,Unknown Artist,religious_painting,religious_painting
Early_Renaissance,Northern_Renaissance,0.853767454624176,20738,23198,Unknown Artist,hans-memling,religious_painting,religious_painting
Early_Renaissance,Northern_Renaissance,0.9138960838317871,28814,57000,fra-angelico,Unknown Artist,religious_painting,religious_painting
Northern_Renaissance,Baroque,0.8757476806640625,18131,26604,albrecht-durer,Unknown Artist,religious_painting,religious_painting
Northern_Renaissance,Mannerism_Late_Renaissance,0.872897207736969,2747,57034,albrecht-durer,Unknown Artist,religious_painting,religious_painting
Northern_Renaissance,High_Renaissance,0.8885087966918945,28659,47767,Unknown Artist,raphael,religious_painting,religious_painting
High_Renaissance,Mannerism_Late_Renaissance,0.9048666954040527,31767,56702,raphael,titian,religious_painting,religious_painting
Early_Renaissance,Northern_Renaissance,0.856465756893158,48655,1310,Unknown Artist,albrecht-durer,religious_painting,religious_painting
Northern_Renaissance,Mannerism_Late_Renaissance,0.8601046204566956,27395,41303,Unknown Artist,Unknown Artist,religious_painting,religious_painting
Mannerism_Late_Renaissance,Baroque,0.8809520602226257,52226,55850,paolo-veronese,peter-paul-rubens,religious_painting,religious_painting
High_Renaissance,Northern_Renaissance,0.8769802451133728,34489,56540,raphael,hieronymus-bosch,religious_painting,religious_painting
High_Renaissance,Mannerism_Late_Renaissance,0.8746851682662964,26976,56243,Unknown Artist,Unknown Artist,religious_painting,religious_painting
Northern_Renaissance,Baroque,0.8592870235443115,3203,39944,albrecht-durer,bartolome-esteban-murillo,religious_painting,religious_painting
Early_Renaissance,Northern_Renaissance,0.8646583557128906,56820,18007,Unknown Artist,albrecht-durer,religious_painting,religious_painting
Mannerism_Late_Renaissance,Baroque,0.882672131061554,22626,22868,el-greco,Unknown Artist,religious_painting,religious_painting
Early_Renaissance,High_Renaissance,0.8866422772407532,55869,56136,Unknown Artist,Unknown Artist,religious_painting,religious_painting
Northern_Renaissance,High_Renaissance,0.8475320935249329,10124,33254,albrecht-durer,leonardo-da-vinci,religious_painting,religious_painting
High_Renaissance,Mannerism_Late_Renaissance,0.826779305934906,56249,29828,Unknown Artist,Unknown Artist,religious_painting,religious_painting
Early_Renaissance,Northern_Renaissance,0.9437372088432312,56355,56828,Unknown Artist,hans-memling,religious_painting,religious_painting
High_Renaissance,Northern_Renaissance,0.8838465809822083,52576,726,leonardo-da-vinci,albrecht-durer,religious_painting,religious_painting
Early_Renaissance,High_Renaissance,0.9030736684799194,43742,55733,Unknown Artist,michelangelo,religious_painting,religious_painting
Northern_Renaissance,High_Renaissance,0.8607580661773682,56458,25449,Unknown Artist,Unknown Artist,religious_painting,religious_painting
High_Renaissance,Mannerism_Late_Renaissance,0.9120376706123352,22248,55631,raphael,Unknown Artist,religious_painting,religious_painting
Early_Renaissance,High_Renaissance,0.8643761873245239,23140,20022,Unknown Artist,titian,religious_painting,religious_painting
Early_Renaissance,Northern_Renaissance,0.8080369234085083,57008,56632,Unknown Artist,hieronymus-bosch,religious_painting,religious_painting
High_Renaissance,Northern_Renaissance,0.7899515628814697,19227,35521,raphael,hieronymus-bosch,religious_painting,religious_painting
High_Renaissance,Northern_Renaissance,0.9393861293792725,49178,27070,Unknown Artist,Unknown Artist,religious_painting,religious_painting
Mannerism_Late_Renaissance,Baroque,0.9282131791114807,24904,22907,paolo-veronese,peter-paul-rubens,religious_painting,religious_painting
High_Renaissance,Rococo,0.8785297274589539,43505,28399,Unknown Artist,Unknown Artist,religious_painting,religious_painting
Early_Renaissance,Northern_Renaissance,0.9011097550392151,56525,38767,Unknown Artist,Unknown Artist,religious_painting,religious_painting
Early_Renaissance,Mannerism_Late_Renaissance,0.86569744348526,32171,57090,Unknown Artist,Unknown Artist,religious_painting,religious_painting
Northern_Renaissance,Mannerism_Late_Renaissance,0.8606887459754944,56358,41502,Unknown Artist,tintoretto,religious_painting,religious_painting
Early_Renaissance,High_Renaissance,0.9102597236633301,22126,27547,Unknown Artist,Unknown Artist,religious_painting,religious_painting
High_Renaissance,Mannerism_Late_Renaissance,0.9016260504722595,27923,57086,Unknown Artist,tintoretto,religious_painting,religious_painting
Northern_Renaissance,Mannerism_Late_Renaissance,0.8686731457710266,24590,45537,lucas-cranach-the-elder,paolo-veronese,religious_painting,religious_painting
Early_Renaissance,Mannerism_Late_Renaissance,0.8907182812690735,57048,55767,Unknown Artist,tintoretto,religious_painting,religious_painting
Early_Renaissance,High_Renaissance,0.9164024591445923,46523,44578,Unknown Artist,pietro-perugino,religious_painting,religious_painting
Early_Renaissance,High_Renaissance,0.8985435962677002,55605,55653,pietro-perugino,pietro-perugino,religious_painting,religious_painting
Early_Renaissance,Baroque,0.8770720958709717,22041,39976,Unknown Artist,Unknown Artist,religious_painting,religious_painting
Early_Renaissance,High_Renaissance,0.9123232364654541,56013,56454,Unknown Artist,pietro-perugino,religious_painting,religious_painting
Early_Renaissance,High_Renaissance,0.9126170873641968,46903,42615,Unknown Artist,Unknown Artist,religious_painting,religious_painting
Early_Renaissance,Northern_Renaissance,0.822405993938446,38247,8353,Unknown Artist,albrecht-durer,religious_painting,religious_painting
High_Renaissance,Northern_Renaissance,0.8871414661407471,56503,21434,Unknown Artist,hans-memling,religious_painting,religious_painting
Northern_Renaissance,High_Renaissance,0.8318457007408142,18116,33742,albrecht-durer,Unknown Artist,religious_painting,religious_painting
Early_Renaissance,High_Renaissance,0.9490802884101868,50663,46504,fra-angelico,pietro-perugino,religious_painting,religious_painting
High_Renaissance,Mannerism_Late_Renaissance,0.8812313675880432,56949,19972,raphael,paolo-veronese,religious_painting,religious_painting
Mannerism_Late_Renaissance,Baroque,0.944232702255249,28993,57057,paolo-veronese,Unknown Artist,religious_painting,religious_painting
Early_Renaissance,High_Renaissance,0.8639035224914551,28610,19655,Unknown Artist,Unknown Artist,religious_painting,religious_painting
Northern_Renaissance,Mannerism_Late_Renaissance,0.8524482250213623,22301,20828,hieronymus-bosch,el-greco,religious_painting,religious_painting
Early_Renaissance,Northern_Renaissance,0.8438150882720947,55998,24724,Unknown Artist,Unknown Artist,religious_painting,religious_painting
Early_Renaissance,High_Renaissance,0.9335660934448242,49966,24329,Unknown Artist,Unknown Artist,religious_painting,religious_painting
High_Renaissance,Northern_Renaissance,0.8465074300765991,55678,20047,Unknown Artist,hieronymus-bosch,religious_painting,religious_painting
Northern_Renaissance,High_Renaissance,0.864815354347229,36055,23815,Unknown Artist,Unknown Artist,religious_painting,religious_painting
Early_Renaissance,High_Renaissance,0.8819723129272461,26869,44562,Unknown Artist,pietro-perugino,religious_painting,religious_painting
Mannerism_Late_Renaissance,Baroque,0.8673280477523804,42192,23075,Unknown Artist,Unknown Artist,religious_painting,religious_painting
Early_Renaissance,High_Renaissance,0.9205766320228577,34366,38482,Unknown Artist,Unknown Artist,religious_painting,religious_painting
High_Renaissance,Mannerism_Late_Renaissance,0.8915137648582458,37872,52226,raphael,paolo-veronese,religious_painting,religious_painting
Northern_Renaissance,Mannerism_Late_Renaissance,0.8777637481689453,56380,50321,Unknown Artist,tintoretto,religious_painting,religious_painting
Early_Renaissance,Northern_Renaissance,0.8773882985115051,55655,38300,Unknown Artist,hans-memling,religious_painting,religious_painting
Mannerism_Late_Renaissance,Baroque,0.8577277064323425,47500,48838,el-greco,Unknown Artist,religious_painting,religious_painting
High_Renaissance,Mannerism_Late_Renaissance,0.8840674161911011,51176,33015,Unknown Artist,el-greco,religious_painting,religious_painting
High_Renaissance,Northern_Renaissance,0.8213819265365601,31157,43387,pietro-perugino,hieronymus-bosch,religious_painting,religious_painting
Early_Renaissance,Northern_Renaissance,0.9072906374931335,30954,32103,Unknown Artist,lucas-cranach-the-elder,religious_painting,religious_painting
Mannerism_Late_Renaissance,Rococo,0.8647754788398743,22880,33576,Unknown Artist,Unknown Artist,religious_painting,religious_painting
High_Renaissance,Northern_Renaissance,0.8903762698173523,20083,25016,Unknown Artist,Unknown Artist,religious_painting,religious_painting
High_Renaissance,Mannerism_Late_Renaissance,0.8893294930458069,46602,56146,pietro-perugino,titian,religious_painting,religious_painting
Early_Renaissance,Mannerism_Late_Renaissance,0.8598993420600891,56098,55617,Unknown Artist,Unknown Artist,religious_painting,religious_painting
High_Renaissance,Northern_Renaissance,0.8642404079437256,56035,9682,titian,albrecht-durer,religious_painting,religious_painting
High_Renaissance,Mannerism_Late_Renaissance,0.8406624794006348,46289,28177,titian,el-greco,religious_painting,religious_painting
Early_Renaissance,High_Renaissance,0.8778882026672363,51286,36873,Unknown Artist,pietro-perugino,religious_painting,religious_painting
Early_Renaissance,High_Renaissance,0.8562232255935669,43952,22841,Unknown Artist,Unknown Artist,religious_painting,religious_painting
Early_Renaissance,High_Renaissance,0.8940591216087341,25482,33432,pietro-perugino,pietro-perugino,religious_painting,religious_painting
Early_Renaissance,High_Renaissance,0.9002414345741272,30954,26594,Unknown Artist,Unknown Artist,religious_painting,religious_painting
Early_Renaissance,High_Renaissance,0.8832427859306335,56125,45434,Unknown Artist,michelangelo,religious_painting,religious_painting
High_Renaissance,Mannerism_Late_Renaissance,0.8979467153549194,25182,55759,Unknown Artist,titian,religious_painting,religious_painting
Early_Renaissance,High_Renaissance,0.8946408629417419,40864,56025,Unknown Artist,Unknown Artist,religious_painting,religious_painting
Early_Renaissance,High_Renaissance,0.8687312006950378,39225,55649,Unknown Artist,raphael,religious_painting,religious_painting
High_Renaissance,Mannerism_Late_Renaissance,0.9129142761230469,56127,50641,raphael,Unknown Artist,religious_painting,religious_painting
Early_Renaissance,Northern_Renaissance,0.8915894627571106,29617,11600,Unknown Artist,albrecht-durer,religious_painting,religious_painting
High_Renaissance,Mannerism_Late_Renaissance,0.8197916746139526,38990,46192,titian,paolo-veronese,religious_painting,religious_painting
Northern_Renaissance,Mannerism_Late_Renaissance,0.8982119560241699,30850,55866,Unknown Artist,Unknown Artist,religious_painting,religious_painting
Early_Renaissance,Northern_Renaissance,0.8633857369422913,57083,55840,Unknown Artist,Unknown Artist,religious_painting,religious_painting
High_Renaissance,Northern_Renaissance,0.8815906643867493,55705,24003,Unknown Artist,hieronymus-bosch,religious_painting,religious_painting
Early_Renaissance,Northern_Renaissance,0.8365864753723145,26806,56143,fra-angelico,Unknown Artist,religious_painting,religious_painting
Northern_Renaissance,High_Renaissance,0.9284343719482422,56430,55714,Unknown Artist,Unknown Artist,religious_painting,religious_painting
Early_Renaissance,Northern_Renaissance,0.9339355826377869,35073,56430,fra-angelico,Unknown Artist,religious_painting,religious_painting
High_Renaissance,Mannerism_Late_Renaissance,0.8806621432304382,32986,56298,Unknown Artist,tintoretto,religious_painting,religious_painting
High_Renaissance,Rococo,0.8584873676300049,46342,47959,Unknown Artist,Unknown Artist,religious_painting,religious_painting
Early_Renaissance,High_Renaissance,0.8811108469963074,23613,45900,Unknown Artist,Unknown Artist,religious_painting,religious_painting
Northern_Renaissance,Mannerism_Late_Renaissance,0.8741909861564636,30414,47500,Unknown Artist,el-greco,religious_painting,religious_painting
Northern_Renaissance,Baroque,0.8311914801597595,17993,17744,albrecht-durer,rembrandt,religious_painting,religious_painting
Early_Renaissance,High_Renaissance,0.8885729908943176,56798,50053,Unknown Artist,pietro-perugino,religious_painting,religious_painting
High_Renaissance,Mannerism_Late_Renaissance,0.9465047121047974,57155,41556,Unknown Artist,Unknown Artist,religious_painting,religious_painting
Early_Renaissance,Northern_Renaissance,0.9130535125732422,20738,34061,Unknown Artist,Unknown Artist,religious_painting,religious_painting
Early_Renaissance,Northern_Renaissance,0.8597458600997925,56372,36825,pietro-perugino,Unknown Artist,religious_painting,religious_painting
Early_Renaissance,Mannerism_Late_Renaissance,0.8842241764068604,55757,27610,Unknown Artist,Unknown Artist,religious_painting,religious_painting
Early_Renaissance,High_Renaissance,0.9521999359130859,56604,56590,leonardo-da-vinci,Unknown Artist,religious_painting,religious_painting
High_Renaissance,Northern_Renaissance,0.8916332125663757,56035,10124,titian,albrecht-durer,religious_painting,religious_painting
Early_Renaissance,High_Renaissance,0.8549683094024658,19614,55639,pietro-perugino,raphael,religious_painting,religious_painting
High_Renaissance,Mannerism_Late_Renaissance,0.8999021053314209,22248,19216,raphael,Unknown Artist,religious_painting,religious_painting
Early_Renaissance,High_Renaissance,0.8071681261062622,38461,30550,Unknown Artist,raphael,religious_painting,religious_painting
Early_Renaissance,High_Renaissance,0.8825744390487671,32826,25772,Unknown Artist,michelangelo,religious_painting,religious_painting
High_Renaissance,Mannerism_Late_Renaissance,0.8692060708999634,30981,50597,Unknown Artist,tintoretto,religious_painting,religious_painting
Early_Renaissance,High_Renaissance,0.7534324526786804,35109,55681,fra-angelico,michelangelo,religious_painting,religious_painting
Mannerism_Late_Renaissance,Baroque,0.8749203681945801,20794,10758,tintoretto,rembrandt,religious_painting,religious_painting
Early_Renaissance,Mannerism_Late_Renaissance,0.8552372455596924,27759,26811,Unknown Artist,el-greco,religious_painting,religious_painting
Northern_Renaissance,Mannerism_Late_Renaissance,0.9087273478507996,44164,19999,hieronymus-bosch,tintoretto,religious_painting,religious_painting
Early_Renaissance,Northern_Renaissance,0.880259096622467,28215,55772,Unknown Artist,Unknown Artist,religious_painting,religious_painting
High_Renaissance,Northern_Renaissance,0.8904291391372681,37410,56615,michelangelo,lucas-cranach-the-elder,religious_painting,religious_painting
High_Renaissance,Mannerism_Late_Renaissance,0.918648362159729,38923,53080,Unknown Artist,Unknown Artist,religious_painting,religious_painting
High_Renaissance,Northern_Renaissance,0.9028875231742859,21958,30414,Unknown Artist,Unknown Artist,religious_painting,religious_painting
Early_Renaissance,Northern_Renaissance,0.9281738996505737,28215,48097,Unknown Artist,hans-memling,religious_painting,religious_painting
Early_Renaissance,Northern_Renaissance,0.8461421728134155,56737,9114,Unknown Artist,albrecht-durer,religious_painting,religious_painting
Mannerism_Late_Renaissance,Baroque,0.8286992311477661,19375,10334,paolo-veronese,rembrandt,religious_painting,religious_painting
High_Renaissance,Northern_Renaissance,0.9165468215942383,35997,19071,Unknown Artist,Unknown Artist,religious_painting,religious_painting
Early_Renaissance,Northern_Renaissance,0.8275472521781921,55757,27943,Unknown Artist,Unknown Artist,religious_painting,religious_painting
Early_Renaissance,Mannerism_Late_Renaissance,0.8669618964195251,50267,55858,Unknown Artist,Unknown Artist,religious_painting,religious_painting
Early_Renaissance,Baroque,0.8939741849899292,56683,55801,fra-angelico,Unknown Artist,religious_painting,religious_painting
Early_Renaissance,Northern_Renaissance,0.8474626541137695,27226,55677,pietro-perugino,Unknown Artist,religious_painting,religious_painting
Early_Renaissance,Northern_Renaissance,0.8640224933624268,57109,52881,Unknown Artist,hans-holbein-the-younger,religious_painting,religious_painting
Early_Renaissance,High_Renaissance,0.8657165169715881,20866,21329,Unknown Artist,raphael,religious_painting,religious_painting
Early_Renaissance,Northern_Renaissance,0.895423173904419,56780,50337,Unknown Artist,Unknown Artist,religious_painting,religious_painting
Early_Renaissance,High_Renaissance,0.8968636393547058,55898,50929,Unknown Artist,pietro-perugino,religious_painting,religious_painting
Early_Renaissance,High_Renaissance,0.8788903951644897,38076,46058,Unknown Artist,Unknown Artist,religious_painting,religious_painting
High_Renaissance,Northern_Renaissance,0.8350322246551514,30544,52432,raphael,Unknown Artist,religious_painting,religious_painting
High_Renaissance,Mannerism_Late_Renaissance,0.875817060470581,45631,24251,Unknown Artist,Unknown Artist,religious_painting,religious_painting
Early_Renaissance,Northern_Renaissance,0.8991879820823669,20123,56169,fra-angelico,hans-memling,religious_painting,religious_painting
Early_Renaissance,High_Renaissance,0.8884488344192505,48904,55718,Unknown Artist,Unknown Artist,religious_painting,religious_painting
High_Renaissance,Mannerism_Late_Renaissance,0.9405556917190552,22541,26558,raphael,tintoretto,religious_painting,religious_painting
Northern_Renaissance,High_Renaissance,0.8873909711837769,11580,56012,albrecht-durer,titian,religious_painting,religious_painting
Early_Renaissance,Northern_Renaissance,0.8962996006011963,56305,56189,fra-angelico,hieronymus-bosch,religious_painting,religious_painting
Northern_Renaissance,High_Renaissance,0.8288232684135437,29579,24914,hieronymus-bosch,raphael,religious_painting,religious_painting
High_Renaissance,Mannerism_Late_Renaissance,0.874039888381958,52548,21180,Unknown Artist,Unknown Artist,religious_painting,religious_painting
Northern_Renaissance,Mannerism_Late_Renaissance,0.8785011768341064,22975,31205,Unknown Artist,el-greco,religious_painting,religious_painting
High_Renaissance,Mannerism_Late_Renaissance,0.8858094811439514,56878,20411,Unknown Artist,tintoretto,religious_painting,religious_painting
High_Renaissance,Northern_Renaissance,0.8608989119529724,39055,20178,Unknown Artist,hans-memling,religious_painting,religious_painting
Northern_Renaissance,High_Renaissance,0.878491222858429,30968,31053,Unknown Artist,leonardo-da-vinci,religious_painting,religious_painting
High_Renaissance,Northern_Renaissance,0.8881570100784302,56035,7460,titian,albrecht-durer,religious_painting,religious_painting
Northern_Renaissance,High_Renaissance,0.8575316667556763,55811,32854,Unknown Artist,raphael,religious_painting,religious_painting
Early_Renaissance,High_Renaissance,0.8992165923118591,56800,56249,Unknown Artist,Unknown Artist,religious_painting,religious_painting
Early_Renaissance,High_Renaissance,0.8598192930221558,56251,47125,Unknown Artist,Unknown Artist,religious_painting,religious_painting
Mannerism_Late_Renaissance,Baroque,0.8790700435638428,20640,20593,el-greco,Unknown Artist,religious_painting,religious_painting
Northern_Renaissance,Mannerism_Late_Renaissance,0.8929635286331177,32732,26412,Unknown Artist,Unknown Artist,religious_painting,religious_painting
Mannerism_Late_Renaissance,Baroque,0.876867949962616,34318,32259,el-greco,peter-paul-rubens,religious_painting,religious_painting
Northern_Renaissance,Baroque,0.8405935764312744,6858,5428,albrecht-durer,rembrandt,religious_painting,religious_painting
Northern_Renaissance,High_Renaissance,0.8892956376075745,47661,56863,Unknown Artist,Unknown Artist,religious_painting,religious_painting
High_Renaissance,Mannerism_Late_Renaissance,0.9236448407173157,55705,55901,Unknown Artist,Unknown Artist,religious_painting,religious_painting
Early_Renaissance,Mannerism_Late_Renaissance,0.8519312739372253,27058,57010,Unknown Artist,el-greco,religious_painting,religious_painting
Early_Renaissance,High_Renaissance,0.8397876620292664,25758,35541,Unknown Artist,pietro-perugino,religious_painting,religious_painting
Early_Renaissance,Northern_Renaissance,0.8391876816749573,56496,35946,Unknown Artist,Unknown Artist,religious_painting,religious_painting
Early_Renaissance,High_Renaissance,0.9005341529846191,31258,41278,Unknown Artist,pietro-perugino,religious_painting,religious_painting
High_Renaissance,Mannerism_Late_Renaissance,0.8794658184051514,44627,56439,raphael,tintoretto,religious_painting,religious_painting
Early_Renaissance,High_Renaissance,0.9052345752716064,50996,37323,Unknown Artist,pietro-perugino,religious_painting,religious_painting
Early_Renaissance,Northern_Renaissance,0.8912469744682312,55800,28527,Unknown Artist,hieronymus-bosch,religious_painting,religious_painting
High_Renaissance,Mannerism_Late_Renaissance,0.8924154043197632,27547,19219,Unknown Artist,tintoretto,religious_painting,religious_painting
Mannerism_Late_Renaissance,Rococo,0.9195799827575684,30599,41259,tintoretto,Unknown Artist,religious_painting,religious_painting
High_Renaissance,Northern_Renaissance,0.8508769869804382,29599,4422,leonardo-da-vinci,albrecht-durer,religious_painting,religious_painting
Early_Renaissance,Mannerism_Late_Renaissance,0.8404019474983215,46214,48217,Unknown Artist,tintoretto,religious_painting,religious_painting
Early_Renaissance,High_Renaissance,0.8783979415893555,27828,55878,Unknown Artist,Unknown Artist,religious_painting,religious_painting
Northern_Renaissance,Mannerism_Late_Renaissance,0.8622940182685852,49917,26021,hieronymus-bosch,el-greco,religious_painting,religious_painting
Early_Renaissance,High_Renaissance,0.8851695656776428,19614,42440,pietro-perugino,pietro-perugino,religious_painting,religious_painting
High_Renaissance,Baroque,0.8527041673660278,51395,46093,Unknown Artist,peter-paul-rubens,religious_painting,religious_painting
High_Renaissance,Northern_Renaissance,0.7884018421173096,27917,57043,Unknown Artist,lucas-cranach-the-elder,religious_painting,religious_painting
High_Renaissance,Mannerism_Late_Renaissance,0.893175482749939,34153,30599,raphael,tintoretto,religious_painting,religious_painting
High_Renaissance,Mannerism_Late_Renaissance,0.9077656865119934,22248,55809,raphael,Unknown Artist,religious_painting,religious_painting
Early_Renaissance,High_Renaissance,0.8859718441963196,21567,26142,Unknown Artist,Unknown Artist,religious_painting,religious_painting
High_Renaissance,Mannerism_Late_Renaissance,0.8676134943962097,49432,45891,Unknown Artist,titian,religious_painting,religious_painting
Early_Renaissance,High_Renaissance,0.9258286356925964,25709,55857,pietro-perugino,pietro-perugino,religious_painting,religious_painting
High_Renaissance,Mannerism_Late_Renaissance,0.8544020056724548,30981,40899,Unknown Artist,tintoretto,religious_painting,religious_painting
Early_Renaissance,Mannerism_Late_Renaissance,0.8373249769210815,24924,56317,Unknown Artist,el-greco,religious_painting,religious_painting
Early_Renaissance,Northern_Renaissance,0.8950142860412598,42018,22586,Unknown Artist,hans-holbein-the-younger,religious_painting,religious_painting
Mannerism_Late_Renaissance,Baroque,0.8775728940963745,45537,56961,paolo-veronese,Unknown Artist,religious_painting,religious_painting
High_Renaissance,Northern_Renaissance,0.8148025274276733,38058,37515,titian,lucas-cranach-the-elder,religious_painting,religious_painting
Early_Renaissance,High_Renaissance,0.9274795651435852,21752,46471,Unknown Artist,raphael,religious_painting,religious_painting
Northern_Renaissance,Mannerism_Late_Renaissance,0.8517643213272095,49917,44982,hieronymus-bosch,el-greco,religious_painting,religious_painting
Early_Renaissance,Rococo,0.8493773341178894,56892,25575,Unknown Artist,Unknown Artist,religious_painting,religious_painting
High_Renaissance,Mannerism_Late_Renaissance,0.8923217058181763,24418,56281,titian,paolo-veronese,religious_painting,religious_painting
High_Renaissance,Northern_Renaissance,0.8665761351585388,56417,29383,Unknown Artist,hans-memling,religious_painting,religious_painting
Northern_Renaissance,High_Renaissance,0.9182696342468262,25485,23795,Unknown Artist,raphael,religious_painting,religious_painting
Mannerism_Late_Renaissance,Baroque,0.8467795252799988,35995,25465,titian,Unknown Artist,religious_painting,religious_painting
Early_Renaissance,High_Renaissance,0.9213196635246277,26915,36038,pietro-perugino,Unknown Artist,religious_painting,religious_painting
Early_Renaissance,Baroque,0.85084068775177,26869,35002,Unknown Artist,bartolome-esteban-murillo,religious_painting,religious_painting
Early_Renaissance,High_Renaissance,0.9093329906463623,36902,55705,Unknown Artist,Unknown Artist,religious_painting,religious_painting
Northern_Renaissance,Mannerism_Late_Renaissance,0.8726015090942383,56313,38248,Unknown Artist,Unknown Artist,religious_painting,religious_painting
High_Renaissance,Baroque,0.894031822681427,23117,41723,titian,Unknown Artist,religious_painting,religious_painting
High_Renaissance,Mannerism_Late_Renaissance,0.885076105594635,32986,47313,Unknown Artist,paolo-veronese,religious_painting,religious_painting
High_Renaissance,Mannerism_Late_Renaissance,0.9211097359657288,49571,56268,titian,titian,religious_painting,religious_painting
Early_Renaissance,High_Renaissance,0.8932675123214722,33443,34573,Unknown Artist,michelangelo,religious_painting,religious_painting
High_Renaissance,Baroque,0.8937698602676392,20579,56840,Unknown Artist,Unknown Artist,religious_painting,religious_painting
Northern_Renaissance,High_Renaissance,0.8916332125663757,10124,56035,albrecht-durer,titian,religious_painting,religious_painting
Early_Renaissance,Northern_Renaissance,0.8725486993789673,22126,11750,Unknown Artist,albrecht-durer,religious_painting,religious_painting
High_Renaissance,Northern_Renaissance,0.9171158075332642,56378,28394,Unknown Artist,Unknown Artist,religious_painting,religious_painting
Early_Renaissance,High_Renaissance,0.9026944041252136,55920,55906,pietro-perugino,pietro-perugino,religious_painting,religious_painting
High_Renaissance,Northern_Renaissance,0.8551781177520752,29774,55921,raphael,hans-holbein-the-younger,religious_painting,religious_painting
Northern_Renaissance,Mannerism_Late_Renaissance,0.8671901226043701,49294,49700,hans-memling,el-greco,religious_painting,religious_painting
Northern_Renaissance,Mannerism_Late_Renaissance,0.8747366666793823,56539,33110,Unknown Artist,paolo-veronese,religious_painting,religious_painting
Mannerism_Late_Renaissance,Baroque,0.8780764937400818,23196,19721,el-greco,peter-paul-rubens,religious_painting,religious_painting
Mannerism_Late_Renaissance,Rococo,0.895903468132019,43871,24028,el-greco,Unknown Artist,religious_painting,religious_painting
Early_Renaissance,High_Renaissance,0.8742756843566895,56797,56675,Unknown Artist,Unknown Artist,religious_painting,religious_painting
Early_Renaissance,Mannerism_Late_Renaissance,0.889641523361206,56862,38196,Unknown Artist,titian,religious_painting,religious_painting
Early_Renaissance,High_Renaissance,0.8654255270957947,57022,33000,Unknown Artist,michelangelo,religious_painting,religious_painting
Early_Renaissance,Northern_Renaissance,0.9165006875991821,24726,56556,Unknown Artist,hieronymus-bosch,religious_painting,religious_painting
Early_Renaissance,High_Renaissance,0.868462324142456,56309,56370,Unknown Artist,Unknown Artist,religious_painting,religious_painting
High_Renaissance,Northern_Renaissance,0.8996012806892395,36038,39535,Unknown Artist,Unknown Artist,religious_painting,religious_painting
Early_Renaissance,Northern_Renaissance,0.8682684302330017,56429,57006,leonardo-da-vinci,hieronymus-bosch,religious_painting,religious_painting
High_Renaissance,Baroque,0.8704084753990173,45243,27080,Unknown Artist,Unknown Artist,religious_painting,religious_painting
Early_Renaissance,Northern_Renaissance,0.9297996163368225,56604,34406,leonardo-da-vinci,Unknown Artist,religious_painting,religious_painting
Early_Renaissance,Northern_Renaissance,0.9033183455467224,55605,24222,pietro-perugino,Unknown Artist,religious_painting,religious_painting
High_Renaissance,Mannerism_Late_Renaissance,0.9105505347251892,43505,55958,Unknown Artist,paolo-veronese,religious_painting,religious_painting
Early_Renaissance,Northern_Renaissance,0.8828932046890259,49770,46300,Unknown Artist,Unknown Artist,religious_painting,religious_painting
Early_Renaissance,Northern_Renaissance,0.8618912696838379,37722,45867,Unknown Artist,lucas-cranach-the-elder,religious_painting,religious_painting
High_Renaissance,Mannerism_Late_Renaissance,0.8885725140571594,20501,55661,Unknown Artist,Unknown Artist,religious_painting,religious_painting
High_Renaissance,Northern_Renaissance,0.8315750360488892,56347,52170,titian,Unknown Artist,religious_painting,religious_painting
Early_Renaissance,High_Renaissance,0.8997120261192322,46523,49155,Unknown Artist,raphael,religious_painting,religious_painting
Early_Renaissance,High_Renaissance,0.8127060532569885,38339,56276,Unknown Artist,Unknown Artist,religious_painting,religious_painting
High_Renaissance,Northern_Renaissance,0.9183565974235535,56786,56506,raphael,Unknown Artist,religious_painting,religious_painting
High_Renaissance,Mannerism_Late_Renaissance,0.8432645797729492,56249,28972,Unknown Artist,Unknown Artist,religious_painting,religious_painting
Early_Renaissance,High_Renaissance,0.756961464881897,42514,56764,fra-angelico,titian,religious_painting,religious_painting
Early_Renaissance,Mannerism_Late_Renaissance,0.856830894947052,56623,31336,Unknown Artist,tintoretto,religious_painting,religious_painting
High_Renaissance,Northern_Renaissance,0.8683421015739441,45028,55763,Unknown Artist,Unknown Artist,religious_painting,religious_painting
Mannerism_Late_Renaissance,Baroque,0.9101060032844543,56394,33441,el-greco,Unknown Artist,religious_painting,religious_painting
High_Renaissance,Mannerism_Late_Renaissance,0.8638820648193359,34489,23961,raphael,tintoretto,religious_painting,religious_painting
High_Renaissance,Mannerism_Late_Renaissance,0.9369601607322693,24288,55843,pietro-perugino,Unknown Artist,religious_painting,religious_painting
Mannerism_Late_Renaissance,Baroque,0.8448601961135864,47187,17601,Unknown Artist,rembrandt,religious_painting,religious_painting
Early_Renaissance,Northern_Renaissance,0.8488589525222778,25963,46441,Unknown Artist,hieronymus-bosch,religious_painting,religious_painting
Mannerism_Late_Renaissance,Baroque,0.8982417583465576,57044,55967,tintoretto,Unknown Artist,religious_painting,religious_painting
Northern_Renaissance,High_Renaissance,0.8593302369117737,12026,38058,albrecht-durer,titian,religious_painting,religious_painting
Northern_Renaissance,Mannerism_Late_Renaissance,0.8826101422309875,24838,23967,Unknown Artist,el-greco,religious_painting,religious_painting
Early_Renaissance,High_Renaissance,0.876892626285553,48900,38149,leonardo-da-vinci,leonardo-da-vinci,religious_painting,religious_painting
Early_Renaissance,Northern_Renaissance,0.8302322626113892,36314,23385,Unknown Artist,hieronymus-bosch,religious_painting,religious_painting
Northern_Renaissance,High_Renaissance,0.8721126317977905,18163,41966,albrecht-durer,Unknown Artist,religious_painting,religious_painting
High_Renaissance,Mannerism_Late_Renaissance,0.8732019066810608,39783,29659,titian,paolo-veronese,religious_painting,religious_painting
High_Renaissance,Mannerism_Late_Renaissance,0.829786479473114,23117,56890,titian,el-greco,religious_painting,religious_painting
Early_Renaissance,Northern_Renaissance,0.8783778548240662,55800,44553,Unknown Artist,lucas-cranach-the-elder,religious_painting,religious_painting
Early_Renaissance,Northern_Renaissance,0.8993780016899109,21326,27803,Unknown Artist,Unknown Artist,religious_painting,religious_painting
Early_Renaissance,High_Renaissance,0.9182681441307068,57024,46602,pietro-perugino,pietro-perugino,religious_painting,religious_painting
High_Renaissance,Northern_Renaissance,0.8465244770050049,56648,20098,Unknown Artist,lucas-cranach-the-elder,religious_painting,religious_painting
Early_Renaissance,Northern_Renaissance,0.8563295602798462,56429,38907,leonardo-da-vinci,hieronymus-bosch,religious_painting,religious_painting
Early_Renaissance,High_Renaissance,0.8925315737724304,51437,22541,Unknown Artist,raphael,religious_painting,religious_painting
Mannerism_Late_Renaissance,Baroque,0.8660635352134705,56704,19859,paolo-veronese,Unknown Artist,religious_painting,religious_painting
Early_Renaissance,Mannerism_Late_Renaissance,0.8991260528564453,25751,56674,Unknown Artist,el-greco,religious_painting,religious_painting
Early_Renaissance,Northern_Renaissance,0.8676195740699768,41270,48757,Unknown Artist,Unknown Artist,religious_painting,religious_painting
Mannerism_Late_Renaissance,Baroque,0.924111545085907,25719,19757,paolo-veronese,Unknown Artist,religious_painting,religious_painting
High_Renaissance,Mannerism_Late_Renaissance,0.8804735541343689,25182,56129,Unknown Artist,el-greco,religious_painting,religious_painting
Early_Renaissance,High_Renaissance,0.8698650002479553,25496,30942,Unknown Artist,raphael,religious_painting,religious_painting
High_Renaissance,Northern_Renaissance,0.9022285342216492,56614,7689,pietro-perugino,albrecht-durer,religious_painting,religious_painting
Early_Renaissance,High_Renaissance,0.866521418094635,55997,37457,Unknown Artist,pietro-perugino,religious_painting,religious_painting
Early_Renaissance,High_Renaissance,0.9119472503662109,28744,56896,Unknown Artist,Unknown Artist,religious_painting,religious_painting
Early_Renaissance,High_Renaissance,0.8923790454864502,29714,25222,Unknown Artist,Unknown Artist,religious_painting,religious_painting
High_Renaissance,Mannerism_Late_Renaissance,0.8765009641647339,47828,48159,Unknown Artist,Unknown Artist,religious_painting,religious_painting
Early_Renaissance,High_Renaissance,0.9047247767448425,36902,31767,Unknown Artist,raphael,religious_painting,religious_painting
High_Renaissance,Mannerism_Late_Renaissance,0.9179738759994507,31767,55941,raphael,tintoretto,religious_painting,religious_painting
Early_Renaissance,High_Renaissance,0.8880867958068848,42368,30544,Unknown Artist,raphael,religious_painting,religious_painting
Early_Renaissance,Northern_Renaissance,0.8562294244766235,56330,44693,Unknown Artist,Unknown Artist,religious_painting,religious_painting
Northern_Renaissance,High_Renaissance,0.8755512833595276,56318,55781,Unknown Artist,Unknown Artist,religious_painting,religious_painting
Mannerism_Late_Renaissance,Baroque,0.8838834166526794,50133,56607,Unknown Artist,jacob-jordaens,religious_painting,religious_painting
Early_Renaissance,High_Renaissance,0.841583251953125,34453,46517,Unknown Artist,titian,religious_painting,religious_painting
Early_Renaissance,Mannerism_Late_Renaissance,0.9093297719955444,25482,26297,pietro-perugino,Unknown Artist,religious_painting,religious_painting
Northern_Renaissance,High_Renaissance,0.8691256046295166,34061,25211,Unknown Artist,Unknown Artist,religious_painting,religious_painting
High_Renaissance,Mannerism_Late_Renaissance,0.9236680269241333,56839,25184,Unknown Artist,Unknown Artist,religious_painting,religious_painting
Northern_Renaissance,High_Renaissance,0.9259414076805115,28659,57155,Unknown Artist,Unknown Artist,religious_painting,religious_painting
Early_Renaissance,High_Renaissance,0.8069174885749817,19614,32027,pietro-perugino,Unknown Artist,religious_painting,religious_painting
Mannerism_Late_Renaissance,Baroque,0.8535360097885132,35995,47446,titian,anthony-van-dyck,religious_painting,religious_painting
Northern_Renaissance,High_Renaissance,0.8902045488357544,56985,21503,hans-memling,Unknown Artist,religious_painting,religious_painting
High_Renaissance,Mannerism_Late_Renaissance,0.876661479473114,48622,47149,Unknown Artist,Unknown Artist,religious_painting,religious_painting
Early_Renaissance,High_Renaissance,0.8599653840065002,25471,55737,Unknown Artist,michelangelo,religious_painting,religious_painting
Early_Renaissance,Mannerism_Late_Renaissance,0.8802528381347656,20738,19763,Unknown Artist,tintoretto,religious_painting,religious_painting
Mannerism_Late_Renaissance,Baroque,0.9014384746551514,49406,56391,paolo-veronese,Unknown Artist,religious_painting,religious_painting
Early_Renaissance,High_Renaissance,0.8603530526161194,39630,27560,pietro-perugino,Unknown Artist,religious_painting,religious_painting
High_Renaissance,Northern_Renaissance,0.8635114431381226,39920,4933,raphael,albrecht-durer,religious_painting,religious_painting
Early_Renaissance,High_Renaissance,0.9226810336112976,23386,55813,fra-angelico,Unknown Artist,religious_painting,religious_painting
Early_Renaissance,High_Renaissance,0.9000882506370544,56727,56709,fra-angelico,raphael,religious_painting,religious_painting
Early_Renaissance,High_Renaissance,0.8793781399726868,35109,36708,fra-angelico,michelangelo,religious_painting,religious_painting
Early_Renaissance,Northern_Renaissance,0.8913783431053162,56952,39536,Unknown Artist,Unknown Artist,religious_painting,religious_painting
High_Renaissance,Mannerism_Late_Renaissance,0.8697993159294128,56503,43032,Unknown Artist,paolo-veronese,religious_painting,religious_painting
Early_Renaissance,Northern_Renaissance,0.8428096771240234,32725,362,Unknown Artist,albrecht-durer,religious_painting,religious_painting
Early_Renaissance,High_Renaissance,0.9547492265701294,56355,56614,Unknown Artist,pietro-perugino,religious_painting,religious_painting
Early_Renaissance,Mannerism_Late_Renaissance,0.9181179404258728,20738,40117,Unknown Artist,Unknown Artist,religious_painting,religious_painting
High_Renaissance,Northern_Renaissance,0.8629222512245178,35997,40810,Unknown Artist,lucas-cranach-the-elder,religious_painting,religious_painting
Early_Renaissance,Northern_Renaissance,0.8628807067871094,56703,48806,Unknown Artist,Unknown Artist,religious_painting,religious_painting
