source_style,target_style,similarity,source_idx,target_idx,source_artist,target_artist,source_genre,target_genre
Early_Renaissance,High_Renaissance,0.9378535747528076,32563,25182,pietro-perugino,Unknown Artist,religious_painting,religious_painting
Early_Renaissance,High_Renaissance,0.8856988549232483,56992,31550,Unknown Artist,pietro-perugino,religious_painting,religious_painting
High_Renaissance,Mannerism_Late_Renaissance,0.8957698941230774,34153,34042,raphael,titian,religious_painting,religious_painting
Northern_Renaissance,High_Renaissance,0.8337516188621521,5071,56401,albrecht-durer,titian,portrait,religious_painting
High_Renaissance,Baroque,0.833306610584259,46517,37422,titian,Unknown Artist,religious_painting,genre_painting
Baroque,Rococo,0.8441266417503357,51822,47245,Unknown Artist,Unknown Artist,genre_painting,genre_painting
Early_Renaissance,High_Renaissance,0.9131039977073669,61990,20894,Unknown Artist,raphael,sketch_and_study,sketch_and_study
High_Renaissance,Mannerism_Late_Renaissance,0.8491804599761963,42440,44263,pietro-perugino,Unknown Artist,religious_painting,religious_painting
Northern_Renaissance,Baroque,0.8200487494468689,30167,21552,Unknown Artist,Unknown Artist,genre_painting,genre_painting
Early_Renaissance,High_Renaissance,0.903457760810852,34989,49846,Unknown Artist,raphael,religious_painting,religious_painting
High_Renaissance,Mannerism_Late_Renaissance,0.8581973910331726,68561,40469,Unknown Artist,tintoretto,Unknown Genre,religious_painting
Baroque,Rococo,0.8788667321205139,26732,26405,Unknown Artist,Unknown Artist,cityscape,cityscape
High_Renaissance,Baroque,0.9273122549057007,31767,24638,raphael,Unknown Artist,religious_painting,religious_painting
High_Renaissance,Baroque,0.8400605320930481,52759,51673,Unknown Artist,Unknown Artist,religious_painting,genre_painting
Early_Renaissance,High_Renaissance,0.867507815361023,43628,51445,Unknown Artist,raphael,religious_painting,religious_painting
Early_Renaissance,High_Renaissance,0.9025425314903259,68173,75777,Unknown Artist,Unknown Artist,Unknown Genre,Unknown Genre
Early_Renaissance,Mannerism_Late_Renaissance,0.8337612152099609,43952,56706,Unknown Artist,el-greco,religious_painting,religious_painting
Early_Renaissance,High_Renaissance,0.9086423516273499,21002,40812,leonardo-da-vinci,leonardo-da-vinci,portrait,portrait
Early_Renaissance,High_Renaissance,0.8833170533180237,44431,68561,Unknown Artist,Unknown Artist,religious_painting,Unknown Genre
Baroque,Rococo,0.8631480932235718,78700,59668,Unknown Artist,Unknown Artist,Unknown Genre,landscape
Early_Renaissance,High_Renaissance,0.8544750809669495,45961,22357,fra-angelico,Unknown Artist,religious_painting,religious_painting
High_Renaissance,Baroque,0.8392874598503113,56806,33516,pietro-perugino,Unknown Artist,religious_painting,still_life
Baroque,Rococo,0.8779123425483704,769,63248,rembrandt,Unknown Artist,portrait,portrait
High_Renaissance,Mannerism_Late_Renaissance,0.8493732810020447,63327,42905,raphael,Unknown Artist,portrait,portrait
High_Renaissance,Northern_Renaissance,0.8642646670341492,39859,18017,leonardo-da-vinci,albrecht-durer,sketch_and_study,genre_painting
Early_Renaissance,High_Renaissance,0.8647423982620239,25751,29414,Unknown Artist,Unknown Artist,religious_painting,religious_painting
Baroque,Rococo,0.8501390218734741,78706,58562,Unknown Artist,Unknown Artist,Unknown Genre,cityscape
Northern_Renaissance,High_Renaissance,0.8508399724960327,18147,73047,albrecht-durer,Unknown Artist,nude_painting,Unknown Genre
Northern_Renaissance,Baroque,0.8533651232719421,13171,8522,albrecht-durer,rembrandt,religious_painting,religious_painting
Northern_Renaissance,Baroque,0.802091658115387,9407,71224,albrecht-durer,Unknown Artist,landscape,Unknown Genre
Early_Renaissance,High_Renaissance,0.818130373954773,31136,37582,Unknown Artist,michelangelo,sketch_and_study,nude_painting
High_Renaissance,Northern_Renaissance,0.8938743472099304,71698,70518,Unknown Artist,Unknown Artist,Unknown Genre,Unknown Genre
Early_Renaissance,Mannerism_Late_Renaissance,0.8757537603378296,38091,65219,leonardo-da-vinci,Unknown Artist,religious_painting,portrait
Early_Renaissance,High_Renaissance,0.948014497756958,43726,36425,Unknown Artist,raphael,religious_painting,religious_painting
High_Renaissance,Mannerism_Late_Renaissance,0.8412754535675049,46281,55922,pietro-perugino,Unknown Artist,religious_painting,religious_painting
High_Renaissance,Mannerism_Late_Renaissance,0.9195356369018555,40419,75017,michelangelo,Unknown Artist,religious_painting,Unknown Genre
Early_Renaissance,High_Renaissance,0.890618085861206,40864,35390,Unknown Artist,raphael,religious_painting,religious_painting
High_Renaissance,Northern_Renaissance,0.8333308100700378,27760,18140,leonardo-da-vinci,Unknown Artist,sketch_and_study,Unknown Genre
High_Renaissance,Mannerism_Late_Renaissance,0.8897733688354492,22541,55726,raphael,tintoretto,religious_painting,religious_painting
Northern_Renaissance,High_Renaissance,0.8471982479095459,30772,49965,Unknown Artist,Unknown Artist,portrait,portrait
Early_Renaissance,High_Renaissance,0.9033628106117249,22603,45028,Unknown Artist,Unknown Artist,religious_painting,religious_painting
Northern_Renaissance,Mannerism_Late_Renaissance,0.8974580764770508,56458,23384,Unknown Artist,paolo-veronese,religious_painting,religious_painting
High_Renaissance,Baroque,0.8456637263298035,40689,657,leonardo-da-vinci,rembrandt,sketch_and_study,religious_painting
High_Renaissance,Northern_Renaissance,0.8648552298545837,32099,31078,Unknown Artist,hans-holbein-the-younger,portrait,portrait
Baroque,Rococo,0.8554628491401672,62963,64205,joshua-reynolds,Unknown Artist,portrait,portrait
Early_Renaissance,High_Renaissance,0.8950555324554443,61990,42778,Unknown Artist,michelangelo,sketch_and_study,sketch_and_study
Baroque,Rococo,0.845227062702179,62963,74558,joshua-reynolds,Unknown Artist,portrait,Unknown Genre
Mannerism_Late_Renaissance,Baroque,0.8304644823074341,51180,11963,Unknown Artist,rembrandt,portrait,portrait
High_Renaissance,Northern_Renaissance,0.7915900349617004,27917,66289,Unknown Artist,Unknown Artist,religious_painting,portrait
Northern_Renaissance,High_Renaissance,0.8268479108810425,23708,52847,hans-holbein-the-younger,titian,portrait,portrait
Early_Renaissance,Northern_Renaissance,0.8630667924880981,56569,56799,fra-angelico,Unknown Artist,religious_painting,religious_painting
Mannerism_Late_Renaissance,Baroque,0.7826921343803406,55339,28196,Unknown Artist,Unknown Artist,genre_painting,still_life
High_Renaissance,Northern_Renaissance,0.8507745862007141,37361,43033,Unknown Artist,Unknown Artist,religious_painting,religious_painting
Mannerism_Late_Renaissance,Baroque,0.8793535828590393,37729,23143,el-greco,Unknown Artist,religious_painting,religious_painting
Early_Renaissance,High_Renaissance,0.8948079347610474,25709,56644,pietro-perugino,Unknown Artist,religious_painting,religious_painting
Northern_Renaissance,Mannerism_Late_Renaissance,0.823203980922699,73419,21678,Unknown Artist,tintoretto,Unknown Genre,portrait
High_Renaissance,Baroque,0.907096266746521,69747,78698,Unknown Artist,Unknown Artist,Unknown Genre,Unknown Genre
High_Renaissance,Northern_Renaissance,0.8697487115859985,44131,7222,raphael,albrecht-durer,sketch_and_study,sketch_and_study
Early_Renaissance,High_Renaissance,0.8656907081604004,64667,46182,Unknown Artist,pietro-perugino,portrait,religious_painting
Baroque,Rococo,0.7374590039253235,62963,47146,joshua-reynolds,joshua-reynolds,portrait,portrait
Baroque,Rococo,0.8758573532104492,71631,51759,Unknown Artist,Unknown Artist,Unknown Genre,portrait
Early_Renaissance,Baroque,0.8191083669662476,29227,4521,Unknown Artist,rembrandt,religious_painting,portrait
Baroque,Rococo,0.8151075839996338,23320,38746,joshua-reynolds,Unknown Artist,portrait,portrait
Northern_Renaissance,Mannerism_Late_Renaissance,0.8326815366744995,44553,56453,lucas-cranach-the-elder,el-greco,religious_painting,religious_painting
High_Renaissance,Mannerism_Late_Renaissance,0.8736056089401245,67799,74002,Unknown Artist,Unknown Artist,Unknown Genre,Unknown Genre
High_Renaissance,Baroque,0.836645245552063,79353,42572,Unknown Artist,Unknown Artist,Unknown Genre,landscape
Early_Renaissance,Northern_Renaissance,0.8892882466316223,56529,56031,Unknown Artist,hans-holbein-the-younger,religious_painting,religious_painting
Baroque,Rococo,0.8511044979095459,23086,28374,Unknown Artist,Unknown Artist,portrait,portrait
Northern_Renaissance,Mannerism_Late_Renaissance,0.8538891077041626,26814,40505,hans-holbein-the-younger,Unknown Artist,portrait,portrait
Early_Renaissance,High_Renaissance,0.8434193730354309,74826,55984,Unknown Artist,michelangelo,Unknown Genre,religious_painting
Early_Renaissance,High_Renaissance,0.8769316077232361,66265,21218,pietro-perugino,Unknown Artist,portrait,portrait
High_Renaissance,Northern_Renaissance,0.8717880249023438,56229,17976,titian,albrecht-durer,religious_painting,sketch_and_study
Northern_Renaissance,High_Renaissance,0.842039942741394,71413,74095,Unknown Artist,Unknown Artist,Unknown Genre,Unknown Genre
Early_Renaissance,Northern_Renaissance,0.8379764556884766,62246,7807,Unknown Artist,albrecht-durer,sketch_and_study,sketch_and_study
Northern_Renaissance,Baroque,0.8140725493431091,41761,3011,Unknown Artist,rembrandt,portrait,portrait
Early_Renaissance,High_Renaissance,0.9258420467376709,35073,56970,fra-angelico,Unknown Artist,religious_painting,religious_painting
Baroque,Rococo,0.82949298620224,64962,25807,Unknown Artist,Unknown Artist,portrait,portrait
High_Renaissance,Northern_Renaissance,0.8738875389099121,56035,56460,titian,Unknown Artist,religious_painting,religious_painting
Northern_Renaissance,Baroque,0.8610729575157166,34684,39088,hieronymus-bosch,Unknown Artist,religious_painting,genre_painting
High_Renaissance,Mannerism_Late_Renaissance,0.8728069067001343,43350,64952,titian,Unknown Artist,portrait,portrait
Baroque,Rococo,0.796387255191803,27938,80106,Unknown Artist,Unknown Artist,still_life,Unknown Genre
Northern_Renaissance,Baroque,0.8315243124961853,21368,31729,Unknown Artist,Unknown Artist,landscape,landscape
Early_Renaissance,Northern_Renaissance,0.8302275538444519,56407,8111,Unknown Artist,albrecht-durer,religious_painting,religious_painting
Early_Renaissance,Northern_Renaissance,0.8371688723564148,56305,69585,fra-angelico,Unknown Artist,religious_painting,Unknown Genre
Early_Renaissance,Rococo,0.9275285601615906,61990,62243,Unknown Artist,Unknown Artist,sketch_and_study,sketch_and_study
Baroque,Rococo,0.8607087135314941,24879,34787,peter-paul-rubens,joshua-reynolds,portrait,portrait
Mannerism_Late_Renaissance,Baroque,0.8168119788169861,65336,17667,titian,rembrandt,portrait,portrait
Early_Renaissance,High_Renaissance,0.8044566512107849,57048,19141,Unknown Artist,Unknown Artist,religious_painting,portrait
High_Renaissance,Baroque,0.8658265471458435,46517,53175,titian,Unknown Artist,religious_painting,genre_painting
Northern_Renaissance,Mannerism_Late_Renaissance,0.9023867845535278,34406,56983,Unknown Artist,titian,religious_painting,religious_painting
Northern_Renaissance,Baroque,0.7637708187103271,81126,73977,Unknown Artist,Unknown Artist,Unknown Genre,Unknown Genre
Baroque,Rococo,0.8186656832695007,64962,49437,Unknown Artist,Unknown Artist,portrait,portrait
Early_Renaissance,High_Renaissance,0.9225656986236572,56355,40473,Unknown Artist,pietro-perugino,religious_painting,religious_painting
Early_Renaissance,High_Renaissance,0.8989762663841248,19614,28884,pietro-perugino,pietro-perugino,religious_painting,religious_painting
Mannerism_Late_Renaissance,Rococo,0.8884599208831787,78453,43987,Unknown Artist,Unknown Artist,Unknown Genre,religious_painting
High_Renaissance,Mannerism_Late_Renaissance,0.8811470866203308,52847,64076,titian,Unknown Artist,portrait,portrait
High_Renaissance,Baroque,0.867523193359375,40689,61963,leonardo-da-vinci,Unknown Artist,sketch_and_study,sketch_and_study
Northern_Renaissance,Rococo,0.8601028919219971,27364,51697,Unknown Artist,Unknown Artist,genre_painting,genre_painting
Early_Renaissance,Mannerism_Late_Renaissance,0.9206157922744751,20738,49582,Unknown Artist,tintoretto,religious_painting,religious_painting
Mannerism_Late_Renaissance,Baroque,0.8710123300552368,76127,28150,Unknown Artist,bartolome-esteban-murillo,Unknown Genre,religious_painting
High_Renaissance,Northern_Renaissance,0.850640058517456,33881,10070,leonardo-da-vinci,albrecht-durer,sketch_and_study,portrait
Early_Renaissance,Northern_Renaissance,0.8563920855522156,36978,46164,fra-angelico,Unknown Artist,religious_painting,religious_painting
Baroque,Rococo,0.797752857208252,62963,35403,joshua-reynolds,joseph-wright,portrait,portrait
Early_Renaissance,Northern_Renaissance,0.8678781986236572,39075,51930,Unknown Artist,hieronymus-bosch,religious_painting,religious_painting
Early_Renaissance,Northern_Renaissance,0.8804370760917664,26778,49917,Unknown Artist,hieronymus-bosch,religious_painting,religious_painting
Baroque,Rococo,0.8108450770378113,6379,75499,rembrandt,Unknown Artist,Unknown Genre,Unknown Genre
Early_Renaissance,Northern_Renaissance,0.8490216732025146,54676,24590,Unknown Artist,lucas-cranach-the-elder,genre_painting,religious_painting
Mannerism_Late_Renaissance,Baroque,0.8985631465911865,50321,78617,tintoretto,Unknown Artist,religious_painting,Unknown Genre
High_Renaissance,Baroque,0.8327677249908447,27560,24755,Unknown Artist,Unknown Artist,religious_painting,genre_painting
Early_Renaissance,High_Renaissance,0.9007725715637207,46641,70404,Unknown Artist,Unknown Artist,religious_painting,Unknown Genre
Early_Renaissance,High_Renaissance,0.9219033718109131,44276,51928,fra-angelico,Unknown Artist,religious_painting,religious_painting
Northern_Renaissance,High_Renaissance,0.8576824069023132,56332,25932,Unknown Artist,Unknown Artist,religious_painting,religious_painting
Mannerism_Late_Renaissance,Baroque,0.8175961971282959,44982,37471,el-greco,Unknown Artist,religious_painting,genre_painting
Baroque,Rococo,0.8726547956466675,45817,25872,Unknown Artist,Unknown Artist,still_life,still_life
Early_Renaissance,Northern_Renaissance,0.8753232359886169,24719,44400,Unknown Artist,hans-memling,portrait,portrait
High_Renaissance,Mannerism_Late_Renaissance,0.8771593570709229,69785,56819,Unknown Artist,paolo-veronese,Unknown Genre,religious_painting
Northern_Renaissance,Mannerism_Late_Renaissance,0.8393691778182983,24282,25982,Unknown Artist,Unknown Artist,portrait,portrait
High_Renaissance,Mannerism_Late_Renaissance,0.8451100587844849,49965,65804,Unknown Artist,titian,portrait,portrait
Mannerism_Late_Renaissance,Baroque,0.8179656267166138,46766,32748,Unknown Artist,Unknown Artist,portrait,genre_painting
Early_Renaissance,Northern_Renaissance,0.8628578782081604,36175,18117,Unknown Artist,albrecht-durer,religious_painting,religious_painting
Early_Renaissance,High_Renaissance,0.9058975577354431,46903,56897,Unknown Artist,Unknown Artist,religious_painting,religious_painting
Northern_Renaissance,High_Renaissance,0.8834971189498901,1906,62308,Unknown Artist,michelangelo,Unknown Genre,sketch_and_study
Baroque,Rococo,0.8758266568183899,71282,75641,Unknown Artist,Unknown Artist,Unknown Genre,Unknown Genre
Baroque,Rococo,0.8675655126571655,62974,45947,Unknown Artist,thomas-gainsborough,portrait,portrait
Baroque,Rococo,0.8868758082389832,24579,25896,anthony-van-dyck,thomas-gainsborough,portrait,portrait
Early_Renaissance,High_Renaissance,0.8357129096984863,71452,51574,Unknown Artist,leonardo-da-vinci,Unknown Genre,sketch_and_study
Baroque,Rococo,0.8203070759773254,56163,55134,Unknown Artist,Unknown Artist,religious_painting,genre_painting
High_Renaissance,Mannerism_Late_Renaissance,0.8866068720817566,27927,46288,raphael,titian,portrait,portrait
Mannerism_Late_Renaissance,Baroque,0.8619884252548218,47089,45077,tintoretto,anthony-van-dyck,portrait,portrait
Baroque,Rococo,0.8612037897109985,769,21917,rembrandt,Unknown Artist,portrait,portrait
High_Renaissance,Northern_Renaissance,0.8683452606201172,27917,29811,Unknown Artist,Unknown Artist,religious_painting,religious_painting
Baroque,Rococo,0.9081927537918091,41598,63132,Unknown Artist,Unknown Artist,portrait,portrait
Baroque,Rococo,0.818148672580719,71631,65935,Unknown Artist,joshua-reynolds,Unknown Genre,portrait
High_Renaissance,Mannerism_Late_Renaissance,0.874298632144928,19178,35510,Unknown Artist,paolo-veronese,religious_painting,religious_painting
Mannerism_Late_Renaissance,Baroque,0.861167848110199,42943,7162,Unknown Artist,rembrandt,portrait,portrait
High_Renaissance,Baroque,0.8729901313781738,68831,41631,Unknown Artist,Unknown Artist,Unknown Genre,portrait
Mannerism_Late_Renaissance,Baroque,0.8740997314453125,46959,27809,el-greco,anthony-van-dyck,religious_painting,religious_painting
Mannerism_Late_Renaissance,Rococo,0.8895688056945801,62523,39513,Unknown Artist,Unknown Artist,sketch_and_study,sketch_and_study
Early_Renaissance,High_Renaissance,0.9056393504142761,30376,19342,pietro-perugino,pietro-perugino,religious_painting,religious_painting
Northern_Renaissance,High_Renaissance,0.8962528705596924,56024,49517,Unknown Artist,Unknown Artist,religious_painting,religious_painting
Mannerism_Late_Renaissance,Baroque,0.841002345085144,38333,54043,Unknown Artist,Unknown Artist,religious_painting,genre_painting
Early_Renaissance,High_Renaissance,0.818632185459137,49320,46281,Unknown Artist,pietro-perugino,portrait,religious_painting
Mannerism_Late_Renaissance,Baroque,0.8206844329833984,46766,26329,Unknown Artist,frans-hals,portrait,portrait
Baroque,Rococo,0.8832932710647583,78706,28811,Unknown Artist,Unknown Artist,Unknown Genre,cityscape
Early_Renaissance,Northern_Renaissance,0.8716579675674438,42094,13294,Unknown Artist,Unknown Artist,sketch_and_study,Unknown Genre
High_Renaissance,Mannerism_Late_Renaissance,0.9000933766365051,21160,46933,Unknown Artist,paolo-veronese,religious_painting,religious_painting
Early_Renaissance,High_Renaissance,0.9059366583824158,30562,62153,leonardo-da-vinci,leonardo-da-vinci,sketch_and_study,sketch_and_study
Early_Renaissance,High_Renaissance,0.8927246332168579,57028,49571,Unknown Artist,titian,religious_painting,religious_painting
Northern_Renaissance,Mannerism_Late_Renaissance,0.8803176879882812,81158,73242,Unknown Artist,Unknown Artist,Unknown Genre,Unknown Genre
High_Renaissance,Mannerism_Late_Renaissance,0.9206861853599548,28669,31431,raphael,Unknown Artist,religious_painting,religious_painting
Early_Renaissance,High_Renaissance,0.9362868070602417,43726,33149,Unknown Artist,raphael,religious_painting,religious_painting
Early_Renaissance,Northern_Renaissance,0.8421617150306702,34865,7269,Unknown Artist,albrecht-durer,portrait,portrait
Northern_Renaissance,Mannerism_Late_Renaissance,0.924362063407898,44944,24904,Unknown Artist,paolo-veronese,religious_painting,religious_painting
High_Renaissance,Baroque,0.8388851881027222,47189,20407,titian,Unknown Artist,portrait,genre_painting
Northern_Renaissance,High_Renaissance,0.8041478395462036,37452,65326,Unknown Artist,titian,religious_painting,portrait
High_Renaissance,Baroque,0.913607120513916,26261,7434,Unknown Artist,rembrandt,sketch_and_study,genre_painting
Early_Renaissance,Northern_Renaissance,0.922365665435791,49002,27103,Unknown Artist,Unknown Artist,religious_painting,religious_painting
Northern_Renaissance,High_Renaissance,0.860686719417572,8921,62128,albrecht-durer,leonardo-da-vinci,sketch_and_study,sketch_and_study
Northern_Renaissance,High_Renaissance,0.9020674824714661,11580,47498,albrecht-durer,raphael,religious_painting,religious_painting
Baroque,Rococo,0.8882940411567688,56746,55810,Unknown Artist,Unknown Artist,religious_painting,religious_painting
Early_Renaissance,Mannerism_Late_Renaissance,0.8597761988639832,29714,56856,Unknown Artist,tintoretto,religious_painting,religious_painting
High_Renaissance,Mannerism_Late_Renaissance,0.8542735576629639,41661,40078,titian,tintoretto,portrait,portrait
High_Renaissance,Northern_Renaissance,0.7939134240150452,46816,6694,Unknown Artist,Unknown Artist,still_life,Unknown Genre
Early_Renaissance,Northern_Renaissance,0.9099896550178528,56716,56826,Unknown Artist,Unknown Artist,religious_painting,religious_painting
Early_Renaissance,Baroque,0.8194999694824219,41065,72810,Unknown Artist,Unknown Artist,religious_painting,Unknown Genre
Early_Renaissance,Northern_Renaissance,0.8709467649459839,36632,56235,Unknown Artist,Unknown Artist,religious_painting,religious_painting
Early_Renaissance,High_Renaissance,0.8966513276100159,37577,72109,Unknown Artist,Unknown Artist,religious_painting,Unknown Genre
High_Renaissance,Baroque,0.852354884147644,40689,355,leonardo-da-vinci,rembrandt,sketch_and_study,portrait
High_Renaissance,Northern_Renaissance,0.8397875428199768,48080,5166,Unknown Artist,albrecht-durer,religious_painting,sketch_and_study
Baroque,Rococo,0.8861187696456909,31050,24353,anthony-van-dyck,Unknown Artist,portrait,portrait
Early_Renaissance,High_Renaissance,0.8115612864494324,33893,22151,Unknown Artist,Unknown Artist,portrait,portrait
Early_Renaissance,High_Renaissance,0.910400390625,24831,25317,Unknown Artist,Unknown Artist,religious_painting,genre_painting
Early_Renaissance,High_Renaissance,0.9397388100624084,56355,20746,Unknown Artist,raphael,religious_painting,religious_painting
Baroque,Rococo,0.7985816597938538,63339,63487,Unknown Artist,Unknown Artist,portrait,portrait
Northern_Renaissance,Mannerism_Late_Renaissance,0.8968876600265503,34061,30641,Unknown Artist,el-greco,religious_painting,religious_painting
Northern_Renaissance,Mannerism_Late_Renaissance,0.9146776795387268,69071,70828,Unknown Artist,Unknown Artist,Unknown Genre,Unknown Genre
Northern_Renaissance,Baroque,0.8580331206321716,61077,78700,Unknown Artist,Unknown Artist,landscape,Unknown Genre
High_Renaissance,Mannerism_Late_Renaissance,0.8255681991577148,79380,50311,Unknown Artist,Unknown Artist,Unknown Genre,portrait
Mannerism_Late_Renaissance,Baroque,0.8594873547554016,22880,42388,Unknown Artist,Unknown Artist,religious_painting,genre_painting
Early_Renaissance,Northern_Renaissance,0.8901879191398621,56569,41641,fra-angelico,Unknown Artist,religious_painting,religious_painting
High_Renaissance,Mannerism_Late_Renaissance,0.8477917909622192,76872,55339,Unknown Artist,Unknown Artist,Unknown Genre,genre_painting
High_Renaissance,Mannerism_Late_Renaissance,0.8261168599128723,65674,51180,titian,Unknown Artist,portrait,portrait
Mannerism_Late_Renaissance,Baroque,0.886029064655304,22428,55647,paolo-veronese,peter-paul-rubens,genre_painting,religious_painting
Northern_Renaissance,Mannerism_Late_Renaissance,0.8676691651344299,56873,56579,Unknown Artist,el-greco,religious_painting,religious_painting
Mannerism_Late_Renaissance,Baroque,0.9091868996620178,51500,27680,paolo-veronese,Unknown Artist,religious_painting,religious_painting
Early_Renaissance,Northern_Renaissance,0.833646833896637,44840,23069,Unknown Artist,hans-memling,portrait,religious_painting
Baroque,Rococo,0.8570976257324219,64962,65942,Unknown Artist,joshua-reynolds,portrait,portrait
Northern_Renaissance,Mannerism_Late_Renaissance,0.8673182129859924,30414,55758,Unknown Artist,el-greco,religious_painting,religious_painting
Northern_Renaissance,Baroque,0.7957230806350708,24282,71002,Unknown Artist,Unknown Artist,portrait,Unknown Genre
Early_Renaissance,High_Renaissance,0.8986247777938843,56018,33527,fra-angelico,Unknown Artist,religious_painting,religious_painting
High_Renaissance,Mannerism_Late_Renaissance,0.8980696201324463,55808,48260,Unknown Artist,titian,religious_painting,religious_painting
High_Renaissance,Mannerism_Late_Renaissance,0.8200154900550842,52764,25088,titian,el-greco,portrait,portrait
Northern_Renaissance,High_Renaissance,0.8785937428474426,7912,38283,albrecht-durer,leonardo-da-vinci,sketch_and_study,sketch_and_study
Early_Renaissance,Northern_Renaissance,0.8085855841636658,25828,17979,Unknown Artist,albrecht-durer,portrait,religious_painting
Early_Renaissance,High_Renaissance,0.9130119681358337,56604,25458,leonardo-da-vinci,Unknown Artist,religious_painting,religious_painting
High_Renaissance,Northern_Renaissance,0.9002158045768738,68996,70344,Unknown Artist,Unknown Artist,Unknown Genre,Unknown Genre
Northern_Renaissance,High_Renaissance,0.902096152305603,32870,27923,Unknown Artist,Unknown Artist,religious_painting,religious_painting
Early_Renaissance,High_Renaissance,0.9086548089981079,28215,55743,Unknown Artist,raphael,religious_painting,religious_painting
Northern_Renaissance,Mannerism_Late_Renaissance,0.9108706712722778,11580,28715,albrecht-durer,Unknown Artist,religious_painting,religious_painting
Mannerism_Late_Renaissance,Baroque,0.9151504635810852,56674,56030,el-greco,Unknown Artist,religious_painting,religious_painting
Mannerism_Late_Renaissance,Baroque,0.8897125124931335,23848,75674,paolo-veronese,Unknown Artist,religious_painting,Unknown Genre
Early_Renaissance,High_Renaissance,0.7212193012237549,56992,56275,Unknown Artist,michelangelo,religious_painting,religious_painting
Northern_Renaissance,High_Renaissance,0.8763486742973328,18062,25940,albrecht-durer,michelangelo,sketch_and_study,sketch_and_study
Early_Renaissance,High_Renaissance,0.8773447275161743,23959,54961,fra-angelico,titian,religious_painting,genre_painting
Early_Renaissance,Mannerism_Late_Renaissance,0.8332518339157104,19413,58290,fra-angelico,Unknown Artist,religious_painting,cityscape
Northern_Renaissance,Baroque,0.9110354781150818,49358,38214,Unknown Artist,jacob-jordaens,religious_painting,religious_painting
Northern_Renaissance,Baroque,0.8389438986778259,81126,68273,Unknown Artist,Unknown Artist,Unknown Genre,Unknown Genre
High_Renaissance,Baroque,0.8453852534294128,37000,41696,Unknown Artist,bartolome-esteban-murillo,portrait,genre_painting
High_Renaissance,Baroque,0.911217212677002,52548,57132,Unknown Artist,bartolome-esteban-murillo,religious_painting,religious_painting
Baroque,Rococo,0.8476435542106628,62963,27026,joshua-reynolds,thomas-gainsborough,portrait,portrait
High_Renaissance,Northern_Renaissance,0.8360440731048584,75687,55964,Unknown Artist,Unknown Artist,Unknown Genre,religious_painting
Early_Renaissance,Rococo,0.8474879860877991,20435,33993,Unknown Artist,Unknown Artist,religious_painting,genre_painting
Mannerism_Late_Renaissance,Baroque,0.8122924566268921,56953,55410,paolo-veronese,anthony-van-dyck,religious_painting,genre_painting
Early_Renaissance,Northern_Renaissance,0.7831031084060669,55847,81141,Unknown Artist,Unknown Artist,religious_painting,Unknown Genre
High_Renaissance,Mannerism_Late_Renaissance,0.8924297094345093,65576,20350,titian,Unknown Artist,portrait,portrait
Early_Renaissance,Mannerism_Late_Renaissance,0.9038017392158508,46903,50840,Unknown Artist,tintoretto,religious_painting,religious_painting
High_Renaissance,Mannerism_Late_Renaissance,0.9171419143676758,31767,55971,raphael,paolo-veronese,religious_painting,religious_painting
Mannerism_Late_Renaissance,Rococo,0.8655763268470764,35079,76754,tintoretto,Unknown Artist,religious_painting,Unknown Genre
Early_Renaissance,Northern_Renaissance,0.8223448991775513,63839,17963,Unknown Artist,albrecht-durer,portrait,portrait
Mannerism_Late_Renaissance,Baroque,0.7678424119949341,56953,20486,paolo-veronese,Unknown Artist,religious_painting,genre_painting
Mannerism_Late_Renaissance,Baroque,0.9104505777359009,48260,53002,titian,bartolome-esteban-murillo,religious_painting,religious_painting
High_Renaissance,Mannerism_Late_Renaissance,0.8954200148582458,55705,32464,Unknown Artist,tintoretto,religious_painting,religious_painting
High_Renaissance,Mannerism_Late_Renaissance,0.9157233834266663,56127,25145,raphael,Unknown Artist,religious_painting,religious_painting
Northern_Renaissance,Baroque,0.8160854578018188,22723,54109,Unknown Artist,Unknown Artist,portrait,genre_painting
Early_Renaissance,Northern_Renaissance,0.8421319127082825,56825,29458,Unknown Artist,Unknown Artist,religious_painting,portrait
Northern_Renaissance,Mannerism_Late_Renaissance,0.8417813181877136,18012,78508,albrecht-durer,Unknown Artist,portrait,Unknown Genre
High_Renaissance,Northern_Renaissance,0.8571017384529114,36610,11955,raphael,albrecht-durer,sketch_and_study,religious_painting
Early_Renaissance,Mannerism_Late_Renaissance,0.8854831457138062,32261,46835,Unknown Artist,Unknown Artist,religious_painting,religious_painting
Early_Renaissance,High_Renaissance,0.8880060911178589,46641,56447,Unknown Artist,michelangelo,religious_painting,religious_painting
Northern_Renaissance,Mannerism_Late_Renaissance,0.8304290771484375,35927,34647,Unknown Artist,Unknown Artist,portrait,portrait
Mannerism_Late_Renaissance,Baroque,0.8540788888931274,27334,56038,tintoretto,Unknown Artist,religious_painting,religious_painting
High_Renaissance,Northern_Renaissance,0.8744450807571411,56035,12172,titian,albrecht-durer,religious_painting,religious_painting
Baroque,Rococo,0.8677772283554077,23320,24903,joshua-reynolds,thomas-gainsborough,portrait,portrait
Baroque,Rococo,0.8534619212150574,31729,19320,Unknown Artist,Unknown Artist,landscape,genre_painting
High_Renaissance,Northern_Renaissance,0.7823104858398438,21661,18061,titian,Unknown Artist,genre_painting,Unknown Genre
Northern_Renaissance,Mannerism_Late_Renaissance,0.8567994236946106,81158,78478,Unknown Artist,Unknown Artist,Unknown Genre,Unknown Genre
Mannerism_Late_Renaissance,Baroque,0.864733099937439,20667,23751,paolo-veronese,frans-hals,portrait,portrait
Baroque,Rococo,0.9059402942657471,61307,41092,peter-paul-rubens,thomas-gainsborough,landscape,genre_painting
Mannerism_Late_Renaissance,Baroque,0.8277010917663574,23739,34630,Unknown Artist,peter-paul-rubens,religious_painting,portrait
Northern_Renaissance,Baroque,0.8738153576850891,17992,24756,albrecht-durer,peter-paul-rubens,religious_painting,sketch_and_study
High_Renaissance,Mannerism_Late_Renaissance,0.9073451161384583,24990,31713,raphael,Unknown Artist,sketch_and_study,nude_painting
Early_Renaissance,Northern_Renaissance,0.8689191937446594,56737,11647,Unknown Artist,albrecht-durer,religious_painting,genre_painting
Mannerism_Late_Renaissance,Baroque,0.8617748618125916,64387,65540,tintoretto,Unknown Artist,portrait,portrait
High_Renaissance,Northern_Renaissance,0.8516442179679871,55731,18004,titian,albrecht-durer,religious_painting,religious_painting
Northern_Renaissance,High_Renaissance,0.9107313752174377,56435,33704,Unknown Artist,Unknown Artist,religious_painting,religious_painting
Mannerism_Late_Renaissance,Baroque,0.9133993983268738,49582,45887,tintoretto,jacob-jordaens,religious_painting,religious_painting
High_Renaissance,Mannerism_Late_Renaissance,0.8987813591957092,56387,43743,Unknown Artist,Unknown Artist,religious_painting,religious_painting
Baroque,Rococo,0.7793487310409546,23336,21381,Unknown Artist,Unknown Artist,portrait,portrait
High_Renaissance,Rococo,0.893293559551239,37673,80039,raphael,Unknown Artist,religious_painting,Unknown Genre
High_Renaissance,Northern_Renaissance,0.8546553254127502,68996,69768,Unknown Artist,Unknown Artist,Unknown Genre,Unknown Genre
High_Renaissance,Mannerism_Late_Renaissance,0.7993969917297363,19943,65694,titian,paolo-veronese,portrait,portrait
Early_Renaissance,Northern_Renaissance,0.8854919075965881,30272,39646,Unknown Artist,Unknown Artist,religious_painting,religious_painting
High_Renaissance,Northern_Renaissance,0.8473964333534241,48517,49294,Unknown Artist,hans-memling,religious_painting,religious_painting
High_Renaissance,Mannerism_Late_Renaissance,0.8750230669975281,49140,40956,Unknown Artist,el-greco,religious_painting,religious_painting
Early_Renaissance,Northern_Renaissance,0.8961513638496399,27413,10909,leonardo-da-vinci,Unknown Artist,sketch_and_study,Unknown Genre
High_Renaissance,Mannerism_Late_Renaissance,0.945725679397583,44627,28993,raphael,paolo-veronese,religious_painting,religious_painting
High_Renaissance,Northern_Renaissance,0.8426434397697449,48320,48847,leonardo-da-vinci,Unknown Artist,sketch_and_study,sketch_and_study
High_Renaissance,Mannerism_Late_Renaissance,0.8947051167488098,34542,35147,raphael,paolo-veronese,religious_painting,religious_painting
High_Renaissance,Northern_Renaissance,0.8795017004013062,62430,18187,raphael,albrecht-durer,sketch_and_study,religious_painting
Early_Renaissance,Northern_Renaissance,0.8650202751159668,41270,71572,Unknown Artist,Unknown Artist,religious_painting,Unknown Genre
Mannerism_Late_Renaissance,Baroque,0.8944545388221741,70328,25780,Unknown Artist,Unknown Artist,Unknown Genre,religious_painting
Early_Renaissance,Northern_Renaissance,0.8972170948982239,25221,18090,Unknown Artist,albrecht-durer,portrait,portrait
Mannerism_Late_Renaissance,Baroque,0.9086614847183228,50840,75705,tintoretto,Unknown Artist,religious_painting,Unknown Genre
Mannerism_Late_Renaissance,Baroque,0.7896884083747864,26437,3813,tintoretto,rembrandt,portrait,portrait
Northern_Renaissance,High_Renaissance,0.8864151835441589,72904,55679,Unknown Artist,michelangelo,Unknown Genre,religious_painting
Early_Renaissance,Northern_Renaissance,0.8765823245048523,26778,22790,Unknown Artist,hans-memling,religious_painting,religious_painting
Early_Renaissance,Northern_Renaissance,0.9163334369659424,57024,22544,pietro-perugino,hans-memling,religious_painting,religious_painting
High_Renaissance,Mannerism_Late_Renaissance,0.9204394817352295,28746,55867,pietro-perugino,Unknown Artist,religious_painting,religious_painting
Northern_Renaissance,Baroque,0.7664435505867004,47915,628,Unknown Artist,rembrandt,sketch_and_study,genre_painting
Early_Renaissance,Northern_Renaissance,0.8231197595596313,24314,43445,Unknown Artist,Unknown Artist,portrait,portrait
Northern_Renaissance,Mannerism_Late_Renaissance,0.8670351505279541,23155,25981,hans-holbein-the-younger,Unknown Artist,portrait,portrait
Early_Renaissance,Mannerism_Late_Renaissance,0.8906440138816833,39021,56520,Unknown Artist,el-greco,religious_painting,religious_painting
High_Renaissance,Baroque,0.8556678295135498,40689,10803,leonardo-da-vinci,rembrandt,sketch_and_study,genre_painting
High_Renaissance,Mannerism_Late_Renaissance,0.824220597743988,77034,61479,Unknown Artist,Unknown Artist,Unknown Genre,still_life
Mannerism_Late_Renaissance,Baroque,0.8740841150283813,29838,49259,Unknown Artist,bartolome-esteban-murillo,religious_painting,religious_painting
Early_Renaissance,Rococo,0.873152494430542,25846,71898,Unknown Artist,Unknown Artist,religious_painting,Unknown Genre
Early_Renaissance,Rococo,0.8268855810165405,38496,53599,Unknown Artist,Unknown Artist,religious_painting,genre_painting
Northern_Renaissance,High_Renaissance,0.922213077545166,56430,56164,Unknown Artist,Unknown Artist,religious_painting,religious_painting
Baroque,Rococo,0.8317713737487793,74510,42419,Unknown Artist,Unknown Artist,Unknown Genre,portrait
Early_Renaissance,High_Renaissance,0.913909912109375,56566,22499,Unknown Artist,pietro-perugino,religious_painting,religious_painting
Baroque,Rococo,0.8141200542449951,65028,62976,anthony-van-dyck,Unknown Artist,portrait,portrait
Baroque,Rococo,0.8406856060028076,44404,53972,Unknown Artist,Unknown Artist,genre_painting,genre_painting
High_Renaissance,Northern_Renaissance,0.8907880187034607,68996,72254,Unknown Artist,Unknown Artist,Unknown Genre,Unknown Genre
Early_Renaissance,Northern_Renaissance,0.9012113213539124,20835,45167,fra-angelico,Unknown Artist,religious_painting,religious_painting
Early_Renaissance,High_Renaissance,0.9129397869110107,34370,40302,pietro-perugino,Unknown Artist,portrait,portrait
High_Renaissance,Mannerism_Late_Renaissance,0.8937099575996399,38210,50604,Unknown Artist,el-greco,religious_painting,religious_painting
High_Renaissance,Northern_Renaissance,0.844139814376831,62550,12948,michelangelo,albrecht-durer,sketch_and_study,illustration
Baroque,Rococo,0.8376203179359436,7424,55939,rembrandt,Unknown Artist,genre_painting,religious_painting
High_Renaissance,Mannerism_Late_Renaissance,0.9041481614112854,46471,44010,raphael,Unknown Artist,religious_painting,religious_painting
Northern_Renaissance,High_Renaissance,0.8346198201179504,62300,40712,hieronymus-bosch,leonardo-da-vinci,sketch_and_study,sketch_and_study
Early_Renaissance,Northern_Renaissance,0.8395187854766846,26144,81108,Unknown Artist,Unknown Artist,religious_painting,Unknown Genre
High_Renaissance,Northern_Renaissance,0.8697072863578796,79385,24065,Unknown Artist,Unknown Artist,Unknown Genre,religious_painting
High_Renaissance,Mannerism_Late_Renaissance,0.9034260511398315,21462,48172,titian,paolo-veronese,portrait,portrait
Northern_Renaissance,Mannerism_Late_Renaissance,0.894224226474762,26814,39483,hans-holbein-the-younger,Unknown Artist,portrait,portrait
High_Renaissance,Northern_Renaissance,0.8712380528450012,69294,29749,Unknown Artist,Unknown Artist,Unknown Genre,religious_painting
High_Renaissance,Northern_Renaissance,0.8787792325019836,54547,77324,michelangelo,Unknown Artist,genre_painting,Unknown Genre
High_Renaissance,Baroque,0.8500134944915771,62550,658,michelangelo,rembrandt,sketch_and_study,sketch_and_study
Early_Renaissance,Northern_Renaissance,0.8328453302383423,26869,51292,Unknown Artist,Unknown Artist,religious_painting,portrait
High_Renaissance,Mannerism_Late_Renaissance,0.8839861154556274,76258,78480,Unknown Artist,Unknown Artist,Unknown Genre,Unknown Genre
Early_Renaissance,High_Renaissance,0.8557782769203186,71452,32577,Unknown Artist,michelangelo,Unknown Genre,sketch_and_study
High_Renaissance,Northern_Renaissance,0.9064126014709473,73214,71841,Unknown Artist,Unknown Artist,Unknown Genre,Unknown Genre
Early_Renaissance,High_Renaissance,0.8988935947418213,36632,56806,Unknown Artist,pietro-perugino,religious_painting,religious_painting
Early_Renaissance,Northern_Renaissance,0.8660759925842285,55998,75637,Unknown Artist,Unknown Artist,religious_painting,Unknown Genre
High_Renaissance,Mannerism_Late_Renaissance,0.8854386806488037,25211,68150,Unknown Artist,Unknown Artist,religious_painting,Unknown Genre
Baroque,Rococo,0.9138566255569458,76556,54058,Unknown Artist,thomas-gainsborough,Unknown Genre,genre_painting
Mannerism_Late_Renaissance,Baroque,0.8957381844520569,33734,55651,Unknown Artist,jacob-jordaens,religious_painting,religious_painting
Baroque,Rococo,0.8419675230979919,40707,30695,anthony-van-dyck,thomas-gainsborough,portrait,portrait
Baroque,Rococo,0.7858000993728638,31729,75819,Unknown Artist,Unknown Artist,landscape,Unknown Genre
Northern_Renaissance,Mannerism_Late_Renaissance,0.8350034356117249,24282,45347,Unknown Artist,Unknown Artist,portrait,portrait
Mannerism_Late_Renaissance,Baroque,0.8796256184577942,56704,20808,paolo-veronese,Unknown Artist,religious_painting,genre_painting
High_Renaissance,Northern_Renaissance,0.8409313559532166,26594,36635,Unknown Artist,hieronymus-bosch,religious_painting,religious_painting
Mannerism_Late_Renaissance,Baroque,0.9024397134780884,23881,23336,Unknown Artist,Unknown Artist,portrait,portrait
Northern_Renaissance,Baroque,0.8367910385131836,81126,71842,Unknown Artist,Unknown Artist,Unknown Genre,Unknown Genre
Early_Renaissance,Northern_Renaissance,0.8992317914962769,25221,38912,Unknown Artist,Unknown Artist,portrait,religious_painting
High_Renaissance,Northern_Renaissance,0.8570981025695801,54547,35442,michelangelo,Unknown Artist,genre_painting,religious_painting
Northern_Renaissance,High_Renaissance,0.9037505388259888,32732,45272,Unknown Artist,Unknown Artist,religious_painting,religious_painting
Early_Renaissance,High_Renaissance,0.8782935738563538,40107,32812,Unknown Artist,Unknown Artist,religious_painting,religious_painting
Early_Renaissance,High_Renaissance,0.8960063457489014,44469,21573,leonardo-da-vinci,leonardo-da-vinci,religious_painting,religious_painting
Mannerism_Late_Renaissance,Baroque,0.9019210934638977,56563,78686,tintoretto,Unknown Artist,religious_painting,Unknown Genre
High_Renaissance,Mannerism_Late_Renaissance,0.8668707013130188,56503,20075,Unknown Artist,tintoretto,religious_painting,religious_painting
Baroque,Rococo,0.8775137066841125,20685,64509,peter-paul-rubens,Unknown Artist,portrait,portrait
Baroque,Rococo,0.8770459890365601,52214,27814,Unknown Artist,Unknown Artist,genre_painting,genre_painting
Baroque,Rococo,0.8319027423858643,17567,41163,rembrandt,Unknown Artist,religious_painting,genre_painting
Early_Renaissance,Northern_Renaissance,0.8381695747375488,29660,5438,Unknown Artist,albrecht-durer,sketch_and_study,portrait
High_Renaissance,Mannerism_Late_Renaissance,0.8231937885284424,28164,63555,Unknown Artist,Unknown Artist,portrait,portrait
Northern_Renaissance,Baroque,0.8823191523551941,38282,75719,hieronymus-bosch,Unknown Artist,religious_painting,Unknown Genre
Early_Renaissance,High_Renaissance,0.8273932337760925,25463,56061,Unknown Artist,Unknown Artist,religious_painting,religious_painting
Northern_Renaissance,High_Renaissance,0.8907811045646667,81086,79378,Unknown Artist,Unknown Artist,Unknown Genre,Unknown Genre
Baroque,Rococo,0.8955249786376953,62963,40753,joshua-reynolds,thomas-gainsborough,portrait,portrait
Early_Renaissance,High_Renaissance,0.889738917350769,24719,63950,Unknown Artist,Unknown Artist,portrait,portrait
High_Renaissance,Northern_Renaissance,0.8547652959823608,71698,81113,Unknown Artist,Unknown Artist,Unknown Genre,Unknown Genre
High_Renaissance,Baroque,0.821654736995697,74349,61123,Unknown Artist,peter-paul-rubens,Unknown Genre,landscape
High_Renaissance,Northern_Renaissance,0.8760964274406433,42532,2306,titian,Unknown Artist,sketch_and_study,Unknown Genre
Baroque,Rococo,0.7734817266464233,30768,26849,frans-hals,Unknown Artist,portrait,portrait
Northern_Renaissance,Mannerism_Late_Renaissance,0.8640424609184265,75511,25712,Unknown Artist,Unknown Artist,Unknown Genre,nude_painting
Northern_Renaissance,Mannerism_Late_Renaissance,0.9050979614257812,81151,67811,Unknown Artist,Unknown Artist,Unknown Genre,Unknown Genre
Northern_Renaissance,Mannerism_Late_Renaissance,0.8100506067276001,69514,24305,Unknown Artist,Unknown Artist,Unknown Genre,portrait
High_Renaissance,Northern_Renaissance,0.8457471132278442,56422,40045,Unknown Artist,Unknown Artist,religious_painting,landscape
Baroque,Rococo,0.8842955231666565,38563,37406,peter-paul-rubens,Unknown Artist,portrait,sketch_and_study
Baroque,Rococo,0.867546796798706,60026,44951,Unknown Artist,thomas-gainsborough,landscape,genre_painting
Early_Renaissance,High_Renaissance,0.8818405866622925,34989,32517,Unknown Artist,Unknown Artist,religious_painting,religious_painting
Early_Renaissance,High_Renaissance,0.8773013353347778,42487,75548,Unknown Artist,Unknown Artist,religious_painting,Unknown Genre
Baroque,Rococo,0.8346531987190247,64962,64805,Unknown Artist,Unknown Artist,portrait,portrait
High_Renaissance,Baroque,0.8817550539970398,46517,53802,titian,Unknown Artist,religious_painting,genre_painting
Mannerism_Late_Renaissance,Rococo,0.8990204334259033,22364,80046,tintoretto,Unknown Artist,religious_painting,Unknown Genre
Early_Renaissance,High_Renaissance,0.8785982728004456,38873,62176,Unknown Artist,leonardo-da-vinci,sketch_and_study,sketch_and_study
Early_Renaissance,High_Renaissance,0.8873860239982605,29122,34461,Unknown Artist,michelangelo,religious_painting,nude_painting
Northern_Renaissance,Mannerism_Late_Renaissance,0.8869850635528564,81158,71838,Unknown Artist,Unknown Artist,Unknown Genre,Unknown Genre
Baroque,Rococo,0.8114386796951294,63339,49629,Unknown Artist,Unknown Artist,portrait,portrait
High_Renaissance,Northern_Renaissance,0.8525590300559998,29435,43305,Unknown Artist,Unknown Artist,landscape,religious_painting
Baroque,Rococo,0.8674878478050232,50068,73933,bartolome-esteban-murillo,Unknown Artist,religious_painting,Unknown Genre
Baroque,Rococo,0.8194536566734314,52455,41136,frans-hals,Unknown Artist,portrait,portrait
Mannerism_Late_Renaissance,Baroque,0.8343678116798401,51180,5503,Unknown Artist,rembrandt,portrait,portrait
Northern_Renaissance,High_Renaissance,0.8595677018165588,27914,25311,Unknown Artist,Unknown Artist,religious_painting,religious_painting
Baroque,Rococo,0.9116111397743225,74038,37027,Unknown Artist,Unknown Artist,Unknown Genre,religious_painting
Northern_Renaissance,High_Renaissance,0.853472113609314,65813,46415,hans-holbein-the-younger,titian,portrait,portrait
High_Renaissance,Northern_Renaissance,0.8835229873657227,22495,49358,Unknown Artist,Unknown Artist,religious_painting,religious_painting
Baroque,Rococo,0.8434335589408875,31729,80027,Unknown Artist,Unknown Artist,landscape,Unknown Genre
High_Renaissance,Mannerism_Late_Renaissance,0.873833179473877,56818,40978,Unknown Artist,tintoretto,religious_painting,religious_painting
High_Renaissance,Northern_Renaissance,0.8783167004585266,49571,37247,titian,Unknown Artist,religious_painting,religious_painting
Mannerism_Late_Renaissance,Baroque,0.8895715475082397,26204,32686,titian,Unknown Artist,portrait,portrait
High_Renaissance,Northern_Renaissance,0.8754556775093079,72848,81102,Unknown Artist,Unknown Artist,Unknown Genre,Unknown Genre
Early_Renaissance,Northern_Renaissance,0.9003193378448486,39755,55839,Unknown Artist,Unknown Artist,religious_painting,religious_painting
Baroque,Rococo,0.8833604454994202,62974,65376,Unknown Artist,thomas-gainsborough,portrait,portrait
High_Renaissance,Baroque,0.8560491800308228,63502,49829,Unknown Artist,jacob-jordaens,portrait,portrait
Baroque,Rococo,0.8849276304244995,769,65613,rembrandt,Unknown Artist,portrait,portrait
High_Renaissance,Northern_Renaissance,0.7986226081848145,46276,42753,Unknown Artist,hans-memling,portrait,still_life
High_Renaissance,Baroque,0.8648313879966736,69785,32161,Unknown Artist,peter-paul-rubens,Unknown Genre,portrait
Early_Renaissance,Northern_Renaissance,0.789573073387146,36632,41184,Unknown Artist,Unknown Artist,religious_painting,religious_painting
Baroque,Rococo,0.840745747089386,54643,63826,Unknown Artist,Unknown Artist,genre_painting,portrait
High_Renaissance,Mannerism_Late_Renaissance,0.8769660592079163,41863,51062,Unknown Artist,Unknown Artist,portrait,portrait
Northern_Renaissance,High_Renaissance,0.9015718102455139,32870,22248,Unknown Artist,raphael,religious_painting,religious_painting
High_Renaissance,Northern_Renaissance,0.8365164399147034,44996,9996,Unknown Artist,albrecht-durer,religious_painting,religious_painting
Baroque,Rococo,0.8706278204917908,36855,55470,peter-paul-rubens,Unknown Artist,genre_painting,genre_painting
High_Renaissance,Mannerism_Late_Renaissance,0.8856220245361328,55727,57139,Unknown Artist,Unknown Artist,religious_painting,religious_painting
Baroque,Rococo,0.8423513174057007,68510,80104,Unknown Artist,Unknown Artist,Unknown Genre,Unknown Genre
High_Renaissance,Baroque,0.8467546701431274,79355,69232,Unknown Artist,Unknown Artist,Unknown Genre,Unknown Genre
Baroque,Rococo,0.8544006943702698,64686,28179,Unknown Artist,Unknown Artist,portrait,portrait
Baroque,Rococo,0.8540656566619873,32296,76795,peter-paul-rubens,Unknown Artist,landscape,Unknown Genre
Baroque,Rococo,0.8569408655166626,769,43036,rembrandt,Unknown Artist,portrait,portrait
Baroque,Rococo,0.8380302786827087,53884,42411,Unknown Artist,Unknown Artist,genre_painting,genre_painting
Early_Renaissance,Northern_Renaissance,0.712264895439148,56421,67975,Unknown Artist,Unknown Artist,religious_painting,Unknown Genre
Baroque,Rococo,0.8624273538589478,71911,68503,Unknown Artist,Unknown Artist,Unknown Genre,Unknown Genre
Baroque,Rococo,0.8192237019538879,65085,75530,jacob-jordaens,Unknown Artist,portrait,Unknown Genre
Mannerism_Late_Renaissance,Baroque,0.9333605170249939,56440,56855,Unknown Artist,Unknown Artist,religious_painting,religious_painting
Northern_Renaissance,Mannerism_Late_Renaissance,0.9087502956390381,72904,77125,Unknown Artist,Unknown Artist,Unknown Genre,Unknown Genre
Early_Renaissance,High_Renaissance,0.9108149409294128,56478,48805,Unknown Artist,pietro-perugino,religious_painting,religious_painting
Early_Renaissance,Baroque,0.8270366191864014,57071,53780,Unknown Artist,Unknown Artist,religious_painting,genre_painting
High_Renaissance,Mannerism_Late_Renaissance,0.8560958504676819,71698,71544,Unknown Artist,Unknown Artist,Unknown Genre,Unknown Genre
Baroque,Rococo,0.8186745643615723,17601,76361,rembrandt,Unknown Artist,religious_painting,Unknown Genre
Mannerism_Late_Renaissance,Rococo,0.8881163597106934,71446,76949,Unknown Artist,Unknown Artist,Unknown Genre,Unknown Genre
Northern_Renaissance,Baroque,0.8486917614936829,45318,33148,Unknown Artist,Unknown Artist,religious_painting,genre_painting
High_Renaissance,Baroque,0.8757538795471191,79411,76114,Unknown Artist,Unknown Artist,Unknown Genre,Unknown Genre
Early_Renaissance,Northern_Renaissance,0.9110708832740784,50882,3709,Unknown Artist,albrecht-durer,religious_painting,religious_painting
Early_Renaissance,High_Renaissance,0.8880931735038757,65611,50654,leonardo-da-vinci,raphael,portrait,sketch_and_study
Early_Renaissance,Mannerism_Late_Renaissance,0.8825124502182007,46991,62512,Unknown Artist,Unknown Artist,sketch_and_study,sketch_and_study
Northern_Renaissance,High_Renaissance,0.8116772174835205,18032,62146,albrecht-durer,leonardo-da-vinci,sketch_and_study,sketch_and_study
High_Renaissance,Northern_Renaissance,0.9160934686660767,30747,30850,Unknown Artist,Unknown Artist,religious_painting,religious_painting
High_Renaissance,Baroque,0.8735043406486511,48517,45302,Unknown Artist,anthony-van-dyck,religious_painting,religious_painting
High_Renaissance,Mannerism_Late_Renaissance,0.8896766901016235,57146,48958,raphael,tintoretto,religious_painting,religious_painting
Early_Renaissance,High_Renaissance,0.9228549003601074,56944,56712,Unknown Artist,raphael,religious_painting,religious_painting
Northern_Renaissance,Mannerism_Late_Renaissance,0.8670597076416016,81151,78499,Unknown Artist,Unknown Artist,Unknown Genre,Unknown Genre
Northern_Renaissance,High_Renaissance,0.8973212838172913,56830,72848,lucas-cranach-the-elder,Unknown Artist,religious_painting,Unknown Genre
High_Renaissance,Mannerism_Late_Renaissance,0.8701176047325134,69785,78521,Unknown Artist,Unknown Artist,Unknown Genre,Unknown Genre
Baroque,Rococo,0.8519169092178345,64962,29181,Unknown Artist,Unknown Artist,portrait,portrait
Northern_Renaissance,Mannerism_Late_Renaissance,0.8649666905403137,11094,23660,albrecht-durer,Unknown Artist,sketch_and_study,sketch_and_study
High_Renaissance,Northern_Renaissance,0.8586349487304688,22847,18182,leonardo-da-vinci,albrecht-durer,sketch_and_study,genre_painting
Baroque,Rococo,0.8300516605377197,17743,46666,rembrandt,joshua-reynolds,portrait,portrait
Northern_Renaissance,Baroque,0.9080125093460083,81126,77245,Unknown Artist,Unknown Artist,Unknown Genre,Unknown Genre
High_Renaissance,Mannerism_Late_Renaissance,0.919849157333374,30047,39229,Unknown Artist,Unknown Artist,religious_painting,religious_painting
Mannerism_Late_Renaissance,Baroque,0.8572149276733398,65107,36095,Unknown Artist,Unknown Artist,portrait,portrait
Early_Renaissance,High_Renaissance,0.8257800936698914,34370,23425,pietro-perugino,Unknown Artist,portrait,portrait
High_Renaissance,Mannerism_Late_Renaissance,0.9237101078033447,79412,78462,Unknown Artist,Unknown Artist,Unknown Genre,Unknown Genre
High_Renaissance,Mannerism_Late_Renaissance,0.8932737112045288,42440,55656,pietro-perugino,Unknown Artist,religious_painting,religious_painting
Early_Renaissance,Northern_Renaissance,0.8792930245399475,57109,56811,Unknown Artist,Unknown Artist,religious_painting,religious_painting
High_Renaissance,Baroque,0.7972674369812012,51589,23421,Unknown Artist,Unknown Artist,religious_painting,portrait
Mannerism_Late_Renaissance,Baroque,0.8870193362236023,47500,32678,el-greco,bartolome-esteban-murillo,religious_painting,religious_painting
High_Renaissance,Mannerism_Late_Renaissance,0.8582965135574341,32241,38963,titian,paolo-veronese,religious_painting,religious_painting
Northern_Renaissance,Baroque,0.8693051934242249,21368,60662,Unknown Artist,peter-paul-rubens,landscape,landscape
Early_Renaissance,High_Renaissance,0.9315951466560364,56604,55834,leonardo-da-vinci,Unknown Artist,religious_painting,religious_painting
Baroque,Rococo,0.8467047810554504,78588,44914,Unknown Artist,Unknown Artist,Unknown Genre,portrait
Early_Renaissance,High_Renaissance,0.9062161445617676,25751,55969,Unknown Artist,titian,religious_painting,religious_painting
Baroque,Rococo,0.8677240610122681,55850,80082,peter-paul-rubens,Unknown Artist,religious_painting,Unknown Genre
Mannerism_Late_Renaissance,Baroque,0.8498668074607849,78529,43477,Unknown Artist,Unknown Artist,Unknown Genre,still_life
Early_Renaissance,High_Renaissance,0.8333228230476379,55869,69191,Unknown Artist,Unknown Artist,religious_painting,Unknown Genre
High_Renaissance,Baroque,0.8373591899871826,66218,39991,Unknown Artist,Unknown Artist,portrait,genre_painting
Baroque,Rococo,0.8681954741477966,63339,37379,Unknown Artist,Unknown Artist,portrait,portrait
Northern_Renaissance,Baroque,0.868149995803833,9407,26732,albrecht-durer,Unknown Artist,landscape,cityscape
Early_Renaissance,Northern_Renaissance,0.8379334807395935,49658,65812,Unknown Artist,Unknown Artist,sketch_and_study,portrait
Northern_Renaissance,Mannerism_Late_Renaissance,0.8481429815292358,12660,51573,albrecht-durer,Unknown Artist,portrait,portrait
High_Renaissance,Northern_Renaissance,0.9160877466201782,70624,81123,Unknown Artist,Unknown Artist,Unknown Genre,Unknown Genre
High_Renaissance,Mannerism_Late_Renaissance,0.840327262878418,46629,38813,titian,tintoretto,portrait,portrait
High_Renaissance,Mannerism_Late_Renaissance,0.8071162104606628,44282,34887,Unknown Artist,Unknown Artist,portrait,portrait
High_Renaissance,Northern_Renaissance,0.8154619336128235,68622,9407,Unknown Artist,albrecht-durer,Unknown Genre,landscape
Mannerism_Late_Renaissance,Baroque,0.8444535732269287,30927,51186,titian,Unknown Artist,portrait,portrait
Northern_Renaissance,Mannerism_Late_Renaissance,0.8476031422615051,45117,65117,hans-holbein-the-younger,Unknown Artist,portrait,portrait
High_Renaissance,Northern_Renaissance,0.8936399817466736,28360,5706,titian,albrecht-durer,sketch_and_study,religious_painting
Early_Renaissance,Mannerism_Late_Renaissance,0.8732320666313171,46451,32493,Unknown Artist,Unknown Artist,portrait,portrait
Mannerism_Late_Renaissance,Rococo,0.8853464722633362,63378,20687,Unknown Artist,Unknown Artist,portrait,portrait
High_Renaissance,Mannerism_Late_Renaissance,0.8350356817245483,29833,46766,raphael,Unknown Artist,portrait,portrait
Northern_Renaissance,Rococo,0.8366963863372803,49830,47722,Unknown Artist,Unknown Artist,sketch_and_study,portrait
Northern_Renaissance,High_Renaissance,0.9327201247215271,4321,49492,albrecht-durer,Unknown Artist,religious_painting,religious_painting
Early_Renaissance,High_Renaissance,0.8523643612861633,70780,75036,Unknown Artist,Unknown Artist,Unknown Genre,Unknown Genre
Northern_Renaissance,Baroque,0.875859797000885,56778,27892,hans-holbein-the-younger,bartolome-esteban-murillo,religious_painting,religious_painting
Northern_Renaissance,High_Renaissance,0.8235020637512207,70184,30617,Unknown Artist,Unknown Artist,Unknown Genre,portrait
High_Renaissance,Northern_Renaissance,0.9154360890388489,56614,55686,pietro-perugino,lucas-cranach-the-elder,religious_painting,religious_painting
Northern_Renaissance,Baroque,0.8500748872756958,56626,20933,Unknown Artist,Unknown Artist,religious_painting,illustration
Northern_Renaissance,Baroque,0.8671572208404541,41761,10080,Unknown Artist,rembrandt,portrait,portrait
High_Renaissance,Northern_Renaissance,0.8895419239997864,56035,72163,titian,Unknown Artist,religious_painting,Unknown Genre
High_Renaissance,Mannerism_Late_Renaissance,0.8431699872016907,62275,78519,michelangelo,Unknown Artist,sketch_and_study,Unknown Genre
Northern_Renaissance,High_Renaissance,0.9152477383613586,56147,50730,Unknown Artist,pietro-perugino,religious_painting,religious_painting
Early_Renaissance,High_Renaissance,0.8843006491661072,45383,44131,Unknown Artist,raphael,sketch_and_study,sketch_and_study
High_Renaissance,Baroque,0.8402950167655945,63906,24579,titian,anthony-van-dyck,portrait,portrait
Northern_Renaissance,High_Renaissance,0.8449395895004272,4882,68944,albrecht-durer,Unknown Artist,sketch_and_study,Unknown Genre
Baroque,Rococo,0.8873384594917297,17599,43055,rembrandt,Unknown Artist,portrait,portrait
Northern_Renaissance,High_Renaissance,0.8686240911483765,8202,40658,albrecht-durer,michelangelo,sketch_and_study,sketch_and_study
Baroque,Rococo,0.9093261361122131,63010,44773,Unknown Artist,Unknown Artist,portrait,portrait
High_Renaissance,Mannerism_Late_Renaissance,0.8729511499404907,46629,24230,titian,titian,portrait,portrait
Northern_Renaissance,Rococo,0.8619586229324341,32942,37252,Unknown Artist,Unknown Artist,portrait,portrait
High_Renaissance,Mannerism_Late_Renaissance,0.8666594624519348,69083,75149,Unknown Artist,Unknown Artist,Unknown Genre,Unknown Genre
Early_Renaissance,High_Renaissance,0.9310139417648315,33443,55608,Unknown Artist,pietro-perugino,religious_painting,religious_painting
Early_Renaissance,Northern_Renaissance,0.8893282413482666,56703,44164,Unknown Artist,hieronymus-bosch,religious_painting,religious_painting
High_Renaissance,Northern_Renaissance,0.8680970072746277,21791,55919,Unknown Artist,Unknown Artist,religious_painting,religious_painting
Northern_Renaissance,Baroque,0.8074793219566345,81126,73337,Unknown Artist,Unknown Artist,Unknown Genre,Unknown Genre
Baroque,Rococo,0.8759366869926453,50068,47321,bartolome-esteban-murillo,Unknown Artist,religious_painting,genre_painting
Northern_Renaissance,Baroque,0.8445693850517273,27380,30504,Unknown Artist,Unknown Artist,landscape,landscape
Northern_Renaissance,Mannerism_Late_Renaissance,0.8736186623573303,31656,41537,Unknown Artist,Unknown Artist,religious_painting,religious_painting
Early_Renaissance,Northern_Renaissance,0.8697910904884338,25709,76458,pietro-perugino,Unknown Artist,religious_painting,Unknown Genre
High_Renaissance,Northern_Renaissance,0.8510650992393494,51390,74798,michelangelo,Unknown Artist,sketch_and_study,Unknown Genre
Northern_Renaissance,High_Renaissance,0.885050356388092,81106,71647,Unknown Artist,Unknown Artist,Unknown Genre,Unknown Genre
High_Renaissance,Northern_Renaissance,0.7944291830062866,56240,81077,Unknown Artist,Unknown Artist,religious_painting,Unknown Genre
High_Renaissance,Mannerism_Late_Renaissance,0.8610990643501282,65576,50510,titian,Unknown Artist,portrait,portrait
Baroque,Rococo,0.8088233470916748,62963,32236,joshua-reynolds,Unknown Artist,portrait,sketch_and_study
Mannerism_Late_Renaissance,Rococo,0.8794901967048645,72138,80103,Unknown Artist,Unknown Artist,Unknown Genre,Unknown Genre
High_Renaissance,Northern_Renaissance,0.9275945425033569,52548,56138,Unknown Artist,Unknown Artist,religious_painting,religious_painting
Early_Renaissance,High_Renaissance,0.907792329788208,24143,30047,Unknown Artist,Unknown Artist,religious_painting,religious_painting
Baroque,Rococo,0.8355786800384521,64322,66190,Unknown Artist,Unknown Artist,portrait,portrait
High_Renaissance,Mannerism_Late_Renaissance,0.8478574156761169,46629,30051,titian,tintoretto,portrait,portrait
Early_Renaissance,Mannerism_Late_Renaissance,0.8720523118972778,42667,70798,Unknown Artist,Unknown Artist,religious_painting,Unknown Genre
High_Renaissance,Mannerism_Late_Renaissance,0.8332635760307312,23425,36901,Unknown Artist,tintoretto,portrait,portrait
Northern_Renaissance,High_Renaissance,0.8636818528175354,44218,46000,Unknown Artist,raphael,religious_painting,religious_painting
Baroque,Rococo,0.8795806169509888,24879,39545,peter-paul-rubens,Unknown Artist,portrait,portrait
Early_Renaissance,Mannerism_Late_Renaissance,0.8758366107940674,46991,62489,Unknown Artist,Unknown Artist,sketch_and_study,sketch_and_study
Northern_Renaissance,Baroque,0.8680024147033691,21368,32940,Unknown Artist,Unknown Artist,landscape,landscape
Early_Renaissance,Baroque,0.8809677362442017,69772,73641,Unknown Artist,Unknown Artist,Unknown Genre,Unknown Genre
Northern_Renaissance,Mannerism_Late_Renaissance,0.7968869805335999,17986,40761,albrecht-durer,el-greco,portrait,sketch_and_study
Baroque,Rococo,0.8432538509368896,23086,43837,Unknown Artist,joshua-reynolds,portrait,portrait
Baroque,Rococo,0.8574984073638916,24579,65081,anthony-van-dyck,Unknown Artist,portrait,portrait
Early_Renaissance,High_Renaissance,0.8512586355209351,55838,46369,Unknown Artist,raphael,religious_painting,religious_painting
Northern_Renaissance,Mannerism_Late_Renaissance,0.8828280568122864,74520,78454,Unknown Artist,Unknown Artist,Unknown Genre,Unknown Genre
Early_Renaissance,Northern_Renaissance,0.8527154326438904,44431,3117,Unknown Artist,albrecht-durer,religious_painting,religious_painting
Northern_Renaissance,High_Renaissance,0.8356402516365051,57006,68622,hieronymus-bosch,Unknown Artist,religious_painting,Unknown Genre
Baroque,Rococo,0.8517212867736816,78566,75971,Unknown Artist,Unknown Artist,Unknown Genre,Unknown Genre
Northern_Renaissance,Mannerism_Late_Renaissance,0.906187117099762,20178,52870,hans-memling,el-greco,religious_painting,religious_painting
Northern_Renaissance,High_Renaissance,0.8516202569007874,81081,46867,Unknown Artist,Unknown Artist,Unknown Genre,sketch_and_study
Mannerism_Late_Renaissance,Baroque,0.8223575353622437,38333,54202,Unknown Artist,Unknown Artist,religious_painting,genre_painting
Early_Renaissance,High_Renaissance,0.9016718864440918,20738,44652,Unknown Artist,titian,religious_painting,religious_painting
Northern_Renaissance,Baroque,0.904229462146759,18007,33055,albrecht-durer,jacob-jordaens,religious_painting,sketch_and_study
Northern_Renaissance,Mannerism_Late_Renaissance,0.8273279666900635,18012,66017,albrecht-durer,Unknown Artist,portrait,portrait
Northern_Renaissance,Baroque,0.8565208911895752,18164,8218,albrecht-durer,rembrandt,religious_painting,religious_painting
Early_Renaissance,High_Renaissance,0.8708530068397522,41501,71749,leonardo-da-vinci,Unknown Artist,sketch_and_study,Unknown Genre
Baroque,Rococo,0.8838040828704834,78688,69707,Unknown Artist,Unknown Artist,Unknown Genre,Unknown Genre
Early_Renaissance,Northern_Renaissance,0.9253965616226196,56645,49789,Unknown Artist,hans-memling,religious_painting,religious_painting
Early_Renaissance,Northern_Renaissance,0.9204456210136414,56645,45101,Unknown Artist,Unknown Artist,religious_painting,religious_painting
Northern_Renaissance,Baroque,0.8171144127845764,51926,54769,Unknown Artist,Unknown Artist,genre_painting,genre_painting
Baroque,Rococo,0.8782211542129517,24879,62986,peter-paul-rubens,joshua-reynolds,portrait,portrait
Baroque,Rococo,0.8045780062675476,65028,66067,anthony-van-dyck,thomas-gainsborough,portrait,portrait
Early_Renaissance,High_Renaissance,0.8600521087646484,56123,47420,pietro-perugino,michelangelo,religious_painting,nude_painting
Northern_Renaissance,High_Renaissance,0.8952110409736633,31181,32795,hieronymus-bosch,Unknown Artist,religious_painting,religious_painting
Mannerism_Late_Renaissance,Baroque,0.8864624500274658,46959,32931,el-greco,bartolome-esteban-murillo,religious_painting,religious_painting
Early_Renaissance,High_Renaissance,0.8801144361495972,25320,48080,Unknown Artist,Unknown Artist,sketch_and_study,religious_painting
Early_Renaissance,Mannerism_Late_Renaissance,0.8923743367195129,56382,75040,Unknown Artist,Unknown Artist,religious_painting,Unknown Genre
Baroque,Rococo,0.8122948408126831,70402,40420,Unknown Artist,Unknown Artist,Unknown Genre,portrait
High_Renaissance,Baroque,0.8360183238983154,40689,17769,leonardo-da-vinci,rembrandt,sketch_and_study,genre_painting
Northern_Renaissance,High_Renaissance,0.8418947458267212,50422,65821,hans-holbein-the-younger,Unknown Artist,portrait,portrait
Early_Renaissance,High_Renaissance,0.7915518879890442,33893,63094,Unknown Artist,Unknown Artist,portrait,portrait
High_Renaissance,Mannerism_Late_Renaissance,0.8761264681816101,56503,41697,Unknown Artist,Unknown Artist,religious_painting,religious_painting
Mannerism_Late_Renaissance,Baroque,0.8829206228256226,40245,8064,titian,rembrandt,portrait,portrait
Early_Renaissance,High_Renaissance,0.9046764969825745,53073,56949,Unknown Artist,raphael,religious_painting,religious_painting
High_Renaissance,Baroque,0.8502461314201355,38058,863,titian,rembrandt,religious_painting,genre_painting
High_Renaissance,Baroque,0.834786057472229,20501,57138,Unknown Artist,bartolome-esteban-murillo,religious_painting,religious_painting
Mannerism_Late_Renaissance,Baroque,0.8363306522369385,64749,42088,tintoretto,anthony-van-dyck,portrait,portrait
Early_Renaissance,Northern_Renaissance,0.9135048985481262,51425,56539,pietro-perugino,Unknown Artist,religious_painting,religious_painting
High_Renaissance,Mannerism_Late_Renaissance,0.8909503817558289,71487,78463,Unknown Artist,Unknown Artist,Unknown Genre,Unknown Genre
Early_Renaissance,High_Renaissance,0.8713021278381348,61990,28723,Unknown Artist,michelangelo,sketch_and_study,sketch_and_study
Northern_Renaissance,Rococo,0.8782499432563782,13279,58084,albrecht-durer,Unknown Artist,cityscape,cityscape
Early_Renaissance,Northern_Renaissance,0.9092133641242981,50194,18025,Unknown Artist,albrecht-durer,religious_painting,religious_painting
High_Renaissance,Northern_Renaissance,0.8886643648147583,71487,24838,Unknown Artist,Unknown Artist,Unknown Genre,religious_painting
Early_Renaissance,Northern_Renaissance,0.8895222544670105,56995,52687,Unknown Artist,hieronymus-bosch,religious_painting,religious_painting
Northern_Renaissance,High_Renaissance,0.8816705942153931,8805,24741,albrecht-durer,michelangelo,nude_painting,sketch_and_study
Early_Renaissance,Northern_Renaissance,0.9153856635093689,51425,48646,pietro-perugino,Unknown Artist,religious_painting,religious_painting
High_Renaissance,Northern_Renaissance,0.8297454714775085,21791,27307,Unknown Artist,lucas-cranach-the-elder,religious_painting,genre_painting
Early_Renaissance,High_Renaissance,0.8813795447349548,25221,20616,Unknown Artist,leonardo-da-vinci,portrait,portrait
Northern_Renaissance,Baroque,0.8104212880134583,4581,2400,albrecht-durer,rembrandt,sketch_and_study,religious_painting
Mannerism_Late_Renaissance,Baroque,0.8472880721092224,64749,63033,tintoretto,anthony-van-dyck,portrait,portrait
Early_Renaissance,High_Renaissance,0.8928065896034241,25221,48586,Unknown Artist,raphael,portrait,portrait
Early_Renaissance,Northern_Renaissance,0.8642083406448364,32315,25278,fra-angelico,Unknown Artist,religious_painting,religious_painting
Baroque,Rococo,0.8770409226417542,53884,30704,Unknown Artist,Unknown Artist,genre_painting,genre_painting
Baroque,Rococo,0.842519998550415,33940,53979,Unknown Artist,Unknown Artist,genre_painting,genre_painting
Northern_Renaissance,Mannerism_Late_Renaissance,0.870522141456604,72904,75784,Unknown Artist,Unknown Artist,Unknown Genre,Unknown Genre
Northern_Renaissance,High_Renaissance,0.8811022639274597,56332,39055,Unknown Artist,Unknown Artist,religious_painting,religious_painting
Northern_Renaissance,Baroque,0.7984141707420349,11661,4314,Unknown Artist,rembrandt,Unknown Genre,portrait
Early_Renaissance,Northern_Renaissance,0.9235148429870605,33305,39350,Unknown Artist,Unknown Artist,religious_painting,religious_painting
Early_Renaissance,Northern_Renaissance,0.8186125159263611,35038,71752,Unknown Artist,Unknown Artist,religious_painting,Unknown Genre
High_Renaissance,Mannerism_Late_Renaissance,0.8748874664306641,38325,31201,leonardo-da-vinci,Unknown Artist,sketch_and_study,sketch_and_study
Mannerism_Late_Renaissance,Baroque,0.8858099579811096,65985,26544,titian,anthony-van-dyck,portrait,portrait
High_Renaissance,Baroque,0.86445552110672,68847,74922,Unknown Artist,Unknown Artist,Unknown Genre,Unknown Genre
Mannerism_Late_Renaissance,Baroque,0.8924685120582581,78455,75212,Unknown Artist,Unknown Artist,Unknown Genre,Unknown Genre
Early_Renaissance,High_Renaissance,0.9342792630195618,25221,51991,Unknown Artist,Unknown Artist,portrait,portrait
Early_Renaissance,Baroque,0.8935912847518921,19052,17706,leonardo-da-vinci,rembrandt,sketch_and_study,sketch_and_study
Baroque,Rococo,0.8366263508796692,70473,63725,Unknown Artist,Unknown Artist,Unknown Genre,portrait
Northern_Renaissance,Baroque,0.8129503726959229,58423,78759,Unknown Artist,Unknown Artist,cityscape,Unknown Genre
Early_Renaissance,High_Renaissance,0.917819619178772,56753,56669,Unknown Artist,Unknown Artist,religious_painting,religious_painting
Mannerism_Late_Renaissance,Baroque,0.8793468475341797,26204,27162,titian,peter-paul-rubens,portrait,portrait
Baroque,Rococo,0.8692799210548401,53178,23211,Unknown Artist,Unknown Artist,genre_painting,genre_painting
Mannerism_Late_Renaissance,Baroque,0.8521391749382019,65985,66140,titian,anthony-van-dyck,portrait,portrait
Northern_Renaissance,High_Renaissance,0.8268890380859375,13151,50675,albrecht-durer,michelangelo,religious_painting,religious_painting
Early_Renaissance,Northern_Renaissance,0.8598560690879822,49238,26861,Unknown Artist,Unknown Artist,religious_painting,religious_painting
Mannerism_Late_Renaissance,Baroque,0.9054206609725952,78520,74547,Unknown Artist,Unknown Artist,Unknown Genre,Unknown Genre
Early_Renaissance,High_Renaissance,0.8535289764404297,73428,79358,Unknown Artist,Unknown Artist,Unknown Genre,Unknown Genre
Early_Renaissance,Northern_Renaissance,0.9347997307777405,56355,56082,Unknown Artist,Unknown Artist,religious_painting,religious_painting
Northern_Renaissance,High_Renaissance,0.811276376247406,18062,24440,albrecht-durer,Unknown Artist,sketch_and_study,still_life
Early_Renaissance,Northern_Renaissance,0.8792454600334167,56407,49434,Unknown Artist,Unknown Artist,religious_painting,religious_painting
Baroque,Rococo,0.88194739818573,78698,79997,Unknown Artist,Unknown Artist,Unknown Genre,Unknown Genre
Baroque,Rococo,0.8414067625999451,78566,27599,Unknown Artist,Unknown Artist,Unknown Genre,cityscape
High_Renaissance,Mannerism_Late_Renaissance,0.9353623986244202,56614,37206,pietro-perugino,Unknown Artist,religious_painting,religious_painting
High_Renaissance,Northern_Renaissance,0.8321998715400696,31952,36090,Unknown Artist,hieronymus-bosch,religious_painting,religious_painting
Mannerism_Late_Renaissance,Baroque,0.8877021074295044,63378,38563,Unknown Artist,peter-paul-rubens,portrait,portrait
High_Renaissance,Rococo,0.8659361600875854,68561,53779,Unknown Artist,Unknown Artist,Unknown Genre,genre_painting
Mannerism_Late_Renaissance,Baroque,0.8815363645553589,55928,75309,Unknown Artist,Unknown Artist,religious_painting,Unknown Genre
Mannerism_Late_Renaissance,Baroque,0.8361365795135498,20667,64385,paolo-veronese,frans-hals,portrait,portrait
Northern_Renaissance,High_Renaissance,0.8434104323387146,43593,39598,hans-memling,Unknown Artist,portrait,portrait
Northern_Renaissance,Baroque,0.872661292552948,9407,78566,albrecht-durer,Unknown Artist,landscape,Unknown Genre
Northern_Renaissance,High_Renaissance,0.8940978646278381,37964,30296,Unknown Artist,Unknown Artist,religious_painting,religious_painting
Baroque,Rococo,0.8040164709091187,78588,36618,Unknown Artist,Unknown Artist,Unknown Genre,portrait
Mannerism_Late_Renaissance,Baroque,0.9073484539985657,49582,56304,tintoretto,Unknown Artist,religious_painting,religious_painting
High_Renaissance,Northern_Renaissance,0.8496994376182556,35997,21145,Unknown Artist,hans-memling,religious_painting,religious_painting
Mannerism_Late_Renaissance,Baroque,0.8359395861625671,24510,36347,titian,frans-hals,portrait,portrait
High_Renaissance,Northern_Renaissance,0.8585923314094543,27609,19108,michelangelo,hieronymus-bosch,religious_painting,religious_painting
High_Renaissance,Northern_Renaissance,0.8416991829872131,75935,18049,Unknown Artist,Unknown Artist,Unknown Genre,Unknown Genre
High_Renaissance,Northern_Renaissance,0.8673844337463379,21503,49856,Unknown Artist,hans-memling,religious_painting,religious_painting
High_Renaissance,Baroque,0.9001976847648621,22248,36570,raphael,Unknown Artist,religious_painting,religious_painting
High_Renaissance,Mannerism_Late_Renaissance,0.8648290634155273,56806,35856,pietro-perugino,titian,religious_painting,portrait
Early_Renaissance,Mannerism_Late_Renaissance,0.8119291663169861,64782,55644,Unknown Artist,Unknown Artist,portrait,religious_painting
High_Renaissance,Northern_Renaissance,0.8542572259902954,27353,523,leonardo-da-vinci,albrecht-durer,sketch_and_study,sketch_and_study
Baroque,Rococo,0.8372558951377869,65993,38942,anthony-van-dyck,thomas-gainsborough,portrait,portrait
Northern_Renaissance,Rococo,0.868119478225708,4581,61966,albrecht-durer,Unknown Artist,sketch_and_study,sketch_and_study
Baroque,Rococo,0.8386890888214111,71631,32446,Unknown Artist,Unknown Artist,Unknown Genre,portrait
Northern_Renaissance,High_Renaissance,0.9080067276954651,3709,62058,albrecht-durer,michelangelo,religious_painting,sketch_and_study
High_Renaissance,Northern_Renaissance,0.8624295592308044,41490,24282,Unknown Artist,Unknown Artist,portrait,portrait
Mannerism_Late_Renaissance,Baroque,0.8792175650596619,29804,56450,tintoretto,bartolome-esteban-murillo,religious_painting,religious_painting
Baroque,Rococo,0.8751637935638428,69420,35907,Unknown Artist,Unknown Artist,Unknown Genre,religious_painting
Early_Renaissance,High_Renaissance,0.865040123462677,29533,74491,Unknown Artist,Unknown Artist,religious_painting,Unknown Genre
High_Renaissance,Mannerism_Late_Renaissance,0.8933342695236206,56839,73250,Unknown Artist,Unknown Artist,religious_painting,Unknown Genre
Mannerism_Late_Renaissance,Baroque,0.9223460555076599,56704,49853,paolo-veronese,Unknown Artist,religious_painting,religious_painting
Mannerism_Late_Renaissance,Baroque,0.8938143849372864,76895,56352,Unknown Artist,jacob-jordaens,Unknown Genre,religious_painting
Early_Renaissance,High_Renaissance,0.8636492490768433,27503,61992,leonardo-da-vinci,raphael,sketch_and_study,sketch_and_study
High_Renaissance,Baroque,0.8128980994224548,62282,43906,leonardo-da-vinci,peter-paul-rubens,sketch_and_study,religious_painting
Early_Renaissance,High_Renaissance,0.8897770047187805,26869,21477,Unknown Artist,Unknown Artist,religious_painting,religious_painting
Early_Renaissance,Northern_Renaissance,0.8352549076080322,34712,22094,Unknown Artist,lucas-cranach-the-elder,religious_painting,portrait
Mannerism_Late_Renaissance,Baroque,0.8557464480400085,70803,70562,Unknown Artist,Unknown Artist,Unknown Genre,Unknown Genre
Early_Renaissance,Baroque,0.8506113886833191,25320,4514,Unknown Artist,rembrandt,sketch_and_study,religious_painting
High_Renaissance,Northern_Renaissance,0.8622816801071167,76620,19466,Unknown Artist,lucas-cranach-the-elder,Unknown Genre,portrait
Mannerism_Late_Renaissance,Baroque,0.8901717662811279,44647,32717,titian,bartolome-esteban-murillo,religious_painting,religious_painting
Early_Renaissance,Northern_Renaissance,0.8659995794296265,32261,26524,Unknown Artist,Unknown Artist,religious_painting,genre_painting
Mannerism_Late_Renaissance,Baroque,0.7719768285751343,78456,62956,Unknown Artist,frans-hals,Unknown Genre,portrait
Northern_Renaissance,Mannerism_Late_Renaissance,0.7696893215179443,64867,42363,lucas-cranach-the-elder,Unknown Artist,portrait,genre_painting
Baroque,Rococo,0.8141037821769714,23320,64551,joshua-reynolds,thomas-gainsborough,portrait,portrait
Baroque,Rococo,0.8659229278564453,39541,63841,anthony-van-dyck,joshua-reynolds,portrait,portrait
Early_Renaissance,Mannerism_Late_Renaissance,0.8807955384254456,55895,47005,Unknown Artist,el-greco,religious_painting,religious_painting
High_Renaissance,Mannerism_Late_Renaissance,0.9141231179237366,40818,75279,Unknown Artist,Unknown Artist,religious_painting,Unknown Genre
Mannerism_Late_Renaissance,Baroque,0.9145669937133789,44118,55872,tintoretto,peter-paul-rubens,religious_painting,religious_painting
Mannerism_Late_Renaissance,Baroque,0.8461130857467651,65312,32932,el-greco,anthony-van-dyck,portrait,portrait
Early_Renaissance,Northern_Renaissance,0.8254632353782654,39347,56657,Unknown Artist,Unknown Artist,religious_painting,religious_painting
Baroque,Rococo,0.8826097249984741,71631,41269,Unknown Artist,Unknown Artist,Unknown Genre,portrait
Baroque,Rococo,0.8745140433311462,71631,36426,Unknown Artist,Unknown Artist,Unknown Genre,portrait
High_Renaissance,Baroque,0.8567779064178467,46517,75670,titian,Unknown Artist,religious_painting,Unknown Genre
High_Renaissance,Mannerism_Late_Renaissance,0.8807083964347839,69689,77195,Unknown Artist,Unknown Artist,Unknown Genre,Unknown Genre
High_Renaissance,Baroque,0.8290466666221619,46517,17705,titian,rembrandt,religious_painting,religious_painting
Early_Renaissance,Northern_Renaissance,0.8488771915435791,48850,56002,fra-angelico,Unknown Artist,religious_painting,religious_painting
Baroque,Rococo,0.866844892501831,769,22105,rembrandt,Unknown Artist,portrait,portrait
Early_Renaissance,High_Renaissance,0.8757832050323486,56943,50990,Unknown Artist,pietro-perugino,religious_painting,religious_painting
Northern_Renaissance,Baroque,0.7973529696464539,81126,74625,Unknown Artist,Unknown Artist,Unknown Genre,Unknown Genre
Early_Renaissance,High_Renaissance,0.8272979855537415,38873,62383,Unknown Artist,leonardo-da-vinci,sketch_and_study,sketch_and_study
Mannerism_Late_Renaissance,Rococo,0.9050441980361938,72138,19844,Unknown Artist,Unknown Artist,Unknown Genre,religious_painting
High_Renaissance,Mannerism_Late_Renaissance,0.8784561157226562,35997,78528,Unknown Artist,Unknown Artist,religious_painting,Unknown Genre
High_Renaissance,Northern_Renaissance,0.8332282900810242,74005,2012,Unknown Artist,albrecht-durer,Unknown Genre,portrait
High_Renaissance,Northern_Renaissance,0.8121238350868225,46517,34684,titian,hieronymus-bosch,religious_painting,religious_painting
Baroque,Rococo,0.8268073797225952,62963,40885,joshua-reynolds,Unknown Artist,portrait,portrait
High_Renaissance,Mannerism_Late_Renaissance,0.865680456161499,28884,41322,pietro-perugino,tintoretto,religious_painting,religious_painting
Early_Renaissance,Northern_Renaissance,0.902295708656311,27503,2798,leonardo-da-vinci,albrecht-durer,sketch_and_study,sketch_and_study
Northern_Renaissance,High_Renaissance,0.8922973871231079,56539,21001,Unknown Artist,Unknown Artist,religious_painting,religious_painting
Early_Renaissance,High_Renaissance,0.8550755977630615,29714,51589,Unknown Artist,Unknown Artist,religious_painting,religious_painting
High_Renaissance,Northern_Renaissance,0.8344153165817261,51991,54638,Unknown Artist,lucas-cranach-the-elder,portrait,genre_painting
Baroque,Rococo,0.8653855919837952,78566,58277,Unknown Artist,Unknown Artist,Unknown Genre,cityscape
Early_Renaissance,High_Renaissance,0.8592780828475952,25221,44333,Unknown Artist,Unknown Artist,portrait,portrait
Early_Renaissance,High_Renaissance,0.8794455528259277,74826,79373,Unknown Artist,Unknown Artist,Unknown Genre,Unknown Genre
Northern_Renaissance,High_Renaissance,0.8211695551872253,50422,19943,hans-holbein-the-younger,titian,portrait,portrait
Early_Renaissance,Northern_Renaissance,0.8675510287284851,19174,32256,Unknown Artist,Unknown Artist,religious_painting,religious_painting
Early_Renaissance,High_Renaissance,0.8698719143867493,29386,40266,Unknown Artist,Unknown Artist,religious_painting,portrait
Early_Renaissance,High_Renaissance,0.8878968358039856,35109,27609,fra-angelico,michelangelo,religious_painting,religious_painting
Early_Renaissance,Northern_Renaissance,0.8756385445594788,46214,56426,Unknown Artist,Unknown Artist,religious_painting,religious_painting
High_Renaissance,Mannerism_Late_Renaissance,0.8511837124824524,46629,66273,titian,tintoretto,portrait,portrait
Mannerism_Late_Renaissance,Baroque,0.89284747838974,78453,70269,Unknown Artist,Unknown Artist,Unknown Genre,Unknown Genre
High_Renaissance,Northern_Renaissance,0.8742858171463013,72848,56210,Unknown Artist,lucas-cranach-the-elder,Unknown Genre,religious_painting
Baroque,Rococo,0.8341812491416931,32932,47027,anthony-van-dyck,Unknown Artist,portrait,portrait
Mannerism_Late_Renaissance,Baroque,0.8854064345359802,23252,56267,paolo-veronese,Unknown Artist,religious_painting,religious_painting
High_Renaissance,Mannerism_Late_Renaissance,0.8580883741378784,31952,29893,Unknown Artist,tintoretto,religious_painting,religious_painting
Northern_Renaissance,High_Renaissance,0.913458526134491,39152,51504,Unknown Artist,Unknown Artist,religious_painting,religious_painting
Mannerism_Late_Renaissance,Baroque,0.8762057423591614,35147,56990,paolo-veronese,bartolome-esteban-murillo,religious_painting,religious_painting
Mannerism_Late_Renaissance,Rococo,0.8787745237350464,72017,80000,Unknown Artist,Unknown Artist,Unknown Genre,Unknown Genre
High_Renaissance,Northern_Renaissance,0.8372808694839478,44996,1935,Unknown Artist,albrecht-durer,religious_painting,religious_painting
High_Renaissance,Mannerism_Late_Renaissance,0.8609201908111572,56949,56126,raphael,tintoretto,religious_painting,religious_painting
Baroque,Rococo,0.9125418066978455,40707,30619,anthony-van-dyck,thomas-gainsborough,portrait,portrait
Northern_Renaissance,Baroque,0.8290888667106628,41761,30611,Unknown Artist,Unknown Artist,portrait,portrait
Early_Renaissance,High_Renaissance,0.871080756187439,25751,63863,Unknown Artist,Unknown Artist,religious_painting,portrait
High_Renaissance,Mannerism_Late_Renaissance,0.8397563695907593,44282,51197,Unknown Artist,Unknown Artist,portrait,portrait
Early_Renaissance,Mannerism_Late_Renaissance,0.8770154714584351,56306,57116,Unknown Artist,paolo-veronese,religious_painting,religious_painting
High_Renaissance,Mannerism_Late_Renaissance,0.9187694191932678,30163,30859,Unknown Artist,Unknown Artist,religious_painting,religious_painting
High_Renaissance,Mannerism_Late_Renaissance,0.8676214218139648,56179,56914,Unknown Artist,Unknown Artist,religious_painting,religious_painting
High_Renaissance,Northern_Renaissance,0.7965724468231201,60526,50976,leonardo-da-vinci,Unknown Artist,landscape,landscape
High_Renaissance,Mannerism_Late_Renaissance,0.9117810130119324,23937,75683,michelangelo,Unknown Artist,religious_painting,Unknown Genre
Early_Renaissance,Northern_Renaissance,0.9067974090576172,37430,48889,Unknown Artist,Unknown Artist,religious_painting,religious_painting
Early_Renaissance,High_Renaissance,0.8599163889884949,25758,27968,Unknown Artist,leonardo-da-vinci,religious_painting,religious_painting
Baroque,Rococo,0.8305075764656067,74510,64065,Unknown Artist,thomas-gainsborough,Unknown Genre,portrait
Northern_Renaissance,High_Renaissance,0.8560572862625122,9285,31152,albrecht-durer,titian,portrait,religious_painting
Early_Renaissance,High_Renaissance,0.8804193139076233,21002,62484,leonardo-da-vinci,leonardo-da-vinci,portrait,sketch_and_study
Early_Renaissance,High_Renaissance,0.8700060844421387,75873,70455,Unknown Artist,Unknown Artist,Unknown Genre,Unknown Genre
Early_Renaissance,Northern_Renaissance,0.8744506239891052,52995,50951,Unknown Artist,Unknown Artist,sketch_and_study,genre_painting
Early_Renaissance,High_Renaissance,0.8480912446975708,56306,56771,Unknown Artist,michelangelo,religious_painting,religious_painting
High_Renaissance,Baroque,0.8264926075935364,75419,63167,Unknown Artist,peter-paul-rubens,Unknown Genre,portrait
Early_Renaissance,Mannerism_Late_Renaissance,0.9069961309432983,37806,62553,Unknown Artist,Unknown Artist,illustration,sketch_and_study
High_Renaissance,Northern_Renaissance,0.8874567747116089,22499,25773,pietro-perugino,Unknown Artist,religious_painting,religious_painting
Early_Renaissance,High_Renaissance,0.8783655166625977,55910,75009,Unknown Artist,Unknown Artist,religious_painting,Unknown Genre
Early_Renaissance,Northern_Renaissance,0.8682379722595215,22846,46683,Unknown Artist,lucas-cranach-the-elder,portrait,portrait
Northern_Renaissance,Baroque,0.8752027750015259,23960,59821,Unknown Artist,Unknown Artist,genre_painting,landscape
Mannerism_Late_Renaissance,Rococo,0.8491138815879822,71877,80023,Unknown Artist,Unknown Artist,Unknown Genre,Unknown Genre
High_Renaissance,Northern_Renaissance,0.8364207744598389,19063,49364,Unknown Artist,Unknown Artist,portrait,portrait
Early_Renaissance,Northern_Renaissance,0.8593719005584717,32171,26578,Unknown Artist,Unknown Artist,religious_painting,religious_painting
High_Renaissance,Northern_Renaissance,0.8744626045227051,33619,40354,pietro-perugino,Unknown Artist,religious_painting,portrait
Early_Renaissance,Northern_Renaissance,0.85151606798172,44431,56062,Unknown Artist,lucas-cranach-the-elder,religious_painting,religious_painting
Mannerism_Late_Renaissance,Rococo,0.8696364760398865,45729,80043,Unknown Artist,Unknown Artist,cityscape,Unknown Genre
Northern_Renaissance,High_Renaissance,0.8440265655517578,35431,23625,lucas-cranach-the-elder,Unknown Artist,religious_painting,portrait
Early_Renaissance,High_Renaissance,0.8710419535636902,27503,49042,leonardo-da-vinci,michelangelo,sketch_and_study,sketch_and_study
High_Renaissance,Mannerism_Late_Renaissance,0.8705829977989197,75777,72498,Unknown Artist,Unknown Artist,Unknown Genre,Unknown Genre
Early_Renaissance,Northern_Renaissance,0.7884221076965332,20308,18053,leonardo-da-vinci,Unknown Artist,sketch_and_study,Unknown Genre
High_Renaissance,Mannerism_Late_Renaissance,0.8966999650001526,43505,68410,Unknown Artist,Unknown Artist,religious_painting,Unknown Genre
Early_Renaissance,Northern_Renaissance,0.9401373863220215,25309,21151,Unknown Artist,Unknown Artist,religious_painting,religious_painting
Baroque,Rococo,0.9494168758392334,71842,44957,Unknown Artist,Unknown Artist,Unknown Genre,cityscape
Early_Renaissance,High_Renaissance,0.9092800617218018,24143,56991,Unknown Artist,raphael,religious_painting,religious_painting
Early_Renaissance,Northern_Renaissance,0.8244685530662537,56274,23223,Unknown Artist,hieronymus-bosch,religious_painting,religious_painting
Early_Renaissance,Mannerism_Late_Renaissance,0.9044939875602722,56973,29838,fra-angelico,Unknown Artist,religious_painting,religious_painting
Northern_Renaissance,High_Renaissance,0.863716721534729,4089,28387,albrecht-durer,titian,sketch_and_study,sketch_and_study
Northern_Renaissance,Rococo,0.8583702445030212,41761,64431,Unknown Artist,Unknown Artist,portrait,portrait
Early_Renaissance,Baroque,0.8916093111038208,27503,53982,leonardo-da-vinci,Unknown Artist,sketch_and_study,genre_painting
Early_Renaissance,Baroque,0.7791242599487305,62481,76716,Unknown Artist,Unknown Artist,sketch_and_study,Unknown Genre
Early_Renaissance,Northern_Renaissance,0.8556541204452515,57083,75758,Unknown Artist,Unknown Artist,religious_painting,Unknown Genre
High_Renaissance,Northern_Renaissance,0.9163709282875061,56413,45582,Unknown Artist,Unknown Artist,religious_painting,religious_painting
Mannerism_Late_Renaissance,Baroque,0.9105991721153259,30678,56217,Unknown Artist,Unknown Artist,religious_painting,religious_painting
Early_Renaissance,Mannerism_Late_Renaissance,0.8919276595115662,56309,22068,Unknown Artist,paolo-veronese,religious_painting,religious_painting
Northern_Renaissance,Baroque,0.7685200572013855,26578,50594,Unknown Artist,frans-hals,religious_painting,portrait
High_Renaissance,Northern_Renaissance,0.80217444896698,36610,9833,raphael,albrecht-durer,sketch_and_study,portrait
Mannerism_Late_Renaissance,Baroque,0.8896663784980774,32888,21588,paolo-veronese,peter-paul-rubens,portrait,portrait
Early_Renaissance,Baroque,0.8656429648399353,31565,60726,Unknown Artist,Unknown Artist,religious_painting,landscape
High_Renaissance,Mannerism_Late_Renaissance,0.8494954109191895,27927,31964,raphael,tintoretto,portrait,portrait
Baroque,Rococo,0.8471815586090088,65060,41381,anthony-van-dyck,Unknown Artist,portrait,portrait
High_Renaissance,Mannerism_Late_Renaissance,0.8982241749763489,46000,78525,raphael,Unknown Artist,religious_painting,Unknown Genre
Baroque,Rococo,0.8602911233901978,62963,31048,joshua-reynolds,Unknown Artist,portrait,portrait
Early_Renaissance,Northern_Renaissance,0.7905181050300598,41065,37223,Unknown Artist,hieronymus-bosch,religious_painting,religious_painting
Baroque,Rococo,0.8694247007369995,75212,30482,Unknown Artist,Unknown Artist,Unknown Genre,genre_painting
Early_Renaissance,High_Renaissance,0.88250732421875,57022,39614,Unknown Artist,michelangelo,religious_painting,religious_painting
High_Renaissance,Northern_Renaissance,0.7738051414489746,56229,18142,titian,albrecht-durer,religious_painting,portrait
High_Renaissance,Baroque,0.8730170130729675,68831,73755,Unknown Artist,Unknown Artist,Unknown Genre,Unknown Genre
Baroque,Rococo,0.8493005633354187,51822,35268,Unknown Artist,Unknown Artist,genre_painting,genre_painting
High_Renaissance,Mannerism_Late_Renaissance,0.8604656457901001,41835,65163,Unknown Artist,tintoretto,portrait,portrait
High_Renaissance,Baroque,0.8412654399871826,49042,27038,michelangelo,Unknown Artist,sketch_and_study,sketch_and_study
Northern_Renaissance,Mannerism_Late_Renaissance,0.9040030241012573,26524,30944,Unknown Artist,tintoretto,genre_painting,religious_painting
Baroque,Rococo,0.8331479430198669,24879,65768,peter-paul-rubens,Unknown Artist,portrait,portrait
Northern_Renaissance,Baroque,0.8314564228057861,81126,68668,Unknown Artist,Unknown Artist,Unknown Genre,Unknown Genre
Mannerism_Late_Renaissance,Rococo,0.8774301409721375,70803,76948,Unknown Artist,Unknown Artist,Unknown Genre,Unknown Genre
High_Renaissance,Northern_Renaissance,0.8440406322479248,46415,41761,titian,Unknown Artist,portrait,portrait
High_Renaissance,Mannerism_Late_Renaissance,0.8679909706115723,38990,70756,titian,Unknown Artist,religious_painting,Unknown Genre
Northern_Renaissance,High_Renaissance,0.8725873231887817,46806,52759,Unknown Artist,Unknown Artist,religious_painting,religious_painting
High_Renaissance,Mannerism_Late_Renaissance,0.8834487199783325,38325,46545,leonardo-da-vinci,Unknown Artist,sketch_and_study,sketch_and_study
Early_Renaissance,Mannerism_Late_Renaissance,0.8555251955986023,56372,37729,pietro-perugino,el-greco,religious_painting,religious_painting
Baroque,Rococo,0.8179542422294617,54043,25990,Unknown Artist,Unknown Artist,genre_painting,genre_painting
Early_Renaissance,High_Renaissance,0.9195104241371155,51437,34542,Unknown Artist,raphael,religious_painting,religious_painting
Early_Renaissance,High_Renaissance,0.8889778852462769,21956,56818,Unknown Artist,Unknown Artist,religious_painting,religious_painting
Early_Renaissance,High_Renaissance,0.8606300354003906,56372,56128,pietro-perugino,pietro-perugino,religious_painting,religious_painting
High_Renaissance,Mannerism_Late_Renaissance,0.8767220973968506,55705,28880,Unknown Artist,el-greco,religious_painting,religious_painting
Mannerism_Late_Renaissance,Baroque,0.8782349228858948,26204,64372,titian,Unknown Artist,portrait,portrait
High_Renaissance,Baroque,0.8520211577415466,42800,49071,raphael,Unknown Artist,portrait,religious_painting
Mannerism_Late_Renaissance,Baroque,0.8927366733551025,20952,38083,paolo-veronese,peter-paul-rubens,religious_painting,portrait
Mannerism_Late_Renaissance,Baroque,0.8545251488685608,78455,17723,Unknown Artist,rembrandt,Unknown Genre,religious_painting
Northern_Renaissance,Mannerism_Late_Renaissance,0.8868535161018372,76522,78502,Unknown Artist,Unknown Artist,Unknown Genre,Unknown Genre
Northern_Renaissance,Mannerism_Late_Renaissance,0.9074140787124634,10581,62303,albrecht-durer,Unknown Artist,sketch_and_study,sketch_and_study
High_Renaissance,Northern_Renaissance,0.8830421566963196,51554,56215,titian,Unknown Artist,religious_painting,religious_painting
Northern_Renaissance,Baroque,0.9059586524963379,433,69498,albrecht-durer,Unknown Artist,religious_painting,Unknown Genre
High_Renaissance,Baroque,0.8664432764053345,33704,30235,Unknown Artist,Unknown Artist,religious_painting,religious_painting
Northern_Renaissance,Mannerism_Late_Renaissance,0.908133864402771,18163,75331,albrecht-durer,Unknown Artist,religious_painting,Unknown Genre
High_Renaissance,Mannerism_Late_Renaissance,0.8876734375953674,27927,63534,raphael,tintoretto,portrait,portrait
High_Renaissance,Northern_Renaissance,0.9078852534294128,56648,81086,Unknown Artist,Unknown Artist,religious_painting,Unknown Genre
Northern_Renaissance,High_Renaissance,0.8875361680984497,44944,37222,Unknown Artist,titian,religious_painting,religious_painting
Baroque,Rococo,0.8462984561920166,73252,76731,Unknown Artist,Unknown Artist,Unknown Genre,Unknown Genre
Mannerism_Late_Renaissance,Rococo,0.8399766087532043,42943,33236,Unknown Artist,Unknown Artist,portrait,portrait
Baroque,Rococo,0.8868898749351501,32686,66303,Unknown Artist,Unknown Artist,portrait,portrait
Mannerism_Late_Renaissance,Baroque,0.8558186888694763,56367,43030,tintoretto,Unknown Artist,religious_painting,still_life
Northern_Renaissance,High_Renaissance,0.8638827800750732,9712,26856,albrecht-durer,michelangelo,nude_painting,sketch_and_study
High_Renaissance,Mannerism_Late_Renaissance,0.8859800696372986,63005,48110,Unknown Artist,Unknown Artist,portrait,portrait
Northern_Renaissance,Baroque,0.8809998631477356,81126,78628,Unknown Artist,Unknown Artist,Unknown Genre,Unknown Genre
High_Renaissance,Northern_Renaissance,0.8969408273696899,52662,69797,michelangelo,Unknown Artist,nude_painting,Unknown Genre
Early_Renaissance,Mannerism_Late_Renaissance,0.9015393257141113,56740,57056,Unknown Artist,tintoretto,religious_painting,religious_painting
High_Renaissance,Mannerism_Late_Renaissance,0.8607381582260132,50654,78479,raphael,Unknown Artist,sketch_and_study,Unknown Genre
Early_Renaissance,High_Renaissance,0.9101421236991882,56967,31863,Unknown Artist,Unknown Artist,religious_painting,religious_painting
High_Renaissance,Mannerism_Late_Renaissance,0.8282068967819214,65674,20667,titian,paolo-veronese,portrait,portrait
High_Renaissance,Northern_Renaissance,0.8511751890182495,21503,81126,Unknown Artist,Unknown Artist,religious_painting,Unknown Genre
Baroque,Rococo,0.8663129806518555,769,32232,rembrandt,Unknown Artist,portrait,portrait
Early_Renaissance,Northern_Renaissance,0.8897442817687988,56801,12837,Unknown Artist,albrecht-durer,religious_painting,religious_painting
High_Renaissance,Mannerism_Late_Renaissance,0.9237257838249207,41863,42943,Unknown Artist,Unknown Artist,portrait,portrait
Early_Renaissance,Northern_Renaissance,0.7780748009681702,32528,20355,Unknown Artist,hieronymus-bosch,religious_painting,religious_painting
Baroque,Rococo,0.7958894968032837,17601,44713,rembrandt,Unknown Artist,religious_painting,genre_painting
Mannerism_Late_Renaissance,Rococo,0.8643032312393188,55843,28789,Unknown Artist,Unknown Artist,religious_painting,religious_painting
High_Renaissance,Mannerism_Late_Renaissance,0.8822627067565918,27974,44535,michelangelo,paolo-veronese,sketch_and_study,sketch_and_study
Early_Renaissance,High_Renaissance,0.9208576083183289,61990,42532,Unknown Artist,titian,sketch_and_study,sketch_and_study
Baroque,Rococo,0.9104303121566772,7125,53500,rembrandt,Unknown Artist,sketch_and_study,genre_painting
High_Renaissance,Mannerism_Late_Renaissance,0.8748137354850769,68376,45000,Unknown Artist,el-greco,Unknown Genre,religious_painting
High_Renaissance,Northern_Renaissance,0.8949581384658813,29441,25046,Unknown Artist,Unknown Artist,religious_painting,religious_painting
Baroque,Rococo,0.8071701526641846,71911,71585,Unknown Artist,Unknown Artist,Unknown Genre,Unknown Genre
Baroque,Rococo,0.8289473056793213,3112,27981,rembrandt,Unknown Artist,Unknown Genre,portrait
Early_Renaissance,High_Renaissance,0.84306401014328,39075,77034,Unknown Artist,Unknown Artist,religious_painting,Unknown Genre
High_Renaissance,Mannerism_Late_Renaissance,0.8837880492210388,47291,56564,pietro-perugino,Unknown Artist,religious_painting,religious_painting
High_Renaissance,Northern_Renaissance,0.8978284001350403,76525,69185,Unknown Artist,Unknown Artist,Unknown Genre,Unknown Genre
Baroque,Rococo,0.8816543817520142,71631,65783,Unknown Artist,Unknown Artist,Unknown Genre,portrait
Baroque,Rococo,0.8723562955856323,50164,21879,jacob-jordaens,Unknown Artist,genre_painting,genre_painting
Early_Renaissance,High_Renaissance,0.9461917281150818,28215,49178,Unknown Artist,Unknown Artist,religious_painting,religious_painting
Early_Renaissance,Northern_Renaissance,0.8410157561302185,56981,50921,Unknown Artist,Unknown Artist,religious_painting,religious_painting
Early_Renaissance,High_Renaissance,0.8615061640739441,73428,74014,Unknown Artist,Unknown Artist,Unknown Genre,Unknown Genre
High_Renaissance,Northern_Renaissance,0.8581163883209229,75777,18011,Unknown Artist,albrecht-durer,Unknown Genre,religious_painting
Early_Renaissance,High_Renaissance,0.9222980737686157,56355,20028,Unknown Artist,Unknown Artist,religious_painting,religious_painting
Northern_Renaissance,High_Renaissance,0.7658348679542542,54638,23448,lucas-cranach-the-elder,Unknown Artist,genre_painting,portrait
Mannerism_Late_Renaissance,Baroque,0.8573865294456482,44777,34694,el-greco,bartolome-esteban-murillo,religious_painting,religious_painting
Northern_Renaissance,High_Renaissance,0.9314973950386047,4321,42151,albrecht-durer,raphael,religious_painting,religious_painting
Early_Renaissance,High_Renaissance,0.9089390635490417,52853,49777,Unknown Artist,pietro-perugino,religious_painting,religious_painting
High_Renaissance,Baroque,0.8616079092025757,29295,13203,leonardo-da-vinci,rembrandt,sketch_and_study,sketch_and_study
Early_Renaissance,High_Renaissance,0.9416147470474243,20738,56390,Unknown Artist,Unknown Artist,religious_painting,religious_painting
Northern_Renaissance,Baroque,0.8838716745376587,1229,4720,albrecht-durer,rembrandt,religious_painting,religious_painting
Baroque,Rococo,0.8665784001350403,20229,34149,Unknown Artist,Unknown Artist,religious_painting,genre_painting
High_Renaissance,Rococo,0.8926560282707214,74349,76762,Unknown Artist,Unknown Artist,Unknown Genre,Unknown Genre
Early_Renaissance,High_Renaissance,0.7513300180435181,56688,79414,Unknown Artist,Unknown Artist,religious_painting,Unknown Genre
Mannerism_Late_Renaissance,Baroque,0.8508802056312561,48753,64734,el-greco,anthony-van-dyck,portrait,portrait
Early_Renaissance,High_Renaissance,0.9148609638214111,55869,56417,Unknown Artist,Unknown Artist,religious_painting,religious_painting
Baroque,Rococo,0.8627164959907532,20685,66240,peter-paul-rubens,Unknown Artist,portrait,portrait
Early_Renaissance,Northern_Renaissance,0.8619686961174011,75143,26736,Unknown Artist,hieronymus-bosch,Unknown Genre,religious_painting
Early_Renaissance,Northern_Renaissance,0.7986829876899719,27489,24643,Unknown Artist,hans-memling,portrait,religious_painting
High_Renaissance,Mannerism_Late_Renaissance,0.8436579704284668,63906,78498,titian,Unknown Artist,portrait,Unknown Genre
Baroque,Rococo,0.8621022701263428,70402,65197,Unknown Artist,joshua-reynolds,Unknown Genre,portrait
Mannerism_Late_Renaissance,Baroque,0.8019233345985413,51180,8719,Unknown Artist,rembrandt,portrait,Unknown Genre
Early_Renaissance,Baroque,0.8354779481887817,27489,78561,Unknown Artist,Unknown Artist,portrait,Unknown Genre
Early_Renaissance,High_Renaissance,0.858350396156311,23399,29928,Unknown Artist,Unknown Artist,religious_painting,portrait
High_Renaissance,Northern_Renaissance,0.8364930152893066,77034,52023,Unknown Artist,hieronymus-bosch,Unknown Genre,religious_painting
High_Renaissance,Mannerism_Late_Renaissance,0.8598318099975586,46629,66129,titian,el-greco,portrait,portrait
Baroque,Rococo,0.8404397964477539,78752,35728,Unknown Artist,Unknown Artist,Unknown Genre,cityscape
Early_Renaissance,High_Renaissance,0.9356997013092041,32107,31432,pietro-perugino,pietro-perugino,religious_painting,religious_painting
Early_Renaissance,Northern_Renaissance,0.8691341280937195,56098,6488,Unknown Artist,albrecht-durer,religious_painting,religious_painting
Early_Renaissance,Northern_Renaissance,0.8568699359893799,29617,12617,Unknown Artist,albrecht-durer,religious_painting,religious_painting
Baroque,Rococo,0.8768658638000488,78566,31386,Unknown Artist,canaletto,Unknown Genre,landscape
Early_Renaissance,Mannerism_Late_Renaissance,0.890160858631134,19614,78503,pietro-perugino,Unknown Artist,religious_painting,Unknown Genre
High_Renaissance,Northern_Renaissance,0.8415441513061523,72848,31955,Unknown Artist,Unknown Artist,Unknown Genre,religious_painting
Mannerism_Late_Renaissance,Baroque,0.8578935861587524,28772,65250,titian,Unknown Artist,portrait,portrait
High_Renaissance,Mannerism_Late_Renaissance,0.8484099507331848,57074,25363,Unknown Artist,Unknown Artist,religious_painting,portrait
Early_Renaissance,High_Renaissance,0.8360787034034729,56407,56108,Unknown Artist,Unknown Artist,religious_painting,religious_painting
Early_Renaissance,Baroque,0.8300740122795105,34453,40382,Unknown Artist,Unknown Artist,religious_painting,genre_painting
High_Renaissance,Northern_Renaissance,0.7946010231971741,33676,6021,leonardo-da-vinci,albrecht-durer,sketch_and_study,sketch_and_study
Early_Renaissance,Northern_Renaissance,0.839034914970398,56737,12418,Unknown Artist,albrecht-durer,religious_painting,genre_painting
Northern_Renaissance,Baroque,0.8199965953826904,41761,3819,Unknown Artist,rembrandt,portrait,portrait
High_Renaissance,Mannerism_Late_Renaissance,0.9201207756996155,30163,26349,Unknown Artist,Unknown Artist,religious_painting,religious_painting
Early_Renaissance,Mannerism_Late_Renaissance,0.8321100473403931,37938,27852,Unknown Artist,el-greco,religious_painting,religious_painting
Baroque,Rococo,0.8568458557128906,64962,40741,Unknown Artist,Unknown Artist,portrait,portrait
Early_Renaissance,Mannerism_Late_Renaissance,0.9160371422767639,50266,20409,Unknown Artist,Unknown Artist,religious_painting,religious_painting
Northern_Renaissance,High_Renaissance,0.9158037900924683,57136,56387,Unknown Artist,Unknown Artist,religious_painting,religious_painting
Early_Renaissance,High_Renaissance,0.8673746585845947,52748,62443,leonardo-da-vinci,leonardo-da-vinci,sketch_and_study,sketch_and_study
Early_Renaissance,Northern_Renaissance,0.8156125545501709,56274,25389,Unknown Artist,hieronymus-bosch,religious_painting,religious_painting
High_Renaissance,Northern_Renaissance,0.8659257888793945,50200,1734,raphael,albrecht-durer,sketch_and_study,religious_painting
Northern_Renaissance,Baroque,0.8006227016448975,4644,53797,albrecht-durer,Unknown Artist,religious_painting,genre_painting
High_Renaissance,Baroque,0.8507207036018372,37000,44544,Unknown Artist,Unknown Artist,portrait,portrait
Early_Renaissance,Northern_Renaissance,0.9158050417900085,33305,21319,Unknown Artist,Unknown Artist,religious_painting,religious_painting
High_Renaissance,Northern_Renaissance,0.9025833010673523,61987,1312,michelangelo,albrecht-durer,sketch_and_study,religious_painting
Northern_Renaissance,Baroque,0.8073391914367676,81126,49539,Unknown Artist,canaletto,Unknown Genre,cityscape
High_Renaissance,Mannerism_Late_Renaissance,0.9103335738182068,69747,70459,Unknown Artist,Unknown Artist,Unknown Genre,Unknown Genre
High_Renaissance,Mannerism_Late_Renaissance,0.882102370262146,31952,39493,Unknown Artist,tintoretto,religious_painting,religious_painting
Early_Renaissance,High_Renaissance,0.8620724678039551,45383,43400,Unknown Artist,raphael,sketch_and_study,sketch_and_study
Northern_Renaissance,Mannerism_Late_Renaissance,0.8790186643600464,22301,44267,hieronymus-bosch,Unknown Artist,religious_painting,religious_painting
High_Renaissance,Northern_Renaissance,0.8094488382339478,28183,30739,Unknown Artist,Unknown Artist,portrait,religious_painting
High_Renaissance,Mannerism_Late_Renaissance,0.9041608572006226,21160,41582,Unknown Artist,Unknown Artist,religious_painting,religious_painting
Baroque,Rococo,0.8813153505325317,769,28421,rembrandt,Unknown Artist,portrait,portrait
Northern_Renaissance,Baroque,0.8467544913291931,21368,55367,Unknown Artist,Unknown Artist,landscape,genre_painting
High_Renaissance,Mannerism_Late_Renaissance,0.8692054748535156,20255,76115,titian,Unknown Artist,religious_painting,Unknown Genre
Baroque,Rococo,0.8438106775283813,24879,75186,peter-paul-rubens,Unknown Artist,portrait,Unknown Genre
High_Renaissance,Mannerism_Late_Renaissance,0.898379921913147,36327,74272,titian,Unknown Artist,religious_painting,Unknown Genre
Early_Renaissance,High_Renaissance,0.8418270945549011,56967,72926,Unknown Artist,Unknown Artist,religious_painting,Unknown Genre
Baroque,Rococo,0.8450425863265991,30354,53183,Unknown Artist,Unknown Artist,genre_painting,genre_painting
Northern_Renaissance,Mannerism_Late_Renaissance,0.834292471408844,25278,56007,Unknown Artist,Unknown Artist,religious_painting,religious_painting
Baroque,Rococo,0.8662784099578857,44983,61476,Unknown Artist,Unknown Artist,still_life,still_life
Northern_Renaissance,Mannerism_Late_Renaissance,0.8953725695610046,3783,22470,albrecht-durer,Unknown Artist,portrait,portrait
Mannerism_Late_Renaissance,Rococo,0.8501735925674438,47187,32005,Unknown Artist,Unknown Artist,religious_painting,portrait
Baroque,Rococo,0.8884151577949524,47805,63275,Unknown Artist,Unknown Artist,portrait,portrait
High_Renaissance,Mannerism_Late_Renaissance,0.9255313277244568,42778,68656,michelangelo,Unknown Artist,sketch_and_study,Unknown Genre
High_Renaissance,Baroque,0.8096953630447388,28183,21005,Unknown Artist,frans-hals,portrait,portrait
Mannerism_Late_Renaissance,Baroque,0.8923726677894592,23831,47805,Unknown Artist,Unknown Artist,portrait,portrait
Northern_Renaissance,Baroque,0.8579741716384888,21368,59762,Unknown Artist,Unknown Artist,landscape,landscape
Mannerism_Late_Renaissance,Baroque,0.9340952634811401,41220,55907,el-greco,Unknown Artist,religious_painting,religious_painting
Baroque,Rococo,0.8879359364509583,5389,46344,rembrandt,Unknown Artist,religious_painting,religious_painting
Mannerism_Late_Renaissance,Baroque,0.833256721496582,46766,51594,Unknown Artist,frans-hals,portrait,portrait
High_Renaissance,Northern_Renaissance,0.882285475730896,62413,40328,raphael,hieronymus-bosch,sketch_and_study,sketch_and_study
Early_Renaissance,Northern_Renaissance,0.8606158494949341,50778,18173,Unknown Artist,albrecht-durer,religious_painting,religious_painting
High_Renaissance,Northern_Renaissance,0.8379050493240356,42955,65573,Unknown Artist,hans-holbein-the-younger,portrait,portrait
Early_Renaissance,Baroque,0.9278454780578613,56407,17678,Unknown Artist,rembrandt,religious_painting,sketch_and_study
Mannerism_Late_Renaissance,Rococo,0.8847386837005615,64076,63639,Unknown Artist,Unknown Artist,portrait,portrait
High_Renaissance,Northern_Renaissance,0.9125089645385742,20746,27215,raphael,Unknown Artist,religious_painting,religious_painting
Northern_Renaissance,Mannerism_Late_Renaissance,0.8899486660957336,29110,46763,Unknown Artist,paolo-veronese,religious_painting,religious_painting
Baroque,Rococo,0.8365382552146912,24879,39732,peter-paul-rubens,thomas-gainsborough,portrait,portrait
Baroque,Rococo,0.8526263236999512,62963,25232,joshua-reynolds,thomas-gainsborough,portrait,portrait
Baroque,Rococo,0.8872935175895691,62974,27578,Unknown Artist,joshua-reynolds,portrait,portrait
Northern_Renaissance,Baroque,0.8434063792228699,55677,53496,Unknown Artist,Unknown Artist,religious_painting,genre_painting
Northern_Renaissance,Rococo,0.8456287980079651,4644,69574,albrecht-durer,Unknown Artist,religious_painting,Unknown Genre
Mannerism_Late_Renaissance,Baroque,0.8743652701377869,65625,64581,titian,Unknown Artist,portrait,portrait
Early_Renaissance,Mannerism_Late_Renaissance,0.8595476746559143,32171,23940,Unknown Artist,Unknown Artist,religious_painting,religious_painting
High_Renaissance,Mannerism_Late_Renaissance,0.8658157587051392,64098,38747,titian,Unknown Artist,portrait,portrait
Baroque,Rococo,0.8755566477775574,56163,48067,Unknown Artist,Unknown Artist,religious_painting,genre_painting
High_Renaissance,Baroque,0.8903009295463562,57117,72427,michelangelo,Unknown Artist,religious_painting,Unknown Genre
High_Renaissance,Northern_Renaissance,0.9119683504104614,30747,32870,Unknown Artist,Unknown Artist,religious_painting,religious_painting
Early_Renaissance,High_Renaissance,0.8976731300354004,45383,37094,Unknown Artist,Unknown Artist,sketch_and_study,sketch_and_study
Baroque,Rococo,0.9196849465370178,20685,44470,peter-paul-rubens,Unknown Artist,portrait,portrait
Early_Renaissance,Northern_Renaissance,0.9047238230705261,25221,23708,Unknown Artist,hans-holbein-the-younger,portrait,portrait
Baroque,Rococo,0.8352417349815369,41598,64415,Unknown Artist,joseph-wright,portrait,portrait
High_Renaissance,Northern_Renaissance,0.844366729259491,51504,23303,Unknown Artist,hans-memling,religious_painting,religious_painting
Early_Renaissance,High_Renaissance,0.8895654082298279,63017,65605,Unknown Artist,Unknown Artist,portrait,portrait
Mannerism_Late_Renaissance,Rococo,0.8673670291900635,75139,34033,Unknown Artist,Unknown Artist,Unknown Genre,sketch_and_study
Mannerism_Late_Renaissance,Baroque,0.8259437680244446,29083,41224,titian,Unknown Artist,religious_painting,genre_painting
Baroque,Rococo,0.8430432677268982,78588,32980,Unknown Artist,Unknown Artist,Unknown Genre,portrait
Early_Renaissance,High_Renaissance,0.916915774345398,56753,27917,Unknown Artist,Unknown Artist,religious_painting,religious_painting
Northern_Renaissance,Mannerism_Late_Renaissance,0.8775734901428223,33084,78512,hans-memling,Unknown Artist,religious_painting,Unknown Genre
High_Renaissance,Northern_Renaissance,0.8344180583953857,56229,18146,titian,albrecht-durer,religious_painting,religious_painting
Early_Renaissance,High_Renaissance,0.843512237071991,36105,19676,Unknown Artist,pietro-perugino,portrait,portrait
Early_Renaissance,Mannerism_Late_Renaissance,0.8288882374763489,36632,23881,Unknown Artist,Unknown Artist,religious_painting,portrait
Early_Renaissance,High_Renaissance,0.8904919028282166,25221,64906,Unknown Artist,raphael,portrait,portrait
Early_Renaissance,Northern_Renaissance,0.8617911338806152,50170,1120,Unknown Artist,albrecht-durer,sketch_and_study,portrait
Early_Renaissance,High_Renaissance,0.8969305157661438,25482,21244,pietro-perugino,Unknown Artist,religious_painting,religious_painting
Baroque,Rococo,0.8613476753234863,27162,48191,peter-paul-rubens,Unknown Artist,portrait,portrait
Early_Renaissance,Northern_Renaissance,0.866185188293457,55863,18079,Unknown Artist,albrecht-durer,religious_painting,religious_painting
High_Renaissance,Mannerism_Late_Renaissance,0.8648589849472046,44282,50166,Unknown Artist,Unknown Artist,portrait,portrait
Baroque,Rococo,0.8628212213516235,78588,63937,Unknown Artist,Unknown Artist,Unknown Genre,portrait
Baroque,Rococo,0.8202797174453735,39683,43524,anthony-van-dyck,joshua-reynolds,portrait,portrait
High_Renaissance,Mannerism_Late_Renaissance,0.8712034821510315,34542,55784,raphael,tintoretto,religious_painting,religious_painting
Mannerism_Late_Renaissance,Baroque,0.8935419917106628,46384,58122,Unknown Artist,canaletto,sketch_and_study,cityscape
High_Renaissance,Northern_Renaissance,0.8647809028625488,27250,8510,michelangelo,albrecht-durer,sketch_and_study,sketch_and_study
Baroque,Rococo,0.8657637238502502,26026,25024,anthony-van-dyck,joshua-reynolds,portrait,portrait
Early_Renaissance,Northern_Renaissance,0.8628629446029663,62246,9538,Unknown Artist,Unknown Artist,sketch_and_study,Unknown Genre
Early_Renaissance,Northern_Renaissance,0.8426505923271179,37779,34025,Unknown Artist,Unknown Artist,religious_painting,religious_painting
High_Renaissance,Mannerism_Late_Renaissance,0.874732255935669,32812,29067,Unknown Artist,paolo-veronese,religious_painting,religious_painting
Early_Renaissance,Northern_Renaissance,0.8636609315872192,57083,36387,Unknown Artist,Unknown Artist,religious_painting,religious_painting
Northern_Renaissance,Mannerism_Late_Renaissance,0.8765963912010193,38282,20603,hieronymus-bosch,tintoretto,religious_painting,religious_painting
Mannerism_Late_Renaissance,Baroque,0.8901358842849731,38687,65289,tintoretto,peter-paul-rubens,religious_painting,portrait
High_Renaissance,Mannerism_Late_Renaissance,0.8991132974624634,55969,56238,titian,titian,religious_painting,religious_painting
Early_Renaissance,Northern_Renaissance,0.892245888710022,25482,27395,pietro-perugino,Unknown Artist,religious_painting,religious_painting
Baroque,Rococo,0.8782669305801392,46595,71757,Unknown Artist,Unknown Artist,genre_painting,Unknown Genre
Northern_Renaissance,High_Renaissance,0.9038599133491516,76990,34309,Unknown Artist,titian,Unknown Genre,religious_painting
Early_Renaissance,Northern_Renaissance,0.8431865572929382,21753,46,Unknown Artist,albrecht-durer,sketch_and_study,portrait
High_Renaissance,Northern_Renaissance,0.8871493339538574,19437,13151,michelangelo,albrecht-durer,religious_painting,religious_painting
High_Renaissance,Mannerism_Late_Renaissance,0.8904768824577332,46509,34819,raphael,Unknown Artist,sketch_and_study,sketch_and_study
Baroque,Rococo,0.8909125924110413,71631,51039,Unknown Artist,Unknown Artist,Unknown Genre,portrait
Northern_Renaissance,Mannerism_Late_Renaissance,0.8959078788757324,46857,42546,Unknown Artist,Unknown Artist,religious_painting,religious_painting
Northern_Renaissance,Baroque,0.8826318979263306,3783,34171,albrecht-durer,Unknown Artist,portrait,portrait
High_Renaissance,Mannerism_Late_Renaissance,0.9035108089447021,79368,75081,Unknown Artist,Unknown Artist,Unknown Genre,Unknown Genre
Early_Renaissance,High_Renaissance,0.8530977964401245,39258,22991,Unknown Artist,Unknown Artist,religious_painting,religious_painting
High_Renaissance,Northern_Renaissance,0.8831807374954224,54547,3578,michelangelo,albrecht-durer,genre_painting,sketch_and_study
High_Renaissance,Northern_Renaissance,0.8893809914588928,64971,64957,Unknown Artist,Unknown Artist,portrait,portrait
Early_Renaissance,Mannerism_Late_Renaissance,0.8905388116836548,52015,66206,Unknown Artist,Unknown Artist,portrait,portrait
High_Renaissance,Baroque,0.8850423693656921,37222,49472,titian,bartolome-esteban-murillo,religious_painting,religious_painting
High_Renaissance,Northern_Renaissance,0.8250519633293152,39055,48053,Unknown Artist,Unknown Artist,religious_painting,religious_painting
High_Renaissance,Baroque,0.9048852920532227,79379,78735,Unknown Artist,Unknown Artist,Unknown Genre,Unknown Genre
Northern_Renaissance,Baroque,0.8296121954917908,27380,59987,Unknown Artist,Unknown Artist,landscape,landscape
Early_Renaissance,High_Renaissance,0.9003796577453613,63636,31868,Unknown Artist,Unknown Artist,portrait,portrait
Baroque,Rococo,0.8264031410217285,71942,80024,Unknown Artist,Unknown Artist,Unknown Genre,Unknown Genre
Early_Renaissance,High_Renaissance,0.9024661183357239,55920,56480,pietro-perugino,Unknown Artist,religious_painting,religious_painting
High_Renaissance,Mannerism_Late_Renaissance,0.8900700807571411,27948,22955,Unknown Artist,paolo-veronese,religious_painting,religious_painting
High_Renaissance,Mannerism_Late_Renaissance,0.8838351964950562,69785,78520,Unknown Artist,Unknown Artist,Unknown Genre,Unknown Genre
Early_Renaissance,High_Renaissance,0.8856658935546875,30201,76979,pietro-perugino,Unknown Artist,religious_painting,Unknown Genre
High_Renaissance,Mannerism_Late_Renaissance,0.86199551820755,41796,64240,raphael,Unknown Artist,portrait,portrait
High_Renaissance,Baroque,0.8536796569824219,40689,127,leonardo-da-vinci,rembrandt,sketch_and_study,sketch_and_study
Baroque,Rococo,0.8181363940238953,62963,37732,joshua-reynolds,joseph-wright,portrait,portrait
Early_Renaissance,Mannerism_Late_Renaissance,0.9026173949241638,80532,32295,Unknown Artist,Unknown Artist,Unknown Genre,religious_painting
Mannerism_Late_Renaissance,Baroque,0.8011794686317444,38333,35557,Unknown Artist,Unknown Artist,religious_painting,genre_painting
High_Renaissance,Northern_Renaissance,0.8438332080841064,48225,6072,raphael,albrecht-durer,sketch_and_study,portrait
High_Renaissance,Baroque,0.8724245429039001,29295,5212,leonardo-da-vinci,rembrandt,sketch_and_study,sketch_and_study
High_Renaissance,Mannerism_Late_Renaissance,0.8274261951446533,56839,37776,Unknown Artist,titian,religious_painting,portrait
Early_Renaissance,Northern_Renaissance,0.8145552277565002,27226,41205,pietro-perugino,Unknown Artist,religious_painting,portrait
Early_Renaissance,Northern_Renaissance,0.8675798177719116,36978,46926,fra-angelico,Unknown Artist,religious_painting,religious_painting
Northern_Renaissance,High_Renaissance,0.8649203181266785,12996,32849,albrecht-durer,Unknown Artist,portrait,portrait
Baroque,Rococo,0.8700406551361084,769,50665,rembrandt,Unknown Artist,portrait,portrait
High_Renaissance,Northern_Renaissance,0.8440616726875305,72848,23869,Unknown Artist,lucas-cranach-the-elder,Unknown Genre,religious_painting
Baroque,Rococo,0.8497474193572998,65010,35910,frans-hals,thomas-gainsborough,portrait,portrait
High_Renaissance,Mannerism_Late_Renaissance,0.9078784584999084,26261,62394,Unknown Artist,Unknown Artist,sketch_and_study,sketch_and_study
High_Renaissance,Baroque,0.8437416553497314,27560,55400,Unknown Artist,Unknown Artist,religious_painting,genre_painting
High_Renaissance,Mannerism_Late_Renaissance,0.8753138184547424,56179,24183,Unknown Artist,tintoretto,religious_painting,religious_painting
Northern_Renaissance,Baroque,0.8935546875,22962,59584,Unknown Artist,Unknown Artist,religious_painting,landscape
Northern_Renaissance,Baroque,0.7954463958740234,41761,64594,Unknown Artist,Unknown Artist,portrait,portrait
Northern_Renaissance,High_Renaissance,0.8208717703819275,36938,47189,hans-holbein-the-younger,titian,religious_painting,portrait
Northern_Renaissance,Baroque,0.8408564329147339,17996,7424,albrecht-durer,rembrandt,genre_painting,genre_painting
Northern_Renaissance,Baroque,0.8019975423812866,37897,17627,lucas-cranach-the-elder,rembrandt,portrait,portrait
Northern_Renaissance,Mannerism_Late_Renaissance,0.9088858962059021,69185,46975,Unknown Artist,el-greco,Unknown Genre,religious_painting
Early_Renaissance,Northern_Renaissance,0.8677647709846497,26915,26337,pietro-perugino,Unknown Artist,religious_painting,religious_painting
Early_Renaissance,High_Renaissance,0.8582110404968262,27828,43869,Unknown Artist,Unknown Artist,religious_painting,religious_painting
High_Renaissance,Northern_Renaissance,0.8001847863197327,22254,17986,leonardo-da-vinci,albrecht-durer,sketch_and_study,portrait
Northern_Renaissance,Baroque,0.864313542842865,18130,1294,albrecht-durer,rembrandt,sketch_and_study,cityscape
Baroque,Rococo,0.8617259860038757,38467,24928,Unknown Artist,Unknown Artist,genre_painting,genre_painting
Baroque,Rococo,0.8684722781181335,78673,80009,Unknown Artist,Unknown Artist,Unknown Genre,Unknown Genre
Northern_Renaissance,Baroque,0.8623731136322021,81126,74596,Unknown Artist,Unknown Artist,Unknown Genre,Unknown Genre
Northern_Renaissance,Baroque,0.8412582874298096,8196,55269,albrecht-durer,Unknown Artist,religious_painting,genre_painting
Baroque,Rococo,0.8325065970420837,62963,43856,joshua-reynolds,Unknown Artist,portrait,portrait
Northern_Renaissance,Rococo,0.840584933757782,18146,33945,albrecht-durer,Unknown Artist,religious_painting,portrait
Baroque,Rococo,0.9355095624923706,78628,76511,Unknown Artist,Unknown Artist,Unknown Genre,Unknown Genre
Northern_Renaissance,High_Renaissance,0.8670549988746643,29579,24137,hieronymus-bosch,raphael,religious_painting,religious_painting
High_Renaissance,Northern_Renaissance,0.8443501591682434,24418,1816,titian,albrecht-durer,religious_painting,religious_painting
Early_Renaissance,High_Renaissance,0.8902166485786438,20738,42476,Unknown Artist,Unknown Artist,religious_painting,religious_painting
Early_Renaissance,High_Renaissance,0.9032096862792969,56125,21055,Unknown Artist,raphael,religious_painting,religious_painting
Mannerism_Late_Renaissance,Rococo,0.9011180400848389,72747,71894,Unknown Artist,Unknown Artist,Unknown Genre,Unknown Genre
Early_Renaissance,Baroque,0.856495201587677,52748,38976,leonardo-da-vinci,jacob-jordaens,sketch_and_study,sketch_and_study
High_Renaissance,Mannerism_Late_Renaissance,0.8605838418006897,41661,45651,titian,titian,portrait,portrait
Northern_Renaissance,High_Renaissance,0.8384164571762085,50422,40607,hans-holbein-the-younger,Unknown Artist,portrait,portrait
Baroque,Rococo,0.8540909886360168,24879,37736,peter-paul-rubens,joshua-reynolds,portrait,portrait
High_Renaissance,Mannerism_Late_Renaissance,0.8822858929634094,76525,22428,Unknown Artist,paolo-veronese,Unknown Genre,genre_painting
Northern_Renaissance,Baroque,0.852045476436615,81126,71810,Unknown Artist,Unknown Artist,Unknown Genre,Unknown Genre
High_Renaissance,Mannerism_Late_Renaissance,0.8711541295051575,22541,20708,raphael,tintoretto,religious_painting,religious_painting
Early_Renaissance,High_Renaissance,0.892363965511322,22935,62166,Unknown Artist,leonardo-da-vinci,sketch_and_study,sketch_and_study
High_Renaissance,Northern_Renaissance,0.8487548232078552,29885,41113,raphael,hans-holbein-the-younger,portrait,portrait
Northern_Renaissance,Baroque,0.8395525813102722,42068,29250,Unknown Artist,Unknown Artist,genre_painting,landscape
High_Renaissance,Northern_Renaissance,0.8530622720718384,72848,55899,Unknown Artist,lucas-cranach-the-elder,Unknown Genre,religious_painting
Northern_Renaissance,Mannerism_Late_Renaissance,0.8649665713310242,23493,27725,Unknown Artist,Unknown Artist,portrait,portrait
Mannerism_Late_Renaissance,Rococo,0.8518104553222656,26658,23409,paolo-veronese,joshua-reynolds,religious_painting,portrait
High_Renaissance,Northern_Renaissance,0.8000112175941467,79362,41593,Unknown Artist,Unknown Artist,Unknown Genre,religious_painting
High_Renaissance,Baroque,0.8439461588859558,35102,12945,Unknown Artist,rembrandt,portrait,portrait
High_Renaissance,Rococo,0.8087051510810852,45857,19309,michelangelo,Unknown Artist,sketch_and_study,sketch_and_study
High_Renaissance,Mannerism_Late_Renaissance,0.8663943409919739,35102,22758,Unknown Artist,tintoretto,portrait,portrait
Early_Renaissance,Northern_Renaissance,0.9097879528999329,56580,57080,fra-angelico,hans-memling,religious_painting,religious_painting
High_Renaissance,Mannerism_Late_Renaissance,0.8571292161941528,76525,42994,Unknown Artist,Unknown Artist,Unknown Genre,portrait
High_Renaissance,Mannerism_Late_Renaissance,0.9036590456962585,69186,77150,Unknown Artist,Unknown Artist,Unknown Genre,Unknown Genre
High_Renaissance,Mannerism_Late_Renaissance,0.8674980401992798,44161,70469,titian,Unknown Artist,religious_painting,Unknown Genre
Baroque,Rococo,0.877376139163971,78752,34264,Unknown Artist,Unknown Artist,Unknown Genre,cityscape
Mannerism_Late_Renaissance,Baroque,0.851937472820282,51180,75192,Unknown Artist,Unknown Artist,portrait,Unknown Genre
Baroque,Rococo,0.7381588816642761,48836,66174,frans-hals,Unknown Artist,portrait,portrait
Northern_Renaissance,Mannerism_Late_Renaissance,0.899479329586029,49358,21469,Unknown Artist,tintoretto,religious_painting,religious_painting
Early_Renaissance,Northern_Renaissance,0.8618709444999695,76608,77181,Unknown Artist,Unknown Artist,Unknown Genre,Unknown Genre
High_Renaissance,Mannerism_Late_Renaissance,0.8620254397392273,69785,50341,Unknown Artist,titian,Unknown Genre,religious_painting
Baroque,Rococo,0.8669072389602661,38777,64375,anthony-van-dyck,joshua-reynolds,portrait,portrait
Northern_Renaissance,Mannerism_Late_Renaissance,0.8779639005661011,56539,29930,Unknown Artist,Unknown Artist,religious_painting,religious_painting
Early_Renaissance,High_Renaissance,0.8644888401031494,43431,43136,Unknown Artist,leonardo-da-vinci,sketch_and_study,religious_painting
High_Renaissance,Northern_Renaissance,0.8664734959602356,20591,46263,Unknown Artist,hans-holbein-the-younger,portrait,portrait
Baroque,Rococo,0.930008053779602,74991,40618,Unknown Artist,thomas-gainsborough,Unknown Genre,landscape
Mannerism_Late_Renaissance,Baroque,0.8814460039138794,39923,48216,tintoretto,jacob-jordaens,religious_painting,religious_painting
Baroque,Rococo,0.9095432162284851,71631,63090,Unknown Artist,Unknown Artist,Unknown Genre,portrait
Early_Renaissance,Mannerism_Late_Renaissance,0.8566499948501587,50546,38062,Unknown Artist,tintoretto,religious_painting,religious_painting
Northern_Renaissance,High_Renaissance,0.9078852534294128,81086,56648,Unknown Artist,Unknown Artist,Unknown Genre,religious_painting
Baroque,Rococo,0.8414833545684814,32932,64500,anthony-van-dyck,Unknown Artist,portrait,portrait
Northern_Renaissance,Rococo,0.7998937368392944,41761,51950,Unknown Artist,Unknown Artist,portrait,portrait
Early_Renaissance,Northern_Renaissance,0.7279865741729736,80533,81078,Unknown Artist,Unknown Artist,Unknown Genre,Unknown Genre
Early_Renaissance,Northern_Renaissance,0.9153382778167725,57024,25952,pietro-perugino,Unknown Artist,religious_painting,religious_painting
Baroque,Rococo,0.8066220283508301,23086,65718,Unknown Artist,Unknown Artist,portrait,portrait
Early_Renaissance,Northern_Renaissance,0.8635905385017395,75143,30759,Unknown Artist,hieronymus-bosch,Unknown Genre,religious_painting
Early_Renaissance,High_Renaissance,0.9090709090232849,34366,39395,Unknown Artist,Unknown Artist,religious_painting,religious_painting
Baroque,Rococo,0.9277527928352356,72887,72935,Unknown Artist,Unknown Artist,Unknown Genre,Unknown Genre
Early_Renaissance,High_Renaissance,0.8735934495925903,52327,20905,Unknown Artist,michelangelo,religious_painting,religious_painting
Baroque,Rococo,0.8557987809181213,24579,23858,anthony-van-dyck,Unknown Artist,portrait,portrait
High_Renaissance,Mannerism_Late_Renaissance,0.8930456042289734,56806,47852,pietro-perugino,Unknown Artist,religious_painting,portrait
High_Renaissance,Mannerism_Late_Renaissance,0.879143476486206,79362,70796,Unknown Artist,Unknown Artist,Unknown Genre,Unknown Genre
High_Renaissance,Northern_Renaissance,0.8192431330680847,26597,44421,titian,lucas-cranach-the-elder,portrait,portrait
Mannerism_Late_Renaissance,Baroque,0.9101458191871643,28772,20685,titian,peter-paul-rubens,portrait,portrait
Northern_Renaissance,Mannerism_Late_Renaissance,0.8963733911514282,81151,55645,Unknown Artist,tintoretto,Unknown Genre,religious_painting
Early_Renaissance,High_Renaissance,0.8890562653541565,45383,45657,Unknown Artist,michelangelo,sketch_and_study,sketch_and_study
Mannerism_Late_Renaissance,Baroque,0.8815444707870483,42943,5271,Unknown Artist,rembrandt,portrait,portrait
High_Renaissance,Mannerism_Late_Renaissance,0.8623290657997131,21104,63056,titian,paolo-veronese,portrait,portrait
Baroque,Rococo,0.7758291959762573,45127,63072,Unknown Artist,joshua-reynolds,portrait,portrait
Early_Renaissance,Mannerism_Late_Renaissance,0.8673303127288818,51437,19717,Unknown Artist,tintoretto,religious_painting,religious_painting
Early_Renaissance,High_Renaissance,0.8718557953834534,56123,79370,pietro-perugino,Unknown Artist,religious_painting,Unknown Genre
Northern_Renaissance,High_Renaissance,0.8722588419914246,18147,74442,albrecht-durer,Unknown Artist,nude_painting,Unknown Genre
Baroque,Rococo,0.8753304481506348,52224,64468,frans-hals,Unknown Artist,portrait,portrait
Early_Renaissance,High_Renaissance,0.8764167428016663,48338,56117,Unknown Artist,pietro-perugino,religious_painting,religious_painting
Early_Renaissance,High_Renaissance,0.9084433913230896,51425,37764,pietro-perugino,pietro-perugino,religious_painting,religious_painting
High_Renaissance,Northern_Renaissance,0.8534555435180664,79374,69564,Unknown Artist,Unknown Artist,Unknown Genre,Unknown Genre
High_Renaissance,Northern_Renaissance,0.8904273509979248,69485,72904,Unknown Artist,Unknown Artist,Unknown Genre,Unknown Genre
Mannerism_Late_Renaissance,Rococo,0.8814036250114441,71838,80102,Unknown Artist,Unknown Artist,Unknown Genre,Unknown Genre
Early_Renaissance,Northern_Renaissance,0.8729268908500671,37806,2963,Unknown Artist,albrecht-durer,illustration,sketch_and_study
Baroque,Rococo,0.8311974406242371,24879,50176,peter-paul-rubens,joshua-reynolds,portrait,portrait
Northern_Renaissance,Baroque,0.9269132614135742,56358,61147,Unknown Artist,bartolome-esteban-murillo,religious_painting,landscape
Northern_Renaissance,Baroque,0.7758806347846985,81111,32831,Unknown Artist,Unknown Artist,Unknown Genre,still_life
Northern_Renaissance,Baroque,0.7909407615661621,81126,22100,Unknown Artist,Unknown Artist,Unknown Genre,cityscape
Early_Renaissance,Northern_Renaissance,0.8908886909484863,56125,56318,Unknown Artist,Unknown Artist,religious_painting,religious_painting
Northern_Renaissance,Mannerism_Late_Renaissance,0.8846851587295532,6896,30825,albrecht-durer,Unknown Artist,sketch_and_study,portrait
Northern_Renaissance,Baroque,0.8790345788002014,27380,49702,Unknown Artist,Unknown Artist,landscape,landscape
High_Renaissance,Northern_Renaissance,0.8555408120155334,50628,42915,Unknown Artist,Unknown Artist,religious_painting,religious_painting
High_Renaissance,Northern_Renaissance,0.7987068295478821,67855,687,Unknown Artist,albrecht-durer,Unknown Genre,sketch_and_study
High_Renaissance,Mannerism_Late_Renaissance,0.8944180607795715,26983,55877,titian,paolo-veronese,religious_painting,religious_painting
Early_Renaissance,Northern_Renaissance,0.8981403112411499,75143,33084,Unknown Artist,hans-memling,Unknown Genre,religious_painting
Early_Renaissance,Baroque,0.8531503081321716,62460,62362,Unknown Artist,Unknown Artist,sketch_and_study,sketch_and_study
Northern_Renaissance,High_Renaissance,0.8401448130607605,36938,41975,hans-holbein-the-younger,Unknown Artist,religious_painting,religious_painting
High_Renaissance,Mannerism_Late_Renaissance,0.8520904183387756,27927,63750,raphael,tintoretto,portrait,portrait
High_Renaissance,Northern_Renaissance,0.8909767866134644,79359,38791,Unknown Artist,hieronymus-bosch,Unknown Genre,religious_painting
Early_Renaissance,High_Renaissance,0.8933252692222595,56350,24291,fra-angelico,Unknown Artist,religious_painting,religious_painting
High_Renaissance,Mannerism_Late_Renaissance,0.8536155819892883,43505,44499,Unknown Artist,Unknown Artist,religious_painting,religious_painting
Baroque,Rococo,0.8804860711097717,59762,47296,Unknown Artist,Unknown Artist,landscape,landscape
Mannerism_Late_Renaissance,Baroque,0.9072339534759521,57044,56942,tintoretto,Unknown Artist,religious_painting,religious_painting
Early_Renaissance,Mannerism_Late_Renaissance,0.8851819038391113,22041,26658,Unknown Artist,paolo-veronese,religious_painting,religious_painting
Baroque,Rococo,0.8627387285232544,71631,22460,Unknown Artist,Unknown Artist,Unknown Genre,portrait
Baroque,Rococo,0.8775100111961365,62963,35474,joshua-reynolds,Unknown Artist,portrait,portrait
Early_Renaissance,High_Renaissance,0.8621289730072021,56862,55864,Unknown Artist,Unknown Artist,religious_painting,religious_painting
Early_Renaissance,Northern_Renaissance,0.8775841593742371,27503,10502,leonardo-da-vinci,albrecht-durer,sketch_and_study,sketch_and_study
Northern_Renaissance,Baroque,0.8394446969032288,9407,17566,albrecht-durer,rembrandt,landscape,sketch_and_study
Early_Renaissance,Northern_Renaissance,0.891370952129364,55997,40320,Unknown Artist,lucas-cranach-the-elder,religious_painting,religious_painting
High_Renaissance,Baroque,0.901385486125946,48204,41888,Unknown Artist,peter-paul-rubens,religious_painting,religious_painting
Early_Renaissance,Northern_Renaissance,0.8583515286445618,23959,56742,fra-angelico,hieronymus-bosch,religious_painting,religious_painting
Mannerism_Late_Renaissance,Baroque,0.8720203042030334,46434,5518,tintoretto,rembrandt,religious_painting,religious_painting
Mannerism_Late_Renaissance,Baroque,0.8189955949783325,66273,53066,tintoretto,anthony-van-dyck,portrait,portrait
Early_Renaissance,Mannerism_Late_Renaissance,0.855747401714325,25482,55685,pietro-perugino,el-greco,religious_painting,religious_painting
High_Renaissance,Mannerism_Late_Renaissance,0.8940542340278625,41661,21331,titian,titian,portrait,portrait
Baroque,Rococo,0.8672336935997009,71631,42454,Unknown Artist,Unknown Artist,Unknown Genre,portrait
Northern_Renaissance,Baroque,0.8383692502975464,28636,60859,Unknown Artist,Unknown Artist,religious_painting,landscape
High_Renaissance,Mannerism_Late_Renaissance,0.8459435105323792,46629,63550,titian,tintoretto,portrait,portrait
High_Renaissance,Mannerism_Late_Renaissance,0.8832303285598755,65576,48173,titian,Unknown Artist,portrait,portrait
High_Renaissance,Mannerism_Late_Renaissance,0.882110059261322,37000,21728,Unknown Artist,titian,portrait,religious_painting
High_Renaissance,Mannerism_Late_Renaissance,0.9068801403045654,65576,39373,titian,Unknown Artist,portrait,portrait
High_Renaissance,Mannerism_Late_Renaissance,0.87235027551651,76529,78483,Unknown Artist,Unknown Artist,Unknown Genre,Unknown Genre
High_Renaissance,Northern_Renaissance,0.86882084608078,68847,7423,Unknown Artist,Unknown Artist,Unknown Genre,Unknown Genre
Early_Renaissance,High_Renaissance,0.9134494662284851,35718,33049,Unknown Artist,Unknown Artist,religious_painting,religious_painting
Baroque,Rococo,0.8757289052009583,26732,35396,Unknown Artist,Unknown Artist,cityscape,cityscape
Early_Renaissance,Mannerism_Late_Renaissance,0.8728460669517517,46991,26595,Unknown Artist,Unknown Artist,sketch_and_study,sketch_and_study
High_Renaissance,Baroque,0.840682864189148,31969,31828,leonardo-da-vinci,Unknown Artist,sketch_and_study,genre_painting
Early_Renaissance,High_Renaissance,0.8897579312324524,46523,56071,Unknown Artist,Unknown Artist,religious_painting,religious_painting
Northern_Renaissance,Baroque,0.813461184501648,81126,78673,Unknown Artist,Unknown Artist,Unknown Genre,Unknown Genre
Northern_Renaissance,Mannerism_Late_Renaissance,0.8709275126457214,4906,64631,albrecht-durer,Unknown Artist,portrait,portrait
Early_Renaissance,High_Renaissance,0.8746622800827026,42889,44205,Unknown Artist,Unknown Artist,religious_painting,religious_painting
Baroque,Rococo,0.888388991355896,51074,28265,Unknown Artist,Unknown Artist,landscape,landscape
Baroque,Rococo,0.8341600298881531,25647,39277,peter-paul-rubens,Unknown Artist,sketch_and_study,portrait
Early_Renaissance,Northern_Renaissance,0.9015587568283081,57024,56778,pietro-perugino,hans-holbein-the-younger,religious_painting,religious_painting
Baroque,Rococo,0.8607257604598999,53884,54234,Unknown Artist,Unknown Artist,genre_painting,genre_painting
Early_Renaissance,High_Renaissance,0.9236268997192383,56604,24147,leonardo-da-vinci,raphael,religious_painting,religious_painting
Early_Renaissance,Mannerism_Late_Renaissance,0.8550163507461548,40757,29148,Unknown Artist,paolo-veronese,religious_painting,religious_painting
Mannerism_Late_Renaissance,Baroque,0.8541973829269409,30590,64398,el-greco,peter-paul-rubens,portrait,portrait
Early_Renaissance,Northern_Renaissance,0.889354407787323,45383,12232,Unknown Artist,albrecht-durer,sketch_and_study,nude_painting
Northern_Renaissance,Mannerism_Late_Renaissance,0.8923696279525757,49358,21613,Unknown Artist,tintoretto,religious_painting,religious_painting
Baroque,Rococo,0.864580512046814,40707,64508,anthony-van-dyck,joshua-reynolds,portrait,portrait
High_Renaissance,Mannerism_Late_Renaissance,0.8829075694084167,62254,75714,raphael,Unknown Artist,sketch_and_study,Unknown Genre
Early_Renaissance,Mannerism_Late_Renaissance,0.9086182713508606,72673,47307,Unknown Artist,Unknown Artist,Unknown Genre,religious_painting
Early_Renaissance,High_Renaissance,0.8469369411468506,31075,68831,Unknown Artist,Unknown Artist,portrait,Unknown Genre
Mannerism_Late_Renaissance,Baroque,0.845164954662323,23475,55883,Unknown Artist,Unknown Artist,religious_painting,religious_painting
Baroque,Rococo,0.8204631209373474,64962,49507,Unknown Artist,Unknown Artist,portrait,portrait
Early_Renaissance,Mannerism_Late_Renaissance,0.9270119667053223,64770,49208,konstantin-somov,Unknown Artist,portrait,portrait
Early_Renaissance,High_Renaissance,0.8718479871749878,25782,31275,Unknown Artist,Unknown Artist,religious_painting,religious_painting
Early_Renaissance,High_Renaissance,0.8407009840011597,30562,50434,leonardo-da-vinci,Unknown Artist,sketch_and_study,religious_painting
Early_Renaissance,High_Renaissance,0.9107142686843872,74826,73947,Unknown Artist,Unknown Artist,Unknown Genre,Unknown Genre
Northern_Renaissance,Baroque,0.8037986755371094,18102,17628,albrecht-durer,rembrandt,portrait,portrait
Northern_Renaissance,Baroque,0.8530954122543335,49830,39683,Unknown Artist,anthony-van-dyck,sketch_and_study,portrait
Northern_Renaissance,Mannerism_Late_Renaissance,0.8086705803871155,56039,64141,Unknown Artist,Unknown Artist,religious_painting,portrait
Baroque,Rococo,0.8627874851226807,62963,64195,joshua-reynolds,thomas-gainsborough,portrait,portrait
Early_Renaissance,Mannerism_Late_Renaissance,0.836510956287384,64667,31599,Unknown Artist,Unknown Artist,portrait,portrait
Baroque,Rococo,0.8225294947624207,64594,32523,Unknown Artist,joshua-reynolds,portrait,portrait
Early_Renaissance,Northern_Renaissance,0.8454370498657227,57011,22046,Unknown Artist,lucas-cranach-the-elder,religious_painting,religious_painting
Early_Renaissance,High_Renaissance,0.8958702683448792,48154,24288,fra-angelico,pietro-perugino,religious_painting,religious_painting
High_Renaissance,Mannerism_Late_Renaissance,0.9064130187034607,65576,42202,titian,tintoretto,portrait,portrait
Baroque,Rococo,0.870782196521759,24020,35065,bartolome-esteban-murillo,Unknown Artist,religious_painting,portrait
Early_Renaissance,High_Renaissance,0.8354425430297852,46503,79391,Unknown Artist,Unknown Artist,portrait,Unknown Genre
Northern_Renaissance,High_Renaissance,0.8993728756904602,28722,30838,hans-memling,pietro-perugino,religious_painting,religious_painting
Mannerism_Late_Renaissance,Baroque,0.8228362202644348,55767,49249,tintoretto,Unknown Artist,religious_painting,still_life
Mannerism_Late_Renaissance,Baroque,0.8892571926116943,64084,11645,tintoretto,rembrandt,portrait,portrait
Northern_Renaissance,Baroque,0.86949622631073,81126,75265,Unknown Artist,Unknown Artist,Unknown Genre,Unknown Genre
Baroque,Rococo,0.894762396812439,71942,53229,Unknown Artist,Unknown Artist,Unknown Genre,genre_painting
High_Renaissance,Mannerism_Late_Renaissance,0.8962418437004089,51395,36439,Unknown Artist,Unknown Artist,religious_painting,religious_painting
Mannerism_Late_Renaissance,Baroque,0.7660609483718872,46766,25956,Unknown Artist,Unknown Artist,portrait,genre_painting
High_Renaissance,Mannerism_Late_Renaissance,0.8701086640357971,52404,78473,titian,Unknown Artist,religious_painting,Unknown Genre
Northern_Renaissance,Baroque,0.8081821799278259,35405,53423,Unknown Artist,Unknown Artist,genre_painting,genre_painting
Early_Renaissance,Northern_Renaissance,0.839185893535614,61990,53416,Unknown Artist,Unknown Artist,sketch_and_study,genre_painting
Baroque,Rococo,0.8832066059112549,32686,33911,Unknown Artist,Unknown Artist,portrait,portrait
Baroque,Rococo,0.8169727325439453,17601,64709,rembrandt,Unknown Artist,religious_painting,portrait
High_Renaissance,Northern_Renaissance,0.8141182065010071,79382,21142,Unknown Artist,lucas-cranach-the-elder,Unknown Genre,portrait
Early_Renaissance,Northern_Renaissance,0.8880090117454529,56645,57035,Unknown Artist,Unknown Artist,religious_painting,religious_painting
Early_Renaissance,High_Renaissance,0.8745414614677429,57018,72595,Unknown Artist,Unknown Artist,religious_painting,Unknown Genre
Mannerism_Late_Renaissance,Baroque,0.7974140644073486,40981,34312,paolo-veronese,peter-paul-rubens,portrait,portrait
Northern_Renaissance,Baroque,0.8036870956420898,9507,17784,albrecht-durer,rembrandt,portrait,portrait
Northern_Renaissance,Mannerism_Late_Renaissance,0.765631914138794,63093,36416,Unknown Artist,el-greco,portrait,portrait
Mannerism_Late_Renaissance,Baroque,0.8343326449394226,55339,51822,Unknown Artist,Unknown Artist,genre_painting,genre_painting
High_Renaissance,Mannerism_Late_Renaissance,0.8726713061332703,39920,35979,raphael,tintoretto,religious_painting,religious_painting
Baroque,Rococo,0.8725773096084595,3902,35476,rembrandt,Unknown Artist,landscape,landscape
High_Renaissance,Northern_Renaissance,0.8784335851669312,79386,4882,Unknown Artist,albrecht-durer,Unknown Genre,sketch_and_study
Mannerism_Late_Renaissance,Baroque,0.8544192910194397,78479,67868,Unknown Artist,Unknown Artist,Unknown Genre,Unknown Genre
High_Renaissance,Baroque,0.8216851353645325,40689,17572,leonardo-da-vinci,rembrandt,sketch_and_study,portrait
Early_Renaissance,High_Renaissance,0.8505860567092896,24448,25533,Unknown Artist,Unknown Artist,portrait,portrait
Early_Renaissance,High_Renaissance,0.908982515335083,55869,45156,Unknown Artist,Unknown Artist,religious_painting,religious_painting
Northern_Renaissance,High_Renaissance,0.8514719605445862,52881,21007,hans-holbein-the-younger,michelangelo,religious_painting,religious_painting
Early_Renaissance,Northern_Renaissance,0.8398826718330383,67951,56833,Unknown Artist,hieronymus-bosch,Unknown Genre,religious_painting
High_Renaissance,Mannerism_Late_Renaissance,0.8714749217033386,69485,78492,Unknown Artist,Unknown Artist,Unknown Genre,Unknown Genre
Baroque,Rococo,0.8638206720352173,3112,64857,rembrandt,Unknown Artist,Unknown Genre,portrait
Baroque,Rococo,0.8550168871879578,769,26036,rembrandt,Unknown Artist,portrait,portrait
Baroque,Rococo,0.9535006880760193,74625,80085,Unknown Artist,Unknown Artist,Unknown Genre,Unknown Genre
Early_Renaissance,High_Renaissance,0.8708724975585938,31136,26482,Unknown Artist,leonardo-da-vinci,sketch_and_study,sketch_and_study
High_Renaissance,Mannerism_Late_Renaissance,0.882066547870636,49235,47089,titian,tintoretto,portrait,portrait
High_Renaissance,Mannerism_Late_Renaissance,0.8923385739326477,52622,51642,Unknown Artist,Unknown Artist,religious_painting,religious_painting
High_Renaissance,Northern_Renaissance,0.7739150524139404,73214,17966,Unknown Artist,Unknown Artist,Unknown Genre,Unknown Genre
Early_Renaissance,Northern_Renaissance,0.8251544833183289,69290,231,Unknown Artist,Unknown Artist,Unknown Genre,Unknown Genre
Early_Renaissance,High_Renaissance,0.8760923147201538,30737,42185,Unknown Artist,Unknown Artist,portrait,portrait
Baroque,Rococo,0.8183320164680481,62963,21304,joshua-reynolds,Unknown Artist,portrait,portrait
High_Renaissance,Northern_Renaissance,0.8971888422966003,22847,7656,leonardo-da-vinci,albrecht-durer,sketch_and_study,genre_painting
Northern_Renaissance,High_Renaissance,0.8611674308776855,56985,43198,hans-memling,Unknown Artist,religious_painting,religious_painting
Baroque,Rococo,0.8812084197998047,78706,57957,Unknown Artist,Unknown Artist,Unknown Genre,cityscape
Northern_Renaissance,High_Renaissance,0.8728970885276794,44218,23937,Unknown Artist,michelangelo,religious_painting,religious_painting
High_Renaissance,Baroque,0.8630640506744385,21104,47567,titian,Unknown Artist,portrait,religious_painting
Mannerism_Late_Renaissance,Rococo,0.8438971638679504,56440,80075,Unknown Artist,Unknown Artist,religious_painting,Unknown Genre
Mannerism_Late_Renaissance,Baroque,0.8010225892066956,65133,37766,titian,bartolome-esteban-murillo,portrait,genre_painting
Early_Renaissance,Northern_Renaissance,0.8623372912406921,39473,43177,pietro-perugino,lucas-cranach-the-elder,religious_painting,portrait
Baroque,Rococo,0.794060230255127,30768,41772,frans-hals,Unknown Artist,portrait,sketch_and_study
Mannerism_Late_Renaissance,Baroque,0.8878792524337769,27333,29952,el-greco,Unknown Artist,religious_painting,religious_painting
Early_Renaissance,Northern_Renaissance,0.8600572943687439,43431,8533,Unknown Artist,albrecht-durer,sketch_and_study,religious_painting
High_Renaissance,Northern_Renaissance,0.837011992931366,70777,21013,Unknown Artist,hieronymus-bosch,Unknown Genre,religious_painting
Mannerism_Late_Renaissance,Baroque,0.9149935841560364,40117,21662,Unknown Artist,Unknown Artist,religious_painting,religious_painting
Baroque,Rococo,0.8892879486083984,38563,36024,peter-paul-rubens,Unknown Artist,portrait,portrait
Early_Renaissance,High_Renaissance,0.9014788269996643,41936,57054,Unknown Artist,pietro-perugino,religious_painting,religious_painting
Early_Renaissance,Baroque,0.8598584532737732,34453,21057,Unknown Artist,Unknown Artist,religious_painting,genre_painting
Northern_Renaissance,Mannerism_Late_Renaissance,0.812992513179779,44864,20133,Unknown Artist,Unknown Artist,landscape,cityscape
Early_Renaissance,High_Renaissance,0.8684696555137634,36105,26552,Unknown Artist,Unknown Artist,portrait,portrait
Northern_Renaissance,Baroque,0.8004593849182129,59073,34062,Unknown Artist,Unknown Artist,landscape,genre_painting
Early_Renaissance,High_Renaissance,0.931516706943512,57024,56918,pietro-perugino,raphael,religious_painting,religious_painting
Baroque,Rococo,0.8057124614715576,39147,27121,Unknown Artist,Unknown Artist,still_life,still_life
High_Renaissance,Baroque,0.9099851250648499,44131,78539,raphael,Unknown Artist,sketch_and_study,Unknown Genre
High_Renaissance,Mannerism_Late_Renaissance,0.8934864401817322,62153,62101,leonardo-da-vinci,Unknown Artist,sketch_and_study,sketch_and_study
High_Renaissance,Baroque,0.8965267539024353,69785,34285,Unknown Artist,Unknown Artist,Unknown Genre,nude_painting
Early_Renaissance,Northern_Renaissance,0.7912607192993164,24907,8525,Unknown Artist,albrecht-durer,religious_painting,portrait
Baroque,Rococo,0.8457876443862915,24879,27893,peter-paul-rubens,Unknown Artist,portrait,portrait
Early_Renaissance,Mannerism_Late_Renaissance,0.8195044994354248,34712,25056,Unknown Artist,Unknown Artist,religious_painting,portrait
Baroque,Rococo,0.8022118210792542,24879,38446,peter-paul-rubens,Unknown Artist,portrait,portrait
Early_Renaissance,High_Renaissance,0.8798730373382568,55910,48394,Unknown Artist,pietro-perugino,religious_painting,religious_painting
High_Renaissance,Mannerism_Late_Renaissance,0.8808222413063049,26597,32585,titian,paolo-veronese,portrait,portrait
Baroque,Rococo,0.8360874056816101,23849,26497,Unknown Artist,Unknown Artist,still_life,still_life
Baroque,Rococo,0.8856655955314636,38563,46765,peter-paul-rubens,Unknown Artist,portrait,sketch_and_study
Early_Renaissance,High_Renaissance,0.9342401027679443,43726,20758,Unknown Artist,raphael,religious_painting,religious_painting
Early_Renaissance,Baroque,0.8613659739494324,34453,38467,Unknown Artist,Unknown Artist,religious_painting,genre_painting
Early_Renaissance,Northern_Renaissance,0.8232524991035461,35737,21754,Unknown Artist,Unknown Artist,portrait,portrait
High_Renaissance,Rococo,0.8143165707588196,37000,36076,Unknown Artist,joshua-reynolds,portrait,religious_painting
Northern_Renaissance,Mannerism_Late_Renaissance,0.9006205201148987,44164,24799,hieronymus-bosch,tintoretto,religious_painting,religious_painting
Northern_Renaissance,High_Renaissance,0.867063581943512,74470,79404,Unknown Artist,Unknown Artist,Unknown Genre,Unknown Genre
High_Renaissance,Mannerism_Late_Renaissance,0.8989088535308838,43350,48846,titian,paolo-veronese,portrait,portrait
Early_Renaissance,Baroque,0.8660554885864258,27503,62419,leonardo-da-vinci,Unknown Artist,sketch_and_study,sketch_and_study
Early_Renaissance,High_Renaissance,0.9026649594306946,51640,55783,fra-angelico,Unknown Artist,religious_painting,religious_painting
Baroque,Rococo,0.8841786980628967,27827,37701,joseph-wright,Unknown Artist,portrait,portrait
High_Renaissance,Northern_Renaissance,0.8486145734786987,74005,18052,Unknown Artist,albrecht-durer,Unknown Genre,portrait
Early_Renaissance,High_Renaissance,0.8728983402252197,37541,72269,Unknown Artist,Unknown Artist,religious_painting,Unknown Genre
High_Renaissance,Northern_Renaissance,0.8775761723518372,28916,62160,Unknown Artist,Unknown Artist,religious_painting,sketch_and_study
High_Renaissance,Northern_Renaissance,0.8861027359962463,79393,29579,Unknown Artist,hieronymus-bosch,Unknown Genre,religious_painting
Early_Renaissance,Northern_Renaissance,0.8910672068595886,56350,47386,fra-angelico,Unknown Artist,religious_painting,religious_painting
Baroque,Rococo,0.850779116153717,17743,43120,rembrandt,Unknown Artist,portrait,portrait
Northern_Renaissance,Mannerism_Late_Renaissance,0.8908955454826355,29110,30530,Unknown Artist,titian,religious_painting,religious_painting
Mannerism_Late_Renaissance,Baroque,0.9119813442230225,56803,56532,titian,peter-paul-rubens,religious_painting,religious_painting
Baroque,Rococo,0.8889181017875671,44404,30676,Unknown Artist,Unknown Artist,genre_painting,landscape
Early_Renaissance,High_Renaissance,0.8851292133331299,20738,39783,Unknown Artist,titian,religious_painting,religious_painting
Early_Renaissance,High_Renaissance,0.878095805644989,45383,70603,Unknown Artist,Unknown Artist,sketch_and_study,Unknown Genre
Early_Renaissance,High_Renaissance,0.893073320388794,41308,48204,Unknown Artist,Unknown Artist,religious_painting,religious_painting
Northern_Renaissance,High_Renaissance,0.8544245362281799,19071,53274,Unknown Artist,Unknown Artist,religious_painting,genre_painting
Northern_Renaissance,Baroque,0.8516004681587219,6564,2141,albrecht-durer,rembrandt,sketch_and_study,landscape
Mannerism_Late_Renaissance,Baroque,0.9044492840766907,50641,24793,Unknown Artist,bartolome-esteban-murillo,religious_painting,religious_painting
Northern_Renaissance,High_Renaissance,0.8863644003868103,4644,79374,albrecht-durer,Unknown Artist,religious_painting,Unknown Genre
Northern_Renaissance,Baroque,0.774716317653656,81126,73702,Unknown Artist,Unknown Artist,Unknown Genre,Unknown Genre
Early_Renaissance,Northern_Renaissance,0.873224139213562,44946,39569,Unknown Artist,lucas-cranach-the-elder,portrait,portrait
Baroque,Rococo,0.8493812084197998,39088,54716,Unknown Artist,Unknown Artist,genre_painting,genre_painting
Mannerism_Late_Renaissance,Baroque,0.8603688478469849,29838,43082,Unknown Artist,bartolome-esteban-murillo,religious_painting,religious_painting
Baroque,Rococo,0.856919527053833,71631,28539,Unknown Artist,joshua-reynolds,Unknown Genre,portrait
High_Renaissance,Northern_Renaissance,0.8858577013015747,51504,55799,Unknown Artist,Unknown Artist,religious_painting,religious_painting
Northern_Renaissance,Baroque,0.8935423493385315,3203,62203,albrecht-durer,bartolome-esteban-murillo,religious_painting,sketch_and_study
Mannerism_Late_Renaissance,Baroque,0.9139840006828308,39498,21214,Unknown Artist,peter-paul-rubens,religious_painting,religious_painting
High_Renaissance,Mannerism_Late_Renaissance,0.8464505672454834,29414,21407,Unknown Artist,Unknown Artist,religious_painting,portrait
High_Renaissance,Mannerism_Late_Renaissance,0.8474841117858887,19969,34960,titian,Unknown Artist,religious_painting,religious_painting
Northern_Renaissance,High_Renaissance,0.850517213344574,24282,65674,Unknown Artist,titian,portrait,portrait
High_Renaissance,Baroque,0.7882059216499329,26573,67933,Unknown Artist,Unknown Artist,religious_painting,Unknown Genre
Northern_Renaissance,Mannerism_Late_Renaissance,0.8005933165550232,5166,50967,albrecht-durer,el-greco,sketch_and_study,religious_painting
Northern_Renaissance,High_Renaissance,0.8795737028121948,12625,27250,albrecht-durer,michelangelo,religious_painting,sketch_and_study
Baroque,Rococo,0.9217211604118347,78656,80006,Unknown Artist,Unknown Artist,Unknown Genre,Unknown Genre
High_Renaissance,Northern_Renaissance,0.8664873838424683,20728,48702,pietro-perugino,Unknown Artist,religious_painting,religious_painting
High_Renaissance,Northern_Renaissance,0.8799718618392944,56035,3772,titian,albrecht-durer,religious_painting,religious_painting
Mannerism_Late_Renaissance,Baroque,0.8073744177818298,68818,61547,Unknown Artist,Unknown Artist,Unknown Genre,still_life
Baroque,Rococo,0.8575000166893005,78620,72605,Unknown Artist,Unknown Artist,Unknown Genre,Unknown Genre
Early_Renaissance,High_Renaissance,0.9153297543525696,56509,57009,fra-angelico,Unknown Artist,religious_painting,religious_painting
Early_Renaissance,Mannerism_Late_Renaissance,0.8839789628982544,22082,42192,Unknown Artist,Unknown Artist,religious_painting,religious_painting
Northern_Renaissance,Mannerism_Late_Renaissance,0.8372110724449158,44164,55932,hieronymus-bosch,tintoretto,religious_painting,religious_painting
Baroque,Rococo,0.8557956218719482,40216,50895,Unknown Artist,Unknown Artist,genre_painting,genre_painting
High_Renaissance,Mannerism_Late_Renaissance,0.8775008320808411,79383,78477,Unknown Artist,Unknown Artist,Unknown Genre,Unknown Genre
Early_Renaissance,Mannerism_Late_Renaissance,0.9131371378898621,75873,78524,Unknown Artist,Unknown Artist,Unknown Genre,Unknown Genre
Early_Renaissance,High_Renaissance,0.9071022868156433,43638,26400,leonardo-da-vinci,leonardo-da-vinci,sketch_and_study,sketch_and_study
Mannerism_Late_Renaissance,Baroque,0.8464835286140442,51180,10441,Unknown Artist,rembrandt,portrait,portrait
Baroque,Rococo,0.8077136278152466,64686,62285,Unknown Artist,Unknown Artist,portrait,sketch_and_study
High_Renaissance,Mannerism_Late_Renaissance,0.9014125466346741,29441,50133,Unknown Artist,Unknown Artist,religious_painting,religious_painting
High_Renaissance,Mannerism_Late_Renaissance,0.8071528673171997,44282,29951,Unknown Artist,Unknown Artist,portrait,portrait
Early_Renaissance,Northern_Renaissance,0.9099880456924438,56907,39768,Unknown Artist,Unknown Artist,religious_painting,religious_painting
High_Renaissance,Mannerism_Late_Renaissance,0.882075846195221,34542,74449,raphael,Unknown Artist,religious_painting,Unknown Genre
Mannerism_Late_Renaissance,Baroque,0.8655968308448792,70830,1299,Unknown Artist,rembrandt,Unknown Genre,religious_painting
Mannerism_Late_Renaissance,Baroque,0.8985241651535034,51642,56587,Unknown Artist,anthony-van-dyck,religious_painting,religious_painting
Early_Renaissance,High_Renaissance,0.91004478931427,56286,38269,Unknown Artist,Unknown Artist,religious_painting,religious_painting
Early_Renaissance,Baroque,0.8399979472160339,55998,10886,Unknown Artist,rembrandt,religious_painting,portrait
Early_Renaissance,High_Renaissance,0.842415452003479,34346,76027,Unknown Artist,Unknown Artist,sketch_and_study,Unknown Genre
High_Renaissance,Mannerism_Late_Renaissance,0.8441805839538574,38892,29287,Unknown Artist,tintoretto,portrait,portrait
Northern_Renaissance,Rococo,0.8534203767776489,18164,55055,albrecht-durer,Unknown Artist,religious_painting,genre_painting
High_Renaissance,Mannerism_Late_Renaissance,0.9121588468551636,43505,56558,Unknown Artist,Unknown Artist,religious_painting,religious_painting
Baroque,Rococo,0.7728873491287231,64686,51392,Unknown Artist,Unknown Artist,portrait,portrait
Early_Renaissance,Northern_Renaissance,0.888604998588562,38887,12221,Unknown Artist,albrecht-durer,religious_painting,religious_painting
High_Renaissance,Northern_Renaissance,0.8860963582992554,56035,5376,titian,albrecht-durer,religious_painting,religious_painting
Mannerism_Late_Renaissance,Baroque,0.8883644938468933,50321,73465,tintoretto,Unknown Artist,religious_painting,Unknown Genre
Baroque,Rococo,0.9041921496391296,41598,31987,Unknown Artist,Unknown Artist,portrait,portrait
Baroque,Rococo,0.9008092284202576,62963,47636,joshua-reynolds,Unknown Artist,portrait,portrait
Early_Renaissance,High_Renaissance,0.8385598063468933,52748,62102,leonardo-da-vinci,michelangelo,sketch_and_study,sketch_and_study
Northern_Renaissance,High_Renaissance,0.8388093113899231,62300,36884,hieronymus-bosch,leonardo-da-vinci,sketch_and_study,landscape
Baroque,Rococo,0.8551816344261169,4552,43009,rembrandt,Unknown Artist,portrait,portrait
Mannerism_Late_Renaissance,Baroque,0.846191942691803,20667,13274,paolo-veronese,rembrandt,portrait,portrait
Early_Renaissance,High_Renaissance,0.7959924340248108,19614,79360,pietro-perugino,Unknown Artist,religious_painting,Unknown Genre
Mannerism_Late_Renaissance,Baroque,0.900350034236908,22364,42304,tintoretto,peter-paul-rubens,religious_painting,religious_painting
High_Renaissance,Northern_Renaissance,0.8839222192764282,22847,17992,leonardo-da-vinci,albrecht-durer,sketch_and_study,religious_painting
Northern_Renaissance,Baroque,0.9071512222290039,81116,44618,Unknown Artist,Unknown Artist,Unknown Genre,cityscape
Baroque,Rococo,0.8893862366676331,46411,30334,Unknown Artist,Unknown Artist,portrait,portrait
Early_Renaissance,Northern_Renaissance,0.8388187885284424,48672,20597,Unknown Artist,lucas-cranach-the-elder,religious_painting,portrait
Northern_Renaissance,High_Renaissance,0.8946396708488464,30850,38441,Unknown Artist,pietro-perugino,religious_painting,religious_painting
High_Renaissance,Baroque,0.8987156748771667,62484,31371,leonardo-da-vinci,Unknown Artist,sketch_and_study,sketch_and_study
Early_Renaissance,High_Renaissance,0.8932210803031921,36314,23329,Unknown Artist,Unknown Artist,religious_painting,religious_painting
Northern_Renaissance,Mannerism_Late_Renaissance,0.831254780292511,55919,36069,Unknown Artist,Unknown Artist,religious_painting,portrait
Northern_Renaissance,Rococo,0.7930213212966919,4581,21769,albrecht-durer,Unknown Artist,sketch_and_study,sketch_and_study
Baroque,Rococo,0.9017881155014038,41598,42991,Unknown Artist,Unknown Artist,portrait,portrait
Mannerism_Late_Renaissance,Baroque,0.8794040083885193,65782,65258,Unknown Artist,Unknown Artist,portrait,portrait
High_Renaissance,Mannerism_Late_Renaissance,0.8855870962142944,22541,49406,raphael,paolo-veronese,religious_painting,religious_painting
High_Renaissance,Baroque,0.8280881643295288,30880,36490,Unknown Artist,Unknown Artist,portrait,portrait
Early_Renaissance,High_Renaissance,0.8723020553588867,56041,24695,Unknown Artist,Unknown Artist,religious_painting,religious_painting
Early_Renaissance,High_Renaissance,0.8749727606773376,56305,79410,fra-angelico,Unknown Artist,religious_painting,Unknown Genre
Baroque,Rococo,0.8762379884719849,51822,76011,Unknown Artist,Unknown Artist,genre_painting,Unknown Genre
Early_Renaissance,High_Renaissance,0.8897412419319153,56883,76786,Unknown Artist,Unknown Artist,religious_painting,Unknown Genre
Northern_Renaissance,Mannerism_Late_Renaissance,0.9016316533088684,81088,75183,Unknown Artist,Unknown Artist,Unknown Genre,Unknown Genre
Early_Renaissance,Northern_Renaissance,0.8855757713317871,25320,9150,Unknown Artist,albrecht-durer,sketch_and_study,religious_painting
High_Renaissance,Baroque,0.8463267087936401,46517,28127,titian,joseph-wright,religious_painting,genre_painting
High_Renaissance,Northern_Renaissance,0.7642472386360168,70984,18005,Unknown Artist,albrecht-durer,Unknown Genre,landscape
High_Renaissance,Northern_Renaissance,0.8672982454299927,62079,1543,michelangelo,albrecht-durer,sketch_and_study,religious_painting
Mannerism_Late_Renaissance,Baroque,0.8959079384803772,55868,69405,Unknown Artist,Unknown Artist,religious_painting,Unknown Genre
Early_Renaissance,High_Renaissance,0.835371732711792,33893,71419,Unknown Artist,Unknown Artist,portrait,Unknown Genre
Early_Renaissance,High_Renaissance,0.9363965392112732,47887,42841,Unknown Artist,raphael,religious_painting,religious_painting
High_Renaissance,Baroque,0.8538565635681152,79353,33666,Unknown Artist,Unknown Artist,Unknown Genre,landscape
Baroque,Rococo,0.8093907237052917,57095,76279,Unknown Artist,Unknown Artist,religious_painting,Unknown Genre
Northern_Renaissance,Mannerism_Late_Renaissance,0.8403473496437073,9538,46384,Unknown Artist,Unknown Artist,Unknown Genre,sketch_and_study
Mannerism_Late_Renaissance,Rococo,0.8710130453109741,38333,35947,Unknown Artist,Unknown Artist,religious_painting,genre_painting
Baroque,Rococo,0.8485066294670105,65060,63925,anthony-van-dyck,joshua-reynolds,portrait,portrait
Mannerism_Late_Renaissance,Baroque,0.8887288570404053,45891,21854,titian,Unknown Artist,religious_painting,religious_painting
Northern_Renaissance,High_Renaissance,0.8189276456832886,72163,21661,Unknown Artist,titian,Unknown Genre,genre_painting
Baroque,Rococo,0.8139595985412598,20374,22757,Unknown Artist,Unknown Artist,genre_painting,genre_painting
High_Renaissance,Mannerism_Late_Renaissance,0.876961886882782,37000,46747,Unknown Artist,Unknown Artist,portrait,portrait
High_Renaissance,Mannerism_Late_Renaissance,0.8256065845489502,55731,33545,titian,el-greco,religious_painting,religious_painting
Early_Renaissance,Mannerism_Late_Renaissance,0.8688560128211975,19614,21912,pietro-perugino,Unknown Artist,religious_painting,portrait
Early_Renaissance,Northern_Renaissance,0.8972499966621399,38887,6635,Unknown Artist,albrecht-durer,religious_painting,religious_painting
Northern_Renaissance,High_Renaissance,0.8783007264137268,11998,56738,albrecht-durer,Unknown Artist,religious_painting,religious_painting
High_Renaissance,Mannerism_Late_Renaissance,0.9105324745178223,71698,69682,Unknown Artist,Unknown Artist,Unknown Genre,Unknown Genre
Early_Renaissance,Baroque,0.8537952303886414,32171,35949,Unknown Artist,Unknown Artist,religious_painting,genre_painting
Early_Renaissance,High_Renaissance,0.8840169906616211,48672,49043,Unknown Artist,pietro-perugino,religious_painting,portrait
Baroque,Rococo,0.8758847117424011,70498,37466,Unknown Artist,Unknown Artist,Unknown Genre,religious_painting
Northern_Renaissance,Baroque,0.8794953227043152,30167,54692,Unknown Artist,Unknown Artist,genre_painting,genre_painting
Baroque,Rococo,0.8365527987480164,42258,54861,Unknown Artist,Unknown Artist,genre_painting,genre_painting
Early_Renaissance,Baroque,0.8326735496520996,23732,51354,fra-angelico,Unknown Artist,religious_painting,portrait
Early_Renaissance,Mannerism_Late_Renaissance,0.8886367678642273,55624,26835,Unknown Artist,Unknown Artist,religious_painting,religious_painting
High_Renaissance,Northern_Renaissance,0.8224186897277832,46629,24940,titian,lucas-cranach-the-elder,portrait,portrait
Mannerism_Late_Renaissance,Baroque,0.8891721963882446,24510,22469,titian,Unknown Artist,portrait,portrait
Early_Renaissance,High_Renaissance,0.9189649820327759,37806,48622,Unknown Artist,Unknown Artist,illustration,religious_painting
Northern_Renaissance,Mannerism_Late_Renaissance,0.9093214869499207,5810,78527,albrecht-durer,Unknown Artist,religious_painting,Unknown Genre
High_Renaissance,Northern_Renaissance,0.8625881671905518,62413,6055,raphael,albrecht-durer,sketch_and_study,religious_painting
Early_Renaissance,Northern_Renaissance,0.8592729568481445,38887,9015,Unknown Artist,albrecht-durer,religious_painting,religious_painting
High_Renaissance,Northern_Renaissance,0.8853287100791931,62079,18062,michelangelo,albrecht-durer,sketch_and_study,sketch_and_study
Baroque,Rococo,0.8890581130981445,27892,53736,bartolome-esteban-murillo,Unknown Artist,religious_painting,genre_painting
Mannerism_Late_Renaissance,Baroque,0.7736017107963562,76098,71473,Unknown Artist,Unknown Artist,Unknown Genre,Unknown Genre
Early_Renaissance,High_Renaissance,0.9337708950042725,56355,57151,Unknown Artist,pietro-perugino,religious_painting,religious_painting
High_Renaissance,Mannerism_Late_Renaissance,0.8687011003494263,69747,72258,Unknown Artist,Unknown Artist,Unknown Genre,Unknown Genre
Northern_Renaissance,Mannerism_Late_Renaissance,0.8681315183639526,26752,78474,hieronymus-bosch,Unknown Artist,religious_painting,Unknown Genre
Baroque,Rococo,0.8380610346794128,38671,30307,Unknown Artist,Unknown Artist,genre_painting,portrait
Early_Renaissance,Northern_Renaissance,0.8938546776771545,22603,45639,Unknown Artist,Unknown Artist,religious_painting,religious_painting
Early_Renaissance,Northern_Renaissance,0.8616004586219788,38887,7890,Unknown Artist,albrecht-durer,religious_painting,religious_painting
Northern_Renaissance,High_Renaissance,0.9309262037277222,4321,56378,albrecht-durer,Unknown Artist,religious_painting,religious_painting
Early_Renaissance,High_Renaissance,0.8277629017829895,23140,35177,Unknown Artist,raphael,religious_painting,religious_painting
Northern_Renaissance,Baroque,0.8590626120567322,41761,49682,Unknown Artist,joseph-wright,portrait,portrait
Early_Renaissance,Northern_Renaissance,0.8547459244728088,56544,29782,Unknown Artist,Unknown Artist,religious_painting,religious_painting
Northern_Renaissance,Baroque,0.8153380751609802,34684,39407,hieronymus-bosch,Unknown Artist,religious_painting,portrait
High_Renaissance,Mannerism_Late_Renaissance,0.9445778727531433,56378,41217,Unknown Artist,Unknown Artist,religious_painting,religious_painting
High_Renaissance,Northern_Renaissance,0.825319230556488,24966,19242,raphael,lucas-cranach-the-elder,portrait,portrait
Baroque,Rococo,0.8786267042160034,62963,47713,joshua-reynolds,joshua-reynolds,portrait,portrait
High_Renaissance,Mannerism_Late_Renaissance,0.8964605927467346,62430,62523,raphael,Unknown Artist,sketch_and_study,sketch_and_study
Mannerism_Late_Renaissance,Rococo,0.9048322439193726,38062,80071,tintoretto,Unknown Artist,religious_painting,Unknown Genre
Early_Renaissance,High_Renaissance,0.8399890661239624,31136,45865,Unknown Artist,michelangelo,sketch_and_study,nude_painting
High_Renaissance,Baroque,0.8101018667221069,76354,17752,Unknown Artist,rembrandt,Unknown Genre,portrait
Northern_Renaissance,High_Renaissance,0.8680970072746277,55919,21791,Unknown Artist,Unknown Artist,religious_painting,religious_painting
High_Renaissance,Baroque,0.7881744503974915,46517,44787,titian,Unknown Artist,religious_painting,portrait
Northern_Renaissance,Baroque,0.8798512816429138,433,62694,albrecht-durer,Unknown Artist,religious_painting,illustration
Mannerism_Late_Renaissance,Baroque,0.9098383188247681,56366,76557,Unknown Artist,Unknown Artist,religious_painting,Unknown Genre
Early_Renaissance,Northern_Renaissance,0.865132749080658,50267,26706,Unknown Artist,hieronymus-bosch,religious_painting,religious_painting
High_Renaissance,Mannerism_Late_Renaissance,0.8813336491584778,30981,23711,Unknown Artist,paolo-veronese,religious_painting,religious_painting
High_Renaissance,Mannerism_Late_Renaissance,0.8793781399726868,25069,36455,Unknown Artist,tintoretto,religious_painting,religious_painting
Early_Renaissance,Baroque,0.8095370531082153,38087,19732,Unknown Artist,Unknown Artist,religious_painting,genre_painting
High_Renaissance,Baroque,0.816785991191864,24440,78733,Unknown Artist,Unknown Artist,still_life,Unknown Genre
Early_Renaissance,High_Renaissance,0.8503790497779846,49658,69384,Unknown Artist,Unknown Artist,sketch_and_study,Unknown Genre
High_Renaissance,Baroque,0.8052106499671936,48624,9832,Unknown Artist,rembrandt,portrait,portrait
Northern_Renaissance,High_Renaissance,0.8718971610069275,56380,76706,Unknown Artist,Unknown Artist,religious_painting,Unknown Genre
Early_Renaissance,Northern_Renaissance,0.8927497267723083,55624,34815,Unknown Artist,Unknown Artist,religious_painting,religious_painting
Mannerism_Late_Renaissance,Baroque,0.8188062310218811,38333,19982,Unknown Artist,Unknown Artist,religious_painting,genre_painting
Early_Renaissance,Northern_Renaissance,0.8330411314964294,44953,37452,Unknown Artist,Unknown Artist,portrait,religious_painting
Baroque,Rococo,0.8576154708862305,41598,65222,Unknown Artist,Unknown Artist,portrait,portrait
Northern_Renaissance,Rococo,0.8800570964813232,21763,64810,Unknown Artist,Unknown Artist,religious_painting,portrait
Early_Renaissance,High_Renaissance,0.922954261302948,48154,69747,fra-angelico,Unknown Artist,religious_painting,Unknown Genre
Baroque,Rococo,0.8632569909095764,50126,21376,Unknown Artist,Unknown Artist,portrait,portrait
Northern_Renaissance,Mannerism_Late_Renaissance,0.8528844118118286,35163,57017,Unknown Artist,el-greco,religious_painting,religious_painting
Northern_Renaissance,High_Renaissance,0.8283357620239258,55899,21902,lucas-cranach-the-elder,Unknown Artist,religious_painting,genre_painting
Early_Renaissance,High_Renaissance,0.8705301880836487,55869,39070,Unknown Artist,michelangelo,religious_painting,religious_painting
High_Renaissance,Northern_Renaissance,0.8447588086128235,22254,17957,leonardo-da-vinci,albrecht-durer,sketch_and_study,religious_painting
Early_Renaissance,High_Renaissance,0.9036180377006531,56982,29289,Unknown Artist,raphael,religious_painting,genre_painting
Early_Renaissance,High_Renaissance,0.8741864562034607,21956,39920,Unknown Artist,raphael,religious_painting,religious_painting
High_Renaissance,Baroque,0.8479435443878174,49848,24286,Unknown Artist,Unknown Artist,religious_painting,genre_painting
Northern_Renaissance,Mannerism_Late_Renaissance,0.88517165184021,2747,55683,albrecht-durer,Unknown Artist,religious_painting,religious_painting
High_Renaissance,Baroque,0.8066458106040955,46517,17673,titian,rembrandt,religious_painting,religious_painting
High_Renaissance,Baroque,0.7998560070991516,28183,27008,Unknown Artist,Unknown Artist,portrait,portrait
Northern_Renaissance,High_Renaissance,0.8303596377372742,37848,36768,Unknown Artist,Unknown Artist,portrait,portrait
Early_Renaissance,High_Renaissance,0.8646364212036133,52015,51453,Unknown Artist,Unknown Artist,portrait,portrait
Northern_Renaissance,High_Renaissance,0.8691813349723816,691,51778,albrecht-durer,leonardo-da-vinci,religious_painting,religious_painting
High_Renaissance,Baroque,0.8732278943061829,49235,32141,titian,Unknown Artist,portrait,portrait
Early_Renaissance,High_Renaissance,0.8658437132835388,69772,73409,Unknown Artist,Unknown Artist,Unknown Genre,Unknown Genre
High_Renaissance,Mannerism_Late_Renaissance,0.8640162348747253,49023,64780,titian,titian,portrait,portrait
High_Renaissance,Mannerism_Late_Renaissance,0.8137706518173218,21218,30750,Unknown Artist,Unknown Artist,portrait,portrait
High_Renaissance,Mannerism_Late_Renaissance,0.8802357912063599,26482,56523,leonardo-da-vinci,titian,sketch_and_study,religious_painting
Early_Renaissance,High_Renaissance,0.8675075173377991,56703,57032,Unknown Artist,Unknown Artist,religious_painting,religious_painting
Mannerism_Late_Renaissance,Baroque,0.8308488726615906,40832,36772,tintoretto,Unknown Artist,religious_painting,genre_painting
Northern_Renaissance,Mannerism_Late_Renaissance,0.787129282951355,63523,31810,Unknown Artist,Unknown Artist,portrait,portrait
Early_Renaissance,Northern_Renaissance,0.8570542335510254,64667,64762,Unknown Artist,hans-holbein-the-younger,portrait,portrait
High_Renaissance,Northern_Renaissance,0.8541049361228943,25880,5605,michelangelo,albrecht-durer,sketch_and_study,sketch_and_study
Baroque,Rococo,0.8378305435180664,3112,65195,rembrandt,Unknown Artist,Unknown Genre,portrait
Northern_Renaissance,Mannerism_Late_Renaissance,0.8429244756698608,19414,59052,hieronymus-bosch,el-greco,religious_painting,landscape
Early_Renaissance,Mannerism_Late_Renaissance,0.8645803928375244,38091,46043,leonardo-da-vinci,Unknown Artist,religious_painting,portrait
Baroque,Rococo,0.9049587845802307,71631,23324,Unknown Artist,Unknown Artist,Unknown Genre,portrait
Baroque,Rococo,0.8349311947822571,6267,22682,rembrandt,Unknown Artist,Unknown Genre,portrait
High_Renaissance,Mannerism_Late_Renaissance,0.8395454287528992,20022,22161,titian,titian,religious_painting,religious_painting
Baroque,Rococo,0.8623702526092529,26732,58190,Unknown Artist,Unknown Artist,cityscape,cityscape
High_Renaissance,Baroque,0.8260375261306763,23117,35863,titian,Unknown Artist,religious_painting,religious_painting
Northern_Renaissance,Mannerism_Late_Renaissance,0.8384881019592285,38019,71788,hieronymus-bosch,Unknown Artist,religious_painting,Unknown Genre
Northern_Renaissance,High_Renaissance,0.860281765460968,44218,57466,Unknown Artist,michelangelo,religious_painting,nude_painting
High_Renaissance,Northern_Renaissance,0.866159200668335,74349,33864,Unknown Artist,hieronymus-bosch,Unknown Genre,religious_painting
Early_Renaissance,High_Renaissance,0.8853411078453064,23441,69894,Unknown Artist,Unknown Artist,religious_painting,Unknown Genre
Baroque,Rococo,0.8382164835929871,3112,38134,rembrandt,Unknown Artist,Unknown Genre,portrait
High_Renaissance,Mannerism_Late_Renaissance,0.8506478667259216,22121,64591,Unknown Artist,el-greco,portrait,portrait
Baroque,Rococo,0.8881136775016785,27827,35588,joseph-wright,Unknown Artist,portrait,portrait
Baroque,Rococo,0.8779020309448242,21813,61525,Unknown Artist,Unknown Artist,still_life,still_life
High_Renaissance,Northern_Renaissance,0.8556082248687744,79382,4906,Unknown Artist,albrecht-durer,Unknown Genre,portrait
Baroque,Rococo,0.9022332429885864,78678,58236,Unknown Artist,Unknown Artist,Unknown Genre,cityscape
Baroque,Rococo,0.8074062466621399,23518,32622,Unknown Artist,joshua-reynolds,genre_painting,portrait
High_Renaissance,Mannerism_Late_Renaissance,0.8384138345718384,26597,34721,titian,Unknown Artist,portrait,portrait
Northern_Renaissance,Baroque,0.7835044860839844,63400,6379,Unknown Artist,rembrandt,portrait,Unknown Genre
High_Renaissance,Northern_Renaissance,0.8274887204170227,30880,56719,Unknown Artist,Unknown Artist,portrait,religious_painting
High_Renaissance,Northern_Renaissance,0.8508607149124146,75935,5882,Unknown Artist,Unknown Artist,Unknown Genre,Unknown Genre
Mannerism_Late_Renaissance,Baroque,0.8295625448226929,22524,45965,Unknown Artist,Unknown Artist,portrait,portrait
Northern_Renaissance,Baroque,0.8671783804893494,62141,27130,hieronymus-bosch,Unknown Artist,sketch_and_study,landscape
Northern_Renaissance,Mannerism_Late_Renaissance,0.8101122379302979,40830,48753,Unknown Artist,el-greco,portrait,portrait
Northern_Renaissance,Rococo,0.8335579633712769,4099,73373,Unknown Artist,Unknown Artist,Unknown Genre,Unknown Genre
Baroque,Rococo,0.8690670132637024,68091,70762,Unknown Artist,Unknown Artist,Unknown Genre,Unknown Genre
Northern_Renaissance,Mannerism_Late_Renaissance,0.8505024909973145,56202,56242,Unknown Artist,Unknown Artist,religious_painting,religious_painting
Northern_Renaissance,High_Renaissance,0.8648899793624878,81086,23117,Unknown Artist,titian,Unknown Genre,religious_painting
Northern_Renaissance,Baroque,0.8498000502586365,41761,47763,Unknown Artist,Unknown Artist,portrait,portrait
High_Renaissance,Mannerism_Late_Renaissance,0.8667686581611633,50486,71628,titian,Unknown Artist,portrait,Unknown Genre
High_Renaissance,Northern_Renaissance,0.9047136902809143,64756,18176,Unknown Artist,albrecht-durer,portrait,portrait
Mannerism_Late_Renaissance,Baroque,0.8897644877433777,76609,70723,Unknown Artist,Unknown Artist,Unknown Genre,Unknown Genre
Northern_Renaissance,Baroque,0.8703452348709106,21368,44404,Unknown Artist,Unknown Artist,landscape,genre_painting
Northern_Renaissance,Baroque,0.8586114645004272,21368,78620,Unknown Artist,Unknown Artist,landscape,Unknown Genre
Early_Renaissance,High_Renaissance,0.8440312147140503,51437,79387,Unknown Artist,Unknown Artist,religious_painting,Unknown Genre
Mannerism_Late_Renaissance,Baroque,0.8972468376159668,56459,76843,paolo-veronese,Unknown Artist,religious_painting,Unknown Genre
Mannerism_Late_Renaissance,Baroque,0.8227716088294983,78529,20977,Unknown Artist,Unknown Artist,Unknown Genre,still_life
High_Renaissance,Northern_Renaissance,0.8355652093887329,49546,51797,raphael,lucas-cranach-the-elder,portrait,religious_painting
Mannerism_Late_Renaissance,Baroque,0.8129234313964844,47187,46459,Unknown Artist,Unknown Artist,religious_painting,genre_painting
Mannerism_Late_Renaissance,Baroque,0.8888928294181824,39498,56055,Unknown Artist,Unknown Artist,religious_painting,religious_painting
High_Renaissance,Northern_Renaissance,0.8360719084739685,74095,23823,Unknown Artist,lucas-cranach-the-elder,Unknown Genre,portrait
Mannerism_Late_Renaissance,Rococo,0.8705045580863953,55940,80008,tintoretto,Unknown Artist,religious_painting,Unknown Genre
Early_Renaissance,Northern_Renaissance,0.8678554892539978,48655,11786,Unknown Artist,Unknown Artist,religious_painting,Unknown Genre
Baroque,Rococo,0.8688669204711914,17601,42645,rembrandt,Unknown Artist,religious_painting,portrait
Early_Renaissance,Mannerism_Late_Renaissance,0.902376651763916,57024,52344,pietro-perugino,Unknown Artist,religious_painting,religious_painting
Early_Renaissance,High_Renaissance,0.8599094748497009,30562,45857,leonardo-da-vinci,michelangelo,sketch_and_study,sketch_and_study
Early_Renaissance,High_Renaissance,0.8389184474945068,68566,19628,Unknown Artist,michelangelo,Unknown Genre,religious_painting
Baroque,Rococo,0.8849621415138245,769,30616,rembrandt,Unknown Artist,portrait,portrait
Early_Renaissance,Northern_Renaissance,0.80864018201828,52748,30650,leonardo-da-vinci,Unknown Artist,sketch_and_study,portrait
Northern_Renaissance,Rococo,0.839076578617096,4150,46971,albrecht-durer,Unknown Artist,portrait,sketch_and_study
High_Renaissance,Mannerism_Late_Renaissance,0.8452046513557434,37000,63378,Unknown Artist,Unknown Artist,portrait,portrait
Early_Renaissance,High_Renaissance,0.8787388801574707,31718,76368,Unknown Artist,Unknown Artist,religious_painting,Unknown Genre
Baroque,Rococo,0.8513311743736267,78588,38936,Unknown Artist,Unknown Artist,Unknown Genre,portrait
Early_Renaissance,High_Renaissance,0.9437524676322937,53035,55991,pietro-perugino,pietro-perugino,religious_painting,religious_painting
Baroque,Rococo,0.838131844997406,44983,30707,Unknown Artist,Unknown Artist,still_life,still_life
Early_Renaissance,High_Renaissance,0.8717119693756104,56982,33628,Unknown Artist,Unknown Artist,religious_painting,religious_painting
Early_Renaissance,Northern_Renaissance,0.8589407801628113,27503,641,leonardo-da-vinci,albrecht-durer,sketch_and_study,sketch_and_study
Early_Renaissance,Northern_Renaissance,0.8612315654754639,34453,30167,Unknown Artist,Unknown Artist,religious_painting,genre_painting
Northern_Renaissance,High_Renaissance,0.8606451749801636,69797,79367,Unknown Artist,Unknown Artist,Unknown Genre,Unknown Genre
Northern_Renaissance,High_Renaissance,0.8850992321968079,30871,48225,Unknown Artist,raphael,sketch_and_study,sketch_and_study
Early_Renaissance,Northern_Renaissance,0.8718441128730774,55920,32034,pietro-perugino,Unknown Artist,religious_painting,religious_painting
Northern_Renaissance,Mannerism_Late_Renaissance,0.9009520411491394,44164,45203,hieronymus-bosch,paolo-veronese,religious_painting,religious_painting
High_Renaissance,Northern_Renaissance,0.9284946322441101,31432,30968,pietro-perugino,Unknown Artist,religious_painting,religious_painting
High_Renaissance,Baroque,0.8268767595291138,31152,69842,titian,Unknown Artist,religious_painting,Unknown Genre
Early_Renaissance,Northern_Renaissance,0.8737295866012573,50194,42314,Unknown Artist,Unknown Artist,religious_painting,religious_painting
Early_Renaissance,Northern_Renaissance,0.8904657959938049,22846,35927,Unknown Artist,Unknown Artist,portrait,portrait
High_Renaissance,Rococo,0.8922935128211975,37000,63696,Unknown Artist,Unknown Artist,portrait,portrait
High_Renaissance,Mannerism_Late_Renaissance,0.8646523952484131,35102,28867,Unknown Artist,Unknown Artist,portrait,portrait
Early_Renaissance,High_Renaissance,0.9178819060325623,28008,34462,Unknown Artist,Unknown Artist,religious_painting,religious_painting
Baroque,Rococo,0.8498179316520691,64594,39489,Unknown Artist,Unknown Artist,portrait,portrait
Mannerism_Late_Renaissance,Rococo,0.8734065294265747,46312,30459,Unknown Artist,Unknown Artist,religious_painting,religious_painting
Early_Renaissance,High_Renaissance,0.8727863430976868,30002,24554,Unknown Artist,titian,sketch_and_study,sketch_and_study
Mannerism_Late_Renaissance,Baroque,0.8410435318946838,40245,6924,titian,rembrandt,portrait,portrait
Early_Renaissance,Northern_Renaissance,0.8701125979423523,56737,27364,Unknown Artist,Unknown Artist,religious_painting,genre_painting
Mannerism_Late_Renaissance,Baroque,0.9060695171356201,25145,21610,Unknown Artist,bartolome-esteban-murillo,religious_painting,religious_painting
Early_Renaissance,High_Renaissance,0.920783281326294,56753,25430,Unknown Artist,Unknown Artist,religious_painting,religious_painting
Early_Renaissance,Northern_Renaissance,0.8501297831535339,38461,44399,Unknown Artist,hieronymus-bosch,religious_painting,religious_painting
High_Renaissance,Mannerism_Late_Renaissance,0.8055838942527771,21104,65133,titian,titian,portrait,portrait
High_Renaissance,Northern_Renaissance,0.860686719417572,62128,8921,leonardo-da-vinci,albrecht-durer,sketch_and_study,sketch_and_study
High_Renaissance,Rococo,0.8638663291931152,46547,63515,Unknown Artist,Unknown Artist,portrait,portrait
High_Renaissance,Northern_Renaissance,0.8610753417015076,49223,29261,Unknown Artist,hans-memling,portrait,portrait
Mannerism_Late_Renaissance,Rococo,0.9116796851158142,78496,70381,Unknown Artist,Unknown Artist,Unknown Genre,Unknown Genre
High_Renaissance,Mannerism_Late_Renaissance,0.8931097388267517,56503,25719,Unknown Artist,paolo-veronese,religious_painting,religious_painting
Northern_Renaissance,Baroque,0.8476320505142212,21368,53210,Unknown Artist,Unknown Artist,landscape,genre_painting
High_Renaissance,Baroque,0.8844925761222839,40689,17607,leonardo-da-vinci,rembrandt,sketch_and_study,genre_painting
Early_Renaissance,Mannerism_Late_Renaissance,0.8870397806167603,56046,69596,Unknown Artist,Unknown Artist,religious_painting,Unknown Genre
Early_Renaissance,Northern_Renaissance,0.8281386494636536,29648,9400,Unknown Artist,albrecht-durer,landscape,landscape
High_Renaissance,Northern_Renaissance,0.8242716789245605,56249,73882,Unknown Artist,Unknown Artist,religious_painting,Unknown Genre
High_Renaissance,Northern_Renaissance,0.8809736967086792,70777,69071,Unknown Artist,Unknown Artist,Unknown Genre,Unknown Genre
High_Renaissance,Mannerism_Late_Renaissance,0.8761011362075806,32165,32281,michelangelo,Unknown Artist,religious_painting,religious_painting
High_Renaissance,Mannerism_Late_Renaissance,0.8496919870376587,46629,64791,titian,tintoretto,portrait,portrait
Mannerism_Late_Renaissance,Baroque,0.8168443441390991,48796,28224,Unknown Artist,Unknown Artist,portrait,genre_painting
Early_Renaissance,High_Renaissance,0.8888369202613831,29533,79376,Unknown Artist,Unknown Artist,religious_painting,Unknown Genre
Baroque,Rococo,0.8776119351387024,78566,70810,Unknown Artist,Unknown Artist,Unknown Genre,Unknown Genre
Mannerism_Late_Renaissance,Baroque,0.7863731384277344,73236,68572,Unknown Artist,Unknown Artist,Unknown Genre,Unknown Genre
Mannerism_Late_Renaissance,Baroque,0.76202392578125,22524,74510,Unknown Artist,Unknown Artist,portrait,Unknown Genre
Early_Renaissance,Mannerism_Late_Renaissance,0.8698491454124451,57048,27315,Unknown Artist,tintoretto,religious_painting,religious_painting
High_Renaissance,Baroque,0.8515344262123108,41676,10893,michelangelo,rembrandt,religious_painting,Unknown Genre
Early_Renaissance,Northern_Renaissance,0.8931954503059387,25499,56873,Unknown Artist,Unknown Artist,religious_painting,religious_painting
High_Renaissance,Mannerism_Late_Renaissance,0.8982095718383789,65326,50124,titian,tintoretto,portrait,portrait
Early_Renaissance,Northern_Renaissance,0.8532431125640869,56246,73419,pietro-perugino,Unknown Artist,religious_painting,Unknown Genre
Baroque,Rococo,0.8044237494468689,36471,20623,Unknown Artist,Unknown Artist,portrait,portrait
Mannerism_Late_Renaissance,Baroque,0.8040003180503845,72830,38972,Unknown Artist,Unknown Artist,Unknown Genre,still_life
Early_Renaissance,High_Renaissance,0.8374336361885071,56646,44083,Unknown Artist,raphael,religious_painting,religious_painting
Early_Renaissance,Baroque,0.8350647687911987,31834,17691,Unknown Artist,rembrandt,religious_painting,religious_painting
High_Renaissance,Mannerism_Late_Renaissance,0.8737571835517883,71487,67971,Unknown Artist,Unknown Artist,Unknown Genre,Unknown Genre
Mannerism_Late_Renaissance,Baroque,0.7344756722450256,39997,66020,paolo-veronese,peter-paul-rubens,religious_painting,portrait
Mannerism_Late_Renaissance,Baroque,0.8288118839263916,38333,53691,Unknown Artist,Unknown Artist,religious_painting,genre_painting
Mannerism_Late_Renaissance,Rococo,0.8485468626022339,47089,46473,tintoretto,Unknown Artist,portrait,portrait
Baroque,Rococo,0.8258227109909058,30342,43652,Unknown Artist,Unknown Artist,genre_painting,genre_painting
High_Renaissance,Mannerism_Late_Renaissance,0.8925724625587463,72483,78460,Unknown Artist,Unknown Artist,Unknown Genre,Unknown Genre
Early_Renaissance,High_Renaissance,0.8896895051002502,40107,21397,Unknown Artist,Unknown Artist,religious_painting,religious_painting
Baroque,Rococo,0.8768665194511414,51074,33966,Unknown Artist,Unknown Artist,landscape,landscape
Baroque,Rococo,0.8205966353416443,71631,50849,Unknown Artist,Unknown Artist,Unknown Genre,portrait
High_Renaissance,Mannerism_Late_Renaissance,0.8957701921463013,26261,48085,Unknown Artist,Unknown Artist,sketch_and_study,sketch_and_study
Early_Renaissance,Rococo,0.8834026455879211,73070,75161,Unknown Artist,Unknown Artist,Unknown Genre,Unknown Genre
Baroque,Rococo,0.8819544315338135,46955,52264,Unknown Artist,Unknown Artist,landscape,landscape
Mannerism_Late_Renaissance,Baroque,0.897114634513855,78453,74038,Unknown Artist,Unknown Artist,Unknown Genre,Unknown Genre
High_Renaissance,Mannerism_Late_Renaissance,0.7967686057090759,28183,47495,Unknown Artist,el-greco,portrait,genre_painting
Early_Renaissance,Mannerism_Late_Renaissance,0.9193030595779419,56046,78481,Unknown Artist,Unknown Artist,religious_painting,Unknown Genre
Northern_Renaissance,Baroque,0.890802264213562,56031,23506,hans-holbein-the-younger,Unknown Artist,religious_painting,religious_painting
Northern_Renaissance,Baroque,0.8592026829719543,5810,1141,albrecht-durer,rembrandt,religious_painting,sketch_and_study
Mannerism_Late_Renaissance,Baroque,0.8755397796630859,40121,19310,tintoretto,peter-paul-rubens,religious_painting,religious_painting
Northern_Renaissance,Baroque,0.8537719249725342,28589,4862,hieronymus-bosch,rembrandt,portrait,portrait
High_Renaissance,Mannerism_Late_Renaissance,0.9025095105171204,41863,26204,Unknown Artist,titian,portrait,portrait
High_Renaissance,Mannerism_Late_Renaissance,0.8778597116470337,27547,56311,Unknown Artist,tintoretto,religious_painting,religious_painting
Northern_Renaissance,Baroque,0.8069753646850586,50134,69846,Unknown Artist,Unknown Artist,portrait,Unknown Genre
Mannerism_Late_Renaissance,Rococo,0.8517878651618958,47187,24634,Unknown Artist,Unknown Artist,religious_painting,genre_painting
High_Renaissance,Baroque,0.8151324987411499,44282,64370,Unknown Artist,jacob-jordaens,portrait,portrait
Northern_Renaissance,Rococo,0.8747708797454834,22962,50785,Unknown Artist,thomas-gainsborough,religious_painting,landscape
Early_Renaissance,High_Renaissance,0.9012547135353088,38339,44442,Unknown Artist,pietro-perugino,religious_painting,religious_painting
Mannerism_Late_Renaissance,Rococo,0.8583381175994873,68421,49970,Unknown Artist,Unknown Artist,Unknown Genre,religious_painting
High_Renaissance,Mannerism_Late_Renaissance,0.8972806930541992,69485,78489,Unknown Artist,Unknown Artist,Unknown Genre,Unknown Genre
Baroque,Rococo,0.8246016502380371,63870,72409,anthony-van-dyck,Unknown Artist,portrait,Unknown Genre
Mannerism_Late_Renaissance,Rococo,0.8586214184761047,37776,40369,titian,joshua-reynolds,portrait,portrait
Northern_Renaissance,Baroque,0.8734692335128784,40830,36683,Unknown Artist,frans-hals,portrait,portrait
High_Renaissance,Mannerism_Late_Renaissance,0.8941765427589417,41661,50429,titian,titian,portrait,portrait
High_Renaissance,Rococo,0.8906551599502563,34153,57001,raphael,Unknown Artist,religious_painting,religious_painting
Mannerism_Late_Renaissance,Rococo,0.847222089767456,47187,45323,Unknown Artist,Unknown Artist,religious_painting,genre_painting
Baroque,Rococo,0.859137773513794,23086,23857,Unknown Artist,Unknown Artist,portrait,portrait
Early_Renaissance,High_Renaissance,0.8651319742202759,46641,45462,Unknown Artist,michelangelo,religious_painting,religious_painting
High_Renaissance,Mannerism_Late_Renaissance,0.9085932970046997,69485,25897,Unknown Artist,Unknown Artist,Unknown Genre,religious_painting
High_Renaissance,Mannerism_Late_Renaissance,0.7731848359107971,46547,32412,Unknown Artist,Unknown Artist,portrait,portrait
Early_Renaissance,High_Renaissance,0.9200178384780884,55779,19597,Unknown Artist,Unknown Artist,religious_painting,religious_painting
Northern_Renaissance,High_Renaissance,0.8571845889091492,28659,26976,Unknown Artist,Unknown Artist,religious_painting,religious_painting
High_Renaissance,Northern_Renaissance,0.8894283175468445,34473,31194,Unknown Artist,Unknown Artist,religious_painting,religious_painting
Northern_Renaissance,Baroque,0.8618838787078857,21368,71942,Unknown Artist,Unknown Artist,landscape,Unknown Genre
Northern_Renaissance,High_Renaissance,0.7945959568023682,70184,34562,Unknown Artist,Unknown Artist,Unknown Genre,portrait
High_Renaissance,Mannerism_Late_Renaissance,0.7867169380187988,29076,32090,Unknown Artist,el-greco,portrait,religious_painting
Baroque,Rococo,0.8197821974754333,62974,74965,Unknown Artist,Unknown Artist,portrait,Unknown Genre
High_Renaissance,Northern_Renaissance,0.9432592391967773,36425,4321,raphael,albrecht-durer,religious_painting,religious_painting
High_Renaissance,Rococo,0.8927812576293945,62183,29127,raphael,Unknown Artist,sketch_and_study,portrait
Baroque,Rococo,0.9036563634872437,78656,80011,Unknown Artist,Unknown Artist,Unknown Genre,Unknown Genre
High_Renaissance,Mannerism_Late_Renaissance,0.8609604835510254,43350,32701,titian,titian,portrait,portrait
High_Renaissance,Mannerism_Late_Renaissance,0.8505383729934692,41796,43153,raphael,Unknown Artist,portrait,portrait
High_Renaissance,Mannerism_Late_Renaissance,0.8491100668907166,38892,56112,Unknown Artist,paolo-veronese,portrait,religious_painting
High_Renaissance,Mannerism_Late_Renaissance,0.8435021638870239,64971,39430,Unknown Artist,Unknown Artist,portrait,portrait
Early_Renaissance,High_Renaissance,0.8663362860679626,55745,37486,Unknown Artist,titian,religious_painting,religious_painting
High_Renaissance,Mannerism_Late_Renaissance,0.914105236530304,75216,41953,Unknown Artist,el-greco,Unknown Genre,religious_painting
High_Renaissance,Baroque,0.8214020729064941,37361,47974,Unknown Artist,Unknown Artist,religious_painting,genre_painting
Northern_Renaissance,Mannerism_Late_Renaissance,0.8598894476890564,56380,68987,Unknown Artist,Unknown Artist,religious_painting,Unknown Genre
Northern_Renaissance,Baroque,0.8393325805664062,41761,6118,Unknown Artist,rembrandt,portrait,portrait
Mannerism_Late_Renaissance,Baroque,0.8401552438735962,55339,37634,Unknown Artist,Unknown Artist,genre_painting,genre_painting
High_Renaissance,Mannerism_Late_Renaissance,0.8791308403015137,46415,65130,titian,Unknown Artist,portrait,portrait
Early_Renaissance,High_Renaissance,0.9187340140342712,26915,56131,pietro-perugino,pietro-perugino,religious_painting,religious_painting
Early_Renaissance,Northern_Renaissance,0.8488026857376099,49334,19482,Unknown Artist,hans-memling,portrait,portrait
Early_Renaissance,Northern_Renaissance,0.9080939888954163,30666,51970,Unknown Artist,Unknown Artist,religious_painting,religious_painting
High_Renaissance,Mannerism_Late_Renaissance,0.8052326440811157,46816,75148,Unknown Artist,Unknown Artist,still_life,Unknown Genre
High_Renaissance,Baroque,0.8543806076049805,69752,78682,Unknown Artist,Unknown Artist,Unknown Genre,Unknown Genre
High_Renaissance,Baroque,0.8907427191734314,69785,23457,Unknown Artist,Unknown Artist,Unknown Genre,religious_painting
Early_Renaissance,Northern_Renaissance,0.7793911695480347,31917,9000,Unknown Artist,albrecht-durer,sketch_and_study,sketch_and_study
High_Renaissance,Baroque,0.8852778077125549,73214,2339,Unknown Artist,rembrandt,Unknown Genre,Unknown Genre
Early_Renaissance,High_Renaissance,0.8757750391960144,77433,76507,Unknown Artist,Unknown Artist,Unknown Genre,Unknown Genre
High_Renaissance,Mannerism_Late_Renaissance,0.8447999358177185,65576,44758,titian,tintoretto,portrait,portrait
Mannerism_Late_Renaissance,Baroque,0.8915613293647766,65336,45421,titian,Unknown Artist,portrait,portrait
High_Renaissance,Baroque,0.9038683772087097,40419,78559,michelangelo,Unknown Artist,religious_painting,Unknown Genre
Early_Renaissance,High_Renaissance,0.8393117785453796,36979,56361,Unknown Artist,Unknown Artist,religious_painting,religious_painting
Early_Renaissance,Northern_Renaissance,0.8799795508384705,37073,33243,Unknown Artist,Unknown Artist,religious_painting,religious_painting
Northern_Renaissance,Baroque,0.8741090893745422,68258,57095,Unknown Artist,Unknown Artist,Unknown Genre,religious_painting
Northern_Renaissance,High_Renaissance,0.9099543690681458,31571,20088,Unknown Artist,pietro-perugino,religious_painting,religious_painting
High_Renaissance,Mannerism_Late_Renaissance,0.8678513169288635,20255,78523,titian,Unknown Artist,religious_painting,Unknown Genre
Northern_Renaissance,Baroque,0.8727280497550964,72681,33541,Unknown Artist,peter-paul-rubens,Unknown Genre,religious_painting
High_Renaissance,Mannerism_Late_Renaissance,0.854914128780365,41661,24510,titian,titian,portrait,portrait
High_Renaissance,Northern_Renaissance,0.9116581082344055,62079,8805,michelangelo,albrecht-durer,sketch_and_study,nude_painting
High_Renaissance,Rococo,0.8702653646469116,48496,43734,titian,Unknown Artist,portrait,portrait
Early_Renaissance,High_Renaissance,0.8571593761444092,52518,62270,fra-angelico,Unknown Artist,sketch_and_study,sketch_and_study
High_Renaissance,Mannerism_Late_Renaissance,0.8844098448753357,43505,52366,Unknown Artist,Unknown Artist,religious_painting,religious_painting
Mannerism_Late_Renaissance,Baroque,0.8721604347229004,71323,75413,Unknown Artist,Unknown Artist,Unknown Genre,Unknown Genre
High_Renaissance,Rococo,0.8842726349830627,21104,37534,titian,Unknown Artist,portrait,portrait
Northern_Renaissance,Mannerism_Late_Renaissance,0.8096318244934082,56472,40276,Unknown Artist,el-greco,religious_painting,religious_painting
Northern_Renaissance,High_Renaissance,0.8134626746177673,50422,26525,hans-holbein-the-younger,titian,portrait,portrait
Early_Renaissance,Northern_Renaissance,0.8642457127571106,38887,3993,Unknown Artist,albrecht-durer,religious_painting,religious_painting
Baroque,Rococo,0.8723394274711609,31050,63504,anthony-van-dyck,Unknown Artist,portrait,portrait
Baroque,Rococo,0.8555624485015869,17601,64980,rembrandt,joshua-reynolds,religious_painting,portrait
Baroque,Rococo,0.8761915564537048,71631,43111,Unknown Artist,Unknown Artist,Unknown Genre,portrait
Early_Renaissance,High_Renaissance,0.8807316422462463,57075,68630,Unknown Artist,Unknown Artist,religious_painting,Unknown Genre
Early_Renaissance,Northern_Renaissance,0.8576880693435669,44431,33854,Unknown Artist,Unknown Artist,religious_painting,genre_painting
High_Renaissance,Northern_Renaissance,0.855000913143158,38325,5035,leonardo-da-vinci,albrecht-durer,sketch_and_study,religious_painting
High_Renaissance,Northern_Renaissance,0.82994544506073,22513,64814,Unknown Artist,hans-holbein-the-younger,portrait,portrait
Northern_Renaissance,Mannerism_Late_Renaissance,0.8800484538078308,74520,68612,Unknown Artist,Unknown Artist,Unknown Genre,Unknown Genre
Early_Renaissance,High_Renaissance,0.8994343876838684,56604,26827,leonardo-da-vinci,titian,religious_painting,religious_painting
High_Renaissance,Northern_Renaissance,0.8761880993843079,75009,70083,Unknown Artist,Unknown Artist,Unknown Genre,Unknown Genre
High_Renaissance,Northern_Renaissance,0.8657389283180237,30880,63764,Unknown Artist,hans-holbein-the-younger,portrait,portrait
High_Renaissance,Northern_Renaissance,0.9277493357658386,52548,57136,Unknown Artist,Unknown Artist,religious_painting,religious_painting
Early_Renaissance,High_Renaissance,0.8925932049751282,55869,28999,Unknown Artist,pietro-perugino,religious_painting,religious_painting
Baroque,Rococo,0.8237886428833008,78688,74187,Unknown Artist,Unknown Artist,Unknown Genre,Unknown Genre
Mannerism_Late_Renaissance,Baroque,0.8466581106185913,38333,33387,Unknown Artist,Unknown Artist,religious_painting,genre_painting
Baroque,Rococo,0.8076409101486206,33817,31074,Unknown Artist,Unknown Artist,portrait,portrait
Baroque,Rococo,0.836123526096344,24579,28036,anthony-van-dyck,Unknown Artist,portrait,portrait
Northern_Renaissance,High_Renaissance,0.8986440300941467,81086,76472,Unknown Artist,Unknown Artist,Unknown Genre,Unknown Genre
Baroque,Rococo,0.8072709441184998,78588,42100,Unknown Artist,Unknown Artist,Unknown Genre,portrait
Northern_Renaissance,Baroque,0.8313313126564026,62300,17644,hieronymus-bosch,rembrandt,sketch_and_study,sketch_and_study
Early_Renaissance,High_Renaissance,0.8956772089004517,33067,70330,Unknown Artist,Unknown Artist,religious_painting,Unknown Genre
Mannerism_Late_Renaissance,Baroque,0.8799733519554138,56366,78577,Unknown Artist,Unknown Artist,religious_painting,Unknown Genre
Northern_Renaissance,High_Renaissance,0.8809736967086792,69071,70777,Unknown Artist,Unknown Artist,Unknown Genre,Unknown Genre
Northern_Renaissance,High_Renaissance,0.83262699842453,55919,38241,Unknown Artist,Unknown Artist,religious_painting,religious_painting
Early_Renaissance,Northern_Renaissance,0.8492998480796814,22846,23493,Unknown Artist,Unknown Artist,portrait,portrait
Early_Renaissance,Baroque,0.9195652008056641,55998,31758,Unknown Artist,Unknown Artist,religious_painting,portrait
Baroque,Rococo,0.9112635254859924,71631,28633,Unknown Artist,Unknown Artist,Unknown Genre,portrait
Baroque,Rococo,0.8234868049621582,28250,45994,Unknown Artist,Unknown Artist,portrait,portrait
Northern_Renaissance,Mannerism_Late_Renaissance,0.8443194031715393,40830,40344,Unknown Artist,el-greco,portrait,portrait
Early_Renaissance,Northern_Renaissance,0.8938713669776917,28215,56162,Unknown Artist,hans-memling,religious_painting,religious_painting
Early_Renaissance,High_Renaissance,0.865131139755249,49845,49963,Unknown Artist,Unknown Artist,religious_painting,portrait
High_Renaissance,Mannerism_Late_Renaissance,0.8369347453117371,43350,64684,titian,el-greco,portrait,portrait
Mannerism_Late_Renaissance,Baroque,0.747475802898407,34217,62963,tintoretto,joshua-reynolds,portrait,portrait
Early_Renaissance,High_Renaissance,0.9008064866065979,61990,79401,Unknown Artist,Unknown Artist,sketch_and_study,Unknown Genre
High_Renaissance,Baroque,0.8380927443504333,65170,45419,titian,peter-paul-rubens,portrait,portrait
Early_Renaissance,Northern_Renaissance,0.8808375000953674,44946,19492,Unknown Artist,Unknown Artist,portrait,portrait
Early_Renaissance,Mannerism_Late_Renaissance,0.8732954263687134,56046,35923,Unknown Artist,Unknown Artist,religious_painting,religious_painting
Northern_Renaissance,Mannerism_Late_Renaissance,0.7706437110900879,34969,73236,lucas-cranach-the-elder,Unknown Artist,portrait,Unknown Genre
Early_Renaissance,High_Renaissance,0.7263070344924927,74826,48727,Unknown Artist,michelangelo,Unknown Genre,religious_painting
Mannerism_Late_Renaissance,Baroque,0.8179813623428345,51180,30768,Unknown Artist,frans-hals,portrait,portrait
Baroque,Rococo,0.8619312644004822,769,51758,rembrandt,thomas-gainsborough,portrait,portrait
Northern_Renaissance,High_Renaissance,0.8905396461486816,5810,69294,albrecht-durer,Unknown Artist,religious_painting,Unknown Genre
High_Renaissance,Northern_Renaissance,0.8079280853271484,39753,70525,Unknown Artist,Unknown Artist,religious_painting,Unknown Genre
Mannerism_Late_Renaissance,Baroque,0.8219375014305115,51180,3588,Unknown Artist,rembrandt,portrait,portrait
High_Renaissance,Mannerism_Late_Renaissance,0.8799245357513428,46415,41273,titian,Unknown Artist,portrait,portrait
Baroque,Rococo,0.8961741328239441,24579,41571,anthony-van-dyck,thomas-gainsborough,portrait,portrait
High_Renaissance,Mannerism_Late_Renaissance,0.873018205165863,50486,35741,titian,paolo-veronese,portrait,portrait
Northern_Renaissance,Baroque,0.829973042011261,51926,32251,Unknown Artist,Unknown Artist,genre_painting,genre_painting
Early_Renaissance,High_Renaissance,0.9193718433380127,62237,32258,leonardo-da-vinci,leonardo-da-vinci,sketch_and_study,sketch_and_study
Early_Renaissance,Northern_Renaissance,0.7899748682975769,56382,10773,Unknown Artist,Unknown Artist,religious_painting,Unknown Genre
High_Renaissance,Northern_Renaissance,0.8269173502922058,44092,64987,Unknown Artist,Unknown Artist,portrait,portrait
Mannerism_Late_Renaissance,Rococo,0.8860026597976685,56745,45259,Unknown Artist,Unknown Artist,religious_painting,religious_painting
Early_Renaissance,Northern_Renaissance,0.8555679321289062,38461,38019,Unknown Artist,hieronymus-bosch,religious_painting,religious_painting
Early_Renaissance,Baroque,0.8195643424987793,56780,74395,Unknown Artist,Unknown Artist,religious_painting,Unknown Genre
Early_Renaissance,High_Renaissance,0.9076569080352783,56604,22891,leonardo-da-vinci,titian,religious_painting,religious_painting
Baroque,Rococo,0.8776140213012695,24579,41659,anthony-van-dyck,Unknown Artist,portrait,portrait
Early_Renaissance,High_Renaissance,0.91042560338974,56967,48397,Unknown Artist,michelangelo,religious_painting,religious_painting
Baroque,Rococo,0.8431769609451294,53884,19222,Unknown Artist,Unknown Artist,genre_painting,genre_painting
Mannerism_Late_Renaissance,Baroque,0.8662418723106384,56312,20019,el-greco,Unknown Artist,religious_painting,religious_painting
Early_Renaissance,High_Renaissance,0.8940466642379761,38873,34428,Unknown Artist,leonardo-da-vinci,sketch_and_study,sketch_and_study
High_Renaissance,Northern_Renaissance,0.8415573239326477,32849,10362,Unknown Artist,albrecht-durer,portrait,portrait
Early_Renaissance,High_Renaissance,0.9221664667129517,25709,56875,pietro-perugino,pietro-perugino,religious_painting,religious_painting
High_Renaissance,Northern_Renaissance,0.8776915073394775,64971,26814,Unknown Artist,hans-holbein-the-younger,portrait,portrait
Northern_Renaissance,Baroque,0.8794060349464417,69445,73252,Unknown Artist,Unknown Artist,Unknown Genre,Unknown Genre
High_Renaissance,Rococo,0.8090436458587646,48496,29045,titian,thomas-gainsborough,portrait,portrait
High_Renaissance,Mannerism_Late_Renaissance,0.8997333645820618,20905,54691,michelangelo,paolo-veronese,religious_painting,genre_painting
Early_Renaissance,High_Renaissance,0.9001231789588928,29159,56207,Unknown Artist,Unknown Artist,religious_painting,religious_painting
High_Renaissance,Mannerism_Late_Renaissance,0.9035612344741821,56770,21963,Unknown Artist,el-greco,religious_painting,religious_painting
High_Renaissance,Northern_Renaissance,0.9150115847587585,30747,39152,Unknown Artist,Unknown Artist,religious_painting,religious_painting
Baroque,Rococo,0.8982260227203369,53884,47249,Unknown Artist,Unknown Artist,genre_painting,genre_painting
Early_Renaissance,Northern_Renaissance,0.9017927050590515,56379,46806,fra-angelico,Unknown Artist,religious_painting,religious_painting
Baroque,Rococo,0.8545974493026733,24579,63041,anthony-van-dyck,Unknown Artist,portrait,portrait
Mannerism_Late_Renaissance,Baroque,0.8771172165870667,56563,56659,tintoretto,peter-paul-rubens,religious_painting,religious_painting
Baroque,Rococo,0.8646112084388733,24879,19420,peter-paul-rubens,joshua-reynolds,portrait,portrait
Northern_Renaissance,High_Renaissance,0.900777280330658,2747,21160,albrecht-durer,Unknown Artist,religious_painting,religious_painting
High_Renaissance,Mannerism_Late_Renaissance,0.8079339861869812,56060,38162,Unknown Artist,Unknown Artist,religious_painting,cityscape
Baroque,Rococo,0.876011848449707,50126,51369,Unknown Artist,Unknown Artist,portrait,genre_painting
Baroque,Rococo,0.8910561800003052,769,36971,rembrandt,Unknown Artist,portrait,portrait
High_Renaissance,Northern_Renaissance,0.8670358061790466,28360,11222,titian,albrecht-durer,sketch_and_study,religious_painting
Early_Renaissance,High_Renaissance,0.8482444882392883,19614,20692,pietro-perugino,raphael,religious_painting,religious_painting
Baroque,Rococo,0.8001952171325684,111,69440,rembrandt,Unknown Artist,Unknown Genre,Unknown Genre
High_Renaissance,Northern_Renaissance,0.8045246005058289,35102,66022,Unknown Artist,hans-holbein-the-younger,portrait,portrait
High_Renaissance,Northern_Renaissance,0.8896164894104004,32795,56886,Unknown Artist,hieronymus-bosch,religious_painting,religious_painting
Northern_Renaissance,Mannerism_Late_Renaissance,0.8832495808601379,69185,36461,Unknown Artist,Unknown Artist,Unknown Genre,religious_painting
Mannerism_Late_Renaissance,Baroque,0.7983983755111694,21728,54650,titian,Unknown Artist,religious_painting,genre_painting
Baroque,Rococo,0.8652644753456116,53178,53282,Unknown Artist,Unknown Artist,genre_painting,genre_painting
Mannerism_Late_Renaissance,Baroque,0.9118461608886719,78481,78729,Unknown Artist,Unknown Artist,Unknown Genre,Unknown Genre
Northern_Renaissance,Mannerism_Late_Renaissance,0.8120570778846741,40830,32227,Unknown Artist,el-greco,portrait,portrait
Northern_Renaissance,High_Renaissance,0.8374180197715759,70184,51722,Unknown Artist,titian,Unknown Genre,portrait
Northern_Renaissance,High_Renaissance,0.9242972135543823,28659,56475,Unknown Artist,raphael,religious_painting,religious_painting
Early_Renaissance,High_Renaissance,0.8733807802200317,56309,32488,Unknown Artist,titian,religious_painting,religious_painting
High_Renaissance,Baroque,0.833942711353302,29435,27314,Unknown Artist,Unknown Artist,landscape,religious_painting
High_Renaissance,Northern_Renaissance,0.8734039664268494,68996,56687,Unknown Artist,Unknown Artist,Unknown Genre,religious_painting
High_Renaissance,Baroque,0.8312146067619324,32659,36887,Unknown Artist,Unknown Artist,portrait,portrait
Northern_Renaissance,High_Renaissance,0.8620465993881226,35946,76553,Unknown Artist,Unknown Artist,religious_painting,Unknown Genre
Early_Renaissance,High_Renaissance,0.922387421131134,54676,27764,Unknown Artist,Unknown Artist,genre_painting,genre_painting
Baroque,Rococo,0.840049147605896,23320,68337,joshua-reynolds,Unknown Artist,portrait,Unknown Genre
Early_Renaissance,High_Renaissance,0.899469256401062,48904,36556,Unknown Artist,Unknown Artist,religious_painting,religious_painting
Baroque,Rococo,0.8295512795448303,6218,19458,rembrandt,Unknown Artist,portrait,portrait
Mannerism_Late_Renaissance,Baroque,0.7900842428207397,38438,63339,paolo-veronese,Unknown Artist,portrait,portrait
Early_Renaissance,Northern_Renaissance,0.8358050584793091,22572,18069,Unknown Artist,albrecht-durer,genre_painting,religious_painting
High_Renaissance,Mannerism_Late_Renaissance,0.8779925107955933,46276,25233,Unknown Artist,paolo-veronese,portrait,religious_painting
Baroque,Rococo,0.8831604719161987,71631,62965,Unknown Artist,Unknown Artist,Unknown Genre,portrait
Baroque,Rococo,0.8994907736778259,71631,63135,Unknown Artist,Unknown Artist,Unknown Genre,portrait
Baroque,Rococo,0.8237146735191345,20685,48678,peter-paul-rubens,Unknown Artist,portrait,portrait
Early_Renaissance,High_Renaissance,0.8683964014053345,56372,55731,pietro-perugino,titian,religious_painting,religious_painting
Early_Renaissance,Northern_Renaissance,0.8576533794403076,24497,56769,Unknown Artist,Unknown Artist,religious_painting,religious_painting
Baroque,Rococo,0.9052242040634155,769,63560,rembrandt,Unknown Artist,portrait,portrait
Baroque,Rococo,0.784540593624115,50275,54974,Unknown Artist,Unknown Artist,genre_painting,genre_painting
Baroque,Rococo,0.8419142961502075,39633,29645,anthony-van-dyck,joshua-reynolds,portrait,portrait
High_Renaissance,Baroque,0.8447406888008118,40689,10092,leonardo-da-vinci,rembrandt,sketch_and_study,genre_painting
Early_Renaissance,Mannerism_Late_Renaissance,0.8690661787986755,55895,33031,Unknown Artist,el-greco,religious_painting,religious_painting
High_Renaissance,Northern_Renaissance,0.7868008017539978,27353,18196,leonardo-da-vinci,albrecht-durer,sketch_and_study,landscape
High_Renaissance,Northern_Renaissance,0.8232649564743042,49043,49258,pietro-perugino,Unknown Artist,portrait,portrait
Baroque,Rococo,0.88371741771698,769,40287,rembrandt,Unknown Artist,portrait,portrait
High_Renaissance,Rococo,0.7867215275764465,63906,35058,titian,joshua-reynolds,portrait,portrait
Baroque,Rococo,0.7802374362945557,44983,20879,Unknown Artist,Unknown Artist,still_life,still_life
Early_Renaissance,High_Renaissance,0.8424062132835388,23140,19094,Unknown Artist,Unknown Artist,religious_painting,religious_painting
High_Renaissance,Northern_Renaissance,0.9304060339927673,56229,6436,titian,albrecht-durer,religious_painting,religious_painting
High_Renaissance,Mannerism_Late_Renaissance,0.8756728172302246,33881,78514,leonardo-da-vinci,Unknown Artist,sketch_and_study,Unknown Genre
High_Renaissance,Northern_Renaissance,0.8470136523246765,36610,7092,raphael,albrecht-durer,sketch_and_study,genre_painting
Mannerism_Late_Renaissance,Baroque,0.8991315364837646,51180,28677,Unknown Artist,peter-paul-rubens,portrait,portrait
Northern_Renaissance,High_Renaissance,0.827631413936615,25046,38990,Unknown Artist,titian,religious_painting,religious_painting
Baroque,Rococo,0.8319317102432251,48629,56531,Unknown Artist,Unknown Artist,religious_painting,religious_painting
High_Renaissance,Northern_Renaissance,0.8963413834571838,76620,75647,Unknown Artist,Unknown Artist,Unknown Genre,Unknown Genre
Early_Renaissance,High_Renaissance,0.8708834648132324,77433,33676,Unknown Artist,leonardo-da-vinci,Unknown Genre,sketch_and_study
Early_Renaissance,Northern_Renaissance,0.8602825999259949,49238,22656,Unknown Artist,Unknown Artist,religious_painting,religious_painting
Early_Renaissance,High_Renaissance,0.8780266046524048,32988,33624,Unknown Artist,Unknown Artist,religious_painting,religious_painting
Northern_Renaissance,Baroque,0.8584368824958801,1229,6265,albrecht-durer,rembrandt,religious_painting,religious_painting
Mannerism_Late_Renaissance,Baroque,0.8883576393127441,23967,20596,el-greco,Unknown Artist,religious_painting,religious_painting
Northern_Renaissance,High_Renaissance,0.897686243057251,47158,55690,Unknown Artist,Unknown Artist,religious_painting,religious_painting
Mannerism_Late_Renaissance,Baroque,0.9022265076637268,44777,37791,el-greco,bartolome-esteban-murillo,religious_painting,religious_painting
Northern_Renaissance,Rococo,0.7936437726020813,55650,51187,Unknown Artist,Unknown Artist,religious_painting,cityscape
High_Renaissance,Northern_Renaissance,0.8408793210983276,37805,81155,Unknown Artist,Unknown Artist,religious_painting,Unknown Genre
Mannerism_Late_Renaissance,Rococo,0.8501215577125549,63378,36703,Unknown Artist,Unknown Artist,portrait,portrait
Early_Renaissance,Mannerism_Late_Renaissance,0.8162736296653748,22041,30010,Unknown Artist,el-greco,religious_painting,religious_painting
Northern_Renaissance,Baroque,0.880344808101654,487,8221,albrecht-durer,rembrandt,religious_painting,Unknown Genre
Baroque,Rococo,0.8630597591400146,20229,21959,Unknown Artist,Unknown Artist,religious_painting,genre_painting
Early_Renaissance,High_Renaissance,0.9521867036819458,56355,56320,Unknown Artist,raphael,religious_painting,religious_painting
Early_Renaissance,High_Renaissance,0.9006492495536804,42889,19177,Unknown Artist,pietro-perugino,religious_painting,religious_painting
High_Renaissance,Mannerism_Late_Renaissance,0.8801146149635315,76525,76036,Unknown Artist,Unknown Artist,Unknown Genre,Unknown Genre
Baroque,Rococo,0.8987581133842468,20229,55449,Unknown Artist,Unknown Artist,religious_painting,genre_painting
Early_Renaissance,Northern_Renaissance,0.8609651923179626,50194,47921,Unknown Artist,Unknown Artist,religious_painting,religious_painting
Northern_Renaissance,High_Renaissance,0.8881796002388,56332,31952,Unknown Artist,Unknown Artist,religious_painting,religious_painting
Baroque,Rococo,0.8271263837814331,78685,29746,Unknown Artist,thomas-gainsborough,Unknown Genre,portrait
Baroque,Rococo,0.8911420106887817,61028,38021,Unknown Artist,Unknown Artist,landscape,genre_painting
High_Renaissance,Mannerism_Late_Renaissance,0.8275241255760193,23716,21570,titian,tintoretto,religious_painting,portrait
High_Renaissance,Mannerism_Late_Renaissance,0.8933335542678833,69747,69238,Unknown Artist,Unknown Artist,Unknown Genre,Unknown Genre
High_Renaissance,Mannerism_Late_Renaissance,0.8666406869888306,39269,67957,raphael,Unknown Artist,religious_painting,Unknown Genre
High_Renaissance,Northern_Renaissance,0.8993728756904602,30838,28722,pietro-perugino,hans-memling,religious_painting,religious_painting
High_Renaissance,Northern_Renaissance,0.8139018416404724,49042,47915,michelangelo,Unknown Artist,sketch_and_study,sketch_and_study
High_Renaissance,Northern_Renaissance,0.8735590577125549,51991,48322,Unknown Artist,lucas-cranach-the-elder,portrait,portrait
Northern_Renaissance,High_Renaissance,0.8935193419456482,11580,56839,albrecht-durer,Unknown Artist,religious_painting,religious_painting
Early_Renaissance,Mannerism_Late_Renaissance,0.8469806909561157,20082,43611,Unknown Artist,paolo-veronese,religious_painting,portrait
High_Renaissance,Northern_Renaissance,0.7854788303375244,77365,6925,Unknown Artist,Unknown Artist,Unknown Genre,Unknown Genre
Northern_Renaissance,High_Renaissance,0.8312287926673889,49294,25344,hans-memling,titian,religious_painting,portrait
Early_Renaissance,Northern_Renaissance,0.8684560060501099,36632,18131,Unknown Artist,albrecht-durer,religious_painting,religious_painting
High_Renaissance,Northern_Renaissance,0.7934786677360535,44282,65072,Unknown Artist,lucas-cranach-the-elder,portrait,portrait
High_Renaissance,Mannerism_Late_Renaissance,0.9033824801445007,27948,42250,Unknown Artist,el-greco,religious_painting,religious_painting
Mannerism_Late_Renaissance,Baroque,0.8881418108940125,56579,30585,el-greco,Unknown Artist,religious_painting,religious_painting
Early_Renaissance,Northern_Renaissance,0.8878809213638306,33318,25063,Unknown Artist,hieronymus-bosch,religious_painting,religious_painting
Early_Renaissance,Northern_Renaissance,0.8775783181190491,45227,55846,Unknown Artist,Unknown Artist,religious_painting,religious_painting
Early_Renaissance,Northern_Renaissance,0.8935271501541138,44840,35551,Unknown Artist,Unknown Artist,portrait,religious_painting
Baroque,Rococo,0.8720280528068542,63762,63780,peter-paul-rubens,joshua-reynolds,portrait,portrait
Northern_Renaissance,Baroque,0.8598054051399231,20554,36499,Unknown Artist,bartolome-esteban-murillo,sketch_and_study,sketch_and_study
Mannerism_Late_Renaissance,Baroque,0.8690705299377441,41582,51182,Unknown Artist,Unknown Artist,religious_painting,religious_painting
High_Renaissance,Northern_Renaissance,0.8862990736961365,79383,81158,Unknown Artist,Unknown Artist,Unknown Genre,Unknown Genre
High_Renaissance,Northern_Renaissance,0.8337389230728149,22513,43099,Unknown Artist,hans-holbein-the-younger,portrait,portrait
High_Renaissance,Mannerism_Late_Renaissance,0.840330958366394,46629,35148,titian,tintoretto,portrait,portrait
Baroque,Rococo,0.8909727931022644,769,32322,rembrandt,Unknown Artist,portrait,portrait
Northern_Renaissance,Baroque,0.8431794047355652,5826,7823,albrecht-durer,rembrandt,portrait,portrait
Northern_Renaissance,High_Renaissance,0.8647722601890564,50951,39859,Unknown Artist,leonardo-da-vinci,genre_painting,sketch_and_study
High_Renaissance,Northern_Renaissance,0.8095365762710571,65674,22877,titian,lucas-cranach-the-elder,portrait,portrait
Early_Renaissance,High_Renaissance,0.8753010034561157,46027,30148,Unknown Artist,leonardo-da-vinci,sketch_and_study,sketch_and_study
Mannerism_Late_Renaissance,Baroque,0.8579196333885193,35467,8068,titian,rembrandt,portrait,portrait
Mannerism_Late_Renaissance,Baroque,0.7985521554946899,74276,19068,Unknown Artist,Unknown Artist,Unknown Genre,genre_painting
Early_Renaissance,Mannerism_Late_Renaissance,0.896759569644928,51956,51235,Unknown Artist,Unknown Artist,religious_painting,religious_painting
Mannerism_Late_Renaissance,Baroque,0.8229391574859619,68818,61594,Unknown Artist,Unknown Artist,Unknown Genre,still_life
Baroque,Rococo,0.9491243958473206,78656,37484,Unknown Artist,Unknown Artist,Unknown Genre,cityscape
Early_Renaissance,Mannerism_Late_Renaissance,0.8388416171073914,64900,78452,Unknown Artist,Unknown Artist,portrait,Unknown Genre
Northern_Renaissance,High_Renaissance,0.9242858290672302,12996,63414,albrecht-durer,raphael,portrait,portrait
High_Renaissance,Mannerism_Late_Renaissance,0.921317994594574,38892,51516,Unknown Artist,paolo-veronese,portrait,portrait
Baroque,Rococo,0.8809248208999634,39541,64454,anthony-van-dyck,thomas-gainsborough,portrait,portrait
Baroque,Rococo,0.8675016760826111,61307,45583,peter-paul-rubens,thomas-gainsborough,landscape,sketch_and_study
Northern_Renaissance,High_Renaissance,0.8881264328956604,18155,52918,albrecht-durer,Unknown Artist,religious_painting,religious_painting
Early_Renaissance,High_Renaissance,0.8628547191619873,50267,76952,Unknown Artist,Unknown Artist,religious_painting,Unknown Genre
Early_Renaissance,High_Renaissance,0.8629677295684814,62237,48320,leonardo-da-vinci,leonardo-da-vinci,sketch_and_study,sketch_and_study
Early_Renaissance,Northern_Renaissance,0.9280284643173218,56683,23264,fra-angelico,Unknown Artist,religious_painting,religious_painting
Northern_Renaissance,Baroque,0.8451027870178223,7634,17703,albrecht-durer,rembrandt,genre_painting,religious_painting
Northern_Renaissance,High_Renaissance,0.9078688025474548,3401,23928,Unknown Artist,michelangelo,Unknown Genre,sketch_and_study
Early_Renaissance,High_Renaissance,0.9053810834884644,45383,55730,Unknown Artist,michelangelo,sketch_and_study,religious_painting
High_Renaissance,Northern_Renaissance,0.8231894373893738,27353,44720,leonardo-da-vinci,Unknown Artist,sketch_and_study,landscape
Mannerism_Late_Renaissance,Baroque,0.8068349361419678,68818,32134,Unknown Artist,Unknown Artist,Unknown Genre,still_life
Early_Renaissance,Northern_Renaissance,0.9060877561569214,33305,31497,Unknown Artist,Unknown Artist,religious_painting,religious_painting
Baroque,Rococo,0.8913218975067139,38563,49672,peter-paul-rubens,Unknown Artist,portrait,sketch_and_study
High_Renaissance,Mannerism_Late_Renaissance,0.8957216739654541,39070,39875,michelangelo,Unknown Artist,religious_painting,portrait
Northern_Renaissance,High_Renaissance,0.8824562430381775,34061,55896,Unknown Artist,Unknown Artist,religious_painting,religious_painting
Mannerism_Late_Renaissance,Baroque,0.8234065771102905,57060,42414,Unknown Artist,Unknown Artist,religious_painting,genre_painting
High_Renaissance,Rococo,0.8612273931503296,37094,50411,Unknown Artist,Unknown Artist,sketch_and_study,illustration
Northern_Renaissance,High_Renaissance,0.8810126781463623,1906,19598,Unknown Artist,leonardo-da-vinci,Unknown Genre,sketch_and_study
Early_Renaissance,Northern_Renaissance,0.8830960392951965,21548,9285,fra-angelico,albrecht-durer,religious_painting,portrait
Baroque,Rococo,0.8679837584495544,60679,21688,peter-paul-rubens,thomas-gainsborough,landscape,genre_painting
Northern_Renaissance,Mannerism_Late_Renaissance,0.9094055891036987,69185,56510,Unknown Artist,Unknown Artist,Unknown Genre,religious_painting
High_Renaissance,Northern_Renaissance,0.9013397693634033,22847,8981,leonardo-da-vinci,albrecht-durer,sketch_and_study,genre_painting
Northern_Renaissance,Mannerism_Late_Renaissance,0.8505533933639526,10593,76395,albrecht-durer,Unknown Artist,portrait,Unknown Genre
Northern_Renaissance,High_Renaissance,0.8922576308250427,56556,56503,hieronymus-bosch,Unknown Artist,religious_painting,religious_painting
Early_Renaissance,High_Renaissance,0.9073082804679871,48154,43505,fra-angelico,Unknown Artist,religious_painting,religious_painting
Early_Renaissance,Northern_Renaissance,0.763985276222229,62481,914,Unknown Artist,Unknown Artist,sketch_and_study,Unknown Genre
Northern_Renaissance,Baroque,0.8780873417854309,42068,8732,Unknown Artist,rembrandt,genre_painting,landscape
Early_Renaissance,High_Renaissance,0.9068444967269897,75873,69186,Unknown Artist,Unknown Artist,Unknown Genre,Unknown Genre
Baroque,Rococo,0.8893935680389404,71631,63526,Unknown Artist,Unknown Artist,Unknown Genre,portrait
Early_Renaissance,Northern_Renaissance,0.8518496751785278,50170,6510,Unknown Artist,Unknown Artist,sketch_and_study,Unknown Genre
Early_Renaissance,Northern_Renaissance,0.8816853165626526,56379,48041,fra-angelico,Unknown Artist,religious_painting,religious_painting
Early_Renaissance,Northern_Renaissance,0.8832579851150513,35038,47065,Unknown Artist,hieronymus-bosch,religious_painting,sketch_and_study
Baroque,Rococo,0.835753858089447,38777,65327,anthony-van-dyck,joshua-reynolds,portrait,portrait
Early_Renaissance,Mannerism_Late_Renaissance,0.8792164325714111,56199,56795,Unknown Artist,Unknown Artist,religious_painting,religious_painting
Northern_Renaissance,High_Renaissance,0.8685396909713745,12996,79354,albrecht-durer,Unknown Artist,portrait,Unknown Genre
Mannerism_Late_Renaissance,Rococo,0.8443582057952881,45537,68531,paolo-veronese,Unknown Artist,religious_painting,Unknown Genre
Baroque,Rococo,0.8005548119544983,76556,73790,Unknown Artist,Unknown Artist,Unknown Genre,Unknown Genre
High_Renaissance,Northern_Renaissance,0.8325138092041016,46415,64829,titian,Unknown Artist,portrait,portrait
Baroque,Rococo,0.8851114511489868,26544,33132,anthony-van-dyck,joshua-reynolds,portrait,portrait
Early_Renaissance,Baroque,0.8523788452148438,38461,55626,Unknown Artist,Unknown Artist,religious_painting,religious_painting
Baroque,Rococo,0.8586626648902893,30064,65277,anthony-van-dyck,thomas-gainsborough,portrait,portrait
Northern_Renaissance,High_Renaissance,0.9266957640647888,44729,44368,Unknown Artist,pietro-perugino,religious_painting,religious_painting
Mannerism_Late_Renaissance,Baroque,0.8623648881912231,55339,25946,Unknown Artist,jacob-jordaens,genre_painting,genre_painting
High_Renaissance,Mannerism_Late_Renaissance,0.9030032753944397,55808,21652,Unknown Artist,titian,religious_painting,religious_painting
Early_Renaissance,High_Renaissance,0.8987048864364624,30376,31887,pietro-perugino,Unknown Artist,religious_painting,religious_painting
Northern_Renaissance,Mannerism_Late_Renaissance,0.8835161924362183,34061,56803,Unknown Artist,titian,religious_painting,religious_painting
High_Renaissance,Mannerism_Late_Renaissance,0.886235237121582,56949,50169,raphael,el-greco,religious_painting,religious_painting
High_Renaissance,Mannerism_Late_Renaissance,0.8849813938140869,26525,34217,titian,tintoretto,portrait,portrait
High_Renaissance,Baroque,0.9007995128631592,79353,30497,Unknown Artist,Unknown Artist,Unknown Genre,landscape
Baroque,Rococo,0.8483782410621643,20631,54295,Unknown Artist,Unknown Artist,genre_painting,genre_painting
High_Renaissance,Baroque,0.8845621347427368,75935,78661,Unknown Artist,Unknown Artist,Unknown Genre,Unknown Genre
Mannerism_Late_Renaissance,Baroque,0.8332977294921875,30927,70158,titian,Unknown Artist,portrait,Unknown Genre
Baroque,Rococo,0.8041761517524719,62963,65645,joshua-reynolds,Unknown Artist,portrait,portrait
Northern_Renaissance,High_Renaissance,0.8592378497123718,55772,23716,Unknown Artist,titian,religious_painting,religious_painting
Mannerism_Late_Renaissance,Baroque,0.8724440932273865,64952,42811,Unknown Artist,frans-hals,portrait,portrait
Early_Renaissance,High_Renaissance,0.8613865375518799,19614,70590,pietro-perugino,Unknown Artist,religious_painting,Unknown Genre
High_Renaissance,Baroque,0.833204984664917,32857,2434,leonardo-da-vinci,rembrandt,sketch_and_study,sketch_and_study
High_Renaissance,Mannerism_Late_Renaissance,0.9002807140350342,25182,30380,Unknown Artist,Unknown Artist,religious_painting,religious_painting
High_Renaissance,Rococo,0.8026129603385925,28164,70257,Unknown Artist,Unknown Artist,portrait,Unknown Genre
Mannerism_Late_Renaissance,Rococo,0.8717714548110962,76609,76273,Unknown Artist,Unknown Artist,Unknown Genre,Unknown Genre
Northern_Renaissance,Baroque,0.7042887806892395,726,75082,albrecht-durer,Unknown Artist,religious_painting,Unknown Genre
High_Renaissance,Northern_Renaissance,0.8804583549499512,73214,71874,Unknown Artist,Unknown Artist,Unknown Genre,Unknown Genre
Baroque,Rococo,0.8301875591278076,30064,63482,anthony-van-dyck,Unknown Artist,portrait,portrait
Baroque,Rococo,0.8213427662849426,24660,25450,Unknown Artist,Unknown Artist,genre_painting,genre_painting
Early_Renaissance,Mannerism_Late_Renaissance,0.8474398851394653,37654,49370,Unknown Artist,el-greco,religious_painting,religious_painting
Early_Renaissance,Rococo,0.8708656430244446,55900,48950,Unknown Artist,Unknown Artist,religious_painting,genre_painting
Baroque,Rococo,0.8699819445610046,62963,30943,joshua-reynolds,Unknown Artist,portrait,portrait
Northern_Renaissance,Mannerism_Late_Renaissance,0.8029685616493225,44579,34024,Unknown Artist,el-greco,portrait,portrait
High_Renaissance,Northern_Renaissance,0.8586450219154358,41863,10920,Unknown Artist,albrecht-durer,portrait,religious_painting
Mannerism_Late_Renaissance,Baroque,0.8761122822761536,22880,32196,Unknown Artist,bartolome-esteban-murillo,religious_painting,religious_painting
High_Renaissance,Northern_Renaissance,0.8622332811355591,49223,63196,Unknown Artist,Unknown Artist,portrait,portrait
High_Renaissance,Northern_Renaissance,0.8353356719017029,62413,9582,raphael,Unknown Artist,sketch_and_study,Unknown Genre
High_Renaissance,Northern_Renaissance,0.8801075220108032,65139,64911,Unknown Artist,hans-memling,portrait,portrait
Early_Renaissance,High_Renaissance,0.831508457660675,74826,52854,Unknown Artist,michelangelo,Unknown Genre,religious_painting
Mannerism_Late_Renaissance,Baroque,0.8245201706886292,29148,45769,paolo-veronese,Unknown Artist,religious_painting,genre_painting
Baroque,Rococo,0.838113009929657,64322,30787,Unknown Artist,Unknown Artist,portrait,portrait
High_Renaissance,Mannerism_Late_Renaissance,0.9302354454994202,62479,32808,michelangelo,Unknown Artist,sketch_and_study,nude_painting
Northern_Renaissance,High_Renaissance,0.8483198881149292,6696,43315,albrecht-durer,michelangelo,religious_painting,portrait
Northern_Renaissance,High_Renaissance,0.8527183532714844,18131,56015,albrecht-durer,Unknown Artist,religious_painting,religious_painting
Mannerism_Late_Renaissance,Baroque,0.9088794589042664,41217,56603,Unknown Artist,bartolome-esteban-murillo,religious_painting,religious_painting
Mannerism_Late_Renaissance,Baroque,0.8354731202125549,74487,45817,Unknown Artist,Unknown Artist,Unknown Genre,still_life
Northern_Renaissance,High_Renaissance,0.8632056713104248,56195,36961,Unknown Artist,Unknown Artist,religious_painting,religious_painting
High_Renaissance,Mannerism_Late_Renaissance,0.8941578269004822,56694,32485,pietro-perugino,Unknown Artist,religious_painting,religious_painting
Northern_Renaissance,Baroque,0.8839935064315796,6564,62269,albrecht-durer,canaletto,sketch_and_study,sketch_and_study
Early_Renaissance,High_Renaissance,0.8277403712272644,46503,23665,Unknown Artist,leonardo-da-vinci,portrait,portrait
Early_Renaissance,Northern_Renaissance,0.8742202520370483,37073,46689,Unknown Artist,Unknown Artist,religious_painting,religious_painting
Baroque,Rococo,0.8962891101837158,769,28524,rembrandt,Unknown Artist,portrait,portrait
Early_Renaissance,High_Renaissance,0.8506571054458618,30577,44581,leonardo-da-vinci,michelangelo,sketch_and_study,sketch_and_study
Baroque,Rococo,0.8629868030548096,64962,44441,Unknown Artist,Unknown Artist,portrait,portrait
Early_Renaissance,High_Renaissance,0.900595486164093,36314,30076,Unknown Artist,raphael,religious_painting,religious_painting
High_Renaissance,Mannerism_Late_Renaissance,0.894677996635437,56060,43296,Unknown Artist,paolo-veronese,religious_painting,religious_painting
Early_Renaissance,Northern_Renaissance,0.8544415831565857,56326,34969,pietro-perugino,lucas-cranach-the-elder,religious_painting,portrait
Early_Renaissance,High_Renaissance,0.8519364595413208,57048,56602,Unknown Artist,raphael,religious_painting,religious_painting
Mannerism_Late_Renaissance,Baroque,0.8358423709869385,56243,72559,Unknown Artist,Unknown Artist,religious_painting,Unknown Genre
High_Renaissance,Mannerism_Late_Renaissance,0.8911721706390381,79364,69871,Unknown Artist,Unknown Artist,Unknown Genre,Unknown Genre
High_Renaissance,Northern_Renaissance,0.8849217891693115,62413,323,raphael,albrecht-durer,sketch_and_study,religious_painting
Baroque,Rococo,0.8697019815444946,41598,64039,Unknown Artist,Unknown Artist,portrait,portrait
Early_Renaissance,High_Renaissance,0.8856719136238098,44574,36093,Unknown Artist,titian,religious_painting,religious_painting
Early_Renaissance,High_Renaissance,0.9271711111068726,61990,27974,Unknown Artist,michelangelo,sketch_and_study,sketch_and_study
High_Renaissance,Northern_Renaissance,0.8548266887664795,44596,35431,Unknown Artist,lucas-cranach-the-elder,portrait,religious_painting
Baroque,Rococo,0.8545394539833069,62963,51421,joshua-reynolds,Unknown Artist,portrait,portrait
Mannerism_Late_Renaissance,Baroque,0.8546343445777893,26658,46854,paolo-veronese,anthony-van-dyck,religious_painting,portrait
High_Renaissance,Northern_Renaissance,0.903456449508667,56390,32975,Unknown Artist,Unknown Artist,religious_painting,religious_painting
High_Renaissance,Mannerism_Late_Renaissance,0.8910661339759827,24418,56130,titian,tintoretto,religious_painting,religious_painting
Baroque,Rococo,0.7926015853881836,62963,73804,joshua-reynolds,Unknown Artist,portrait,Unknown Genre
Northern_Renaissance,Mannerism_Late_Renaissance,0.8609091639518738,20883,22663,Unknown Artist,tintoretto,religious_painting,religious_painting
High_Renaissance,Northern_Renaissance,0.8562576174736023,72848,74079,Unknown Artist,Unknown Artist,Unknown Genre,Unknown Genre
High_Renaissance,Baroque,0.8515883088111877,32241,51721,titian,bartolome-esteban-murillo,religious_painting,religious_painting
Northern_Renaissance,Rococo,0.8044788241386414,18175,48565,Unknown Artist,Unknown Artist,Unknown Genre,still_life
Baroque,Rococo,0.8964638710021973,62269,67866,canaletto,Unknown Artist,sketch_and_study,Unknown Genre
High_Renaissance,Mannerism_Late_Renaissance,0.8056767582893372,36093,23161,titian,el-greco,religious_painting,religious_painting
Mannerism_Late_Renaissance,Baroque,0.8400556445121765,24230,30636,titian,jacob-jordaens,portrait,portrait
Early_Renaissance,High_Renaissance,0.879826545715332,51286,47350,Unknown Artist,Unknown Artist,religious_painting,religious_painting
Early_Renaissance,Northern_Renaissance,0.8721800446510315,70726,18018,Unknown Artist,Unknown Artist,Unknown Genre,Unknown Genre
Northern_Renaissance,Rococo,0.8512535095214844,10765,28231,albrecht-durer,Unknown Artist,religious_painting,sketch_and_study
Mannerism_Late_Renaissance,Baroque,0.8436083197593689,32701,17716,titian,rembrandt,portrait,portrait
Northern_Renaissance,High_Renaissance,0.8025125861167908,24282,41661,Unknown Artist,titian,portrait,portrait
Northern_Renaissance,High_Renaissance,0.8924359083175659,44498,79383,lucas-cranach-the-elder,Unknown Artist,religious_painting,Unknown Genre
Northern_Renaissance,Baroque,0.8333783149719238,26524,46330,Unknown Artist,Unknown Artist,genre_painting,genre_painting
Northern_Renaissance,Mannerism_Late_Renaissance,0.8990432620048523,69185,55855,Unknown Artist,tintoretto,Unknown Genre,religious_painting
Northern_Renaissance,Baroque,0.8963077664375305,81116,78699,Unknown Artist,Unknown Artist,Unknown Genre,Unknown Genre
Early_Renaissance,High_Renaissance,0.8753991723060608,45523,52661,Unknown Artist,raphael,religious_painting,religious_painting
High_Renaissance,Mannerism_Late_Renaissance,0.9063650369644165,79353,57077,Unknown Artist,tintoretto,Unknown Genre,religious_painting
Early_Renaissance,Northern_Renaissance,0.8631924986839294,44946,22285,Unknown Artist,Unknown Artist,portrait,portrait
Early_Renaissance,Mannerism_Late_Renaissance,0.8735798001289368,31818,76230,Unknown Artist,Unknown Artist,religious_painting,Unknown Genre
Early_Renaissance,Northern_Renaissance,0.8376020193099976,52054,72268,Unknown Artist,Unknown Artist,religious_painting,Unknown Genre
Northern_Renaissance,Mannerism_Late_Renaissance,0.8346440196037292,35927,39993,Unknown Artist,Unknown Artist,portrait,portrait
Northern_Renaissance,High_Renaissance,0.8643516898155212,18009,41093,albrecht-durer,pietro-perugino,religious_painting,religious_painting
Early_Renaissance,Mannerism_Late_Renaissance,0.874192476272583,46903,56091,Unknown Artist,tintoretto,religious_painting,religious_painting
Baroque,Rococo,0.8533660173416138,33940,80021,Unknown Artist,Unknown Artist,genre_painting,Unknown Genre
High_Renaissance,Northern_Renaissance,0.8592715859413147,62430,3203,raphael,albrecht-durer,sketch_and_study,religious_painting
High_Renaissance,Mannerism_Late_Renaissance,0.8155034780502319,44282,42084,Unknown Artist,Unknown Artist,portrait,portrait
Northern_Renaissance,Baroque,0.8496902585029602,5673,68001,Unknown Artist,Unknown Artist,Unknown Genre,Unknown Genre
Early_Renaissance,Baroque,0.8620799779891968,42953,56904,Unknown Artist,Unknown Artist,religious_painting,religious_painting
Baroque,Rococo,0.8842133283615112,53884,53748,Unknown Artist,Unknown Artist,genre_painting,genre_painting
Northern_Renaissance,Mannerism_Late_Renaissance,0.8135184645652771,34969,65782,lucas-cranach-the-elder,Unknown Artist,portrait,portrait
High_Renaissance,Northern_Renaissance,0.8567425608634949,27353,60504,leonardo-da-vinci,Unknown Artist,sketch_and_study,landscape
Baroque,Rococo,0.8934650421142578,78569,72262,Unknown Artist,Unknown Artist,Unknown Genre,Unknown Genre
Early_Renaissance,High_Renaissance,0.9243878126144409,36314,55988,Unknown Artist,Unknown Artist,religious_painting,religious_painting
Northern_Renaissance,Mannerism_Late_Renaissance,0.8977870941162109,81151,71825,Unknown Artist,Unknown Artist,Unknown Genre,Unknown Genre
Baroque,Rococo,0.8795987367630005,27183,41103,anthony-van-dyck,Unknown Artist,portrait,portrait
Northern_Renaissance,High_Renaissance,0.8594735264778137,63732,56913,Unknown Artist,titian,portrait,religious_painting
Early_Renaissance,Mannerism_Late_Renaissance,0.9084742069244385,55605,56522,pietro-perugino,Unknown Artist,religious_painting,religious_painting
Early_Renaissance,High_Renaissance,0.8808978796005249,40864,34272,Unknown Artist,Unknown Artist,religious_painting,religious_painting
High_Renaissance,Baroque,0.8427467942237854,27353,11990,leonardo-da-vinci,rembrandt,sketch_and_study,landscape
High_Renaissance,Mannerism_Late_Renaissance,0.8912851810455322,46289,66179,titian,Unknown Artist,religious_painting,portrait
High_Renaissance,Northern_Renaissance,0.8581281304359436,22248,40802,raphael,Unknown Artist,religious_painting,religious_painting
High_Renaissance,Northern_Renaissance,0.884741485118866,37000,6696,Unknown Artist,albrecht-durer,portrait,religious_painting
High_Renaissance,Baroque,0.8295770883560181,46816,61397,Unknown Artist,frans-hals,still_life,still_life
High_Renaissance,Mannerism_Late_Renaissance,0.877268373966217,46289,78511,titian,Unknown Artist,religious_painting,Unknown Genre
Northern_Renaissance,High_Renaissance,0.8841009736061096,55785,51554,hans-memling,titian,religious_painting,religious_painting
Northern_Renaissance,High_Renaissance,0.8802126049995422,11936,79388,Unknown Artist,Unknown Artist,Unknown Genre,Unknown Genre
High_Renaissance,Mannerism_Late_Renaissance,0.913574755191803,34542,56300,raphael,tintoretto,religious_painting,religious_painting
Baroque,Rococo,0.8552044034004211,38777,20137,anthony-van-dyck,Unknown Artist,portrait,portrait
Early_Renaissance,Northern_Renaissance,0.8878511786460876,32171,57033,Unknown Artist,lucas-cranach-the-elder,religious_painting,religious_painting
Mannerism_Late_Renaissance,Baroque,0.8360716700553894,20392,19882,Unknown Artist,frans-hals,portrait,portrait
Northern_Renaissance,Mannerism_Late_Renaissance,0.8724513053894043,30414,42497,Unknown Artist,titian,religious_painting,religious_painting
Early_Renaissance,High_Renaissance,0.8519759774208069,62125,43172,Unknown Artist,michelangelo,sketch_and_study,sketch_and_study
High_Renaissance,Baroque,0.8123763203620911,68561,76556,Unknown Artist,Unknown Artist,Unknown Genre,Unknown Genre
Mannerism_Late_Renaissance,Baroque,0.7869831919670105,38333,44321,Unknown Artist,Unknown Artist,religious_painting,genre_painting
High_Renaissance,Northern_Renaissance,0.9036821722984314,30747,40342,Unknown Artist,Unknown Artist,religious_painting,religious_painting
Northern_Renaissance,Baroque,0.8105620741844177,31908,55053,Unknown Artist,Unknown Artist,religious_painting,genre_painting
Early_Renaissance,High_Renaissance,0.8162287473678589,33893,64789,Unknown Artist,titian,portrait,portrait
Early_Renaissance,Baroque,0.8875555992126465,25758,3942,Unknown Artist,rembrandt,religious_painting,religious_painting
Baroque,Rococo,0.8427034020423889,41332,69796,peter-paul-rubens,Unknown Artist,landscape,Unknown Genre
Early_Renaissance,Mannerism_Late_Renaissance,0.8758267164230347,74826,78482,Unknown Artist,Unknown Artist,Unknown Genre,Unknown Genre
Early_Renaissance,High_Renaissance,0.8448998332023621,66265,51010,pietro-perugino,raphael,portrait,portrait
Early_Renaissance,High_Renaissance,0.8439640998840332,32020,70215,Unknown Artist,Unknown Artist,portrait,Unknown Genre
Baroque,Rococo,0.8673112988471985,71881,69722,Unknown Artist,Unknown Artist,Unknown Genre,Unknown Genre
Baroque,Rococo,0.9053118228912354,78697,55794,Unknown Artist,Unknown Artist,Unknown Genre,religious_painting
Northern_Renaissance,Mannerism_Late_Renaissance,0.9202744364738464,34406,32814,Unknown Artist,Unknown Artist,religious_painting,religious_painting
Baroque,Rococo,0.8480773568153381,23849,80042,Unknown Artist,Unknown Artist,still_life,Unknown Genre
High_Renaissance,Baroque,0.8930970430374146,40689,17688,leonardo-da-vinci,rembrandt,sketch_and_study,sketch_and_study
Baroque,Rococo,0.8734992146492004,25647,37853,peter-paul-rubens,Unknown Artist,sketch_and_study,sketch_and_study
Northern_Renaissance,High_Renaissance,0.8820089101791382,27103,53063,Unknown Artist,Unknown Artist,religious_painting,religious_painting
Early_Renaissance,High_Renaissance,0.8880629539489746,68566,32165,Unknown Artist,michelangelo,Unknown Genre,religious_painting
Northern_Renaissance,High_Renaissance,0.8718360662460327,70184,41490,Unknown Artist,Unknown Artist,Unknown Genre,portrait
High_Renaissance,Baroque,0.9117207527160645,56644,55601,Unknown Artist,Unknown Artist,religious_painting,religious_painting
High_Renaissance,Northern_Renaissance,0.8975341320037842,29295,10581,leonardo-da-vinci,albrecht-durer,sketch_and_study,sketch_and_study
High_Renaissance,Mannerism_Late_Renaissance,0.9123480916023254,76786,30572,Unknown Artist,Unknown Artist,Unknown Genre,religious_painting
Early_Renaissance,High_Renaissance,0.8657073378562927,55624,42421,Unknown Artist,Unknown Artist,religious_painting,religious_painting
Baroque,Rococo,0.7799459099769592,27938,80100,Unknown Artist,Unknown Artist,still_life,Unknown Genre
Early_Renaissance,High_Renaissance,0.9275441765785217,49966,56413,Unknown Artist,Unknown Artist,religious_painting,religious_painting
Baroque,Rococo,0.8380590677261353,23320,65592,joshua-reynolds,Unknown Artist,portrait,portrait
Baroque,Rococo,0.8749309182167053,28127,80107,joseph-wright,Unknown Artist,genre_painting,Unknown Genre
High_Renaissance,Northern_Renaissance,0.8444712162017822,60526,9202,leonardo-da-vinci,albrecht-durer,landscape,landscape
Early_Renaissance,Northern_Renaissance,0.869971513748169,56700,20987,fra-angelico,Unknown Artist,religious_painting,portrait
High_Renaissance,Mannerism_Late_Renaissance,0.8888584971427917,28360,70328,titian,Unknown Artist,sketch_and_study,Unknown Genre
Early_Renaissance,High_Renaissance,0.8413316607475281,38087,63803,Unknown Artist,Unknown Artist,religious_painting,portrait
High_Renaissance,Northern_Renaissance,0.8040668964385986,27917,26484,Unknown Artist,lucas-cranach-the-elder,religious_painting,genre_painting
Early_Renaissance,High_Renaissance,0.8730765581130981,32906,48254,Unknown Artist,Unknown Artist,religious_painting,religious_painting
Early_Renaissance,Baroque,0.8876768350601196,23253,56832,Unknown Artist,bartolome-esteban-murillo,religious_painting,religious_painting
Early_Renaissance,High_Renaissance,0.9016610980033875,24143,27948,Unknown Artist,Unknown Artist,religious_painting,religious_painting
Baroque,Rococo,0.890528678894043,75265,32530,Unknown Artist,canaletto,Unknown Genre,cityscape
Baroque,Rococo,0.8835547566413879,71631,32406,Unknown Artist,Unknown Artist,Unknown Genre,portrait
Baroque,Rococo,0.8398399353027344,78685,27774,Unknown Artist,Unknown Artist,Unknown Genre,portrait
Baroque,Rococo,0.832374095916748,17574,44826,rembrandt,Unknown Artist,religious_painting,still_life
High_Renaissance,Northern_Renaissance,0.866544246673584,32795,56087,Unknown Artist,hieronymus-bosch,religious_painting,religious_painting
Baroque,Rococo,0.8901615738868713,69498,72582,Unknown Artist,Unknown Artist,Unknown Genre,Unknown Genre
Baroque,Rococo,0.8630279302597046,78656,22690,Unknown Artist,Unknown Artist,Unknown Genre,cityscape
Mannerism_Late_Renaissance,Baroque,0.7904444336891174,45898,65634,Unknown Artist,anthony-van-dyck,portrait,portrait
Northern_Renaissance,Mannerism_Late_Renaissance,0.8737981915473938,81151,78531,Unknown Artist,Unknown Artist,Unknown Genre,Unknown Genre
Northern_Renaissance,High_Renaissance,0.854272186756134,48073,79356,Unknown Artist,Unknown Artist,religious_painting,Unknown Genre
Northern_Renaissance,Baroque,0.7961964011192322,37713,37234,lucas-cranach-the-elder,Unknown Artist,portrait,genre_painting
High_Renaissance,Mannerism_Late_Renaissance,0.8847025632858276,68630,19375,Unknown Artist,paolo-veronese,Unknown Genre,religious_painting
Northern_Renaissance,Baroque,0.8705769181251526,60504,3856,Unknown Artist,rembrandt,landscape,landscape
Mannerism_Late_Renaissance,Baroque,0.8736854195594788,48958,55966,tintoretto,Unknown Artist,religious_painting,religious_painting
Mannerism_Late_Renaissance,Baroque,0.8890978693962097,20317,57154,titian,Unknown Artist,religious_painting,religious_painting
Northern_Renaissance,High_Renaissance,0.8921471834182739,11094,43422,albrecht-durer,michelangelo,sketch_and_study,sketch_and_study
Baroque,Rococo,0.8370121121406555,17601,38590,rembrandt,Unknown Artist,religious_painting,genre_painting
Northern_Renaissance,High_Renaissance,0.8432829976081848,50422,66298,hans-holbein-the-younger,Unknown Artist,portrait,portrait
Mannerism_Late_Renaissance,Baroque,0.8967151641845703,71446,76163,Unknown Artist,Unknown Artist,Unknown Genre,Unknown Genre
Baroque,Rococo,0.8704692125320435,45299,51423,Unknown Artist,Unknown Artist,landscape,genre_painting
Early_Renaissance,Northern_Renaissance,0.8849357962608337,36314,28346,Unknown Artist,Unknown Artist,religious_painting,religious_painting
Mannerism_Late_Renaissance,Baroque,0.9129820466041565,28993,33922,paolo-veronese,anthony-van-dyck,religious_painting,religious_painting
Mannerism_Late_Renaissance,Baroque,0.8171566724777222,78504,35096,Unknown Artist,Unknown Artist,Unknown Genre,still_life
Northern_Renaissance,Rococo,0.900426983833313,21368,58809,Unknown Artist,Unknown Artist,landscape,landscape
Northern_Renaissance,High_Renaissance,0.908654510974884,44218,19437,Unknown Artist,michelangelo,religious_painting,religious_painting
Early_Renaissance,High_Renaissance,0.9207965135574341,20738,20368,Unknown Artist,Unknown Artist,religious_painting,religious_painting
Early_Renaissance,Mannerism_Late_Renaissance,0.909360945224762,37806,24553,Unknown Artist,paolo-veronese,illustration,portrait
Mannerism_Late_Renaissance,Baroque,0.9155166149139404,32295,74223,Unknown Artist,Unknown Artist,religious_painting,Unknown Genre
Baroque,Rococo,0.7783483862876892,27938,80091,Unknown Artist,Unknown Artist,still_life,Unknown Genre
Mannerism_Late_Renaissance,Rococo,0.8793154954910278,78453,80031,Unknown Artist,Unknown Artist,Unknown Genre,Unknown Genre
High_Renaissance,Mannerism_Late_Renaissance,0.8949722647666931,36327,44118,titian,tintoretto,religious_painting,religious_painting
Baroque,Rococo,0.841969907283783,51336,70032,peter-paul-rubens,Unknown Artist,portrait,Unknown Genre
Early_Renaissance,Northern_Renaissance,0.9077744483947754,19626,29079,Unknown Artist,Unknown Artist,religious_painting,religious_painting
Mannerism_Late_Renaissance,Baroque,0.8590719103813171,55339,54954,Unknown Artist,jacob-jordaens,genre_painting,genre_painting
Northern_Renaissance,High_Renaissance,0.8860228657722473,26549,56179,hans-memling,Unknown Artist,religious_painting,religious_painting
Northern_Renaissance,Mannerism_Late_Renaissance,0.8488730788230896,22975,31142,Unknown Artist,el-greco,religious_painting,religious_painting
Early_Renaissance,Mannerism_Late_Renaissance,0.8141052722930908,27082,20076,Unknown Artist,el-greco,religious_painting,religious_painting
Early_Renaissance,High_Renaissance,0.9281279444694519,56355,56159,Unknown Artist,raphael,religious_painting,religious_painting
Baroque,Rococo,0.8834632039070129,53178,50534,Unknown Artist,Unknown Artist,genre_painting,genre_painting
Baroque,Rococo,0.86179119348526,20685,51420,peter-paul-rubens,Unknown Artist,portrait,portrait
Baroque,Rococo,0.7923514246940613,78588,30013,Unknown Artist,Unknown Artist,Unknown Genre,portrait
Northern_Renaissance,High_Renaissance,0.9010353684425354,8202,62401,albrecht-durer,michelangelo,sketch_and_study,sketch_and_study
Early_Renaissance,Northern_Renaissance,0.8636588454246521,24426,12388,Unknown Artist,albrecht-durer,religious_painting,religious_painting
Baroque,Rococo,0.8728904724121094,21552,47702,Unknown Artist,Unknown Artist,genre_painting,genre_painting
High_Renaissance,Northern_Renaissance,0.9001505970954895,40689,2501,leonardo-da-vinci,Unknown Artist,sketch_and_study,Unknown Genre
Mannerism_Late_Renaissance,Baroque,0.8999306559562683,40544,26451,tintoretto,Unknown Artist,religious_painting,religious_painting
Baroque,Rococo,0.8155115246772766,78588,64505,Unknown Artist,Unknown Artist,Unknown Genre,portrait
Northern_Renaissance,High_Renaissance,0.8818830847740173,3552,30240,albrecht-durer,Unknown Artist,religious_painting,genre_painting
Northern_Renaissance,Mannerism_Late_Renaissance,0.9085072875022888,56626,78500,Unknown Artist,Unknown Artist,religious_painting,Unknown Genre
High_Renaissance,Northern_Renaissance,0.8562780618667603,62413,41235,raphael,Unknown Artist,sketch_and_study,sketch_and_study
Early_Renaissance,High_Renaissance,0.8029274344444275,70100,77280,Unknown Artist,Unknown Artist,Unknown Genre,Unknown Genre
High_Renaissance,Baroque,0.8633231520652771,33527,22389,Unknown Artist,Unknown Artist,religious_painting,genre_painting
Baroque,Rococo,0.9091547727584839,71282,74948,Unknown Artist,Unknown Artist,Unknown Genre,Unknown Genre
Baroque,Rococo,0.8426229357719421,64322,65305,Unknown Artist,Unknown Artist,portrait,portrait
Northern_Renaissance,High_Renaissance,0.797776460647583,17986,39421,albrecht-durer,titian,portrait,portrait
Northern_Renaissance,Mannerism_Late_Renaissance,0.8836363554000854,72254,46299,Unknown Artist,Unknown Artist,Unknown Genre,religious_painting
High_Renaissance,Northern_Renaissance,0.8830097913742065,68847,11206,Unknown Artist,Unknown Artist,Unknown Genre,Unknown Genre
Early_Renaissance,High_Renaissance,0.8742251992225647,48672,41712,Unknown Artist,raphael,religious_painting,portrait
Baroque,Rococo,0.8209763765335083,65028,64466,anthony-van-dyck,joshua-reynolds,portrait,portrait
Early_Renaissance,Mannerism_Late_Renaissance,0.879179835319519,38873,34719,Unknown Artist,tintoretto,sketch_and_study,sketch_and_study
Early_Renaissance,High_Renaissance,0.8761083483695984,56766,56533,Unknown Artist,Unknown Artist,religious_painting,religious_painting
Baroque,Rococo,0.7659075260162354,69805,43941,Unknown Artist,Unknown Artist,Unknown Genre,portrait
High_Renaissance,Northern_Renaissance,0.8026987314224243,73606,81130,Unknown Artist,Unknown Artist,Unknown Genre,Unknown Genre
High_Renaissance,Mannerism_Late_Renaissance,0.8591447472572327,44652,31805,titian,Unknown Artist,religious_painting,religious_painting
High_Renaissance,Mannerism_Late_Renaissance,0.8323774337768555,79352,69572,Unknown Artist,Unknown Artist,Unknown Genre,Unknown Genre
Northern_Renaissance,Mannerism_Late_Renaissance,0.8673907518386841,45117,62982,hans-holbein-the-younger,Unknown Artist,portrait,portrait
Early_Renaissance,High_Renaissance,0.8848478198051453,26692,40818,pietro-perugino,Unknown Artist,religious_painting,religious_painting
High_Renaissance,Northern_Renaissance,0.8693347573280334,56035,17960,titian,albrecht-durer,religious_painting,religious_painting
Baroque,Rococo,0.8536756038665771,23320,30839,joshua-reynolds,Unknown Artist,portrait,portrait
High_Renaissance,Northern_Renaissance,0.8654752373695374,56035,9375,titian,albrecht-durer,religious_painting,religious_painting
High_Renaissance,Northern_Renaissance,0.8940978646278381,30296,37964,Unknown Artist,Unknown Artist,religious_painting,religious_painting
Early_Renaissance,High_Renaissance,0.8717108964920044,25709,37511,pietro-perugino,pietro-perugino,religious_painting,religious_painting
Baroque,Rococo,0.8707945346832275,42304,74990,peter-paul-rubens,Unknown Artist,religious_painting,Unknown Genre
High_Renaissance,Mannerism_Late_Renaissance,0.8756112456321716,28884,19314,pietro-perugino,paolo-veronese,religious_painting,portrait
Baroque,Rococo,0.8802038431167603,68324,76704,Unknown Artist,Unknown Artist,Unknown Genre,Unknown Genre
Early_Renaissance,Baroque,0.8652164936065674,61990,13133,Unknown Artist,rembrandt,sketch_and_study,nude_painting
Baroque,Rococo,0.8446649312973022,42609,66096,Unknown Artist,Unknown Artist,portrait,portrait
High_Renaissance,Northern_Renaissance,0.8155823945999146,41238,50325,Unknown Artist,Unknown Artist,religious_painting,religious_painting
High_Renaissance,Northern_Renaissance,0.9152477383613586,50730,56147,pietro-perugino,Unknown Artist,religious_painting,religious_painting
Northern_Renaissance,Baroque,0.8917453289031982,81123,52920,Unknown Artist,peter-paul-rubens,Unknown Genre,genre_painting
Northern_Renaissance,Mannerism_Late_Renaissance,0.8226945400238037,57033,48796,lucas-cranach-the-elder,Unknown Artist,religious_painting,portrait
Northern_Renaissance,High_Renaissance,0.8972769975662231,17989,28360,Unknown Artist,titian,Unknown Genre,sketch_and_study
Northern_Renaissance,High_Renaissance,0.8805817365646362,24838,69785,Unknown Artist,Unknown Artist,religious_painting,Unknown Genre
Early_Renaissance,High_Renaissance,0.8417686820030212,27505,34127,Unknown Artist,Unknown Artist,religious_painting,religious_painting
Early_Renaissance,High_Renaissance,0.870622992515564,29359,46559,fra-angelico,pietro-perugino,religious_painting,religious_painting
Early_Renaissance,Mannerism_Late_Renaissance,0.873771607875824,31889,24721,Unknown Artist,el-greco,religious_painting,religious_painting
Baroque,Rococo,0.8459218740463257,64322,33066,Unknown Artist,Unknown Artist,portrait,portrait
Mannerism_Late_Renaissance,Baroque,0.9115171432495117,38722,28713,tintoretto,Unknown Artist,religious_painting,religious_painting
Baroque,Rococo,0.836748480796814,55371,49066,Unknown Artist,Unknown Artist,genre_painting,genre_painting
High_Renaissance,Northern_Renaissance,0.8544800281524658,44876,21470,Unknown Artist,Unknown Artist,religious_painting,religious_painting
High_Renaissance,Mannerism_Late_Renaissance,0.9179121851921082,22248,38687,raphael,tintoretto,religious_painting,religious_painting
Mannerism_Late_Renaissance,Baroque,0.8739244341850281,23881,25907,Unknown Artist,anthony-van-dyck,portrait,portrait
Early_Renaissance,Northern_Renaissance,0.8384435772895813,25499,32581,Unknown Artist,Unknown Artist,religious_painting,religious_painting
Mannerism_Late_Renaissance,Baroque,0.8568560481071472,47089,30064,tintoretto,anthony-van-dyck,portrait,portrait
Early_Renaissance,Mannerism_Late_Renaissance,0.8808766603469849,51437,56524,Unknown Artist,paolo-veronese,religious_painting,religious_painting
High_Renaissance,Northern_Renaissance,0.8446797728538513,19597,56751,Unknown Artist,Unknown Artist,religious_painting,religious_painting
Northern_Renaissance,High_Renaissance,0.8423129916191101,34061,21233,Unknown Artist,titian,religious_painting,religious_painting
High_Renaissance,Northern_Renaissance,0.8581860661506653,30618,56287,Unknown Artist,Unknown Artist,religious_painting,religious_painting
Early_Renaissance,Northern_Renaissance,0.9162648916244507,57048,659,Unknown Artist,albrecht-durer,religious_painting,religious_painting
High_Renaissance,Northern_Renaissance,0.8951623439788818,74349,21368,Unknown Artist,Unknown Artist,Unknown Genre,landscape
Northern_Renaissance,High_Renaissance,0.8524394035339355,2175,51395,albrecht-durer,Unknown Artist,religious_painting,religious_painting
High_Renaissance,Baroque,0.8523098230361938,29435,60026,Unknown Artist,Unknown Artist,landscape,landscape
Early_Renaissance,Mannerism_Late_Renaissance,0.8523223400115967,43952,30894,Unknown Artist,el-greco,religious_painting,religious_painting
Northern_Renaissance,High_Renaissance,0.887258768081665,12660,31934,albrecht-durer,raphael,portrait,portrait
High_Renaissance,Northern_Renaissance,0.8560535311698914,35102,65646,Unknown Artist,hans-holbein-the-younger,portrait,portrait
Early_Renaissance,Mannerism_Late_Renaissance,0.8819370865821838,31718,39126,Unknown Artist,Unknown Artist,religious_painting,religious_painting
High_Renaissance,Mannerism_Late_Renaissance,0.8909278512001038,43505,75139,Unknown Artist,Unknown Artist,religious_painting,Unknown Genre
Early_Renaissance,Northern_Renaissance,0.8327184915542603,25240,11193,Unknown Artist,albrecht-durer,sketch_and_study,genre_painting
Baroque,Rococo,0.9153238534927368,46595,33460,Unknown Artist,Unknown Artist,genre_painting,landscape
Baroque,Rococo,0.8255380988121033,62963,65120,joshua-reynolds,Unknown Artist,portrait,portrait
Baroque,Rococo,0.7928888201713562,68496,37284,Unknown Artist,Unknown Artist,Unknown Genre,sketch_and_study
High_Renaissance,Baroque,0.8672345876693726,76872,34287,Unknown Artist,Unknown Artist,Unknown Genre,religious_painting
Early_Renaissance,High_Renaissance,0.9098193645477295,56967,37329,Unknown Artist,pietro-perugino,religious_painting,religious_painting
Northern_Renaissance,Baroque,0.9109914898872375,21368,74991,Unknown Artist,Unknown Artist,landscape,Unknown Genre
High_Renaissance,Northern_Renaissance,0.8748814463615417,40302,65588,Unknown Artist,lucas-cranach-the-elder,portrait,portrait
Mannerism_Late_Renaissance,Rococo,0.8947672843933105,22880,35421,Unknown Artist,Unknown Artist,religious_painting,religious_painting
Baroque,Rococo,0.831185519695282,6783,26027,rembrandt,Unknown Artist,portrait,portrait
Northern_Renaissance,Baroque,0.7953603863716125,81126,76070,Unknown Artist,Unknown Artist,Unknown Genre,Unknown Genre
Early_Renaissance,High_Renaissance,0.8974242210388184,53199,32986,Unknown Artist,Unknown Artist,genre_painting,religious_painting
High_Renaissance,Mannerism_Late_Renaissance,0.8740835189819336,61987,62135,michelangelo,titian,sketch_and_study,sketch_and_study
Mannerism_Late_Renaissance,Baroque,0.8260822296142578,46712,11060,Unknown Artist,rembrandt,religious_painting,Unknown Genre
Baroque,Rococo,0.8446930646896362,73252,73139,Unknown Artist,Unknown Artist,Unknown Genre,Unknown Genre
High_Renaissance,Rococo,0.8883843421936035,55731,65731,titian,Unknown Artist,religious_painting,portrait
High_Renaissance,Northern_Renaissance,0.8344874382019043,38058,72251,titian,Unknown Artist,religious_painting,Unknown Genre
High_Renaissance,Mannerism_Late_Renaissance,0.9001092314720154,46629,64387,titian,tintoretto,portrait,portrait
High_Renaissance,Mannerism_Late_Renaissance,0.881272554397583,79353,30521,Unknown Artist,tintoretto,Unknown Genre,religious_painting
High_Renaissance,Mannerism_Late_Renaissance,0.953458309173584,37410,50044,michelangelo,tintoretto,religious_painting,religious_painting
Early_Renaissance,High_Renaissance,0.915375292301178,45383,41037,Unknown Artist,michelangelo,sketch_and_study,sketch_and_study
Baroque,Rococo,0.8393837213516235,26544,36625,anthony-van-dyck,joshua-reynolds,portrait,portrait
Mannerism_Late_Renaissance,Rococo,0.8561777472496033,21728,20853,titian,Unknown Artist,religious_painting,portrait
Early_Renaissance,High_Renaissance,0.8609049916267395,49770,44748,Unknown Artist,Unknown Artist,religious_painting,religious_painting
High_Renaissance,Northern_Renaissance,0.8993128538131714,45028,6422,Unknown Artist,albrecht-durer,religious_painting,religious_painting
Early_Renaissance,High_Renaissance,0.8937891721725464,23386,40664,fra-angelico,Unknown Artist,religious_painting,religious_painting
Early_Renaissance,Northern_Renaissance,0.8309358954429626,69290,18175,Unknown Artist,Unknown Artist,Unknown Genre,Unknown Genre
High_Renaissance,Baroque,0.8635846972465515,56136,47802,Unknown Artist,Unknown Artist,religious_painting,religious_painting
Northern_Renaissance,Baroque,0.8791934847831726,2798,10713,albrecht-durer,rembrandt,sketch_and_study,sketch_and_study
Early_Renaissance,High_Renaissance,0.9331657886505127,25482,19853,pietro-perugino,pietro-perugino,religious_painting,religious_painting
Baroque,Rococo,0.801506519317627,39147,53288,Unknown Artist,Unknown Artist,still_life,genre_painting
Early_Renaissance,Northern_Renaissance,0.7775107026100159,46991,5995,Unknown Artist,Unknown Artist,sketch_and_study,Unknown Genre
High_Renaissance,Northern_Renaissance,0.903545081615448,30747,56720,Unknown Artist,Unknown Artist,religious_painting,religious_painting
Early_Renaissance,Northern_Renaissance,0.8419790863990784,30577,1344,leonardo-da-vinci,albrecht-durer,sketch_and_study,portrait
Early_Renaissance,High_Renaissance,0.8725408911705017,29053,46076,Unknown Artist,raphael,religious_painting,genre_painting
High_Renaissance,Northern_Renaissance,0.8245036602020264,40689,1249,leonardo-da-vinci,albrecht-durer,sketch_and_study,genre_painting
Early_Renaissance,Northern_Renaissance,0.8632586002349854,49105,36367,fra-angelico,Unknown Artist,religious_painting,religious_painting
Baroque,Rococo,0.8787453770637512,769,65965,rembrandt,Unknown Artist,portrait,portrait
Baroque,Rococo,0.814050018787384,59987,80081,Unknown Artist,Unknown Artist,landscape,Unknown Genre
Northern_Renaissance,High_Renaissance,0.8795208930969238,48975,26725,lucas-cranach-the-elder,Unknown Artist,religious_painting,religious_painting
Early_Renaissance,Northern_Renaissance,0.9240410923957825,57024,48312,pietro-perugino,hans-memling,religious_painting,religious_painting
Northern_Renaissance,Rococo,0.8542145490646362,75637,28770,Unknown Artist,thomas-gainsborough,Unknown Genre,portrait
Baroque,Rococo,0.8562504649162292,44287,72652,Unknown Artist,Unknown Artist,genre_painting,Unknown Genre
Baroque,Rococo,0.8427237272262573,3112,34526,rembrandt,Unknown Artist,Unknown Genre,portrait
Early_Renaissance,High_Renaissance,0.8811768293380737,49966,28565,Unknown Artist,raphael,religious_painting,religious_painting
Mannerism_Late_Renaissance,Baroque,0.7992197871208191,38333,43921,Unknown Artist,Unknown Artist,religious_painting,genre_painting
High_Renaissance,Baroque,0.800874650478363,34562,5432,Unknown Artist,rembrandt,portrait,portrait
Northern_Renaissance,Mannerism_Late_Renaissance,0.7780987620353699,40830,64267,Unknown Artist,Unknown Artist,portrait,portrait
Baroque,Rococo,0.8478573560714722,31050,65504,anthony-van-dyck,Unknown Artist,portrait,portrait
Northern_Renaissance,High_Renaissance,0.8487759828567505,70186,75213,Unknown Artist,Unknown Artist,Unknown Genre,Unknown Genre
Early_Renaissance,Northern_Renaissance,0.8139029145240784,33893,64514,Unknown Artist,hans-holbein-the-younger,portrait,portrait
Northern_Renaissance,Baroque,0.8436476588249207,17996,17728,albrecht-durer,rembrandt,genre_painting,genre_painting
Mannerism_Late_Renaissance,Baroque,0.8662996292114258,46933,39149,paolo-veronese,Unknown Artist,religious_painting,religious_painting
Mannerism_Late_Renaissance,Baroque,0.8196356892585754,48796,65436,Unknown Artist,frans-hals,portrait,portrait
Northern_Renaissance,High_Renaissance,0.8713647723197937,18032,47924,albrecht-durer,leonardo-da-vinci,sketch_and_study,sketch_and_study
Baroque,Rococo,0.7672454714775085,23320,48659,joshua-reynolds,joshua-reynolds,portrait,portrait
High_Renaissance,Mannerism_Late_Renaissance,0.8656629323959351,41661,64327,titian,tintoretto,portrait,portrait
Baroque,Rococo,0.7579948306083679,62963,44590,joshua-reynolds,Unknown Artist,portrait,portrait
Northern_Renaissance,Mannerism_Late_Renaissance,0.8114951252937317,76522,47187,Unknown Artist,Unknown Artist,Unknown Genre,religious_painting
Early_Renaissance,Northern_Renaissance,0.8714220523834229,38887,6950,Unknown Artist,albrecht-durer,religious_painting,religious_painting
Mannerism_Late_Renaissance,Baroque,0.8185122013092041,69544,41203,Unknown Artist,Unknown Artist,Unknown Genre,genre_painting
High_Renaissance,Baroque,0.8920542001724243,75036,77124,Unknown Artist,Unknown Artist,Unknown Genre,Unknown Genre
Mannerism_Late_Renaissance,Baroque,0.8894636034965515,34760,78599,paolo-veronese,Unknown Artist,religious_painting,Unknown Genre
Early_Renaissance,Northern_Renaissance,0.8842810392379761,40412,20195,Unknown Artist,lucas-cranach-the-elder,religious_painting,religious_painting
High_Renaissance,Northern_Renaissance,0.8060727119445801,23625,49830,Unknown Artist,Unknown Artist,portrait,sketch_and_study
High_Renaissance,Mannerism_Late_Renaissance,0.8641128540039062,32986,56829,Unknown Artist,Unknown Artist,religious_painting,religious_painting
High_Renaissance,Baroque,0.7992618083953857,46517,61546,titian,Unknown Artist,religious_painting,still_life
High_Renaissance,Northern_Renaissance,0.8952110409736633,32795,31181,Unknown Artist,hieronymus-bosch,religious_painting,religious_painting
Northern_Renaissance,High_Renaissance,0.8663347363471985,69797,57515,Unknown Artist,michelangelo,Unknown Genre,nude_painting
Baroque,Rococo,0.8467517495155334,23320,36996,joshua-reynolds,Unknown Artist,portrait,portrait
High_Renaissance,Northern_Renaissance,0.8895052671432495,79403,49481,Unknown Artist,Unknown Artist,Unknown Genre,religious_painting
Northern_Renaissance,High_Renaissance,0.8877800703048706,56241,42200,hieronymus-bosch,Unknown Artist,religious_painting,religious_painting
High_Renaissance,Northern_Renaissance,0.9018120765686035,49492,56077,Unknown Artist,Unknown Artist,religious_painting,religious_painting
High_Renaissance,Northern_Renaissance,0.8449515700340271,62413,74266,raphael,Unknown Artist,sketch_and_study,Unknown Genre
High_Renaissance,Mannerism_Late_Renaissance,0.9066972136497498,56930,21360,Unknown Artist,Unknown Artist,religious_painting,religious_painting
Early_Renaissance,Northern_Renaissance,0.8843119740486145,70726,20554,Unknown Artist,Unknown Artist,Unknown Genre,sketch_and_study
Baroque,Rococo,0.8910078406333923,49137,20567,Unknown Artist,Unknown Artist,portrait,portrait
High_Renaissance,Northern_Renaissance,0.8819051384925842,74349,72686,Unknown Artist,Unknown Artist,Unknown Genre,Unknown Genre
Mannerism_Late_Renaissance,Baroque,0.871415913105011,68154,50243,Unknown Artist,anthony-van-dyck,Unknown Genre,religious_painting
Early_Renaissance,Northern_Renaissance,0.8674912452697754,56801,24428,Unknown Artist,Unknown Artist,religious_painting,religious_painting
Early_Renaissance,High_Renaissance,0.8953125476837158,35718,22664,Unknown Artist,pietro-perugino,religious_painting,religious_painting
Northern_Renaissance,Mannerism_Late_Renaissance,0.8829292058944702,22975,50106,Unknown Artist,Unknown Artist,religious_painting,religious_painting
High_Renaissance,Northern_Renaissance,0.8841327428817749,32795,19414,Unknown Artist,hieronymus-bosch,religious_painting,religious_painting
Mannerism_Late_Renaissance,Baroque,0.823910653591156,26437,8771,tintoretto,rembrandt,portrait,portrait
High_Renaissance,Northern_Renaissance,0.8161766529083252,52847,6075,titian,albrecht-durer,portrait,portrait
High_Renaissance,Rococo,0.8458747863769531,27547,68554,Unknown Artist,Unknown Artist,religious_painting,Unknown Genre
High_Renaissance,Mannerism_Late_Renaissance,0.8911761045455933,33550,56667,pietro-perugino,tintoretto,religious_painting,religious_painting
Baroque,Rococo,0.8947675824165344,52214,44835,Unknown Artist,Unknown Artist,genre_painting,genre_painting
High_Renaissance,Northern_Renaissance,0.7769435048103333,38058,985,titian,albrecht-durer,religious_painting,sketch_and_study
High_Renaissance,Mannerism_Late_Renaissance,0.9081615805625916,35102,65667,Unknown Artist,Unknown Artist,portrait,portrait
Northern_Renaissance,Mannerism_Late_Renaissance,0.8689426779747009,39802,27911,hans-memling,Unknown Artist,religious_painting,religious_painting
Mannerism_Late_Renaissance,Baroque,0.82540363073349,69544,17677,Unknown Artist,rembrandt,Unknown Genre,religious_painting
Mannerism_Late_Renaissance,Baroque,0.8065634369850159,64076,64322,Unknown Artist,Unknown Artist,portrait,portrait
Early_Renaissance,Northern_Renaissance,0.8692798614501953,32171,22301,Unknown Artist,hieronymus-bosch,religious_painting,religious_painting
Early_Renaissance,High_Renaissance,0.8854148387908936,52015,41863,Unknown Artist,Unknown Artist,portrait,portrait
High_Renaissance,Northern_Renaissance,0.8621228337287903,46466,24031,Unknown Artist,Unknown Artist,religious_painting,religious_painting
Mannerism_Late_Renaissance,Rococo,0.8887186646461487,25719,52278,paolo-veronese,Unknown Artist,religious_painting,religious_painting
Early_Renaissance,Northern_Renaissance,0.8805615305900574,39460,6775,Unknown Artist,albrecht-durer,religious_painting,religious_painting
Northern_Renaissance,Mannerism_Late_Renaissance,0.8243240118026733,5459,70114,albrecht-durer,Unknown Artist,cityscape,Unknown Genre
Northern_Renaissance,High_Renaissance,0.8858471512794495,56830,34489,lucas-cranach-the-elder,raphael,religious_painting,religious_painting
Baroque,Rococo,0.8427370190620422,44983,61737,Unknown Artist,Unknown Artist,still_life,still_life
Baroque,Rococo,0.8087827563285828,17572,27675,rembrandt,Unknown Artist,portrait,genre_painting
High_Renaissance,Northern_Renaissance,0.8924359083175659,79383,44498,Unknown Artist,lucas-cranach-the-elder,Unknown Genre,religious_painting
High_Renaissance,Baroque,0.9276941418647766,56770,32733,Unknown Artist,Unknown Artist,religious_painting,religious_painting
Baroque,Rococo,0.875630795955658,20685,43963,peter-paul-rubens,Unknown Artist,portrait,portrait
High_Renaissance,Mannerism_Late_Renaissance,0.8948466181755066,44627,32204,raphael,el-greco,religious_painting,religious_painting
Early_Renaissance,Northern_Renaissance,0.8695182204246521,56737,9083,Unknown Artist,albrecht-durer,religious_painting,genre_painting
Baroque,Rococo,0.8585883378982544,36855,29634,peter-paul-rubens,Unknown Artist,genre_painting,genre_painting
Early_Renaissance,High_Renaissance,0.8606495261192322,49770,46342,Unknown Artist,Unknown Artist,religious_painting,religious_painting
Early_Renaissance,Northern_Renaissance,0.8492491841316223,25475,42068,leonardo-da-vinci,Unknown Artist,landscape,genre_painting
Northern_Renaissance,High_Renaissance,0.8512268662452698,81086,71158,Unknown Artist,Unknown Artist,Unknown Genre,Unknown Genre
Northern_Renaissance,Baroque,0.8802947998046875,41761,22150,Unknown Artist,frans-hals,portrait,portrait
High_Renaissance,Mannerism_Late_Renaissance,0.7859427332878113,46629,65086,titian,el-greco,portrait,portrait
High_Renaissance,Baroque,0.8828249573707581,76979,36855,Unknown Artist,peter-paul-rubens,Unknown Genre,genre_painting
Early_Renaissance,High_Renaissance,0.9059005975723267,56355,56323,Unknown Artist,Unknown Artist,religious_painting,religious_painting
High_Renaissance,Baroque,0.8318342566490173,46517,53386,titian,Unknown Artist,religious_painting,genre_painting
Early_Renaissance,High_Renaissance,0.8711144924163818,24831,49671,Unknown Artist,Unknown Artist,religious_painting,religious_painting
High_Renaissance,Northern_Renaissance,0.840041995048523,30591,66279,raphael,lucas-cranach-the-elder,portrait,portrait
Early_Renaissance,Northern_Renaissance,0.8375164866447449,36850,38226,Unknown Artist,hieronymus-bosch,religious_painting,religious_painting
High_Renaissance,Baroque,0.8879993557929993,56839,55836,Unknown Artist,Unknown Artist,religious_painting,religious_painting
Northern_Renaissance,High_Renaissance,0.8963413834571838,75647,76620,Unknown Artist,Unknown Artist,Unknown Genre,Unknown Genre
Early_Renaissance,Baroque,0.8557918667793274,25846,17574,Unknown Artist,rembrandt,religious_painting,religious_painting
Mannerism_Late_Renaissance,Rococo,0.8559030890464783,71838,80069,Unknown Artist,Unknown Artist,Unknown Genre,Unknown Genre
High_Renaissance,Northern_Renaissance,0.8189323544502258,73214,18192,Unknown Artist,Unknown Artist,Unknown Genre,Unknown Genre
Early_Renaissance,High_Renaissance,0.8014589548110962,56246,64279,pietro-perugino,Unknown Artist,religious_painting,portrait
High_Renaissance,Baroque,0.8635410666465759,70984,32296,Unknown Artist,peter-paul-rubens,Unknown Genre,landscape
High_Renaissance,Mannerism_Late_Renaissance,0.8983851075172424,71698,78459,Unknown Artist,Unknown Artist,Unknown Genre,Unknown Genre
Early_Renaissance,Northern_Renaissance,0.8595592379570007,24719,36833,Unknown Artist,hans-memling,portrait,portrait
High_Renaissance,Mannerism_Late_Renaissance,0.7658759355545044,77034,61838,Unknown Artist,Unknown Artist,Unknown Genre,still_life
Mannerism_Late_Renaissance,Baroque,0.8069854974746704,38333,42258,Unknown Artist,Unknown Artist,religious_painting,genre_painting
Mannerism_Late_Renaissance,Baroque,0.8759965896606445,25719,32279,paolo-veronese,jacob-jordaens,religious_painting,religious_painting
Early_Renaissance,High_Renaissance,0.8182529807090759,38873,44725,Unknown Artist,leonardo-da-vinci,sketch_and_study,sketch_and_study
High_Renaissance,Mannerism_Late_Renaissance,0.8567922115325928,43505,48084,Unknown Artist,Unknown Artist,religious_painting,religious_painting
High_Renaissance,Northern_Renaissance,0.8205362558364868,48225,1703,raphael,albrecht-durer,sketch_and_study,portrait
Northern_Renaissance,Mannerism_Late_Renaissance,0.8586804866790771,74798,76341,Unknown Artist,Unknown Artist,Unknown Genre,Unknown Genre
Northern_Renaissance,High_Renaissance,0.8893626928329468,55785,38996,hans-memling,titian,religious_painting,genre_painting
Baroque,Rococo,0.8481936454772949,55262,77076,Unknown Artist,Unknown Artist,genre_painting,Unknown Genre
High_Renaissance,Mannerism_Late_Renaissance,0.8901318907737732,69785,78455,Unknown Artist,Unknown Artist,Unknown Genre,Unknown Genre
High_Renaissance,Baroque,0.779426097869873,55607,50128,Unknown Artist,bartolome-esteban-murillo,religious_painting,genre_painting
High_Renaissance,Northern_Renaissance,0.8600805401802063,67884,5071,Unknown Artist,albrecht-durer,Unknown Genre,portrait
Baroque,Rococo,0.8125753402709961,62963,47080,joshua-reynolds,joshua-reynolds,portrait,portrait
High_Renaissance,Mannerism_Late_Renaissance,0.8848680257797241,22390,56386,Unknown Artist,Unknown Artist,religious_painting,religious_painting
Northern_Renaissance,High_Renaissance,0.8737564086914062,24838,19227,Unknown Artist,raphael,religious_painting,religious_painting
Northern_Renaissance,High_Renaissance,0.8803478479385376,49358,25069,Unknown Artist,Unknown Artist,religious_painting,religious_painting
Early_Renaissance,High_Renaissance,0.9113762378692627,51111,56915,Unknown Artist,pietro-perugino,religious_painting,religious_painting
Early_Renaissance,Mannerism_Late_Renaissance,0.9159127473831177,20738,56116,Unknown Artist,Unknown Artist,religious_painting,religious_painting
Northern_Renaissance,Baroque,0.814376175403595,81126,29246,Unknown Artist,canaletto,Unknown Genre,cityscape
Early_Renaissance,Northern_Renaissance,0.8455622792243958,20435,5836,Unknown Artist,albrecht-durer,religious_painting,religious_painting
Baroque,Rococo,0.8904370665550232,20685,63039,peter-paul-rubens,Unknown Artist,portrait,portrait
Northern_Renaissance,Rococo,0.8166292309761047,9582,45503,Unknown Artist,Unknown Artist,Unknown Genre,genre_painting
Early_Renaissance,Northern_Renaissance,0.8967810273170471,43431,2886,Unknown Artist,albrecht-durer,sketch_and_study,religious_painting
High_Renaissance,Mannerism_Late_Renaissance,0.9259569644927979,27927,36779,raphael,Unknown Artist,portrait,portrait
Northern_Renaissance,Mannerism_Late_Renaissance,0.9071843028068542,49358,42704,Unknown Artist,paolo-veronese,religious_painting,religious_painting
Baroque,Rococo,0.8021136522293091,41224,24586,Unknown Artist,Unknown Artist,genre_painting,portrait
Baroque,Rococo,0.8389692306518555,24660,38940,Unknown Artist,Unknown Artist,genre_painting,genre_painting
Early_Renaissance,Northern_Renaissance,0.834297776222229,76488,57141,Unknown Artist,hieronymus-bosch,Unknown Genre,religious_painting
Early_Renaissance,Northern_Renaissance,0.8523346781730652,27413,12177,leonardo-da-vinci,Unknown Artist,sketch_and_study,Unknown Genre
Early_Renaissance,Baroque,0.8944122791290283,50778,53731,Unknown Artist,Unknown Artist,religious_painting,genre_painting
Mannerism_Late_Renaissance,Baroque,0.8115289211273193,35467,28143,titian,Unknown Artist,portrait,genre_painting
Northern_Renaissance,High_Renaissance,0.8584234714508057,3418,34470,Unknown Artist,leonardo-da-vinci,Unknown Genre,sketch_and_study
Early_Renaissance,Northern_Renaissance,0.8525465130805969,46451,22245,Unknown Artist,lucas-cranach-the-elder,portrait,portrait
Northern_Renaissance,Baroque,0.8105418682098389,23960,65495,Unknown Artist,Unknown Artist,genre_painting,portrait
Mannerism_Late_Renaissance,Baroque,0.8881620764732361,76895,73922,Unknown Artist,Unknown Artist,Unknown Genre,Unknown Genre
Northern_Renaissance,Baroque,0.8092532753944397,21368,55262,Unknown Artist,Unknown Artist,landscape,genre_painting
Mannerism_Late_Renaissance,Baroque,0.8713197708129883,46434,56906,tintoretto,Unknown Artist,religious_painting,religious_painting
Northern_Renaissance,High_Renaissance,0.8049453496932983,64964,63353,hans-holbein-the-younger,Unknown Artist,portrait,portrait
Early_Renaissance,High_Renaissance,0.9138975143432617,21752,55808,Unknown Artist,Unknown Artist,religious_painting,religious_painting
Early_Renaissance,Mannerism_Late_Renaissance,0.8167464137077332,56326,55897,pietro-perugino,Unknown Artist,religious_painting,religious_painting
Early_Renaissance,Mannerism_Late_Renaissance,0.8777610063552856,30737,43239,Unknown Artist,Unknown Artist,portrait,religious_painting
Early_Renaissance,Northern_Renaissance,0.8111760020256042,62246,6564,Unknown Artist,albrecht-durer,sketch_and_study,sketch_and_study
Mannerism_Late_Renaissance,Baroque,0.8739743232727051,78459,47445,Unknown Artist,Unknown Artist,Unknown Genre,religious_painting
Early_Renaissance,Northern_Renaissance,0.8215644955635071,77113,6607,Unknown Artist,Unknown Artist,Unknown Genre,Unknown Genre
Mannerism_Late_Renaissance,Baroque,0.8204586505889893,40245,42689,titian,Unknown Artist,portrait,portrait
Early_Renaissance,High_Renaissance,0.8780933022499084,51437,26417,Unknown Artist,raphael,religious_painting,religious_painting
Early_Renaissance,Northern_Renaissance,0.8969128727912903,56737,56626,Unknown Artist,Unknown Artist,religious_painting,religious_painting
Early_Renaissance,Mannerism_Late_Renaissance,0.8599861264228821,42667,19848,Unknown Artist,paolo-veronese,religious_painting,religious_painting
Early_Renaissance,High_Renaissance,0.8978078365325928,37604,55606,Unknown Artist,Unknown Artist,religious_painting,religious_painting
High_Renaissance,Rococo,0.7924041152000427,20038,26137,Unknown Artist,Unknown Artist,portrait,portrait
Early_Renaissance,High_Renaissance,0.8687359690666199,36632,55682,Unknown Artist,Unknown Artist,religious_painting,religious_painting
Northern_Renaissance,Baroque,0.8241114020347595,59073,47787,Unknown Artist,Unknown Artist,landscape,landscape
Mannerism_Late_Renaissance,Rococo,0.855564296245575,22943,70865,titian,Unknown Artist,religious_painting,Unknown Genre
Early_Renaissance,High_Renaissance,0.887944757938385,20241,44806,Unknown Artist,Unknown Artist,religious_painting,genre_painting
Northern_Renaissance,High_Renaissance,0.8303202390670776,4422,20038,albrecht-durer,Unknown Artist,religious_painting,portrait
Early_Renaissance,Northern_Renaissance,0.844357430934906,67951,71771,Unknown Artist,Unknown Artist,Unknown Genre,Unknown Genre
High_Renaissance,Baroque,0.776698887348175,34127,70424,Unknown Artist,Unknown Artist,religious_painting,Unknown Genre
Early_Renaissance,High_Renaissance,0.8729547262191772,51702,35204,Unknown Artist,Unknown Artist,religious_painting,religious_painting
Baroque,Rococo,0.8354137539863586,62963,63585,joshua-reynolds,Unknown Artist,portrait,portrait
High_Renaissance,Mannerism_Late_Renaissance,0.8147057890892029,26597,23365,titian,paolo-veronese,portrait,religious_painting
Early_Renaissance,Baroque,0.8600232005119324,29983,17741,Unknown Artist,rembrandt,portrait,portrait
High_Renaissance,Rococo,0.8894387483596802,37000,63194,Unknown Artist,Unknown Artist,portrait,portrait
Northern_Renaissance,Baroque,0.8329334259033203,46926,48967,Unknown Artist,Unknown Artist,religious_painting,genre_painting
Baroque,Rococo,0.8281483054161072,64322,64738,Unknown Artist,Unknown Artist,portrait,portrait
Early_Renaissance,High_Renaissance,0.8921477794647217,64782,29599,Unknown Artist,leonardo-da-vinci,portrait,religious_painting
Mannerism_Late_Renaissance,Rococo,0.8958379626274109,29659,79999,paolo-veronese,Unknown Artist,religious_painting,Unknown Genre
Early_Renaissance,Northern_Renaissance,0.8897854685783386,50266,26549,Unknown Artist,hans-memling,religious_painting,religious_painting
Baroque,Rococo,0.8814622163772583,21118,52038,Unknown Artist,thomas-gainsborough,landscape,landscape
High_Renaissance,Mannerism_Late_Renaissance,0.8853161931037903,27560,20952,Unknown Artist,paolo-veronese,religious_painting,religious_painting
Mannerism_Late_Renaissance,Baroque,0.8272749185562134,38333,53884,Unknown Artist,Unknown Artist,religious_painting,genre_painting
High_Renaissance,Northern_Renaissance,0.9096176028251648,36342,18102,Unknown Artist,albrecht-durer,portrait,portrait
Northern_Renaissance,High_Renaissance,0.8862820267677307,3709,47382,albrecht-durer,michelangelo,religious_painting,sketch_and_study
High_Renaissance,Baroque,0.7942435145378113,47189,5419,titian,rembrandt,portrait,genre_painting
Mannerism_Late_Renaissance,Baroque,0.9018378853797913,50840,78726,tintoretto,Unknown Artist,religious_painting,Unknown Genre
High_Renaissance,Northern_Renaissance,0.8079504370689392,61987,28689,michelangelo,Unknown Artist,sketch_and_study,sketch_and_study
Baroque,Rococo,0.894899308681488,27233,49379,Unknown Artist,Unknown Artist,religious_painting,religious_painting
Early_Renaissance,Baroque,0.8377010822296143,46991,78688,Unknown Artist,Unknown Artist,sketch_and_study,Unknown Genre
High_Renaissance,Mannerism_Late_Renaissance,0.8990437984466553,56712,36970,raphael,Unknown Artist,religious_painting,religious_painting
Early_Renaissance,Northern_Renaissance,0.8866520524024963,65075,27682,Unknown Artist,hans-memling,portrait,portrait
Baroque,Rococo,0.8729764819145203,78588,65084,Unknown Artist,Unknown Artist,Unknown Genre,portrait
Baroque,Rococo,0.895524799823761,769,23656,rembrandt,Unknown Artist,portrait,portrait
High_Renaissance,Northern_Renaissance,0.8328065872192383,74005,9947,Unknown Artist,albrecht-durer,Unknown Genre,religious_painting
Mannerism_Late_Renaissance,Baroque,0.8286858201026917,38333,26935,Unknown Artist,Unknown Artist,religious_painting,genre_painting
Early_Renaissance,Rococo,0.8802517056465149,32172,30328,Unknown Artist,Unknown Artist,religious_painting,genre_painting
Baroque,Rococo,0.8355174660682678,62963,23342,joshua-reynolds,thomas-gainsborough,portrait,portrait
High_Renaissance,Northern_Renaissance,0.8675686120986938,41835,19910,Unknown Artist,hans-holbein-the-younger,portrait,sketch_and_study
High_Renaissance,Northern_Renaissance,0.853472113609314,46415,65813,titian,hans-holbein-the-younger,portrait,portrait
Mannerism_Late_Renaissance,Baroque,0.7765842080116272,55339,33897,Unknown Artist,Unknown Artist,genre_painting,genre_painting
High_Renaissance,Mannerism_Late_Renaissance,0.7844759225845337,64170,39508,titian,el-greco,portrait,portrait
High_Renaissance,Northern_Renaissance,0.8421252965927124,19094,56039,Unknown Artist,Unknown Artist,religious_painting,religious_painting
Baroque,Rococo,0.8876999616622925,78691,26231,Unknown Artist,Unknown Artist,Unknown Genre,genre_painting
Mannerism_Late_Renaissance,Rococo,0.8544206619262695,69871,65754,Unknown Artist,Unknown Artist,Unknown Genre,portrait
Northern_Renaissance,Baroque,0.8757542371749878,56472,42406,Unknown Artist,Unknown Artist,religious_painting,religious_painting
Baroque,Rococo,0.8375096321105957,59987,76590,Unknown Artist,Unknown Artist,landscape,Unknown Genre
Early_Renaissance,High_Renaissance,0.8910589218139648,25496,55747,Unknown Artist,leonardo-da-vinci,religious_painting,religious_painting
Early_Renaissance,High_Renaissance,0.8087312579154968,27965,79394,Unknown Artist,Unknown Artist,religious_painting,Unknown Genre
Northern_Renaissance,High_Renaissance,0.8602993488311768,56985,68672,hans-memling,Unknown Artist,religious_painting,Unknown Genre
Mannerism_Late_Renaissance,Baroque,0.8637457489967346,26437,7642,tintoretto,rembrandt,portrait,portrait
High_Renaissance,Mannerism_Late_Renaissance,0.8925232291221619,31767,41654,raphael,paolo-veronese,religious_painting,religious_painting
Mannerism_Late_Renaissance,Rococo,0.8495743870735168,74276,80066,Unknown Artist,Unknown Artist,Unknown Genre,Unknown Genre
Early_Renaissance,Northern_Renaissance,0.8320022225379944,76608,76630,Unknown Artist,Unknown Artist,Unknown Genre,Unknown Genre
High_Renaissance,Northern_Renaissance,0.7719243764877319,46129,26188,Unknown Artist,hans-holbein-the-younger,portrait,portrait
Early_Renaissance,Mannerism_Late_Renaissance,0.9203665256500244,56655,44804,Unknown Artist,Unknown Artist,religious_painting,religious_painting
High_Renaissance,Baroque,0.8848146200180054,37000,50068,Unknown Artist,bartolome-esteban-murillo,portrait,religious_painting
High_Renaissance,Mannerism_Late_Renaissance,0.8944414258003235,32812,56459,Unknown Artist,paolo-veronese,religious_painting,religious_painting
Northern_Renaissance,Baroque,0.8426450490951538,23960,46913,Unknown Artist,Unknown Artist,genre_painting,landscape
Northern_Renaissance,Mannerism_Late_Renaissance,0.8472515940666199,30871,31393,Unknown Artist,Unknown Artist,sketch_and_study,sketch_and_study
High_Renaissance,Northern_Renaissance,0.842039942741394,74095,71413,Unknown Artist,Unknown Artist,Unknown Genre,Unknown Genre
Mannerism_Late_Renaissance,Baroque,0.9030382037162781,78524,78723,Unknown Artist,Unknown Artist,Unknown Genre,Unknown Genre
Early_Renaissance,Northern_Renaissance,0.8780099749565125,43628,24087,Unknown Artist,hans-memling,religious_painting,religious_painting
Northern_Renaissance,High_Renaissance,0.8832188248634338,69185,68033,Unknown Artist,Unknown Artist,Unknown Genre,Unknown Genre
Early_Renaissance,Northern_Renaissance,0.8805073499679565,75143,76291,Unknown Artist,Unknown Artist,Unknown Genre,Unknown Genre
Northern_Renaissance,Mannerism_Late_Renaissance,0.8576359748840332,8517,25215,albrecht-durer,tintoretto,religious_painting,portrait
High_Renaissance,Mannerism_Late_Renaissance,0.9045431017875671,32165,36915,michelangelo,Unknown Artist,religious_painting,religious_painting
High_Renaissance,Baroque,0.8529357314109802,37000,7683,Unknown Artist,rembrandt,portrait,religious_painting
Northern_Renaissance,Baroque,0.8926771879196167,12026,57316,albrecht-durer,Unknown Artist,religious_painting,nude_painting
Mannerism_Late_Renaissance,Baroque,0.83371901512146,78529,61749,Unknown Artist,Unknown Artist,Unknown Genre,still_life
Early_Renaissance,High_Renaissance,0.8963097333908081,23386,79402,fra-angelico,Unknown Artist,religious_painting,Unknown Genre
Mannerism_Late_Renaissance,Baroque,0.856094479560852,35995,24781,titian,Unknown Artist,religious_painting,religious_painting
High_Renaissance,Northern_Renaissance,0.8912004828453064,55988,31003,Unknown Artist,hans-memling,religious_painting,religious_painting
Early_Renaissance,High_Renaissance,0.8572074770927429,23386,48603,fra-angelico,michelangelo,religious_painting,religious_painting
High_Renaissance,Northern_Renaissance,0.8515721559524536,19597,52349,Unknown Artist,Unknown Artist,religious_painting,sketch_and_study
Early_Renaissance,High_Renaissance,0.958847165107727,48154,37417,fra-angelico,Unknown Artist,religious_painting,religious_painting
High_Renaissance,Northern_Renaissance,0.8783007264137268,56738,11998,Unknown Artist,albrecht-durer,religious_painting,religious_painting
High_Renaissance,Northern_Renaissance,0.7879013419151306,72483,6234,Unknown Artist,Unknown Artist,Unknown Genre,Unknown Genre
Northern_Renaissance,Baroque,0.8388669490814209,26578,45288,Unknown Artist,frans-hals,religious_painting,portrait
Mannerism_Late_Renaissance,Baroque,0.7369399666786194,64327,69805,tintoretto,Unknown Artist,portrait,Unknown Genre
High_Renaissance,Mannerism_Late_Renaissance,0.885229766368866,19943,35534,titian,tintoretto,portrait,portrait
Baroque,Rococo,0.8612200021743774,47577,20553,anthony-van-dyck,Unknown Artist,portrait,portrait
Early_Renaissance,High_Renaissance,0.9053459167480469,46523,50225,Unknown Artist,raphael,religious_painting,religious_painting
Early_Renaissance,High_Renaissance,0.8803740739822388,38095,68376,Unknown Artist,Unknown Artist,religious_painting,Unknown Genre
Early_Renaissance,Northern_Renaissance,0.8412254452705383,29660,9507,Unknown Artist,albrecht-durer,sketch_and_study,portrait
Baroque,Rococo,0.883596658706665,29246,50374,canaletto,Unknown Artist,cityscape,cityscape
Early_Renaissance,Northern_Renaissance,0.8780302405357361,75143,50646,Unknown Artist,hieronymus-bosch,Unknown Genre,religious_painting
Baroque,Rococo,0.8732439875602722,73917,80051,Unknown Artist,Unknown Artist,Unknown Genre,Unknown Genre
Baroque,Rococo,0.8411761522293091,24416,55193,Unknown Artist,Unknown Artist,genre_painting,genre_painting
Northern_Renaissance,Baroque,0.8654751777648926,42068,24660,Unknown Artist,Unknown Artist,genre_painting,genre_painting
Early_Renaissance,Northern_Renaissance,0.8417063355445862,56260,81085,Unknown Artist,Unknown Artist,religious_painting,Unknown Genre
High_Renaissance,Mannerism_Late_Renaissance,0.825769305229187,49235,44952,titian,paolo-veronese,portrait,portrait
High_Renaissance,Mannerism_Late_Renaissance,0.8503855466842651,41661,63065,titian,tintoretto,portrait,portrait
High_Renaissance,Mannerism_Late_Renaissance,0.8801742792129517,56127,31106,raphael,paolo-veronese,religious_painting,religious_painting
Mannerism_Late_Renaissance,Baroque,0.8801320791244507,51411,17584,Unknown Artist,rembrandt,portrait,portrait
High_Renaissance,Northern_Renaissance,0.9059683680534363,30747,3637,Unknown Artist,albrecht-durer,religious_painting,religious_painting
High_Renaissance,Northern_Renaissance,0.7465500235557556,68622,8791,Unknown Artist,albrecht-durer,Unknown Genre,cityscape
Northern_Renaissance,Mannerism_Late_Renaissance,0.8518359065055847,20288,33641,hans-holbein-the-younger,Unknown Artist,portrait,portrait
Early_Renaissance,High_Renaissance,0.9263790845870972,49775,47291,pietro-perugino,pietro-perugino,religious_painting,religious_painting
Baroque,Rococo,0.8326995372772217,45965,31980,Unknown Artist,Unknown Artist,portrait,portrait
High_Renaissance,Mannerism_Late_Renaissance,0.8585934638977051,79364,70830,Unknown Artist,Unknown Artist,Unknown Genre,Unknown Genre
Baroque,Rococo,0.875423014163971,42258,46718,Unknown Artist,Unknown Artist,genre_painting,genre_painting
Mannerism_Late_Renaissance,Baroque,0.8908527493476868,29659,69420,paolo-veronese,Unknown Artist,religious_painting,Unknown Genre
Early_Renaissance,High_Renaissance,0.8468052744865417,46451,50009,Unknown Artist,titian,portrait,portrait
Baroque,Rococo,0.891302227973938,67933,50567,Unknown Artist,Unknown Artist,Unknown Genre,cityscape
Northern_Renaissance,High_Renaissance,0.8745506405830383,76990,55798,Unknown Artist,michelangelo,Unknown Genre,religious_painting
Early_Renaissance,Northern_Renaissance,0.8483102917671204,31565,9717,Unknown Artist,albrecht-durer,religious_painting,religious_painting
Early_Renaissance,Northern_Renaissance,0.8508260250091553,48457,56070,Unknown Artist,hans-memling,religious_painting,religious_painting
Baroque,Rococo,0.8097623586654663,62963,38000,joshua-reynolds,thomas-gainsborough,portrait,portrait
High_Renaissance,Baroque,0.7860199809074402,77065,71077,Unknown Artist,Unknown Artist,Unknown Genre,Unknown Genre
Early_Renaissance,High_Renaissance,0.8850274085998535,73428,79377,Unknown Artist,Unknown Artist,Unknown Genre,Unknown Genre
Northern_Renaissance,High_Renaissance,0.8610075116157532,18062,67855,albrecht-durer,Unknown Artist,sketch_and_study,Unknown Genre
Early_Renaissance,Northern_Renaissance,0.867339015007019,46991,3953,Unknown Artist,albrecht-durer,sketch_and_study,religious_painting
Early_Renaissance,Northern_Renaissance,0.8858919739723206,71857,39928,Unknown Artist,Unknown Artist,Unknown Genre,sketch_and_study
Northern_Renaissance,Baroque,0.7873449921607971,44567,58502,Unknown Artist,Unknown Artist,genre_painting,cityscape
Mannerism_Late_Renaissance,Rococo,0.8785578608512878,65163,62051,tintoretto,Unknown Artist,portrait,sketch_and_study
High_Renaissance,Mannerism_Late_Renaissance,0.8615883588790894,46629,38298,titian,tintoretto,portrait,portrait
Early_Renaissance,High_Renaissance,0.8949131965637207,20738,32241,Unknown Artist,titian,religious_painting,religious_painting
High_Renaissance,Mannerism_Late_Renaissance,0.8665714263916016,30591,48652,raphael,Unknown Artist,portrait,portrait
High_Renaissance,Baroque,0.8937070369720459,48496,769,titian,rembrandt,portrait,portrait
Early_Renaissance,High_Renaissance,0.8774225115776062,36314,52404,Unknown Artist,titian,religious_painting,religious_painting
Northern_Renaissance,Baroque,0.8565264940261841,17996,78670,albrecht-durer,Unknown Artist,genre_painting,Unknown Genre
High_Renaissance,Baroque,0.8814916014671326,23329,56793,Unknown Artist,jacob-jordaens,religious_painting,religious_painting
High_Renaissance,Northern_Renaissance,0.8364668488502502,40509,9537,leonardo-da-vinci,albrecht-durer,sketch_and_study,portrait
Mannerism_Late_Renaissance,Baroque,0.8324772715568542,49406,34525,paolo-veronese,jacob-jordaens,religious_painting,genre_painting
High_Renaissance,Rococo,0.892924427986145,48496,65608,titian,thomas-gainsborough,portrait,portrait
Mannerism_Late_Renaissance,Baroque,0.8918435573577881,36886,56093,tintoretto,Unknown Artist,religious_painting,religious_painting
Northern_Renaissance,Mannerism_Late_Renaissance,0.7731682658195496,56687,74487,Unknown Artist,Unknown Artist,religious_painting,Unknown Genre
Northern_Renaissance,Baroque,0.8232125043869019,21368,54742,Unknown Artist,Unknown Artist,landscape,genre_painting
Northern_Renaissance,High_Renaissance,0.8894370794296265,69797,23282,Unknown Artist,michelangelo,Unknown Genre,sketch_and_study
High_Renaissance,Baroque,0.9097909927368164,30838,50426,pietro-perugino,Unknown Artist,religious_painting,religious_painting
Early_Renaissance,Baroque,0.8036836385726929,34453,71127,Unknown Artist,Unknown Artist,religious_painting,Unknown Genre
High_Renaissance,Mannerism_Late_Renaissance,0.8852645754814148,79404,73487,Unknown Artist,Unknown Artist,Unknown Genre,Unknown Genre
Early_Renaissance,Northern_Renaissance,0.8153952956199646,56407,34822,Unknown Artist,Unknown Artist,religious_painting,religious_painting
Early_Renaissance,Northern_Renaissance,0.8543484210968018,27413,17958,leonardo-da-vinci,albrecht-durer,sketch_and_study,portrait
Early_Renaissance,Mannerism_Late_Renaissance,0.8529531955718994,25057,20494,Unknown Artist,titian,religious_painting,religious_painting
Baroque,Rococo,0.8427678942680359,34630,48752,peter-paul-rubens,joshua-reynolds,portrait,portrait
Early_Renaissance,Mannerism_Late_Renaissance,0.8799693584442139,29053,56184,Unknown Artist,Unknown Artist,religious_painting,religious_painting
High_Renaissance,Mannerism_Late_Renaissance,0.8718349933624268,32241,41453,titian,titian,religious_painting,genre_painting
Early_Renaissance,High_Renaissance,0.8714919686317444,20308,50949,leonardo-da-vinci,leonardo-da-vinci,sketch_and_study,sketch_and_study
Northern_Renaissance,High_Renaissance,0.9302791953086853,56082,46966,Unknown Artist,pietro-perugino,religious_painting,religious_painting
Baroque,Rococo,0.8020809888839722,53884,32132,Unknown Artist,Unknown Artist,genre_painting,genre_painting
Early_Renaissance,Mannerism_Late_Renaissance,0.8874131441116333,37806,36286,Unknown Artist,Unknown Artist,illustration,sketch_and_study
High_Renaissance,Mannerism_Late_Renaissance,0.8366919755935669,48394,71566,pietro-perugino,Unknown Artist,religious_painting,Unknown Genre
Early_Renaissance,High_Renaissance,0.8687490820884705,75873,79411,Unknown Artist,Unknown Artist,Unknown Genre,Unknown Genre
Northern_Renaissance,Baroque,0.8636624217033386,4644,30342,albrecht-durer,Unknown Artist,religious_painting,genre_painting
Northern_Renaissance,Mannerism_Late_Renaissance,0.9071565270423889,17956,47059,albrecht-durer,Unknown Artist,religious_painting,religious_painting
Northern_Renaissance,Baroque,0.8504738211631775,9506,27204,albrecht-durer,Unknown Artist,genre_painting,nude_painting
Baroque,Rococo,0.9067049026489258,17680,50696,rembrandt,Unknown Artist,religious_painting,genre_painting
Northern_Renaissance,Baroque,0.8377904891967773,12418,62238,albrecht-durer,anthony-van-dyck,genre_painting,sketch_and_study
Northern_Renaissance,Mannerism_Late_Renaissance,0.9052107334136963,56215,56821,Unknown Artist,tintoretto,religious_painting,religious_painting
Baroque,Rococo,0.8751468658447266,63762,22310,peter-paul-rubens,Unknown Artist,portrait,religious_painting
Baroque,Rococo,0.9011730551719666,71631,32325,Unknown Artist,Unknown Artist,Unknown Genre,portrait
Mannerism_Late_Renaissance,Baroque,0.8343287110328674,38333,50129,Unknown Artist,Unknown Artist,religious_painting,genre_painting
Baroque,Rococo,0.8867918848991394,71631,49003,Unknown Artist,joshua-reynolds,Unknown Genre,portrait
Northern_Renaissance,High_Renaissance,0.8702481389045715,56811,56277,Unknown Artist,Unknown Artist,religious_painting,religious_painting
Northern_Renaissance,Mannerism_Late_Renaissance,0.8760541677474976,69185,78448,Unknown Artist,Unknown Artist,Unknown Genre,Unknown Genre
Northern_Renaissance,Baroque,0.8515687584877014,61077,27755,Unknown Artist,Unknown Artist,landscape,landscape
High_Renaissance,Baroque,0.851290225982666,76872,23518,Unknown Artist,Unknown Artist,Unknown Genre,genre_painting
Mannerism_Late_Renaissance,Rococo,0.763170063495636,64571,31143,Unknown Artist,Unknown Artist,portrait,portrait
Early_Renaissance,High_Renaissance,0.8980342149734497,21326,20728,Unknown Artist,pietro-perugino,religious_painting,religious_painting
High_Renaissance,Northern_Renaissance,0.8589988350868225,26482,9506,leonardo-da-vinci,albrecht-durer,sketch_and_study,genre_painting
Northern_Renaissance,Baroque,0.8432855606079102,28589,37242,hieronymus-bosch,frans-hals,portrait,portrait
Northern_Renaissance,Baroque,0.8343358039855957,81126,30549,Unknown Artist,Unknown Artist,Unknown Genre,landscape
Northern_Renaissance,High_Renaissance,0.8823139667510986,81115,56838,Unknown Artist,michelangelo,Unknown Genre,religious_painting
Early_Renaissance,Mannerism_Late_Renaissance,0.879905641078949,21192,26256,Unknown Artist,tintoretto,religious_painting,religious_painting
Early_Renaissance,High_Renaissance,0.8340328931808472,43021,56519,Unknown Artist,titian,religious_painting,religious_painting
Northern_Renaissance,Mannerism_Late_Renaissance,0.8567368388175964,45117,20617,hans-holbein-the-younger,Unknown Artist,portrait,portrait
High_Renaissance,Northern_Renaissance,0.8817142844200134,56229,11661,titian,Unknown Artist,religious_painting,Unknown Genre
High_Renaissance,Northern_Renaissance,0.855877697467804,49513,50712,Unknown Artist,Unknown Artist,religious_painting,religious_painting
Mannerism_Late_Renaissance,Baroque,0.8467585444450378,22880,31796,Unknown Artist,Unknown Artist,religious_painting,genre_painting
Northern_Renaissance,High_Renaissance,0.8601061701774597,29579,56353,hieronymus-bosch,raphael,religious_painting,religious_painting
High_Renaissance,Northern_Renaissance,0.8823139667510986,56838,81115,michelangelo,Unknown Artist,religious_painting,Unknown Genre
High_Renaissance,Mannerism_Late_Renaissance,0.8137729167938232,30591,52669,raphael,tintoretto,portrait,portrait
High_Renaissance,Northern_Renaissance,0.8056602478027344,79382,51270,Unknown Artist,hans-holbein-the-younger,Unknown Genre,sketch_and_study
Early_Renaissance,High_Renaissance,0.8485921025276184,19614,44859,pietro-perugino,titian,religious_painting,portrait
Early_Renaissance,High_Renaissance,0.9146788120269775,40864,55918,Unknown Artist,Unknown Artist,religious_painting,religious_painting
High_Renaissance,Northern_Renaissance,0.8979546427726746,20088,56392,pietro-perugino,hieronymus-bosch,religious_painting,religious_painting
High_Renaissance,Northern_Renaissance,0.8613395690917969,21218,50134,Unknown Artist,Unknown Artist,portrait,portrait
Early_Renaissance,Northern_Renaissance,0.8458422422409058,56305,36535,fra-angelico,Unknown Artist,religious_painting,religious_painting
Northern_Renaissance,Baroque,0.8335890173912048,23960,51923,Unknown Artist,Unknown Artist,genre_painting,genre_painting
Baroque,Rococo,0.910020649433136,71631,50766,Unknown Artist,thomas-gainsborough,Unknown Genre,portrait
Early_Renaissance,High_Renaissance,0.8742262125015259,45523,57146,Unknown Artist,raphael,religious_painting,religious_painting
Northern_Renaissance,Mannerism_Late_Renaissance,0.909896731376648,659,38490,albrecht-durer,tintoretto,religious_painting,portrait
Early_Renaissance,Northern_Renaissance,0.7987521290779114,19508,81153,fra-angelico,Unknown Artist,religious_painting,Unknown Genre
Baroque,Rococo,0.8477272391319275,769,36805,rembrandt,thomas-gainsborough,portrait,portrait
Baroque,Rococo,0.8156805634498596,76556,22468,Unknown Artist,Unknown Artist,Unknown Genre,genre_painting
High_Renaissance,Mannerism_Late_Renaissance,0.8242807388305664,31768,36230,Unknown Artist,Unknown Artist,portrait,portrait
Northern_Renaissance,Baroque,0.8416423797607422,5826,1907,albrecht-durer,rembrandt,portrait,portrait
High_Renaissance,Baroque,0.9188871383666992,63502,21992,Unknown Artist,peter-paul-rubens,portrait,portrait
Early_Renaissance,High_Renaissance,0.8542950749397278,34221,20579,pietro-perugino,Unknown Artist,religious_painting,religious_painting
Baroque,Rococo,0.8513946533203125,26732,52493,Unknown Artist,Unknown Artist,cityscape,cityscape
High_Renaissance,Northern_Renaissance,0.8339930176734924,48225,4150,raphael,albrecht-durer,sketch_and_study,portrait
Northern_Renaissance,High_Renaissance,0.9294082522392273,34406,52548,Unknown Artist,Unknown Artist,religious_painting,religious_painting
High_Renaissance,Mannerism_Late_Renaissance,0.8928675055503845,79378,77054,Unknown Artist,Unknown Artist,Unknown Genre,Unknown Genre
High_Renaissance,Baroque,0.8324771523475647,48685,1950,Unknown Artist,rembrandt,religious_painting,religious_painting
Early_Renaissance,Northern_Renaissance,0.8542327880859375,42921,76554,Unknown Artist,Unknown Artist,religious_painting,Unknown Genre
Baroque,Rococo,0.8414599299430847,10441,29290,rembrandt,Unknown Artist,portrait,portrait
Early_Renaissance,Northern_Renaissance,0.887571394443512,55869,35054,Unknown Artist,Unknown Artist,religious_painting,religious_painting
Early_Renaissance,Northern_Renaissance,0.8996685743331909,25320,11094,Unknown Artist,albrecht-durer,sketch_and_study,sketch_and_study
Mannerism_Late_Renaissance,Baroque,0.8971021771430969,56094,26008,Unknown Artist,bartolome-esteban-murillo,religious_painting,religious_painting
Northern_Renaissance,High_Renaissance,0.9034821391105652,56147,55995,Unknown Artist,Unknown Artist,religious_painting,religious_painting
Northern_Renaissance,Rococo,0.9168057441711426,81158,74386,Unknown Artist,Unknown Artist,Unknown Genre,Unknown Genre
High_Renaissance,Mannerism_Late_Renaissance,0.8834223747253418,79368,70803,Unknown Artist,Unknown Artist,Unknown Genre,Unknown Genre
High_Renaissance,Mannerism_Late_Renaissance,0.8910950422286987,37410,47109,michelangelo,el-greco,religious_painting,religious_painting
Baroque,Rococo,0.7843852043151855,52224,69676,frans-hals,Unknown Artist,portrait,Unknown Genre
Early_Renaissance,High_Renaissance,0.8514384031295776,75143,41455,Unknown Artist,Unknown Artist,Unknown Genre,religious_painting
Northern_Renaissance,Baroque,0.8330385684967041,50134,25139,Unknown Artist,Unknown Artist,portrait,portrait
Early_Renaissance,Northern_Renaissance,0.8806482553482056,27503,62300,leonardo-da-vinci,hieronymus-bosch,sketch_and_study,sketch_and_study
Northern_Renaissance,Baroque,0.8490452766418457,61077,40740,Unknown Artist,Unknown Artist,landscape,landscape
Early_Renaissance,Northern_Renaissance,0.8508884906768799,19508,70443,fra-angelico,Unknown Artist,religious_painting,Unknown Genre
Mannerism_Late_Renaissance,Baroque,0.8918132185935974,23675,29379,Unknown Artist,Unknown Artist,portrait,portrait
Baroque,Rococo,0.9022332429885864,78678,57757,Unknown Artist,Unknown Artist,Unknown Genre,cityscape
Early_Renaissance,High_Renaissance,0.8900665640830994,56309,56240,Unknown Artist,Unknown Artist,religious_painting,religious_painting
High_Renaissance,Northern_Renaissance,0.8427176475524902,29376,41404,michelangelo,Unknown Artist,sketch_and_study,sketch_and_study
Baroque,Rococo,0.847159743309021,32251,80010,Unknown Artist,Unknown Artist,genre_painting,Unknown Genre
Early_Renaissance,Baroque,0.8727812170982361,39258,42034,Unknown Artist,Unknown Artist,religious_painting,genre_painting
Early_Renaissance,Northern_Renaissance,0.8685874342918396,34184,19930,Unknown Artist,Unknown Artist,genre_painting,religious_painting
Early_Renaissance,Baroque,0.8820222616195679,61990,17778,Unknown Artist,rembrandt,sketch_and_study,nude_painting
High_Renaissance,Mannerism_Late_Renaissance,0.8609529137611389,20591,26437,Unknown Artist,tintoretto,portrait,portrait
Baroque,Rococo,0.8121384978294373,73917,80025,Unknown Artist,Unknown Artist,Unknown Genre,Unknown Genre
Early_Renaissance,Mannerism_Late_Renaissance,0.9052384495735168,32171,56094,Unknown Artist,Unknown Artist,religious_painting,religious_painting
Northern_Renaissance,Rococo,0.8405860066413879,46968,79998,Unknown Artist,Unknown Artist,religious_painting,Unknown Genre
High_Renaissance,Baroque,0.8316904902458191,65170,28504,titian,Unknown Artist,portrait,portrait
High_Renaissance,Mannerism_Late_Renaissance,0.846535861492157,72926,56068,Unknown Artist,tintoretto,Unknown Genre,religious_painting
High_Renaissance,Baroque,0.8580302000045776,62430,24449,raphael,bartolome-esteban-murillo,sketch_and_study,religious_painting
Northern_Renaissance,Baroque,0.8219189643859863,6100,20804,albrecht-durer,Unknown Artist,landscape,landscape
High_Renaissance,Northern_Renaissance,0.8653876781463623,21503,20423,Unknown Artist,hans-memling,religious_painting,religious_painting
Early_Renaissance,High_Renaissance,0.9139723181724548,56879,50747,Unknown Artist,Unknown Artist,religious_painting,religious_painting
High_Renaissance,Northern_Renaissance,0.8732860088348389,44996,56456,Unknown Artist,Unknown Artist,religious_painting,religious_painting
High_Renaissance,Baroque,0.893679678440094,39920,24609,raphael,Unknown Artist,religious_painting,religious_painting
Northern_Renaissance,High_Renaissance,0.8661985993385315,57136,50571,Unknown Artist,titian,religious_painting,religious_painting
Early_Renaissance,Mannerism_Late_Renaissance,0.9247362017631531,56967,30678,Unknown Artist,Unknown Artist,religious_painting,religious_painting
Early_Renaissance,Northern_Renaissance,0.8741443753242493,80538,28286,Unknown Artist,hieronymus-bosch,Unknown Genre,religious_painting
Northern_Renaissance,Baroque,0.8852131366729736,9682,72921,albrecht-durer,Unknown Artist,religious_painting,Unknown Genre
Early_Renaissance,Northern_Renaissance,0.8281009793281555,56274,29029,Unknown Artist,Unknown Artist,religious_painting,cityscape
Early_Renaissance,Baroque,0.798831582069397,32528,20374,Unknown Artist,Unknown Artist,religious_painting,genre_painting
Early_Renaissance,High_Renaissance,0.886946976184845,30577,77002,leonardo-da-vinci,Unknown Artist,sketch_and_study,Unknown Genre
Mannerism_Late_Renaissance,Baroque,0.8226919770240784,72830,73700,Unknown Artist,Unknown Artist,Unknown Genre,Unknown Genre
Early_Renaissance,High_Renaissance,0.9099870324134827,56645,21958,Unknown Artist,Unknown Artist,religious_painting,religious_painting
Baroque,Rococo,0.8304429054260254,36855,80013,peter-paul-rubens,Unknown Artist,genre_painting,Unknown Genre
Mannerism_Late_Renaissance,Baroque,0.840379536151886,38333,20631,Unknown Artist,Unknown Artist,religious_painting,genre_painting
Mannerism_Late_Renaissance,Baroque,0.8595974445343018,51801,42375,tintoretto,jacob-jordaens,religious_painting,religious_painting
Baroque,Rococo,0.8841132521629333,41598,29610,Unknown Artist,Unknown Artist,portrait,portrait
Baroque,Rococo,0.8457438349723816,67933,58589,Unknown Artist,Unknown Artist,Unknown Genre,cityscape
Mannerism_Late_Renaissance,Rococo,0.9187396764755249,78481,72917,Unknown Artist,Unknown Artist,Unknown Genre,Unknown Genre
Northern_Renaissance,High_Renaissance,0.8913546800613403,44944,20337,Unknown Artist,titian,religious_painting,religious_painting
Baroque,Rococo,0.874055802822113,21813,20884,Unknown Artist,Unknown Artist,still_life,still_life
Early_Renaissance,High_Renaissance,0.9018916487693787,31258,55678,Unknown Artist,Unknown Artist,religious_painting,religious_painting
Northern_Renaissance,Baroque,0.8674394488334656,22369,1558,hieronymus-bosch,rembrandt,sketch_and_study,genre_painting
Mannerism_Late_Renaissance,Baroque,0.887726366519928,22626,35966,el-greco,Unknown Artist,religious_painting,religious_painting
Baroque,Rococo,0.8424310684204102,36331,37357,Unknown Artist,Unknown Artist,genre_painting,portrait
Baroque,Rococo,0.8057817816734314,36490,35504,Unknown Artist,Unknown Artist,portrait,portrait
Early_Renaissance,High_Renaissance,0.8999108672142029,55692,34768,fra-angelico,Unknown Artist,religious_painting,religious_painting
Baroque,Rococo,0.8324084281921387,28250,64977,Unknown Artist,Unknown Artist,portrait,portrait
Early_Renaissance,High_Renaissance,0.8899796009063721,51437,32508,Unknown Artist,raphael,religious_painting,religious_painting
High_Renaissance,Northern_Renaissance,0.8433030247688293,62413,10091,raphael,albrecht-durer,sketch_and_study,religious_painting
Early_Renaissance,Northern_Renaissance,0.9123713970184326,51425,43557,pietro-perugino,hans-memling,religious_painting,religious_painting
Northern_Renaissance,Baroque,0.8509137034416199,35405,33519,Unknown Artist,Unknown Artist,genre_painting,genre_painting
High_Renaissance,Baroque,0.8013572692871094,79382,21952,Unknown Artist,frans-hals,Unknown Genre,portrait
Baroque,Rococo,0.8620501160621643,54043,77160,Unknown Artist,Unknown Artist,genre_painting,Unknown Genre
High_Renaissance,Mannerism_Late_Renaissance,0.8948076367378235,40419,56521,michelangelo,paolo-veronese,religious_painting,religious_painting
Baroque,Rococo,0.8802482485771179,64322,32423,Unknown Artist,Unknown Artist,portrait,portrait
Baroque,Rococo,0.8029298782348633,62974,36712,Unknown Artist,Unknown Artist,portrait,portrait
High_Renaissance,Baroque,0.8437689542770386,23906,20472,Unknown Artist,peter-paul-rubens,portrait,religious_painting
Baroque,Rococo,0.9017797112464905,71631,63191,Unknown Artist,Unknown Artist,Unknown Genre,portrait
High_Renaissance,Mannerism_Late_Renaissance,0.798826277256012,77034,63052,Unknown Artist,Unknown Artist,Unknown Genre,portrait
Mannerism_Late_Renaissance,Baroque,0.769808828830719,31781,71286,el-greco,Unknown Artist,religious_painting,Unknown Genre
Northern_Renaissance,Baroque,0.8595855832099915,11647,28970,albrecht-durer,Unknown Artist,genre_painting,genre_painting
High_Renaissance,Mannerism_Late_Renaissance,0.8693724870681763,36327,49460,titian,tintoretto,religious_painting,religious_painting
Early_Renaissance,High_Renaissance,0.8982206583023071,45383,42590,Unknown Artist,michelangelo,sketch_and_study,sketch_and_study
Baroque,Rococo,0.8779836893081665,71631,63586,Unknown Artist,Unknown Artist,Unknown Genre,portrait
Mannerism_Late_Renaissance,Rococo,0.8834019303321838,76895,80026,Unknown Artist,Unknown Artist,Unknown Genre,Unknown Genre
High_Renaissance,Mannerism_Late_Renaissance,0.8583421111106873,22390,42295,Unknown Artist,Unknown Artist,religious_painting,religious_painting
Early_Renaissance,Mannerism_Late_Renaissance,0.9086558818817139,47861,23585,Unknown Artist,Unknown Artist,religious_painting,religious_painting
Mannerism_Late_Renaissance,Baroque,0.8547726273536682,48958,28470,tintoretto,Unknown Artist,religious_painting,portrait
Northern_Renaissance,Mannerism_Late_Renaissance,0.8993563055992126,81081,45241,Unknown Artist,Unknown Artist,Unknown Genre,sketch_and_study
Northern_Renaissance,Mannerism_Late_Renaissance,0.8964524865150452,29110,56690,Unknown Artist,tintoretto,religious_painting,religious_painting
Early_Renaissance,High_Renaissance,0.9153147339820862,53199,56027,Unknown Artist,Unknown Artist,genre_painting,religious_painting
High_Renaissance,Northern_Renaissance,0.8096897006034851,79382,18022,Unknown Artist,albrecht-durer,Unknown Genre,portrait
High_Renaissance,Northern_Renaissance,0.9197115898132324,56786,34927,raphael,Unknown Artist,religious_painting,religious_painting
High_Renaissance,Baroque,0.8401007652282715,40689,11194,leonardo-da-vinci,rembrandt,sketch_and_study,genre_painting
Mannerism_Late_Renaissance,Baroque,0.884312629699707,42943,4552,Unknown Artist,rembrandt,portrait,portrait
Early_Renaissance,High_Renaissance,0.8987076878547668,56879,56977,Unknown Artist,Unknown Artist,religious_painting,religious_painting
Early_Renaissance,Northern_Renaissance,0.9058523178100586,20082,57052,Unknown Artist,Unknown Artist,religious_painting,religious_painting
Early_Renaissance,High_Renaissance,0.9164620041847229,39021,56770,Unknown Artist,Unknown Artist,religious_painting,religious_painting
Early_Renaissance,Northern_Renaissance,0.9299256801605225,37190,56686,Unknown Artist,lucas-cranach-the-elder,religious_painting,religious_painting
Northern_Renaissance,Baroque,0.8156298398971558,64514,36471,hans-holbein-the-younger,Unknown Artist,portrait,portrait
Early_Renaissance,High_Renaissance,0.8686792850494385,57022,43098,Unknown Artist,michelangelo,religious_painting,religious_painting
High_Renaissance,Mannerism_Late_Renaissance,0.836073637008667,55731,78456,titian,Unknown Artist,religious_painting,Unknown Genre
Early_Renaissance,High_Renaissance,0.7978235483169556,21539,76667,Unknown Artist,Unknown Artist,religious_painting,Unknown Genre
Baroque,Rococo,0.8760443925857544,769,63919,rembrandt,Unknown Artist,portrait,portrait
High_Renaissance,Mannerism_Late_Renaissance,0.8844681978225708,36327,76410,titian,Unknown Artist,religious_painting,Unknown Genre
Baroque,Rococo,0.8707199096679688,17680,36778,rembrandt,Unknown Artist,religious_painting,religious_painting
High_Renaissance,Mannerism_Late_Renaissance,0.893795907497406,62231,51492,leonardo-da-vinci,el-greco,sketch_and_study,religious_painting
Baroque,Rococo,0.8353609442710876,63339,23254,Unknown Artist,Unknown Artist,portrait,portrait
Early_Renaissance,High_Renaissance,0.8673864603042603,52015,50826,Unknown Artist,leonardo-da-vinci,portrait,portrait
Baroque,Rococo,0.8233861923217773,17574,28397,rembrandt,Unknown Artist,religious_painting,portrait
Mannerism_Late_Renaissance,Baroque,0.8393225073814392,38747,65993,Unknown Artist,anthony-van-dyck,portrait,portrait
High_Renaissance,Mannerism_Late_Renaissance,0.8646918535232544,20591,78468,Unknown Artist,Unknown Artist,portrait,Unknown Genre
Early_Renaissance,High_Renaissance,0.8481442332267761,68566,79372,Unknown Artist,Unknown Artist,Unknown Genre,Unknown Genre
Baroque,Rococo,0.9012241363525391,769,25549,rembrandt,Unknown Artist,portrait,portrait
Early_Renaissance,High_Renaissance,0.8700246214866638,42667,29774,Unknown Artist,raphael,religious_painting,religious_painting
Northern_Renaissance,High_Renaissance,0.8556082248687744,4906,79382,albrecht-durer,Unknown Artist,portrait,Unknown Genre
Baroque,Rococo,0.8768567442893982,19859,53445,Unknown Artist,Unknown Artist,religious_painting,genre_painting
Northern_Renaissance,Mannerism_Late_Renaissance,0.8427122831344604,30167,38333,Unknown Artist,Unknown Artist,genre_painting,religious_painting
Early_Renaissance,Northern_Renaissance,0.8500992655754089,56737,775,Unknown Artist,albrecht-durer,religious_painting,genre_painting
Northern_Renaissance,High_Renaissance,0.8371816873550415,50422,38892,hans-holbein-the-younger,Unknown Artist,portrait,portrait
Baroque,Rococo,0.8374333381652832,68668,75605,Unknown Artist,Unknown Artist,Unknown Genre,Unknown Genre
Baroque,Rococo,0.8020491003990173,55269,35107,Unknown Artist,Unknown Artist,genre_painting,genre_painting
High_Renaissance,Northern_Renaissance,0.8253879547119141,24074,81137,leonardo-da-vinci,Unknown Artist,sketch_and_study,Unknown Genre
Early_Renaissance,High_Renaissance,0.8134036064147949,74826,56231,Unknown Artist,michelangelo,Unknown Genre,religious_painting
High_Renaissance,Northern_Renaissance,0.8800965547561646,56035,3517,titian,albrecht-durer,religious_painting,religious_painting
High_Renaissance,Mannerism_Late_Renaissance,0.8573058247566223,23117,39120,titian,el-greco,religious_painting,religious_painting
Early_Renaissance,Mannerism_Late_Renaissance,0.7920335531234741,56326,63525,pietro-perugino,Unknown Artist,religious_painting,portrait
High_Renaissance,Mannerism_Late_Renaissance,0.8629208207130432,41863,32888,Unknown Artist,paolo-veronese,portrait,portrait
High_Renaissance,Baroque,0.8822548985481262,48496,71631,titian,Unknown Artist,portrait,Unknown Genre
High_Renaissance,Baroque,0.8718345165252686,24418,29863,titian,anthony-van-dyck,religious_painting,religious_painting
Northern_Renaissance,High_Renaissance,0.8904273509979248,72904,69485,Unknown Artist,Unknown Artist,Unknown Genre,Unknown Genre
Northern_Renaissance,Mannerism_Late_Renaissance,0.8214573860168457,51735,46881,hans-holbein-the-younger,Unknown Artist,portrait,portrait
High_Renaissance,Mannerism_Late_Renaissance,0.8574937582015991,79368,21069,Unknown Artist,Unknown Artist,Unknown Genre,religious_painting
Mannerism_Late_Renaissance,Baroque,0.8527553677558899,44796,68163,paolo-veronese,Unknown Artist,portrait,Unknown Genre
High_Renaissance,Baroque,0.8920992016792297,27609,36807,michelangelo,Unknown Artist,religious_painting,religious_painting
Early_Renaissance,Baroque,0.8818132877349854,51286,56851,Unknown Artist,Unknown Artist,religious_painting,religious_painting
Northern_Renaissance,High_Renaissance,0.860514223575592,28589,28183,hieronymus-bosch,Unknown Artist,portrait,portrait
Mannerism_Late_Renaissance,Baroque,0.9159591197967529,56808,44685,Unknown Artist,peter-paul-rubens,religious_painting,religious_painting
Northern_Renaissance,High_Renaissance,0.8799498081207275,30503,33672,lucas-cranach-the-elder,pietro-perugino,religious_painting,religious_painting
Mannerism_Late_Renaissance,Baroque,0.8717461824417114,68154,72550,Unknown Artist,Unknown Artist,Unknown Genre,Unknown Genre
High_Renaissance,Northern_Renaissance,0.8657018542289734,64620,23747,Unknown Artist,hans-holbein-the-younger,portrait,religious_painting
Northern_Renaissance,High_Renaissance,0.8172853589057922,50134,26235,Unknown Artist,titian,portrait,portrait
High_Renaissance,Northern_Renaissance,0.8621867895126343,33619,50708,pietro-perugino,hans-memling,religious_painting,religious_painting
Northern_Renaissance,Baroque,0.8602075576782227,30167,38015,Unknown Artist,Unknown Artist,genre_painting,genre_painting
High_Renaissance,Northern_Renaissance,0.9037505388259888,45272,32732,Unknown Artist,Unknown Artist,religious_painting,religious_painting
High_Renaissance,Northern_Renaissance,0.8912302851676941,30747,56404,Unknown Artist,lucas-cranach-the-elder,religious_painting,religious_painting
Early_Renaissance,Northern_Renaissance,0.7829110026359558,56688,56608,Unknown Artist,Unknown Artist,religious_painting,religious_painting
Northern_Renaissance,Baroque,0.8666421175003052,7634,8207,albrecht-durer,rembrandt,genre_painting,religious_painting
High_Renaissance,Baroque,0.8542382717132568,49023,5011,titian,rembrandt,portrait,portrait
High_Renaissance,Mannerism_Late_Renaissance,0.8885433077812195,71487,56934,Unknown Artist,tintoretto,Unknown Genre,religious_painting
Early_Renaissance,High_Renaissance,0.8708422780036926,52015,41835,Unknown Artist,Unknown Artist,portrait,portrait
Northern_Renaissance,High_Renaissance,0.8781604170799255,39535,33321,Unknown Artist,Unknown Artist,religious_painting,religious_painting
Northern_Renaissance,High_Renaissance,0.8169471621513367,30772,65170,Unknown Artist,titian,portrait,portrait
High_Renaissance,Mannerism_Late_Renaissance,0.9024656414985657,79393,74024,Unknown Artist,Unknown Artist,Unknown Genre,Unknown Genre
High_Renaissance,Mannerism_Late_Renaissance,0.8714378476142883,24418,50736,titian,tintoretto,religious_painting,religious_painting
Northern_Renaissance,High_Renaissance,0.9385643005371094,56828,56747,hans-memling,pietro-perugino,religious_painting,religious_painting
Early_Renaissance,Northern_Renaissance,0.8372789025306702,56670,49000,fra-angelico,Unknown Artist,religious_painting,religious_painting
Mannerism_Late_Renaissance,Baroque,0.8698510527610779,22943,10337,titian,rembrandt,religious_painting,religious_painting
High_Renaissance,Baroque,0.8285500407218933,25533,78658,Unknown Artist,Unknown Artist,portrait,Unknown Genre
Baroque,Rococo,0.8341634273529053,70402,33701,Unknown Artist,joshua-reynolds,Unknown Genre,portrait
Baroque,Rococo,0.8040035367012024,78588,22210,Unknown Artist,thomas-gainsborough,Unknown Genre,portrait
Baroque,Rococo,0.874555766582489,78566,58443,Unknown Artist,Unknown Artist,Unknown Genre,cityscape
High_Renaissance,Mannerism_Late_Renaissance,0.8835234642028809,42124,56965,Unknown Artist,Unknown Artist,religious_painting,religious_painting
Northern_Renaissance,Baroque,0.8791321516036987,41761,26026,Unknown Artist,anthony-van-dyck,portrait,portrait
Early_Renaissance,High_Renaissance,0.8487406969070435,56066,36719,Unknown Artist,michelangelo,religious_painting,sketch_and_study
Baroque,Rococo,0.8639549016952515,19068,48329,Unknown Artist,joseph-wright,genre_painting,genre_painting
Early_Renaissance,High_Renaissance,0.9079270958900452,21002,34770,leonardo-da-vinci,leonardo-da-vinci,portrait,sketch_and_study
Northern_Renaissance,Baroque,0.8641988635063171,29749,17693,Unknown Artist,rembrandt,religious_painting,religious_painting
Early_Renaissance,High_Renaissance,0.8749727606773376,56305,75633,fra-angelico,Unknown Artist,religious_painting,Unknown Genre
Baroque,Rococo,0.9084683656692505,45299,24534,Unknown Artist,thomas-gainsborough,landscape,landscape
Early_Renaissance,Northern_Renaissance,0.9041841626167297,50194,7697,Unknown Artist,albrecht-durer,religious_painting,religious_painting
Northern_Renaissance,Baroque,0.8047018647193909,81126,71881,Unknown Artist,Unknown Artist,Unknown Genre,Unknown Genre
High_Renaissance,Mannerism_Late_Renaissance,0.9099223017692566,70330,56708,Unknown Artist,Unknown Artist,Unknown Genre,religious_painting
Northern_Renaissance,Baroque,0.8135823011398315,28589,12357,hieronymus-bosch,rembrandt,portrait,portrait
High_Renaissance,Northern_Renaissance,0.8713647723197937,47924,18032,leonardo-da-vinci,albrecht-durer,sketch_and_study,sketch_and_study
Northern_Renaissance,High_Renaissance,0.8742365837097168,30503,37872,lucas-cranach-the-elder,raphael,religious_painting,religious_painting
Early_Renaissance,Northern_Renaissance,0.8345953822135925,56382,564,Unknown Artist,Unknown Artist,religious_painting,Unknown Genre
Northern_Renaissance,High_Renaissance,0.8722695708274841,19071,56422,Unknown Artist,Unknown Artist,religious_painting,religious_painting
Northern_Renaissance,Baroque,0.8236472606658936,18131,78613,albrecht-durer,Unknown Artist,religious_painting,Unknown Genre
Early_Renaissance,High_Renaissance,0.8744100332260132,25221,32659,Unknown Artist,Unknown Artist,portrait,portrait
Northern_Renaissance,High_Renaissance,0.8804717063903809,56910,56347,hans-holbein-the-younger,titian,religious_painting,religious_painting
High_Renaissance,Northern_Renaissance,0.8774784803390503,72848,13342,Unknown Artist,albrecht-durer,Unknown Genre,religious_painting
Early_Renaissance,Northern_Renaissance,0.9044564366340637,22126,46857,Unknown Artist,Unknown Artist,religious_painting,religious_painting
High_Renaissance,Mannerism_Late_Renaissance,0.8715171813964844,25211,56278,Unknown Artist,el-greco,religious_painting,religious_painting
High_Renaissance,Northern_Renaissance,0.8401662707328796,29376,7047,michelangelo,albrecht-durer,sketch_and_study,genre_painting
Mannerism_Late_Renaissance,Baroque,0.8649604320526123,40121,45696,tintoretto,peter-paul-rubens,religious_painting,religious_painting
Early_Renaissance,High_Renaissance,0.8847219944000244,40794,33702,Unknown Artist,Unknown Artist,religious_painting,religious_painting
Mannerism_Late_Renaissance,Baroque,0.8737109899520874,38248,78663,Unknown Artist,Unknown Artist,religious_painting,Unknown Genre
Mannerism_Late_Renaissance,Rococo,0.8789715766906738,73041,34973,Unknown Artist,Unknown Artist,Unknown Genre,genre_painting
Northern_Renaissance,Mannerism_Late_Renaissance,0.897384524345398,17994,78467,albrecht-durer,Unknown Artist,sketch_and_study,Unknown Genre
High_Renaissance,Mannerism_Late_Renaissance,0.8702797293663025,40818,55978,Unknown Artist,tintoretto,religious_painting,religious_painting
Mannerism_Late_Renaissance,Baroque,0.8407076597213745,26658,32153,paolo-veronese,Unknown Artist,religious_painting,religious_painting
High_Renaissance,Baroque,0.8372289538383484,46517,30719,titian,Unknown Artist,religious_painting,genre_painting
Baroque,Rococo,0.8946402668952942,32932,26318,anthony-van-dyck,thomas-gainsborough,portrait,portrait
Baroque,Rococo,0.7845119833946228,66032,70985,Unknown Artist,Unknown Artist,portrait,Unknown Genre
Northern_Renaissance,Baroque,0.8193932175636292,59073,47087,Unknown Artist,Unknown Artist,landscape,genre_painting
Northern_Renaissance,Rococo,0.8546798825263977,38907,45512,hieronymus-bosch,Unknown Artist,religious_painting,religious_painting
Northern_Renaissance,Baroque,0.8533380031585693,17996,11310,albrecht-durer,rembrandt,genre_painting,genre_painting
Baroque,Rococo,0.8712233304977417,23086,48991,Unknown Artist,Unknown Artist,portrait,portrait
Mannerism_Late_Renaissance,Rococo,0.8141220211982727,48846,75565,paolo-veronese,Unknown Artist,portrait,Unknown Genre
Baroque,Rococo,0.8504167795181274,2141,47327,rembrandt,canaletto,landscape,cityscape
Baroque,Rococo,0.8481248021125793,36097,33951,Unknown Artist,joshua-reynolds,portrait,portrait
Early_Renaissance,High_Renaissance,0.889118492603302,38941,36293,Unknown Artist,Unknown Artist,religious_painting,portrait
Baroque,Rococo,0.8695512413978577,71631,63953,Unknown Artist,Unknown Artist,Unknown Genre,portrait
High_Renaissance,Mannerism_Late_Renaissance,0.8718312978744507,33433,29496,titian,el-greco,portrait,portrait
Early_Renaissance,Mannerism_Late_Renaissance,0.7722099423408508,29227,53862,Unknown Artist,tintoretto,religious_painting,genre_painting
Baroque,Rococo,0.9014206528663635,51074,28727,Unknown Artist,thomas-gainsborough,landscape,landscape
Mannerism_Late_Renaissance,Baroque,0.9081293940544128,70828,69017,Unknown Artist,Unknown Artist,Unknown Genre,Unknown Genre
Northern_Renaissance,Baroque,0.8700398802757263,21368,21118,Unknown Artist,Unknown Artist,landscape,landscape
Baroque,Rococo,0.8333407640457153,62974,64815,Unknown Artist,Unknown Artist,portrait,portrait
High_Renaissance,Mannerism_Late_Renaissance,0.8694921135902405,26409,69402,Unknown Artist,Unknown Artist,religious_painting,Unknown Genre
Early_Renaissance,High_Renaissance,0.8745585083961487,47252,46558,pietro-perugino,pietro-perugino,religious_painting,religious_painting
Early_Renaissance,High_Renaissance,0.8857247233390808,43742,40313,Unknown Artist,raphael,religious_painting,religious_painting
Northern_Renaissance,High_Renaissance,0.8860552310943604,29110,19296,Unknown Artist,Unknown Artist,religious_painting,religious_painting
High_Renaissance,Northern_Renaissance,0.8905396461486816,69294,5810,Unknown Artist,albrecht-durer,Unknown Genre,religious_painting
Early_Renaissance,Northern_Renaissance,0.888351559638977,56305,55637,fra-angelico,Unknown Artist,religious_painting,religious_painting
Early_Renaissance,Northern_Renaissance,0.9307712316513062,56279,44730,Unknown Artist,Unknown Artist,religious_painting,religious_painting
High_Renaissance,Mannerism_Late_Renaissance,0.8825533390045166,46629,30986,titian,Unknown Artist,portrait,portrait
High_Renaissance,Baroque,0.8636948466300964,56229,1601,titian,rembrandt,religious_painting,sketch_and_study
Early_Renaissance,Mannerism_Late_Renaissance,0.8847991824150085,56372,55663,pietro-perugino,el-greco,religious_painting,religious_painting
Early_Renaissance,Northern_Renaissance,0.8763102889060974,57083,17965,Unknown Artist,albrecht-durer,religious_painting,religious_painting
Early_Renaissance,Northern_Renaissance,0.9292359948158264,20738,18163,Unknown Artist,albrecht-durer,religious_painting,religious_painting
Northern_Renaissance,High_Renaissance,0.8364207744598389,49364,19063,Unknown Artist,Unknown Artist,portrait,portrait
High_Renaissance,Mannerism_Late_Renaissance,0.820728600025177,46816,78518,Unknown Artist,Unknown Artist,still_life,Unknown Genre
Early_Renaissance,Northern_Renaissance,0.8756141066551208,46960,31656,Unknown Artist,Unknown Artist,religious_painting,religious_painting
Early_Renaissance,High_Renaissance,0.8752635717391968,75873,72483,Unknown Artist,Unknown Artist,Unknown Genre,Unknown Genre
Early_Renaissance,Northern_Renaissance,0.8936339020729065,30622,64760,Unknown Artist,Unknown Artist,portrait,portrait
Mannerism_Late_Renaissance,Baroque,0.9029022455215454,36779,20330,Unknown Artist,Unknown Artist,portrait,portrait
High_Renaissance,Mannerism_Late_Renaissance,0.8037543892860413,33433,20941,titian,el-greco,portrait,portrait
Early_Renaissance,Northern_Renaissance,0.857825756072998,56569,74516,fra-angelico,Unknown Artist,religious_painting,Unknown Genre
Northern_Renaissance,Mannerism_Late_Renaissance,0.9385567903518677,81151,51801,Unknown Artist,tintoretto,Unknown Genre,religious_painting
Baroque,Rococo,0.8561615943908691,64322,25697,Unknown Artist,Unknown Artist,portrait,portrait
Northern_Renaissance,Mannerism_Late_Renaissance,0.8688592314720154,53049,64961,Unknown Artist,Unknown Artist,portrait,portrait
Mannerism_Late_Renaissance,Baroque,0.8493605256080627,63751,17713,titian,rembrandt,portrait,portrait
Early_Renaissance,Northern_Renaissance,0.880922257900238,55954,21966,Unknown Artist,Unknown Artist,religious_painting,religious_painting
Northern_Renaissance,Mannerism_Late_Renaissance,0.8929095268249512,81158,19685,Unknown Artist,tintoretto,Unknown Genre,religious_painting
Northern_Renaissance,High_Renaissance,0.8034695982933044,18037,50253,albrecht-durer,Unknown Artist,portrait,portrait
Northern_Renaissance,High_Renaissance,0.819459855556488,19910,48496,hans-holbein-the-younger,titian,sketch_and_study,portrait
Northern_Renaissance,Mannerism_Late_Renaissance,0.8228273987770081,20288,19315,hans-holbein-the-younger,Unknown Artist,portrait,portrait
Northern_Renaissance,High_Renaissance,0.8094500303268433,23155,45802,hans-holbein-the-younger,Unknown Artist,portrait,portrait
High_Renaissance,Mannerism_Late_Renaissance,0.9154514670372009,56127,56369,raphael,paolo-veronese,religious_painting,religious_painting
Early_Renaissance,Baroque,0.9103560447692871,45383,77143,Unknown Artist,Unknown Artist,sketch_and_study,Unknown Genre
Early_Renaissance,High_Renaissance,0.8834352493286133,32563,29266,pietro-perugino,Unknown Artist,religious_painting,religious_painting
Baroque,Rococo,0.8770666718482971,78569,80012,Unknown Artist,Unknown Artist,Unknown Genre,Unknown Genre
High_Renaissance,Mannerism_Late_Renaissance,0.9185159206390381,79383,28769,Unknown Artist,tintoretto,Unknown Genre,religious_painting
Early_Renaissance,Northern_Renaissance,0.8846341371536255,56407,5547,Unknown Artist,albrecht-durer,religious_painting,religious_painting
Baroque,Rococo,0.8459899425506592,28250,37990,Unknown Artist,Unknown Artist,portrait,portrait
High_Renaissance,Mannerism_Late_Renaissance,0.8702487349510193,66218,44796,Unknown Artist,paolo-veronese,portrait,portrait
Early_Renaissance,High_Renaissance,0.8800473809242249,25221,64098,Unknown Artist,titian,portrait,portrait
High_Renaissance,Northern_Renaissance,0.8627321720123291,54547,5640,michelangelo,albrecht-durer,genre_painting,religious_painting
Mannerism_Late_Renaissance,Rococo,0.8524537086486816,21728,24664,titian,joshua-reynolds,religious_painting,portrait
Northern_Renaissance,Baroque,0.7915338277816772,40830,51782,Unknown Artist,Unknown Artist,portrait,genre_painting
High_Renaissance,Northern_Renaissance,0.7681208848953247,20591,13228,Unknown Artist,albrecht-durer,portrait,portrait
High_Renaissance,Northern_Renaissance,0.8670597672462463,50200,18094,raphael,albrecht-durer,sketch_and_study,genre_painting
High_Renaissance,Mannerism_Late_Renaissance,0.8690669536590576,75548,68154,Unknown Artist,Unknown Artist,Unknown Genre,Unknown Genre
Northern_Renaissance,Mannerism_Late_Renaissance,0.8386424779891968,50951,27023,Unknown Artist,Unknown Artist,genre_painting,sketch_and_study
Early_Renaissance,High_Renaissance,0.8448278903961182,57071,55766,Unknown Artist,michelangelo,religious_painting,religious_painting
High_Renaissance,Mannerism_Late_Renaissance,0.868851900100708,76786,44085,Unknown Artist,paolo-veronese,Unknown Genre,religious_painting
Northern_Renaissance,Baroque,0.896212637424469,17988,7390,albrecht-durer,rembrandt,sketch_and_study,sketch_and_study
High_Renaissance,Mannerism_Late_Renaissance,0.8859031200408936,26983,40463,titian,tintoretto,religious_painting,religious_painting
Northern_Renaissance,Mannerism_Late_Renaissance,0.7957893013954163,659,78484,albrecht-durer,Unknown Artist,religious_painting,Unknown Genre
Baroque,Rococo,0.8792091012001038,71631,26189,Unknown Artist,joshua-reynolds,Unknown Genre,portrait
High_Renaissance,Northern_Renaissance,0.8330872654914856,59576,12806,leonardo-da-vinci,albrecht-durer,landscape,landscape
High_Renaissance,Mannerism_Late_Renaissance,0.8486975431442261,69191,56953,Unknown Artist,paolo-veronese,Unknown Genre,religious_painting
Early_Renaissance,High_Renaissance,0.868716299533844,46027,29608,Unknown Artist,michelangelo,sketch_and_study,sketch_and_study
Early_Renaissance,Northern_Renaissance,0.9207709431648254,23202,56435,Unknown Artist,Unknown Artist,religious_painting,religious_painting
Northern_Renaissance,Baroque,0.8213363885879517,81116,38883,Unknown Artist,Unknown Artist,Unknown Genre,genre_painting
High_Renaissance,Mannerism_Late_Renaissance,0.8774516582489014,47498,22777,raphael,Unknown Artist,religious_painting,religious_painting
Northern_Renaissance,High_Renaissance,0.8903582692146301,72904,57117,Unknown Artist,michelangelo,Unknown Genre,religious_painting
Early_Renaissance,Northern_Renaissance,0.8476818799972534,56780,58423,Unknown Artist,Unknown Artist,religious_painting,cityscape
Early_Renaissance,High_Renaissance,0.8132851123809814,42667,72899,Unknown Artist,Unknown Artist,religious_painting,Unknown Genre
Baroque,Rococo,0.8572531938552856,53884,36963,Unknown Artist,Unknown Artist,genre_painting,genre_painting
Early_Renaissance,High_Renaissance,0.8421220779418945,38983,64653,Unknown Artist,Unknown Artist,portrait,portrait
Early_Renaissance,High_Renaissance,0.9185061454772949,25482,51176,pietro-perugino,Unknown Artist,religious_painting,religious_painting
Mannerism_Late_Renaissance,Baroque,0.8562148809432983,20952,54643,paolo-veronese,Unknown Artist,religious_painting,genre_painting
Early_Renaissance,High_Renaissance,0.8780096769332886,32563,32216,pietro-perugino,pietro-perugino,religious_painting,religious_painting
Baroque,Rococo,0.8214607834815979,74510,64450,Unknown Artist,Unknown Artist,Unknown Genre,portrait
Early_Renaissance,High_Renaissance,0.837402880191803,33893,66218,Unknown Artist,Unknown Artist,portrait,portrait
High_Renaissance,Northern_Renaissance,0.8375020027160645,32849,6959,Unknown Artist,albrecht-durer,portrait,portrait
Northern_Renaissance,Mannerism_Late_Renaissance,0.9066873788833618,55811,41220,Unknown Artist,el-greco,religious_painting,religious_painting
Early_Renaissance,Northern_Renaissance,0.8345028758049011,34712,22806,Unknown Artist,lucas-cranach-the-elder,religious_painting,portrait
High_Renaissance,Mannerism_Late_Renaissance,0.9182392358779907,22541,21660,raphael,paolo-veronese,religious_painting,religious_painting
Northern_Renaissance,High_Renaissance,0.8901922106742859,12996,64951,albrecht-durer,Unknown Artist,portrait,portrait
High_Renaissance,Mannerism_Late_Renaissance,0.9125191569328308,79412,25348,Unknown Artist,paolo-veronese,Unknown Genre,religious_painting
High_Renaissance,Northern_Renaissance,0.8564034700393677,62520,62199,michelangelo,hieronymus-bosch,sketch_and_study,sketch_and_study
High_Renaissance,Baroque,0.8149176239967346,34562,66032,Unknown Artist,Unknown Artist,portrait,portrait
Baroque,Rococo,0.8101317882537842,62974,64285,Unknown Artist,Unknown Artist,portrait,portrait
High_Renaissance,Mannerism_Late_Renaissance,0.8779735565185547,79383,19518,Unknown Artist,tintoretto,Unknown Genre,religious_painting
Early_Renaissance,Mannerism_Late_Renaissance,0.8764835596084595,56066,34954,Unknown Artist,Unknown Artist,religious_painting,sketch_and_study
High_Renaissance,Mannerism_Late_Renaissance,0.9088273048400879,42778,31558,michelangelo,Unknown Artist,sketch_and_study,sketch_and_study
Baroque,Rococo,0.8098907470703125,27938,77072,Unknown Artist,Unknown Artist,still_life,Unknown Genre
High_Renaissance,Northern_Renaissance,0.8635403513908386,56035,4697,titian,albrecht-durer,religious_painting,religious_painting
Early_Renaissance,Northern_Renaissance,0.8217448592185974,59194,18043,Unknown Artist,albrecht-durer,landscape,landscape
Northern_Renaissance,Baroque,0.9059379696846008,2798,2072,albrecht-durer,rembrandt,sketch_and_study,sketch_and_study
Early_Renaissance,High_Renaissance,0.904114842414856,52015,64503,Unknown Artist,raphael,portrait,portrait
Baroque,Rococo,0.9091835021972656,78706,76777,Unknown Artist,Unknown Artist,Unknown Genre,Unknown Genre
High_Renaissance,Northern_Renaissance,0.8730452060699463,45237,28288,Unknown Artist,Unknown Artist,religious_painting,landscape
High_Renaissance,Baroque,0.8759031295776367,40689,11405,leonardo-da-vinci,rembrandt,sketch_and_study,sketch_and_study
Mannerism_Late_Renaissance,Baroque,0.7716202735900879,40469,71911,tintoretto,Unknown Artist,religious_painting,Unknown Genre
Early_Renaissance,Northern_Renaissance,0.8828588724136353,56525,37279,Unknown Artist,Unknown Artist,religious_painting,religious_painting
Northern_Renaissance,High_Renaissance,0.8946422338485718,8202,38325,albrecht-durer,leonardo-da-vinci,sketch_and_study,sketch_and_study
Northern_Renaissance,Rococo,0.8330076932907104,10835,55309,albrecht-durer,Unknown Artist,religious_painting,genre_painting
Early_Renaissance,High_Renaissance,0.864007830619812,36831,76258,Unknown Artist,Unknown Artist,religious_painting,Unknown Genre
Northern_Renaissance,High_Renaissance,0.7985028028488159,50422,33433,hans-holbein-the-younger,titian,portrait,portrait
High_Renaissance,Rococo,0.846067488193512,48496,75163,titian,Unknown Artist,portrait,Unknown Genre
Northern_Renaissance,Mannerism_Late_Renaissance,0.8412900567054749,56873,24447,Unknown Artist,el-greco,religious_painting,religious_painting
Baroque,Rococo,0.8956998586654663,23873,52899,Unknown Artist,Unknown Artist,religious_painting,portrait
High_Renaissance,Baroque,0.8418917655944824,56347,17757,titian,rembrandt,religious_painting,religious_painting
High_Renaissance,Mannerism_Late_Renaissance,0.8414711356163025,32241,68421,titian,Unknown Artist,religious_painting,Unknown Genre
High_Renaissance,Baroque,0.9074012637138367,69785,72211,Unknown Artist,Unknown Artist,Unknown Genre,Unknown Genre
Early_Renaissance,Northern_Renaissance,0.8170785307884216,27413,62446,leonardo-da-vinci,hans-holbein-the-younger,sketch_and_study,sketch_and_study
Baroque,Rococo,0.8154292702674866,62963,28174,joshua-reynolds,Unknown Artist,portrait,portrait
High_Renaissance,Northern_Renaissance,0.8685315251350403,27250,6858,michelangelo,albrecht-durer,sketch_and_study,religious_painting
Early_Renaissance,Northern_Renaissance,0.8367782831192017,45523,30576,Unknown Artist,Unknown Artist,religious_painting,religious_painting
Baroque,Rococo,0.8026439547538757,6379,64637,rembrandt,Unknown Artist,Unknown Genre,portrait
High_Renaissance,Mannerism_Late_Renaissance,0.8808639049530029,64170,34957,titian,tintoretto,portrait,portrait
Mannerism_Late_Renaissance,Baroque,0.8597251176834106,30590,34290,el-greco,anthony-van-dyck,portrait,portrait
High_Renaissance,Mannerism_Late_Renaissance,0.885319173336029,79393,76378,Unknown Artist,Unknown Artist,Unknown Genre,Unknown Genre
Baroque,Rococo,0.9191811680793762,74625,57922,Unknown Artist,Unknown Artist,Unknown Genre,cityscape
Baroque,Rococo,0.8205304145812988,52455,64332,frans-hals,Unknown Artist,portrait,portrait
Baroque,Rococo,0.8874247670173645,63010,46673,Unknown Artist,Unknown Artist,portrait,portrait
Early_Renaissance,Northern_Renaissance,0.8803606629371643,56683,43174,fra-angelico,Unknown Artist,religious_painting,religious_painting
Early_Renaissance,Northern_Renaissance,0.7903342843055725,38878,81079,pietro-perugino,Unknown Artist,religious_painting,Unknown Genre
Early_Renaissance,High_Renaissance,0.8306309580802917,52443,26573,Unknown Artist,Unknown Artist,illustration,religious_painting
High_Renaissance,Northern_Renaissance,0.8733549118041992,47382,4904,michelangelo,albrecht-durer,sketch_and_study,religious_painting
High_Renaissance,Mannerism_Late_Renaissance,0.8951886892318726,20501,78522,Unknown Artist,Unknown Artist,religious_painting,Unknown Genre
Early_Renaissance,High_Renaissance,0.9269762635231018,21326,28916,Unknown Artist,Unknown Artist,religious_painting,religious_painting
Baroque,Rococo,0.8660736680030823,54043,53437,Unknown Artist,Unknown Artist,genre_painting,genre_painting
Early_Renaissance,Northern_Renaissance,0.8226944208145142,56688,64546,Unknown Artist,lucas-cranach-the-elder,religious_painting,portrait
Baroque,Rococo,0.882099986076355,78730,51619,Unknown Artist,Unknown Artist,Unknown Genre,religious_painting
Baroque,Rococo,0.8602932095527649,71631,63545,Unknown Artist,Unknown Artist,Unknown Genre,portrait
Baroque,Rococo,0.8414191007614136,64370,34420,jacob-jordaens,Unknown Artist,portrait,portrait
Northern_Renaissance,High_Renaissance,0.8580902218818665,58915,38539,Unknown Artist,leonardo-da-vinci,landscape,sketch_and_study
High_Renaissance,Northern_Renaissance,0.8096027970314026,38241,56213,Unknown Artist,Unknown Artist,religious_painting,religious_painting
Mannerism_Late_Renaissance,Rococo,0.8662910461425781,48846,43550,paolo-veronese,Unknown Artist,portrait,portrait
Baroque,Rococo,0.9148341417312622,49539,34359,canaletto,Unknown Artist,cityscape,landscape
Baroque,Rococo,0.8693749308586121,24416,30337,Unknown Artist,Unknown Artist,genre_painting,genre_painting
High_Renaissance,Mannerism_Late_Renaissance,0.8896364569664001,35102,65336,Unknown Artist,titian,portrait,portrait
Early_Renaissance,Northern_Renaissance,0.8409684300422668,44742,18054,Unknown Artist,Unknown Artist,religious_painting,Unknown Genre
Early_Renaissance,Northern_Renaissance,0.8745056986808777,25475,62118,leonardo-da-vinci,Unknown Artist,landscape,sketch_and_study
Mannerism_Late_Renaissance,Rococo,0.8852789402008057,21652,43881,titian,joshua-reynolds,religious_painting,portrait
High_Renaissance,Northern_Renaissance,0.8727044463157654,30296,29683,Unknown Artist,hieronymus-bosch,religious_painting,religious_painting
High_Renaissance,Mannerism_Late_Renaissance,0.9001008868217468,79398,45089,Unknown Artist,el-greco,Unknown Genre,religious_painting
Northern_Renaissance,High_Renaissance,0.8971592783927917,81151,56673,Unknown Artist,michelangelo,Unknown Genre,religious_painting
Early_Renaissance,Northern_Renaissance,0.8717191219329834,56372,55750,pietro-perugino,lucas-cranach-the-elder,religious_painting,religious_painting
High_Renaissance,Mannerism_Late_Renaissance,0.9128372073173523,27948,24106,Unknown Artist,paolo-veronese,religious_painting,religious_painting
Early_Renaissance,Northern_Renaissance,0.885603129863739,56322,56599,Unknown Artist,Unknown Artist,religious_painting,religious_painting
Baroque,Rococo,0.8432073593139648,32153,50123,Unknown Artist,joshua-reynolds,religious_painting,portrait
Early_Renaissance,High_Renaissance,0.9354949593544006,28217,39649,Unknown Artist,Unknown Artist,religious_painting,religious_painting
Mannerism_Late_Renaissance,Rococo,0.9090636372566223,23384,42649,paolo-veronese,Unknown Artist,religious_painting,religious_painting
Northern_Renaissance,Baroque,0.7211260795593262,39702,44994,Unknown Artist,Unknown Artist,religious_painting,cityscape
Mannerism_Late_Renaissance,Rococo,0.821495532989502,59772,61043,paolo-veronese,Unknown Artist,landscape,landscape
Early_Renaissance,High_Renaissance,0.9221091866493225,55968,31745,pietro-perugino,Unknown Artist,religious_painting,religious_painting
Northern_Renaissance,Baroque,0.8837140798568726,81123,78691,Unknown Artist,Unknown Artist,Unknown Genre,Unknown Genre
High_Renaissance,Mannerism_Late_Renaissance,0.8169266581535339,56684,20640,pietro-perugino,el-greco,religious_painting,religious_painting
Northern_Renaissance,High_Renaissance,0.8886643648147583,24838,71487,Unknown Artist,Unknown Artist,religious_painting,Unknown Genre
High_Renaissance,Mannerism_Late_Renaissance,0.8919436931610107,30296,74306,Unknown Artist,Unknown Artist,religious_painting,Unknown Genre
Northern_Renaissance,High_Renaissance,0.8691973686218262,18176,65664,albrecht-durer,Unknown Artist,portrait,portrait
Early_Renaissance,High_Renaissance,0.8909913897514343,55692,56772,fra-angelico,Unknown Artist,religious_painting,religious_painting
Mannerism_Late_Renaissance,Baroque,0.8443572521209717,22880,48509,Unknown Artist,Unknown Artist,religious_painting,religious_painting
Early_Renaissance,High_Renaissance,0.8885022401809692,25221,49546,Unknown Artist,raphael,portrait,portrait
Early_Renaissance,High_Renaissance,0.9027624130249023,56623,55823,Unknown Artist,raphael,religious_painting,religious_painting
Northern_Renaissance,Baroque,0.8724262714385986,1183,5399,albrecht-durer,rembrandt,religious_painting,genre_painting
High_Renaissance,Mannerism_Late_Renaissance,0.8283604979515076,39598,44126,Unknown Artist,tintoretto,portrait,portrait
Baroque,Rococo,0.8856601119041443,71631,42558,Unknown Artist,Unknown Artist,Unknown Genre,portrait
Baroque,Rococo,0.883204460144043,20685,65048,peter-paul-rubens,Unknown Artist,portrait,portrait
Northern_Renaissance,High_Renaissance,0.8783726692199707,726,65394,albrecht-durer,titian,religious_painting,portrait
Northern_Renaissance,High_Renaissance,0.8593723177909851,13151,38732,albrecht-durer,michelangelo,religious_painting,religious_painting
Northern_Renaissance,Baroque,0.868362545967102,81126,70994,Unknown Artist,Unknown Artist,Unknown Genre,Unknown Genre
Mannerism_Late_Renaissance,Baroque,0.8156982064247131,27911,42067,Unknown Artist,Unknown Artist,religious_painting,genre_painting
Early_Renaissance,High_Renaissance,0.8808796405792236,33920,26102,Unknown Artist,Unknown Artist,religious_painting,religious_painting
Early_Renaissance,Northern_Renaissance,0.8215475678443909,44030,18070,Unknown Artist,albrecht-durer,religious_painting,portrait
Mannerism_Late_Renaissance,Rococo,0.8406274318695068,19758,71904,paolo-veronese,Unknown Artist,religious_painting,Unknown Genre
Mannerism_Late_Renaissance,Baroque,0.8586212396621704,19219,76328,tintoretto,Unknown Artist,religious_painting,Unknown Genre
Early_Renaissance,Mannerism_Late_Renaissance,0.8303182721138,40757,51905,Unknown Artist,paolo-veronese,religious_painting,portrait
High_Renaissance,Northern_Renaissance,0.83365797996521,40150,17980,leonardo-da-vinci,albrecht-durer,sketch_and_study,portrait
Northern_Renaissance,Mannerism_Late_Renaissance,0.889325737953186,56815,68666,hieronymus-bosch,Unknown Artist,religious_painting,Unknown Genre
Northern_Renaissance,High_Renaissance,0.8664734959602356,46263,20591,hans-holbein-the-younger,Unknown Artist,portrait,portrait
Baroque,Rococo,0.82926344871521,63339,44728,Unknown Artist,Unknown Artist,portrait,portrait
Northern_Renaissance,Baroque,0.9026598930358887,32732,69841,Unknown Artist,Unknown Artist,religious_painting,Unknown Genre
Northern_Renaissance,High_Renaissance,0.8684119582176208,4422,63233,albrecht-durer,Unknown Artist,religious_painting,portrait
Baroque,Rococo,0.8551600575447083,24879,80001,peter-paul-rubens,Unknown Artist,portrait,Unknown Genre
Early_Renaissance,Northern_Renaissance,0.8570838570594788,56700,19611,fra-angelico,hieronymus-bosch,religious_painting,religious_painting
Early_Renaissance,Northern_Renaissance,0.7823418974876404,38339,8079,Unknown Artist,albrecht-durer,religious_painting,religious_painting
Baroque,Rococo,0.859721839427948,53884,34023,Unknown Artist,Unknown Artist,genre_painting,portrait
Baroque,Rococo,0.8760155439376831,769,38042,rembrandt,Unknown Artist,portrait,sketch_and_study
Northern_Renaissance,Baroque,0.84861820936203,23960,20318,Unknown Artist,Unknown Artist,genre_painting,genre_painting
Mannerism_Late_Renaissance,Baroque,0.8088476657867432,51180,66004,Unknown Artist,frans-hals,portrait,portrait
High_Renaissance,Baroque,0.8164264559745789,46517,44799,titian,Unknown Artist,religious_painting,genre_painting
Baroque,Rococo,0.8451955914497375,52214,76246,Unknown Artist,Unknown Artist,genre_painting,Unknown Genre
Early_Renaissance,High_Renaissance,0.8943145871162415,56410,37022,Unknown Artist,Unknown Artist,religious_painting,religious_painting
Early_Renaissance,High_Renaissance,0.9085442423820496,25320,62231,Unknown Artist,leonardo-da-vinci,sketch_and_study,sketch_and_study
Early_Renaissance,High_Renaissance,0.9081080555915833,25482,38210,pietro-perugino,Unknown Artist,religious_painting,religious_painting
Early_Renaissance,High_Renaissance,0.9050664305686951,68566,71899,Unknown Artist,Unknown Artist,Unknown Genre,Unknown Genre
High_Renaissance,Northern_Renaissance,0.8910894989967346,76620,75924,Unknown Artist,Unknown Artist,Unknown Genre,Unknown Genre
Baroque,Rococo,0.8388833999633789,53884,51913,Unknown Artist,joshua-reynolds,genre_painting,portrait
Early_Renaissance,Northern_Renaissance,0.8464875221252441,63839,18184,Unknown Artist,albrecht-durer,portrait,portrait
Mannerism_Late_Renaissance,Baroque,0.8959276676177979,20409,51570,Unknown Artist,Unknown Artist,religious_painting,religious_painting
High_Renaissance,Mannerism_Late_Renaissance,0.8841589689254761,27609,78458,michelangelo,Unknown Artist,religious_painting,Unknown Genre
High_Renaissance,Northern_Renaissance,0.8923436403274536,72848,27691,Unknown Artist,lucas-cranach-the-elder,Unknown Genre,religious_painting
Northern_Renaissance,High_Renaissance,0.907088577747345,34061,56127,Unknown Artist,raphael,religious_painting,religious_painting
Early_Renaissance,High_Renaissance,0.9180148243904114,57024,25702,pietro-perugino,Unknown Artist,religious_painting,religious_painting
High_Renaissance,Baroque,0.8599348664283752,62282,50180,leonardo-da-vinci,peter-paul-rubens,sketch_and_study,religious_painting
Northern_Renaissance,Baroque,0.8463901877403259,41761,48129,Unknown Artist,anthony-van-dyck,portrait,portrait
Northern_Renaissance,High_Renaissance,0.8151859641075134,62250,44304,Unknown Artist,Unknown Artist,sketch_and_study,still_life
Early_Renaissance,High_Renaissance,0.8821417093276978,25782,42036,Unknown Artist,Unknown Artist,religious_painting,religious_painting
Mannerism_Late_Renaissance,Baroque,0.7561305165290833,55339,76846,Unknown Artist,Unknown Artist,genre_painting,Unknown Genre
High_Renaissance,Northern_Renaissance,0.7676559090614319,68622,6100,Unknown Artist,albrecht-durer,Unknown Genre,landscape
Early_Renaissance,High_Renaissance,0.8715968132019043,80536,79380,Unknown Artist,Unknown Artist,Unknown Genre,Unknown Genre
Early_Renaissance,High_Renaissance,0.876099705696106,25758,57148,Unknown Artist,Unknown Artist,religious_painting,religious_painting
Baroque,Rococo,0.8933086395263672,78621,20160,Unknown Artist,Unknown Artist,Unknown Genre,genre_painting
Mannerism_Late_Renaissance,Baroque,0.8872054219245911,68006,71417,Unknown Artist,Unknown Artist,Unknown Genre,Unknown Genre
Northern_Renaissance,Baroque,0.7959942817687988,40830,26268,Unknown Artist,Unknown Artist,portrait,genre_painting
Early_Renaissance,Northern_Renaissance,0.9064204692840576,30622,66028,Unknown Artist,Unknown Artist,portrait,portrait
Northern_Renaissance,Mannerism_Late_Renaissance,0.8732817769050598,72904,75398,Unknown Artist,Unknown Artist,Unknown Genre,Unknown Genre
High_Renaissance,Northern_Renaissance,0.9328843951225281,46466,34154,Unknown Artist,Unknown Artist,religious_painting,religious_painting
Early_Renaissance,High_Renaissance,0.8944478034973145,72294,62535,Unknown Artist,leonardo-da-vinci,Unknown Genre,sketch_and_study
Early_Renaissance,High_Renaissance,0.8637402057647705,30577,62183,leonardo-da-vinci,raphael,sketch_and_study,sketch_and_study
Northern_Renaissance,High_Renaissance,0.8951623439788818,21368,74349,Unknown Artist,Unknown Artist,landscape,Unknown Genre
Baroque,Rococo,0.8673743009567261,53178,49625,Unknown Artist,Unknown Artist,genre_painting,genre_painting
Early_Renaissance,Mannerism_Late_Renaissance,0.9154185056686401,19052,62469,leonardo-da-vinci,Unknown Artist,sketch_and_study,sketch_and_study
High_Renaissance,Northern_Renaissance,0.8134974837303162,34101,23666,raphael,lucas-cranach-the-elder,portrait,portrait
High_Renaissance,Mannerism_Late_Renaissance,0.9132983088493347,22248,44082,raphael,Unknown Artist,religious_painting,religious_painting
High_Renaissance,Mannerism_Late_Renaissance,0.8725097179412842,73947,22294,Unknown Artist,Unknown Artist,Unknown Genre,portrait
High_Renaissance,Northern_Renaissance,0.8175914287567139,54547,73629,michelangelo,Unknown Artist,genre_painting,Unknown Genre
Early_Renaissance,High_Renaissance,0.8872032165527344,55771,44981,Unknown Artist,Unknown Artist,religious_painting,religious_painting
High_Renaissance,Baroque,0.8539990186691284,56503,42531,Unknown Artist,Unknown Artist,religious_painting,religious_painting
Early_Renaissance,High_Renaissance,0.8658415675163269,30562,66046,leonardo-da-vinci,Unknown Artist,sketch_and_study,portrait
High_Renaissance,Mannerism_Late_Renaissance,0.8671979308128357,71489,68797,Unknown Artist,Unknown Artist,Unknown Genre,Unknown Genre
Mannerism_Late_Renaissance,Baroque,0.8648718595504761,32473,49112,Unknown Artist,Unknown Artist,religious_painting,religious_painting
Early_Renaissance,High_Renaissance,0.8670229911804199,27787,23362,leonardo-da-vinci,leonardo-da-vinci,sketch_and_study,sketch_and_study
Mannerism_Late_Renaissance,Baroque,0.8684413433074951,26204,63010,titian,Unknown Artist,portrait,portrait
Northern_Renaissance,Baroque,0.8754012584686279,56380,27654,Unknown Artist,peter-paul-rubens,religious_painting,religious_painting
Mannerism_Late_Renaissance,Baroque,0.8965452909469604,29310,72645,paolo-veronese,Unknown Artist,religious_painting,Unknown Genre
Baroque,Rococo,0.7552621364593506,57095,48835,Unknown Artist,thomas-gainsborough,religious_painting,cityscape
Early_Renaissance,Northern_Renaissance,0.8359079957008362,49238,81154,Unknown Artist,Unknown Artist,religious_painting,Unknown Genre
High_Renaissance,Northern_Renaissance,0.8645890355110168,72483,56613,Unknown Artist,Unknown Artist,Unknown Genre,religious_painting
Early_Renaissance,Northern_Renaissance,0.8856055736541748,29053,55945,Unknown Artist,Unknown Artist,religious_painting,religious_painting
High_Renaissance,Northern_Renaissance,0.8076578974723816,79382,36673,Unknown Artist,hans-holbein-the-younger,Unknown Genre,portrait
Early_Renaissance,Baroque,0.7872001528739929,41065,55126,Unknown Artist,Unknown Artist,religious_painting,genre_painting
Early_Renaissance,High_Renaissance,0.8161382079124451,61990,71172,Unknown Artist,Unknown Artist,sketch_and_study,Unknown Genre
Northern_Renaissance,Baroque,0.8710665702819824,23960,55371,Unknown Artist,Unknown Artist,genre_painting,genre_painting
Early_Renaissance,High_Renaissance,0.8927084803581238,35725,56859,Unknown Artist,Unknown Artist,religious_painting,religious_painting
High_Renaissance,Mannerism_Late_Renaissance,0.8854503631591797,19227,32473,raphael,Unknown Artist,religious_painting,religious_painting
High_Renaissance,Mannerism_Late_Renaissance,0.8125285506248474,64724,63408,Unknown Artist,Unknown Artist,portrait,portrait
High_Renaissance,Mannerism_Late_Renaissance,0.888414204120636,44282,29975,Unknown Artist,Unknown Artist,portrait,portrait
High_Renaissance,Mannerism_Late_Renaissance,0.8818967938423157,26983,56935,titian,paolo-veronese,religious_painting,religious_painting
Northern_Renaissance,Rococo,0.8743937611579895,5352,30643,albrecht-durer,Unknown Artist,sketch_and_study,genre_painting
Baroque,Rococo,0.9115923047065735,36263,33724,Unknown Artist,Unknown Artist,religious_painting,religious_painting
Baroque,Rococo,0.8230385780334473,23320,63786,joshua-reynolds,Unknown Artist,portrait,portrait
High_Renaissance,Mannerism_Late_Renaissance,0.8719761967658997,56325,47813,Unknown Artist,el-greco,religious_painting,religious_painting
High_Renaissance,Northern_Renaissance,0.8333215713500977,56806,42885,pietro-perugino,lucas-cranach-the-elder,religious_painting,portrait
Northern_Renaissance,Mannerism_Late_Renaissance,0.8318579792976379,56893,28309,lucas-cranach-the-elder,el-greco,religious_painting,religious_painting
Early_Renaissance,Northern_Renaissance,0.8941953182220459,25221,37848,Unknown Artist,Unknown Artist,portrait,portrait
Early_Renaissance,High_Renaissance,0.910460889339447,49002,19837,Unknown Artist,Unknown Artist,religious_painting,religious_painting
High_Renaissance,Baroque,0.8276399374008179,30981,24005,Unknown Artist,Unknown Artist,religious_painting,religious_painting
High_Renaissance,Mannerism_Late_Renaissance,0.9101839661598206,41037,29303,michelangelo,Unknown Artist,sketch_and_study,sketch_and_study
High_Renaissance,Mannerism_Late_Renaissance,0.8858151435852051,43350,42506,titian,titian,portrait,portrait
High_Renaissance,Northern_Renaissance,0.8652240037918091,62520,7258,michelangelo,albrecht-durer,sketch_and_study,religious_painting
Early_Renaissance,High_Renaissance,0.8862929940223694,57011,39051,Unknown Artist,titian,religious_painting,religious_painting
Baroque,Rococo,0.8734954595565796,60026,24520,Unknown Artist,Unknown Artist,landscape,landscape
Northern_Renaissance,High_Renaissance,0.8790119290351868,24838,69083,Unknown Artist,Unknown Artist,religious_painting,Unknown Genre
Early_Renaissance,Northern_Renaissance,0.8137877583503723,73675,9653,Unknown Artist,Unknown Artist,Unknown Genre,Unknown Genre
High_Renaissance,Baroque,0.7865709066390991,70215,17750,Unknown Artist,rembrandt,Unknown Genre,portrait
Early_Renaissance,High_Renaissance,0.783231258392334,66265,40764,pietro-perugino,titian,portrait,portrait
Northern_Renaissance,Mannerism_Late_Renaissance,0.9091032147407532,20883,56266,Unknown Artist,Unknown Artist,religious_painting,religious_painting
Early_Renaissance,High_Renaissance,0.9166725873947144,48338,56325,Unknown Artist,Unknown Artist,religious_painting,religious_painting
High_Renaissance,Mannerism_Late_Renaissance,0.9311761260032654,26261,20390,Unknown Artist,Unknown Artist,sketch_and_study,sketch_and_study
High_Renaissance,Mannerism_Late_Renaissance,0.8673145771026611,46629,23824,titian,titian,portrait,portrait
Mannerism_Late_Renaissance,Baroque,0.8500986099243164,31435,6328,Unknown Artist,rembrandt,religious_painting,religious_painting
Early_Renaissance,High_Renaissance,0.8358977437019348,74826,42868,Unknown Artist,raphael,Unknown Genre,religious_painting
Baroque,Rococo,0.8324330449104309,50243,21089,anthony-van-dyck,Unknown Artist,religious_painting,genre_painting
High_Renaissance,Northern_Renaissance,0.8276846408843994,25069,51926,Unknown Artist,Unknown Artist,religious_painting,genre_painting
Early_Renaissance,High_Renaissance,0.85288006067276,19614,20255,pietro-perugino,titian,religious_painting,religious_painting
High_Renaissance,Baroque,0.8071045279502869,21503,73677,Unknown Artist,Unknown Artist,religious_painting,Unknown Genre
Northern_Renaissance,Baroque,0.8262439370155334,74368,33940,Unknown Artist,Unknown Artist,Unknown Genre,genre_painting
Northern_Renaissance,High_Renaissance,0.8714286088943481,40320,57101,lucas-cranach-the-elder,Unknown Artist,religious_painting,religious_painting
Northern_Renaissance,High_Renaissance,0.9328843951225281,34154,46466,Unknown Artist,Unknown Artist,religious_painting,religious_painting
Northern_Renaissance,Baroque,0.9062830805778503,21701,38397,Unknown Artist,Unknown Artist,religious_painting,religious_painting
Baroque,Rococo,0.9053657054901123,68651,71269,Unknown Artist,Unknown Artist,Unknown Genre,Unknown Genre
Early_Renaissance,High_Renaissance,0.8963106274604797,75873,71698,Unknown Artist,Unknown Artist,Unknown Genre,Unknown Genre
High_Renaissance,Mannerism_Late_Renaissance,0.8770053386688232,27927,45215,raphael,tintoretto,portrait,portrait
Early_Renaissance,Mannerism_Late_Renaissance,0.911820650100708,39021,56394,Unknown Artist,el-greco,religious_painting,religious_painting
Early_Renaissance,Northern_Renaissance,0.9306703805923462,56604,25485,leonardo-da-vinci,Unknown Artist,religious_painting,religious_painting
High_Renaissance,Northern_Renaissance,0.9011442065238953,61987,18156,michelangelo,albrecht-durer,sketch_and_study,genre_painting
Baroque,Rococo,0.8904337286949158,78706,58568,Unknown Artist,Unknown Artist,Unknown Genre,cityscape
High_Renaissance,Mannerism_Late_Renaissance,0.9212933778762817,71487,72138,Unknown Artist,Unknown Artist,Unknown Genre,Unknown Genre
Early_Renaissance,Northern_Renaissance,0.8456992506980896,38887,10596,Unknown Artist,albrecht-durer,religious_painting,religious_painting
Northern_Renaissance,Rococo,0.8738453388214111,41761,45707,Unknown Artist,Unknown Artist,portrait,portrait
Baroque,Rococo,0.8103815317153931,62974,23488,Unknown Artist,Unknown Artist,portrait,portrait
High_Renaissance,Northern_Renaissance,0.8751934766769409,27923,28487,Unknown Artist,Unknown Artist,religious_painting,religious_painting
Mannerism_Late_Renaissance,Baroque,0.8416039347648621,30927,38777,titian,anthony-van-dyck,portrait,portrait
Early_Renaissance,High_Renaissance,0.854451596736908,74826,33495,Unknown Artist,michelangelo,Unknown Genre,religious_painting
Early_Renaissance,High_Renaissance,0.8765389323234558,22676,73104,Unknown Artist,Unknown Artist,religious_painting,Unknown Genre
Early_Renaissance,Northern_Renaissance,0.8806402087211609,25320,30255,Unknown Artist,Unknown Artist,sketch_and_study,sketch_and_study
Early_Renaissance,Northern_Renaissance,0.893494188785553,56407,2175,Unknown Artist,albrecht-durer,religious_painting,religious_painting
High_Renaissance,Mannerism_Late_Renaissance,0.8437555432319641,44652,44273,titian,el-greco,religious_painting,religious_painting
High_Renaissance,Baroque,0.8265145421028137,46517,24033,titian,Unknown Artist,religious_painting,genre_painting
Early_Renaissance,High_Renaissance,0.8975722789764404,51286,32116,Unknown Artist,pietro-perugino,religious_painting,religious_painting
Baroque,Rococo,0.881605327129364,45817,61912,Unknown Artist,Unknown Artist,still_life,still_life
Early_Renaissance,High_Renaissance,0.8901360034942627,55838,20109,Unknown Artist,Unknown Artist,religious_painting,religious_painting
Mannerism_Late_Renaissance,Baroque,0.8967395424842834,46545,39345,Unknown Artist,Unknown Artist,sketch_and_study,sketch_and_study
High_Renaissance,Mannerism_Late_Renaissance,0.8903598785400391,24418,76895,titian,Unknown Artist,religious_painting,Unknown Genre
High_Renaissance,Baroque,0.8857024312019348,40689,9157,leonardo-da-vinci,rembrandt,sketch_and_study,religious_painting
High_Renaissance,Mannerism_Late_Renaissance,0.8689957857131958,79404,70435,Unknown Artist,Unknown Artist,Unknown Genre,Unknown Genre
Early_Renaissance,High_Renaissance,0.8757352828979492,74826,69022,Unknown Artist,Unknown Artist,Unknown Genre,Unknown Genre
Baroque,Rococo,0.8630838990211487,71631,41193,Unknown Artist,thomas-gainsborough,Unknown Genre,portrait
Northern_Renaissance,Mannerism_Late_Renaissance,0.9088765978813171,44218,48288,Unknown Artist,Unknown Artist,religious_painting,religious_painting
Northern_Renaissance,Baroque,0.8532029986381531,1935,56418,albrecht-durer,Unknown Artist,religious_painting,religious_painting
Northern_Renaissance,Mannerism_Late_Renaissance,0.8552573323249817,20178,70619,hans-memling,Unknown Artist,religious_painting,Unknown Genre
Early_Renaissance,Mannerism_Late_Renaissance,0.9066361784934998,61990,47417,Unknown Artist,Unknown Artist,sketch_and_study,nude_painting
Early_Renaissance,Mannerism_Late_Renaissance,0.8522266149520874,49320,50862,Unknown Artist,Unknown Artist,portrait,religious_painting
Mannerism_Late_Renaissance,Rococo,0.9033474326133728,55942,46469,paolo-veronese,Unknown Artist,religious_painting,religious_painting
Early_Renaissance,Mannerism_Late_Renaissance,0.8583078384399414,63897,23148,Unknown Artist,Unknown Artist,portrait,portrait
Baroque,Rococo,0.9217008352279663,62963,22171,joshua-reynolds,joshua-reynolds,portrait,portrait
High_Renaissance,Northern_Renaissance,0.7885192632675171,71749,18162,Unknown Artist,albrecht-durer,Unknown Genre,genre_painting
Baroque,Rococo,0.8734355568885803,78691,21627,Unknown Artist,Unknown Artist,Unknown Genre,genre_painting
Early_Renaissance,Northern_Renaissance,0.7908025979995728,64667,51735,Unknown Artist,hans-holbein-the-younger,portrait,portrait
Early_Renaissance,High_Renaissance,0.9062882661819458,55869,28746,Unknown Artist,pietro-perugino,religious_painting,religious_painting
Mannerism_Late_Renaissance,Rococo,0.8641501069068909,63074,63124,titian,Unknown Artist,portrait,portrait
Early_Renaissance,High_Renaissance,0.8441789746284485,56123,79361,pietro-perugino,Unknown Artist,religious_painting,Unknown Genre
Baroque,Rococo,0.8281673192977905,63339,46586,Unknown Artist,Unknown Artist,portrait,portrait
Northern_Renaissance,Baroque,0.9058887958526611,41761,12066,Unknown Artist,rembrandt,portrait,portrait
High_Renaissance,Northern_Renaissance,0.8999529480934143,54547,5848,michelangelo,albrecht-durer,genre_painting,sketch_and_study
Mannerism_Late_Renaissance,Baroque,0.8594558835029602,21912,111,Unknown Artist,rembrandt,portrait,Unknown Genre
Early_Renaissance,Mannerism_Late_Renaissance,0.809485137462616,39895,73115,Unknown Artist,Unknown Artist,religious_painting,Unknown Genre
High_Renaissance,Mannerism_Late_Renaissance,0.8708393573760986,30981,56891,Unknown Artist,paolo-veronese,religious_painting,religious_painting
High_Renaissance,Northern_Renaissance,0.8409119844436646,61987,8132,michelangelo,albrecht-durer,sketch_and_study,sketch_and_study
High_Renaissance,Northern_Renaissance,0.8497306108474731,46342,55755,Unknown Artist,Unknown Artist,religious_painting,religious_painting
High_Renaissance,Mannerism_Late_Renaissance,0.8313942551612854,64170,28413,titian,tintoretto,portrait,portrait
High_Renaissance,Baroque,0.8177815675735474,27560,54247,Unknown Artist,Unknown Artist,religious_painting,genre_painting
Baroque,Rococo,0.8872554898262024,75674,57063,Unknown Artist,Unknown Artist,Unknown Genre,religious_painting
Early_Renaissance,Northern_Renaissance,0.8680166602134705,25221,46199,Unknown Artist,lucas-cranach-the-elder,portrait,portrait
Baroque,Rococo,0.8495141267776489,37959,51855,canaletto,Unknown Artist,cityscape,cityscape
Mannerism_Late_Renaissance,Baroque,0.8506014943122864,38062,5904,tintoretto,rembrandt,religious_painting,religious_painting
High_Renaissance,Mannerism_Late_Renaissance,0.8507103323936462,41661,27283,titian,titian,portrait,portrait
Northern_Renaissance,Baroque,0.7858672738075256,81126,74177,Unknown Artist,Unknown Artist,Unknown Genre,Unknown Genre
Early_Renaissance,High_Renaissance,0.8845300078392029,20738,26620,Unknown Artist,Unknown Artist,religious_painting,religious_painting
High_Renaissance,Mannerism_Late_Renaissance,0.9302549362182617,22248,30786,raphael,Unknown Artist,religious_painting,religious_painting
Early_Renaissance,High_Renaissance,0.881986141204834,30622,44092,Unknown Artist,Unknown Artist,portrait,portrait
Northern_Renaissance,Mannerism_Late_Renaissance,0.8774946928024292,42819,56357,Unknown Artist,el-greco,religious_painting,religious_painting
Baroque,Rococo,0.850206732749939,6328,47218,rembrandt,Unknown Artist,religious_painting,genre_painting
Mannerism_Late_Renaissance,Baroque,0.891126811504364,49582,27712,tintoretto,Unknown Artist,religious_painting,religious_painting
Mannerism_Late_Renaissance,Baroque,0.8061723709106445,64141,33061,Unknown Artist,Unknown Artist,portrait,genre_painting
Early_Renaissance,High_Renaissance,0.8640978336334229,44764,75007,Unknown Artist,Unknown Artist,religious_painting,Unknown Genre
High_Renaissance,Mannerism_Late_Renaissance,0.8880279064178467,28723,50198,michelangelo,Unknown Artist,sketch_and_study,nude_painting
Early_Renaissance,High_Renaissance,0.891158938407898,27300,26865,Unknown Artist,pietro-perugino,religious_painting,religious_painting
High_Renaissance,Northern_Renaissance,0.8942072987556458,33619,28621,pietro-perugino,lucas-cranach-the-elder,religious_painting,portrait
Northern_Renaissance,Rococo,0.7644062042236328,64546,39851,lucas-cranach-the-elder,Unknown Artist,portrait,sketch_and_study
Baroque,Rococo,0.9235698580741882,75212,70336,Unknown Artist,Unknown Artist,Unknown Genre,Unknown Genre
Northern_Renaissance,High_Renaissance,0.8249896168708801,52916,29833,Unknown Artist,raphael,portrait,portrait
Early_Renaissance,Baroque,0.8670195937156677,47720,68510,Unknown Artist,Unknown Artist,sketch_and_study,Unknown Genre
Early_Renaissance,Northern_Renaissance,0.8657302856445312,56407,17993,Unknown Artist,albrecht-durer,religious_painting,religious_painting
Mannerism_Late_Renaissance,Rococo,0.8895543217658997,74276,80028,Unknown Artist,Unknown Artist,Unknown Genre,Unknown Genre
High_Renaissance,Baroque,0.8964287638664246,30163,19462,Unknown Artist,Unknown Artist,religious_painting,religious_painting
Early_Renaissance,Northern_Renaissance,0.8697056174278259,56274,55963,Unknown Artist,hans-memling,religious_painting,religious_painting
Early_Renaissance,Mannerism_Late_Renaissance,0.8927296996116638,25709,33709,pietro-perugino,Unknown Artist,religious_painting,religious_painting
High_Renaissance,Northern_Renaissance,0.8718360662460327,41490,70184,Unknown Artist,Unknown Artist,portrait,Unknown Genre
High_Renaissance,Northern_Renaissance,0.8787328004837036,28360,8010,titian,albrecht-durer,sketch_and_study,religious_painting
Early_Renaissance,Northern_Renaissance,0.8388764262199402,25475,33763,leonardo-da-vinci,Unknown Artist,landscape,landscape
High_Renaissance,Northern_Renaissance,0.8629809617996216,56035,8682,titian,albrecht-durer,religious_painting,religious_painting
Northern_Renaissance,High_Renaissance,0.8498824834823608,24282,34101,Unknown Artist,raphael,portrait,portrait
Early_Renaissance,Mannerism_Late_Renaissance,0.8857362270355225,25846,42228,Unknown Artist,paolo-veronese,religious_painting,religious_painting
High_Renaissance,Northern_Renaissance,0.8820786476135254,64906,3783,raphael,albrecht-durer,portrait,portrait
High_Renaissance,Mannerism_Late_Renaissance,0.8648511171340942,46629,63176,titian,tintoretto,portrait,portrait
Baroque,Rococo,0.8754318356513977,4552,65266,rembrandt,Unknown Artist,portrait,portrait
Early_Renaissance,Northern_Renaissance,0.8688947558403015,46451,25153,Unknown Artist,lucas-cranach-the-elder,portrait,portrait
Baroque,Rococo,0.825379490852356,53178,26285,Unknown Artist,Unknown Artist,genre_painting,genre_painting
Mannerism_Late_Renaissance,Baroque,0.8983882069587708,71825,71768,Unknown Artist,Unknown Artist,Unknown Genre,Unknown Genre
Northern_Renaissance,Mannerism_Late_Renaissance,0.8967641592025757,7634,25671,albrecht-durer,Unknown Artist,genre_painting,cityscape
Early_Renaissance,Mannerism_Late_Renaissance,0.8757474422454834,56251,78449,Unknown Artist,Unknown Artist,religious_painting,Unknown Genre
Early_Renaissance,Northern_Renaissance,0.898949384689331,56737,17974,Unknown Artist,albrecht-durer,religious_painting,religious_painting
Northern_Renaissance,High_Renaissance,0.8283652067184448,34025,48961,Unknown Artist,titian,religious_painting,religious_painting
High_Renaissance,Baroque,0.8291394114494324,46517,17756,titian,rembrandt,religious_painting,religious_painting
Early_Renaissance,Northern_Renaissance,0.8283175826072693,47252,42134,pietro-perugino,Unknown Artist,religious_painting,religious_painting
Early_Renaissance,High_Renaissance,0.9114490747451782,31718,45616,Unknown Artist,raphael,religious_painting,religious_painting
High_Renaissance,Mannerism_Late_Renaissance,0.8975411653518677,25211,73488,Unknown Artist,Unknown Artist,religious_painting,Unknown Genre
Northern_Renaissance,High_Renaissance,0.8343026638031006,11936,79371,Unknown Artist,Unknown Artist,Unknown Genre,Unknown Genre
High_Renaissance,Mannerism_Late_Renaissance,0.8636632561683655,28365,33170,titian,el-greco,portrait,portrait
Early_Renaissance,High_Renaissance,0.8879396915435791,33407,62514,Unknown Artist,leonardo-da-vinci,religious_painting,sketch_and_study
High_Renaissance,Mannerism_Late_Renaissance,0.9042632579803467,27948,57029,Unknown Artist,paolo-veronese,religious_painting,religious_painting
Northern_Renaissance,Mannerism_Late_Renaissance,0.9030063152313232,81158,72396,Unknown Artist,Unknown Artist,Unknown Genre,Unknown Genre
Mannerism_Late_Renaissance,Rococo,0.8685259222984314,56565,75160,paolo-veronese,Unknown Artist,religious_painting,Unknown Genre
High_Renaissance,Mannerism_Late_Renaissance,0.894554853439331,43505,76098,Unknown Artist,Unknown Artist,religious_painting,Unknown Genre
Early_Renaissance,Northern_Renaissance,0.8379440307617188,42712,41923,fra-angelico,Unknown Artist,religious_painting,religious_painting
Baroque,Rococo,0.8980652689933777,45453,35901,Unknown Artist,Unknown Artist,religious_painting,religious_painting
Baroque,Rococo,0.8376197218894958,52224,19368,frans-hals,Unknown Artist,portrait,portrait
Early_Renaissance,Mannerism_Late_Renaissance,0.877805769443512,56857,29428,fra-angelico,el-greco,religious_painting,religious_painting
Early_Renaissance,High_Renaissance,0.8478385210037231,72375,72148,Unknown Artist,Unknown Artist,Unknown Genre,Unknown Genre
Mannerism_Late_Renaissance,Baroque,0.8314664363861084,78522,78630,Unknown Artist,Unknown Artist,Unknown Genre,Unknown Genre
Northern_Renaissance,Mannerism_Late_Renaissance,0.8250572085380554,44829,75494,Unknown Artist,Unknown Artist,religious_painting,Unknown Genre
Baroque,Rococo,0.8115095496177673,17596,63558,rembrandt,Unknown Artist,Unknown Genre,portrait
Early_Renaissance,High_Renaissance,0.8740105628967285,56123,46596,pietro-perugino,michelangelo,religious_painting,religious_painting
Baroque,Rococo,0.8794440031051636,71631,64208,Unknown Artist,thomas-gainsborough,Unknown Genre,portrait
High_Renaissance,Mannerism_Late_Renaissance,0.8878252506256104,27927,63929,raphael,titian,portrait,portrait
Early_Renaissance,High_Renaissance,0.8915299773216248,25320,62430,Unknown Artist,raphael,sketch_and_study,sketch_and_study
High_Renaissance,Northern_Renaissance,0.9182887673377991,55834,48975,Unknown Artist,lucas-cranach-the-elder,religious_painting,religious_painting
High_Renaissance,Mannerism_Late_Renaissance,0.8949717283248901,38892,63921,Unknown Artist,Unknown Artist,portrait,portrait
Early_Renaissance,Baroque,0.8626843094825745,22041,50240,Unknown Artist,Unknown Artist,religious_painting,religious_painting
Early_Renaissance,High_Renaissance,0.8895395994186401,29714,45025,Unknown Artist,Unknown Artist,religious_painting,religious_painting
Baroque,Rococo,0.8137086629867554,23320,43873,joshua-reynolds,joshua-reynolds,portrait,portrait
High_Renaissance,Northern_Renaissance,0.8739813566207886,27547,56458,Unknown Artist,Unknown Artist,religious_painting,religious_painting
High_Renaissance,Mannerism_Late_Renaissance,0.9217243790626526,22248,41834,raphael,paolo-veronese,religious_painting,religious_painting
Baroque,Rococo,0.8686681389808655,7408,77230,rembrandt,Unknown Artist,religious_painting,Unknown Genre
Mannerism_Late_Renaissance,Rococo,0.8073757886886597,38062,71057,tintoretto,Unknown Artist,religious_painting,Unknown Genre
High_Renaissance,Northern_Renaissance,0.8622826933860779,61949,11250,raphael,Unknown Artist,sketch_and_study,Unknown Genre
Northern_Renaissance,Baroque,0.8238720893859863,17996,17591,albrecht-durer,rembrandt,genre_painting,genre_painting
High_Renaissance,Mannerism_Late_Renaissance,0.8756974339485168,75432,78530,Unknown Artist,Unknown Artist,Unknown Genre,Unknown Genre
Northern_Renaissance,High_Renaissance,0.8866283893585205,2635,62467,albrecht-durer,leonardo-da-vinci,sketch_and_study,sketch_and_study
High_Renaissance,Mannerism_Late_Renaissance,0.9221755266189575,37410,42995,michelangelo,el-greco,religious_painting,religious_painting
Baroque,Rococo,0.8261287212371826,74510,80097,Unknown Artist,Unknown Artist,Unknown Genre,Unknown Genre
Early_Renaissance,High_Renaissance,0.8086236715316772,73428,74852,Unknown Artist,Unknown Artist,Unknown Genre,Unknown Genre
Baroque,Rococo,0.7906188368797302,11963,31539,rembrandt,Unknown Artist,portrait,portrait
Baroque,Rococo,0.8870956897735596,769,62955,rembrandt,Unknown Artist,portrait,portrait
High_Renaissance,Mannerism_Late_Renaissance,0.9068695902824402,79397,70098,Unknown Artist,Unknown Artist,Unknown Genre,Unknown Genre
High_Renaissance,Rococo,0.8659969568252563,68831,64123,Unknown Artist,Unknown Artist,Unknown Genre,portrait
Northern_Renaissance,Baroque,0.8585566878318787,35405,44287,Unknown Artist,Unknown Artist,genre_painting,genre_painting
Northern_Renaissance,Mannerism_Late_Renaissance,0.8681986331939697,9022,78516,albrecht-durer,Unknown Artist,portrait,Unknown Genre
Mannerism_Late_Renaissance,Baroque,0.8669242858886719,45215,8001,tintoretto,rembrandt,portrait,portrait
Mannerism_Late_Renaissance,Rococo,0.8838893175125122,29939,34700,titian,Unknown Artist,portrait,portrait
Northern_Renaissance,High_Renaissance,0.9043242931365967,56826,25324,Unknown Artist,Unknown Artist,religious_painting,religious_painting
Northern_Renaissance,Mannerism_Late_Renaissance,0.872520923614502,43039,44188,Unknown Artist,Unknown Artist,religious_painting,religious_painting
High_Renaissance,Northern_Renaissance,0.8579500913619995,31934,24186,raphael,lucas-cranach-the-elder,portrait,portrait
High_Renaissance,Baroque,0.8749492168426514,70624,36133,Unknown Artist,Unknown Artist,Unknown Genre,religious_painting
High_Renaissance,Mannerism_Late_Renaissance,0.8785954713821411,44981,38707,Unknown Artist,titian,religious_painting,religious_painting
Northern_Renaissance,High_Renaissance,0.9011908173561096,48542,48517,hans-memling,Unknown Artist,religious_painting,religious_painting
Northern_Renaissance,Baroque,0.9184980988502502,34061,25414,Unknown Artist,peter-paul-rubens,religious_painting,religious_painting
Early_Renaissance,Baroque,0.8967940807342529,56593,56984,Unknown Artist,Unknown Artist,religious_painting,religious_painting
Northern_Renaissance,High_Renaissance,0.7670258283615112,46263,64170,hans-holbein-the-younger,titian,portrait,portrait
High_Renaissance,Mannerism_Late_Renaissance,0.8360413312911987,39421,69544,titian,Unknown Artist,portrait,Unknown Genre
Baroque,Rococo,0.8246036171913147,17567,73539,rembrandt,Unknown Artist,religious_painting,Unknown Genre
Northern_Renaissance,High_Renaissance,0.868953287601471,29110,67799,Unknown Artist,Unknown Artist,religious_painting,Unknown Genre
High_Renaissance,Mannerism_Late_Renaissance,0.8738688230514526,54961,55612,titian,Unknown Artist,genre_painting,religious_painting
High_Renaissance,Mannerism_Late_Renaissance,0.9202823042869568,23800,78533,michelangelo,Unknown Artist,religious_painting,Unknown Genre
Mannerism_Late_Renaissance,Baroque,0.7935025691986084,55978,71835,tintoretto,Unknown Artist,religious_painting,Unknown Genre
Early_Renaissance,Mannerism_Late_Renaissance,0.853295624256134,25963,21845,Unknown Artist,el-greco,religious_painting,religious_painting
Baroque,Rococo,0.8588492274284363,64322,46348,Unknown Artist,Unknown Artist,portrait,portrait
Early_Renaissance,High_Renaissance,0.8715749979019165,42667,79363,Unknown Artist,Unknown Artist,religious_painting,Unknown Genre
Mannerism_Late_Renaissance,Baroque,0.8387457728385925,68818,30870,Unknown Artist,Unknown Artist,Unknown Genre,still_life
Early_Renaissance,Northern_Renaissance,0.8667365908622742,48891,43720,fra-angelico,hieronymus-bosch,religious_painting,religious_painting
High_Renaissance,Mannerism_Late_Renaissance,0.8781020045280457,48204,57088,Unknown Artist,Unknown Artist,religious_painting,religious_painting
Baroque,Rococo,0.8662062883377075,78760,31688,Unknown Artist,Unknown Artist,Unknown Genre,cityscape
Baroque,Rococo,0.8073789477348328,68496,63654,Unknown Artist,Unknown Artist,Unknown Genre,portrait
Early_Renaissance,Mannerism_Late_Renaissance,0.8591211438179016,37938,20484,Unknown Artist,el-greco,religious_painting,religious_painting
Northern_Renaissance,Baroque,0.8683982491493225,21368,46955,Unknown Artist,Unknown Artist,landscape,landscape
High_Renaissance,Northern_Renaissance,0.8390812277793884,63502,8438,Unknown Artist,albrecht-durer,portrait,sketch_and_study
Northern_Renaissance,Baroque,0.8838778138160706,72904,78632,Unknown Artist,Unknown Artist,Unknown Genre,Unknown Genre
High_Renaissance,Mannerism_Late_Renaissance,0.9210799336433411,27927,64875,raphael,titian,portrait,portrait
Early_Renaissance,High_Renaissance,0.8976489305496216,30154,55982,Unknown Artist,Unknown Artist,religious_painting,religious_painting
High_Renaissance,Mannerism_Late_Renaissance,0.8851329684257507,25069,38722,Unknown Artist,tintoretto,religious_painting,religious_painting
Early_Renaissance,High_Renaissance,0.9181414842605591,69439,55985,Unknown Artist,raphael,Unknown Genre,religious_painting
Northern_Renaissance,High_Renaissance,0.8794907331466675,1906,27039,Unknown Artist,michelangelo,Unknown Genre,sketch_and_study
Mannerism_Late_Renaissance,Baroque,0.7900276184082031,55339,38671,Unknown Artist,Unknown Artist,genre_painting,genre_painting
Early_Renaissance,High_Renaissance,0.8933152556419373,42889,44876,Unknown Artist,Unknown Artist,religious_painting,religious_painting
Early_Renaissance,High_Renaissance,0.8690710067749023,28296,56247,Unknown Artist,michelangelo,religious_painting,religious_painting
Early_Renaissance,Mannerism_Late_Renaissance,0.8162691593170166,56498,59045,Unknown Artist,paolo-veronese,religious_painting,landscape
Baroque,Rococo,0.8357956409454346,36490,36310,Unknown Artist,Unknown Artist,portrait,portrait
Early_Renaissance,Northern_Renaissance,0.8750481009483337,57048,56640,Unknown Artist,Unknown Artist,religious_painting,religious_painting
Northern_Renaissance,Baroque,0.8734250664710999,28589,2415,hieronymus-bosch,rembrandt,portrait,Unknown Genre
Mannerism_Late_Renaissance,Baroque,0.8652817010879517,36886,71462,tintoretto,Unknown Artist,religious_painting,Unknown Genre
High_Renaissance,Mannerism_Late_Renaissance,0.9048923254013062,57155,23739,Unknown Artist,Unknown Artist,religious_painting,religious_painting
High_Renaissance,Northern_Renaissance,0.7840008735656738,27372,4059,Unknown Artist,albrecht-durer,sketch_and_study,sketch_and_study
High_Renaissance,Baroque,0.8844513893127441,42800,17743,raphael,rembrandt,portrait,portrait
High_Renaissance,Mannerism_Late_Renaissance,0.8455621004104614,31550,56398,pietro-perugino,Unknown Artist,religious_painting,religious_painting
Early_Renaissance,Mannerism_Late_Renaissance,0.8597274422645569,38247,22019,Unknown Artist,tintoretto,religious_painting,religious_painting
Early_Renaissance,Northern_Renaissance,0.871332049369812,25475,22962,leonardo-da-vinci,Unknown Artist,landscape,religious_painting
Northern_Renaissance,Rococo,0.8564406037330627,1703,43437,albrecht-durer,joshua-reynolds,portrait,sketch_and_study
Mannerism_Late_Renaissance,Baroque,0.8892848491668701,44535,47203,paolo-veronese,bartolome-esteban-murillo,sketch_and_study,sketch_and_study
High_Renaissance,Mannerism_Late_Renaissance,0.890785276889801,72352,55831,Unknown Artist,tintoretto,Unknown Genre,religious_painting
Baroque,Rococo,0.9002378582954407,78729,72705,Unknown Artist,Unknown Artist,Unknown Genre,Unknown Genre
Early_Renaissance,Northern_Renaissance,0.8698065876960754,28744,56076,Unknown Artist,Unknown Artist,religious_painting,religious_painting
High_Renaissance,Mannerism_Late_Renaissance,0.831551730632782,66012,47620,Unknown Artist,Unknown Artist,portrait,portrait
High_Renaissance,Baroque,0.8493277430534363,37361,33228,Unknown Artist,Unknown Artist,religious_painting,genre_painting
Northern_Renaissance,High_Renaissance,0.8671994805335999,81151,32705,Unknown Artist,raphael,Unknown Genre,religious_painting
Early_Renaissance,Northern_Renaissance,0.8801599144935608,54676,46166,Unknown Artist,Unknown Artist,genre_painting,religious_painting
High_Renaissance,Mannerism_Late_Renaissance,0.834212601184845,49965,65312,Unknown Artist,el-greco,portrait,portrait
Early_Renaissance,Mannerism_Late_Renaissance,0.8634382486343384,29753,37090,pietro-perugino,titian,religious_painting,religious_painting
Mannerism_Late_Renaissance,Baroque,0.7957732677459717,44636,54330,Unknown Artist,Unknown Artist,religious_painting,genre_painting
Mannerism_Late_Renaissance,Baroque,0.8811711668968201,20667,36658,paolo-veronese,frans-hals,portrait,portrait
Early_Renaissance,Northern_Renaissance,0.846610426902771,30622,6929,Unknown Artist,albrecht-durer,portrait,portrait
High_Renaissance,Northern_Renaissance,0.8819028735160828,79385,75511,Unknown Artist,Unknown Artist,Unknown Genre,Unknown Genre
High_Renaissance,Mannerism_Late_Renaissance,0.8827854990959167,76742,31849,Unknown Artist,Unknown Artist,Unknown Genre,religious_painting
Northern_Renaissance,Mannerism_Late_Renaissance,0.9110099673271179,34061,23402,Unknown Artist,el-greco,religious_painting,religious_painting
Baroque,Rococo,0.8894064426422119,73252,75698,Unknown Artist,Unknown Artist,Unknown Genre,Unknown Genre
Early_Renaissance,High_Renaissance,0.9071757793426514,66211,65126,leonardo-da-vinci,Unknown Artist,portrait,portrait
High_Renaissance,Baroque,0.8007380366325378,46517,27033,titian,Unknown Artist,religious_painting,religious_painting
Early_Renaissance,High_Renaissance,0.8353700637817383,66114,24966,Unknown Artist,raphael,portrait,portrait
High_Renaissance,Baroque,0.8622152805328369,40689,3844,leonardo-da-vinci,rembrandt,sketch_and_study,genre_painting
Early_Renaissance,Northern_Renaissance,0.843605637550354,38247,62363,Unknown Artist,hieronymus-bosch,religious_painting,sketch_and_study
Early_Renaissance,High_Renaissance,0.8994395136833191,26869,33619,Unknown Artist,pietro-perugino,religious_painting,religious_painting
Baroque,Rococo,0.8272496461868286,21813,26801,Unknown Artist,Unknown Artist,still_life,still_life
Early_Renaissance,High_Renaissance,0.7724714875221252,49243,24769,Unknown Artist,titian,religious_painting,portrait
High_Renaissance,Northern_Renaissance,0.8877800703048706,42200,56241,Unknown Artist,hieronymus-bosch,religious_painting,religious_painting
High_Renaissance,Mannerism_Late_Renaissance,0.913536787033081,19938,68910,michelangelo,Unknown Artist,sketch_and_study,Unknown Genre
High_Renaissance,Northern_Renaissance,0.8185762166976929,49023,12235,titian,albrecht-durer,portrait,portrait
Northern_Renaissance,High_Renaissance,0.888274610042572,81151,73874,Unknown Artist,Unknown Artist,Unknown Genre,Unknown Genre
Northern_Renaissance,Mannerism_Late_Renaissance,0.897719144821167,34061,69279,Unknown Artist,Unknown Artist,religious_painting,Unknown Genre
Early_Renaissance,Northern_Renaissance,0.894899308681488,56525,56202,Unknown Artist,Unknown Artist,religious_painting,religious_painting
High_Renaissance,Northern_Renaissance,0.8283259868621826,37987,18085,Unknown Artist,albrecht-durer,portrait,portrait
Early_Renaissance,Northern_Renaissance,0.7684651017189026,62481,8879,Unknown Artist,Unknown Artist,sketch_and_study,Unknown Genre
Mannerism_Late_Renaissance,Baroque,0.8569136261940002,38722,43976,tintoretto,Unknown Artist,religious_painting,religious_painting
Early_Renaissance,High_Renaissance,0.8923932909965515,23050,56631,Unknown Artist,Unknown Artist,religious_painting,religious_painting
Northern_Renaissance,High_Renaissance,0.8172460198402405,77253,69721,Unknown Artist,Unknown Artist,Unknown Genre,Unknown Genre
Early_Renaissance,Northern_Renaissance,0.8404845595359802,22846,52597,Unknown Artist,hans-holbein-the-younger,portrait,portrait
Early_Renaissance,Northern_Renaissance,0.8454656004905701,33407,3895,Unknown Artist,albrecht-durer,religious_painting,religious_painting
High_Renaissance,Mannerism_Late_Renaissance,0.8912912011146545,39783,32766,titian,paolo-veronese,religious_painting,religious_painting
High_Renaissance,Mannerism_Late_Renaissance,0.8641057014465332,31868,40890,Unknown Artist,Unknown Artist,portrait,portrait
High_Renaissance,Northern_Renaissance,0.9078688025474548,23928,3401,michelangelo,Unknown Artist,sketch_and_study,Unknown Genre
High_Renaissance,Northern_Renaissance,0.8871446847915649,56035,18134,titian,albrecht-durer,religious_painting,religious_painting
Early_Renaissance,Northern_Renaissance,0.7557839751243591,19508,35918,fra-angelico,Unknown Artist,religious_painting,genre_painting
Early_Renaissance,High_Renaissance,0.8755213022232056,57140,28552,Unknown Artist,Unknown Artist,religious_painting,religious_painting
Early_Renaissance,Northern_Renaissance,0.8480308055877686,27503,5352,leonardo-da-vinci,albrecht-durer,sketch_and_study,sketch_and_study
Northern_Renaissance,Baroque,0.7872595191001892,26578,4649,Unknown Artist,rembrandt,religious_painting,portrait
Early_Renaissance,High_Renaissance,0.8767693638801575,26869,43369,Unknown Artist,pietro-perugino,religious_painting,religious_painting
High_Renaissance,Mannerism_Late_Renaissance,0.8790851831436157,79373,42240,Unknown Artist,Unknown Artist,Unknown Genre,religious_painting
Baroque,Rococo,0.880247175693512,58969,80059,Unknown Artist,Unknown Artist,landscape,Unknown Genre
Early_Renaissance,High_Renaissance,0.9213714599609375,56753,52427,Unknown Artist,Unknown Artist,religious_painting,religious_painting
Early_Renaissance,Northern_Renaissance,0.858818531036377,36314,81140,Unknown Artist,Unknown Artist,religious_painting,Unknown Genre
High_Renaissance,Northern_Renaissance,0.9127819538116455,56390,56743,Unknown Artist,Unknown Artist,religious_painting,religious_painting
Early_Renaissance,High_Renaissance,0.8429059982299805,30562,52666,leonardo-da-vinci,leonardo-da-vinci,sketch_and_study,sketch_and_study
High_Renaissance,Baroque,0.8993998765945435,79387,43903,Unknown Artist,Unknown Artist,Unknown Genre,religious_painting
High_Renaissance,Mannerism_Late_Renaissance,0.8699802756309509,68033,75848,Unknown Artist,Unknown Artist,Unknown Genre,Unknown Genre
High_Renaissance,Northern_Renaissance,0.8664233684539795,55731,18009,titian,albrecht-durer,religious_painting,religious_painting
Baroque,Rococo,0.875062882900238,9047,22869,rembrandt,joshua-reynolds,portrait,portrait
Early_Renaissance,Northern_Renaissance,0.8883596658706665,56737,4434,Unknown Artist,albrecht-durer,religious_painting,religious_painting
Mannerism_Late_Renaissance,Baroque,0.8736007809638977,33545,27670,el-greco,Unknown Artist,religious_painting,religious_painting
Northern_Renaissance,Baroque,0.9072028994560242,34061,56253,Unknown Artist,Unknown Artist,religious_painting,religious_painting
Northern_Renaissance,Mannerism_Late_Renaissance,0.885532796382904,44218,51500,Unknown Artist,paolo-veronese,religious_painting,religious_painting
High_Renaissance,Mannerism_Late_Renaissance,0.9432576298713684,56669,56258,Unknown Artist,Unknown Artist,religious_painting,religious_painting
High_Renaissance,Northern_Renaissance,0.8509184718132019,33624,45064,Unknown Artist,Unknown Artist,religious_painting,genre_painting
High_Renaissance,Mannerism_Late_Renaissance,0.8901903629302979,37673,56835,raphael,paolo-veronese,religious_painting,religious_painting
Northern_Renaissance,Mannerism_Late_Renaissance,0.8627195358276367,37247,56303,Unknown Artist,Unknown Artist,religious_painting,religious_painting
Baroque,Rococo,0.8519077301025391,64962,50352,Unknown Artist,Unknown Artist,portrait,portrait
High_Renaissance,Mannerism_Late_Renaissance,0.8797233700752258,49235,65625,titian,titian,portrait,portrait
Baroque,Rococo,0.7976608276367188,17566,57953,rembrandt,canaletto,sketch_and_study,cityscape
Early_Renaissance,High_Renaissance,0.8923256397247314,21752,50543,Unknown Artist,leonardo-da-vinci,religious_painting,religious_painting
High_Renaissance,Mannerism_Late_Renaissance,0.8903189897537231,79396,27085,Unknown Artist,Unknown Artist,Unknown Genre,portrait
Early_Renaissance,Northern_Renaissance,0.8508249521255493,36105,47525,Unknown Artist,Unknown Artist,portrait,portrait
High_Renaissance,Northern_Renaissance,0.8757816553115845,62520,8213,michelangelo,albrecht-durer,sketch_and_study,sketch_and_study
High_Renaissance,Baroque,0.8416850566864014,74005,17622,Unknown Artist,rembrandt,Unknown Genre,portrait
Baroque,Rococo,0.8158870339393616,55037,23378,Unknown Artist,Unknown Artist,genre_painting,portrait
Northern_Renaissance,Baroque,0.8666653037071228,41761,52421,Unknown Artist,frans-hals,portrait,portrait
Early_Renaissance,High_Renaissance,0.8404026031494141,52748,33069,leonardo-da-vinci,michelangelo,sketch_and_study,sketch_and_study
Early_Renaissance,Northern_Renaissance,0.8759725689888,52853,56221,Unknown Artist,Unknown Artist,religious_painting,religious_painting
Early_Renaissance,Northern_Renaissance,0.8973278403282166,30622,43593,Unknown Artist,hans-memling,portrait,portrait
High_Renaissance,Mannerism_Late_Renaissance,0.8546696305274963,62430,69045,raphael,Unknown Artist,sketch_and_study,Unknown Genre
Baroque,Rococo,0.8397080898284912,78588,46168,Unknown Artist,thomas-gainsborough,Unknown Genre,portrait
High_Renaissance,Baroque,0.9050539135932922,56327,40135,titian,bartolome-esteban-murillo,religious_painting,religious_painting
High_Renaissance,Northern_Renaissance,0.8738499283790588,25211,81088,Unknown Artist,Unknown Artist,religious_painting,Unknown Genre
High_Renaissance,Northern_Renaissance,0.8971592783927917,56673,81151,michelangelo,Unknown Artist,religious_painting,Unknown Genre
Northern_Renaissance,Mannerism_Late_Renaissance,0.8565007448196411,56893,78504,lucas-cranach-the-elder,Unknown Artist,religious_painting,Unknown Genre
Early_Renaissance,Baroque,0.8288529515266418,21539,62379,Unknown Artist,jacob-jordaens,religious_painting,sketch_and_study
Early_Renaissance,Northern_Renaissance,0.8492013216018677,56407,18003,Unknown Artist,albrecht-durer,religious_painting,religious_painting
Northern_Renaissance,High_Renaissance,0.8727992177009583,726,51701,albrecht-durer,leonardo-da-vinci,religious_painting,religious_painting
Early_Renaissance,High_Renaissance,0.8748314380645752,56630,35126,Unknown Artist,Unknown Artist,religious_painting,religious_painting
Mannerism_Late_Renaissance,Rococo,0.8276604413986206,20952,69224,paolo-veronese,Unknown Artist,religious_painting,Unknown Genre
High_Renaissance,Northern_Renaissance,0.8807247281074524,56127,41504,raphael,Unknown Artist,religious_painting,religious_painting
Baroque,Rococo,0.8841662406921387,769,32583,rembrandt,Unknown Artist,portrait,portrait
Early_Renaissance,Mannerism_Late_Renaissance,0.9118869304656982,56655,49220,Unknown Artist,el-greco,religious_painting,religious_painting
Baroque,Rococo,0.897339403629303,21610,30318,bartolome-esteban-murillo,Unknown Artist,religious_painting,religious_painting
High_Renaissance,Northern_Renaissance,0.9278790950775146,37410,35284,michelangelo,Unknown Artist,religious_painting,religious_painting
Baroque,Rococo,0.8680163621902466,53884,28080,Unknown Artist,Unknown Artist,genre_painting,genre_painting
Early_Renaissance,High_Renaissance,0.8724839091300964,43742,56594,Unknown Artist,michelangelo,religious_painting,religious_painting
Northern_Renaissance,Baroque,0.8225835561752319,46416,29829,Unknown Artist,Unknown Artist,portrait,portrait
High_Renaissance,Baroque,0.7929872870445251,25260,65600,titian,frans-hals,portrait,portrait
High_Renaissance,Mannerism_Late_Renaissance,0.9058313369750977,56127,46530,raphael,el-greco,religious_painting,religious_painting
High_Renaissance,Mannerism_Late_Renaissance,0.8415697813034058,29076,22524,Unknown Artist,Unknown Artist,portrait,portrait
Baroque,Rococo,0.885784387588501,71631,34252,Unknown Artist,thomas-gainsborough,Unknown Genre,portrait
High_Renaissance,Mannerism_Late_Renaissance,0.8929368257522583,68033,68006,Unknown Artist,Unknown Artist,Unknown Genre,Unknown Genre
Mannerism_Late_Renaissance,Baroque,0.8600382804870605,62982,27988,Unknown Artist,Unknown Artist,portrait,portrait
Mannerism_Late_Renaissance,Baroque,0.8916800022125244,21652,24879,titian,peter-paul-rubens,religious_painting,portrait
Mannerism_Late_Renaissance,Baroque,0.8504550457000732,65107,23359,Unknown Artist,frans-hals,portrait,portrait
Mannerism_Late_Renaissance,Baroque,0.872534453868866,29496,33469,el-greco,Unknown Artist,portrait,portrait
Northern_Renaissance,Baroque,0.8754330277442932,28487,41365,Unknown Artist,Unknown Artist,religious_painting,religious_painting
High_Renaissance,Baroque,0.865452229976654,37000,47948,Unknown Artist,Unknown Artist,portrait,religious_painting
Early_Renaissance,Northern_Renaissance,0.7816934585571289,64667,34395,Unknown Artist,hans-holbein-the-younger,portrait,portrait
Northern_Renaissance,Mannerism_Late_Renaissance,0.8714569211006165,3783,40632,albrecht-durer,Unknown Artist,portrait,portrait
High_Renaissance,Northern_Renaissance,0.8518221974372864,70777,52647,Unknown Artist,hieronymus-bosch,Unknown Genre,religious_painting
Mannerism_Late_Renaissance,Baroque,0.8789539337158203,40544,26253,tintoretto,Unknown Artist,religious_painting,genre_painting
High_Renaissance,Mannerism_Late_Renaissance,0.8596572279930115,22390,35722,Unknown Artist,Unknown Artist,religious_painting,religious_painting
Baroque,Rococo,0.8052812814712524,4753,80055,rembrandt,Unknown Artist,genre_painting,Unknown Genre
High_Renaissance,Northern_Renaissance,0.9145647287368774,52548,56295,Unknown Artist,Unknown Artist,religious_painting,religious_painting
High_Renaissance,Northern_Renaissance,0.8008232116699219,49513,56969,Unknown Artist,Unknown Artist,religious_painting,religious_painting
High_Renaissance,Mannerism_Late_Renaissance,0.8285809755325317,31152,24175,titian,titian,religious_painting,portrait
Baroque,Rococo,0.8335141539573669,78706,50054,Unknown Artist,Unknown Artist,Unknown Genre,cityscape
High_Renaissance,Northern_Renaissance,0.8687716722488403,25430,45318,Unknown Artist,Unknown Artist,religious_painting,religious_painting
Early_Renaissance,Northern_Renaissance,0.8449607491493225,19174,56600,Unknown Artist,Unknown Artist,religious_painting,religious_painting
High_Renaissance,Baroque,0.8681409358978271,66218,10826,Unknown Artist,rembrandt,portrait,portrait
Baroque,Rococo,0.8472263216972351,62963,64944,joshua-reynolds,joshua-reynolds,portrait,portrait
Early_Renaissance,High_Renaissance,0.9513670802116394,56355,41447,Unknown Artist,Unknown Artist,religious_painting,religious_painting
High_Renaissance,Mannerism_Late_Renaissance,0.8565273880958557,70085,76888,Unknown Artist,Unknown Artist,Unknown Genre,Unknown Genre
Northern_Renaissance,High_Renaissance,0.8265804648399353,81158,56096,Unknown Artist,raphael,Unknown Genre,religious_painting
Baroque,Rococo,0.8375011086463928,64686,31970,Unknown Artist,Unknown Artist,portrait,portrait
Northern_Renaissance,Rococo,0.8173997402191162,8879,80101,Unknown Artist,Unknown Artist,Unknown Genre,Unknown Genre
High_Renaissance,Mannerism_Late_Renaissance,0.8812634944915771,48622,20233,Unknown Artist,Unknown Artist,religious_painting,sketch_and_study
Early_Renaissance,Northern_Renaissance,0.8716882467269897,48349,40055,Unknown Artist,hieronymus-bosch,religious_painting,religious_painting
Northern_Renaissance,High_Renaissance,0.8052013516426086,50422,28365,hans-holbein-the-younger,titian,portrait,portrait
High_Renaissance,Mannerism_Late_Renaissance,0.8614068627357483,55731,55816,titian,Unknown Artist,religious_painting,religious_painting
Baroque,Rococo,0.8408079743385315,32686,49617,Unknown Artist,Unknown Artist,portrait,portrait
Baroque,Rococo,0.8063699007034302,43921,64249,Unknown Artist,Unknown Artist,genre_painting,portrait
Northern_Renaissance,Mannerism_Late_Renaissance,0.9043745398521423,69185,36844,Unknown Artist,tintoretto,Unknown Genre,religious_painting
Northern_Renaissance,High_Renaissance,0.8617036938667297,58915,59576,Unknown Artist,leonardo-da-vinci,landscape,landscape
Early_Renaissance,Northern_Renaissance,0.8325996994972229,19983,18160,leonardo-da-vinci,albrecht-durer,portrait,portrait
Mannerism_Late_Renaissance,Baroque,0.9075285792350769,23675,29387,Unknown Artist,peter-paul-rubens,portrait,portrait
Northern_Renaissance,Baroque,0.8689368367195129,30167,30232,Unknown Artist,Unknown Artist,genre_painting,genre_painting
Northern_Renaissance,Baroque,0.9085507392883301,72904,78621,Unknown Artist,Unknown Artist,Unknown Genre,Unknown Genre
Early_Renaissance,High_Renaissance,0.8612114787101746,47347,52871,Unknown Artist,Unknown Artist,religious_painting,religious_painting
Early_Renaissance,Northern_Renaissance,0.9019597768783569,50194,17956,Unknown Artist,albrecht-durer,religious_painting,religious_painting
Northern_Renaissance,Baroque,0.8697026371955872,26524,20229,Unknown Artist,Unknown Artist,genre_painting,religious_painting
Baroque,Rococo,0.8436222076416016,30064,25044,anthony-van-dyck,thomas-gainsborough,portrait,portrait
Early_Renaissance,High_Renaissance,0.8904008865356445,19413,55953,fra-angelico,Unknown Artist,religious_painting,religious_painting
Early_Renaissance,High_Renaissance,0.8905671238899231,44744,56327,Unknown Artist,titian,religious_painting,religious_painting
Mannerism_Late_Renaissance,Baroque,0.888253927230835,78529,31243,Unknown Artist,Unknown Artist,Unknown Genre,still_life
Early_Renaissance,Northern_Renaissance,0.8514211177825928,57083,3965,Unknown Artist,albrecht-durer,religious_painting,religious_painting
Baroque,Rococo,0.7888578176498413,71631,22760,Unknown Artist,Unknown Artist,Unknown Genre,portrait
High_Renaissance,Mannerism_Late_Renaissance,0.8677676916122437,45272,72766,Unknown Artist,Unknown Artist,religious_painting,Unknown Genre
High_Renaissance,Northern_Renaissance,0.855313777923584,79393,56313,Unknown Artist,Unknown Artist,Unknown Genre,religious_painting
Baroque,Rococo,0.8402627110481262,62963,63076,joshua-reynolds,Unknown Artist,portrait,portrait
Mannerism_Late_Renaissance,Baroque,0.8338826298713684,68154,36345,Unknown Artist,anthony-van-dyck,Unknown Genre,portrait
Baroque,Rococo,0.8418281078338623,65060,34468,anthony-van-dyck,Unknown Artist,portrait,portrait
High_Renaissance,Mannerism_Late_Renaissance,0.8806943297386169,40607,31931,Unknown Artist,Unknown Artist,portrait,portrait
Northern_Renaissance,High_Renaissance,0.8243879079818726,8510,49871,albrecht-durer,leonardo-da-vinci,sketch_and_study,sketch_and_study
High_Renaissance,Northern_Renaissance,0.8999373912811279,31969,6896,leonardo-da-vinci,albrecht-durer,sketch_and_study,sketch_and_study
Early_Renaissance,Northern_Renaissance,0.858150064945221,22126,13084,Unknown Artist,albrecht-durer,religious_painting,religious_painting
Early_Renaissance,High_Renaissance,0.8290892839431763,39895,46547,Unknown Artist,Unknown Artist,religious_painting,portrait
Mannerism_Late_Renaissance,Baroque,0.909487247467041,42506,40707,titian,anthony-van-dyck,portrait,portrait
Northern_Renaissance,Mannerism_Late_Renaissance,0.9141801595687866,44218,51768,Unknown Artist,Unknown Artist,religious_painting,religious_painting
Baroque,Rococo,0.9029886722564697,769,38054,rembrandt,Unknown Artist,portrait,portrait
High_Renaissance,Northern_Renaissance,0.8443907499313354,62413,62543,raphael,hieronymus-bosch,sketch_and_study,sketch_and_study
Early_Renaissance,Northern_Renaissance,0.8908634185791016,50663,18155,fra-angelico,albrecht-durer,religious_painting,religious_painting
Early_Renaissance,Mannerism_Late_Renaissance,0.8815355896949768,43494,56867,Unknown Artist,el-greco,religious_painting,religious_painting
Early_Renaissance,Baroque,0.800681471824646,62246,78760,Unknown Artist,Unknown Artist,sketch_and_study,Unknown Genre
High_Renaissance,Northern_Renaissance,0.8440139293670654,46816,17973,Unknown Artist,Unknown Artist,still_life,Unknown Genre
Early_Renaissance,High_Renaissance,0.9138857126235962,25221,49223,Unknown Artist,Unknown Artist,portrait,portrait
Early_Renaissance,High_Renaissance,0.8524388074874878,80520,19178,Unknown Artist,Unknown Artist,Unknown Genre,religious_painting
Early_Renaissance,Mannerism_Late_Renaissance,0.8801361322402954,25221,30491,Unknown Artist,Unknown Artist,portrait,portrait
Mannerism_Late_Renaissance,Rococo,0.7370780110359192,64571,64357,Unknown Artist,Unknown Artist,portrait,portrait
Early_Renaissance,High_Renaissance,0.8606290817260742,44140,24418,Unknown Artist,titian,religious_painting,religious_painting
Mannerism_Late_Renaissance,Baroque,0.8073816299438477,38722,26179,tintoretto,Unknown Artist,religious_painting,genre_painting
High_Renaissance,Mannerism_Late_Renaissance,0.812583863735199,26235,38404,titian,titian,portrait,portrait
High_Renaissance,Mannerism_Late_Renaissance,0.8939299583435059,44652,71009,titian,Unknown Artist,religious_painting,Unknown Genre
Early_Renaissance,High_Renaissance,0.9360710382461548,30562,62578,leonardo-da-vinci,leonardo-da-vinci,sketch_and_study,sketch_and_study
Early_Renaissance,Northern_Renaissance,0.866790235042572,25320,2113,Unknown Artist,albrecht-durer,sketch_and_study,religious_painting
Northern_Renaissance,Mannerism_Late_Renaissance,0.9035329222679138,29110,50335,Unknown Artist,Unknown Artist,religious_painting,religious_painting
Northern_Renaissance,Mannerism_Late_Renaissance,0.8197802305221558,26814,65647,hans-holbein-the-younger,Unknown Artist,portrait,portrait
High_Renaissance,Baroque,0.8376275897026062,62067,2484,leonardo-da-vinci,rembrandt,sketch_and_study,portrait
Baroque,Rococo,0.8526597023010254,64322,64453,Unknown Artist,Unknown Artist,portrait,portrait
Mannerism_Late_Renaissance,Rococo,0.8581485748291016,56004,80109,paolo-veronese,Unknown Artist,religious_painting,Unknown Genre
Mannerism_Late_Renaissance,Baroque,0.8871110677719116,56563,78730,tintoretto,Unknown Artist,religious_painting,Unknown Genre
Early_Renaissance,Mannerism_Late_Renaissance,0.8636597394943237,56251,78465,Unknown Artist,Unknown Artist,religious_painting,Unknown Genre
Early_Renaissance,Northern_Renaissance,0.8578405380249023,19174,75949,Unknown Artist,Unknown Artist,religious_painting,Unknown Genre
Baroque,Rococo,0.868485152721405,54643,54393,Unknown Artist,Unknown Artist,genre_painting,genre_painting
High_Renaissance,Northern_Renaissance,0.7718349695205688,21503,4261,Unknown Artist,albrecht-durer,religious_painting,cityscape
High_Renaissance,Mannerism_Late_Renaissance,0.9169110059738159,26827,37516,titian,Unknown Artist,religious_painting,religious_painting
Early_Renaissance,Northern_Renaissance,0.8684852719306946,56322,44978,Unknown Artist,Unknown Artist,religious_painting,religious_painting
Northern_Renaissance,High_Renaissance,0.8872488737106323,32103,77401,lucas-cranach-the-elder,Unknown Artist,religious_painting,Unknown Genre
High_Renaissance,Northern_Renaissance,0.8536086082458496,79388,81096,Unknown Artist,Unknown Artist,Unknown Genre,Unknown Genre
Early_Renaissance,Northern_Renaissance,0.8960435390472412,56305,55785,fra-angelico,hans-memling,religious_painting,religious_painting
Mannerism_Late_Renaissance,Rococo,0.8551246523857117,78459,28751,Unknown Artist,Unknown Artist,Unknown Genre,portrait
Baroque,Rococo,0.8857635855674744,68880,42758,Unknown Artist,Unknown Artist,Unknown Genre,religious_painting
Early_Renaissance,High_Renaissance,0.9045342803001404,48338,21690,Unknown Artist,Unknown Artist,religious_painting,religious_painting
Northern_Renaissance,High_Renaissance,0.8464711904525757,36825,23906,Unknown Artist,Unknown Artist,religious_painting,portrait
High_Renaissance,Northern_Renaissance,0.878585696220398,79388,6059,Unknown Artist,albrecht-durer,Unknown Genre,religious_painting
High_Renaissance,Northern_Renaissance,0.863716721534729,28387,4089,titian,albrecht-durer,sketch_and_study,sketch_and_study
Baroque,Rococo,0.8263755440711975,10132,53912,rembrandt,Unknown Artist,genre_painting,genre_painting
High_Renaissance,Mannerism_Late_Renaissance,0.8919294476509094,79368,70072,Unknown Artist,Unknown Artist,Unknown Genre,Unknown Genre
Mannerism_Late_Renaissance,Baroque,0.8836000561714172,20952,70498,paolo-veronese,Unknown Artist,religious_painting,Unknown Genre
Early_Renaissance,High_Renaissance,0.8522411584854126,56123,47691,pietro-perugino,michelangelo,religious_painting,nude_painting
High_Renaissance,Mannerism_Late_Renaissance,0.8886204957962036,67799,78506,Unknown Artist,Unknown Artist,Unknown Genre,Unknown Genre
Early_Renaissance,High_Renaissance,0.8773062825202942,31136,51390,Unknown Artist,michelangelo,sketch_and_study,sketch_and_study
Early_Renaissance,High_Renaissance,0.8887346982955933,56967,79368,Unknown Artist,Unknown Artist,religious_painting,Unknown Genre
Mannerism_Late_Renaissance,Baroque,0.7993695139884949,40505,64044,Unknown Artist,frans-hals,portrait,portrait
High_Renaissance,Mannerism_Late_Renaissance,0.8725528120994568,20501,55928,Unknown Artist,Unknown Artist,religious_painting,religious_painting
Baroque,Rococo,0.8453490734100342,30064,63532,anthony-van-dyck,thomas-gainsborough,portrait,portrait
Baroque,Rococo,0.8051716089248657,64962,50362,Unknown Artist,Unknown Artist,portrait,portrait
High_Renaissance,Mannerism_Late_Renaissance,0.9255382418632507,57155,56872,Unknown Artist,Unknown Artist,religious_painting,religious_painting
High_Renaissance,Northern_Renaissance,0.8861441612243652,31863,32177,Unknown Artist,Unknown Artist,religious_painting,religious_painting
Northern_Renaissance,Mannerism_Late_Renaissance,0.8365889191627502,41113,75335,hans-holbein-the-younger,Unknown Artist,portrait,Unknown Genre
Northern_Renaissance,High_Renaissance,0.8270026445388794,4882,79389,albrecht-durer,Unknown Artist,sketch_and_study,Unknown Genre
Baroque,Rococo,0.8352563977241516,22100,27998,Unknown Artist,Unknown Artist,cityscape,cityscape
Northern_Renaissance,Mannerism_Late_Renaissance,0.8210534453392029,40830,65027,Unknown Artist,el-greco,portrait,portrait
Baroque,Rococo,0.8787574768066406,70422,37227,Unknown Artist,Unknown Artist,Unknown Genre,cityscape
Early_Renaissance,High_Renaissance,0.8885077834129333,46960,56802,Unknown Artist,raphael,religious_painting,religious_painting
High_Renaissance,Baroque,0.889073371887207,44627,45930,raphael,Unknown Artist,religious_painting,religious_painting
Early_Renaissance,High_Renaissance,0.8913248777389526,56862,46289,Unknown Artist,titian,religious_painting,religious_painting
Early_Renaissance,Mannerism_Late_Renaissance,0.8423943519592285,56467,44389,Unknown Artist,paolo-veronese,religious_painting,religious_painting
Northern_Renaissance,Mannerism_Late_Renaissance,0.8809242248535156,72904,27574,Unknown Artist,Unknown Artist,Unknown Genre,religious_painting
Early_Renaissance,Northern_Renaissance,0.8864624500274658,56737,13109,Unknown Artist,albrecht-durer,religious_painting,religious_painting
Northern_Renaissance,High_Renaissance,0.8433154225349426,28527,36327,hieronymus-bosch,titian,religious_painting,religious_painting
Northern_Renaissance,Mannerism_Late_Renaissance,0.8833867311477661,70518,73040,Unknown Artist,Unknown Artist,Unknown Genre,Unknown Genre
Northern_Renaissance,Baroque,0.8051443696022034,3783,22358,albrecht-durer,Unknown Artist,portrait,portrait
High_Renaissance,Mannerism_Late_Renaissance,0.8854371905326843,28365,65986,titian,tintoretto,portrait,portrait
Early_Renaissance,Northern_Renaissance,0.8101733326911926,29648,44864,Unknown Artist,Unknown Artist,landscape,landscape
High_Renaissance,Northern_Renaissance,0.8367587327957153,56229,18082,titian,Unknown Artist,religious_painting,Unknown Genre
High_Renaissance,Northern_Renaissance,0.8484067320823669,30981,39702,Unknown Artist,Unknown Artist,religious_painting,religious_painting
Early_Renaissance,High_Renaissance,0.800581693649292,55790,77065,Unknown Artist,Unknown Artist,religious_painting,Unknown Genre
Early_Renaissance,High_Renaissance,0.7908434271812439,43638,47994,leonardo-da-vinci,leonardo-da-vinci,sketch_and_study,sketch_and_study
High_Renaissance,Mannerism_Late_Renaissance,0.8826881647109985,72483,19359,Unknown Artist,Unknown Artist,Unknown Genre,religious_painting
Northern_Renaissance,Baroque,0.8499166965484619,56358,1,Unknown Artist,rembrandt,religious_painting,religious_painting
Northern_Renaissance,Mannerism_Late_Renaissance,0.8478994369506836,49917,40832,hieronymus-bosch,tintoretto,religious_painting,religious_painting
High_Renaissance,Rococo,0.8334090113639832,31550,62884,pietro-perugino,Unknown Artist,religious_painting,illustration
Northern_Renaissance,High_Renaissance,0.9064126014709473,71841,73214,Unknown Artist,Unknown Artist,Unknown Genre,Unknown Genre
Baroque,Rococo,0.8608255386352539,39991,38626,Unknown Artist,Unknown Artist,genre_painting,genre_painting
High_Renaissance,Mannerism_Late_Renaissance,0.7236253023147583,52847,19516,titian,Unknown Artist,portrait,portrait
Northern_Renaissance,High_Renaissance,0.8571351766586304,13342,79413,albrecht-durer,Unknown Artist,religious_painting,Unknown Genre
Northern_Renaissance,High_Renaissance,0.9116581082344055,8805,62079,albrecht-durer,michelangelo,nude_painting,sketch_and_study
Mannerism_Late_Renaissance,Baroque,0.8940706253051758,38333,40216,Unknown Artist,Unknown Artist,religious_painting,genre_painting
Baroque,Rococo,0.8977054953575134,74625,28773,Unknown Artist,Unknown Artist,Unknown Genre,cityscape
High_Renaissance,Baroque,0.892224907875061,67799,25735,Unknown Artist,anthony-van-dyck,Unknown Genre,religious_painting
Mannerism_Late_Renaissance,Baroque,0.9073171615600586,56821,78694,tintoretto,Unknown Artist,religious_painting,Unknown Genre
Early_Renaissance,Northern_Renaissance,0.8887584209442139,46903,56893,Unknown Artist,lucas-cranach-the-elder,religious_painting,religious_painting
Early_Renaissance,High_Renaissance,0.9536406397819519,38609,22162,Unknown Artist,Unknown Artist,religious_painting,religious_painting
Baroque,Rococo,0.843502938747406,17574,24373,rembrandt,Unknown Artist,religious_painting,still_life
Mannerism_Late_Renaissance,Rococo,0.8625997304916382,47187,47276,Unknown Artist,Unknown Artist,religious_painting,genre_painting
Northern_Renaissance,High_Renaissance,0.8101504445075989,62199,21205,hieronymus-bosch,leonardo-da-vinci,sketch_and_study,sketch_and_study
Baroque,Rococo,0.897155225276947,76556,20512,Unknown Artist,Unknown Artist,Unknown Genre,genre_painting
High_Renaissance,Northern_Renaissance,0.887675404548645,28360,18055,titian,albrecht-durer,sketch_and_study,sketch_and_study
Northern_Renaissance,Baroque,0.8533884882926941,76522,20659,Unknown Artist,jacob-jordaens,Unknown Genre,portrait
Mannerism_Late_Renaissance,Baroque,0.832702100276947,27334,54248,tintoretto,bartolome-esteban-murillo,religious_painting,genre_painting
Early_Renaissance,Northern_Renaissance,0.8526192307472229,49145,68074,Unknown Artist,Unknown Artist,religious_painting,Unknown Genre
Baroque,Rococo,0.8586852550506592,68510,74073,Unknown Artist,Unknown Artist,Unknown Genre,Unknown Genre
Mannerism_Late_Renaissance,Baroque,0.8181535601615906,70051,76475,Unknown Artist,Unknown Artist,Unknown Genre,Unknown Genre
Early_Renaissance,High_Renaissance,0.8872201442718506,41239,47616,Unknown Artist,Unknown Artist,religious_painting,religious_painting
High_Renaissance,Northern_Renaissance,0.8503512144088745,46129,63523,Unknown Artist,Unknown Artist,portrait,portrait
Early_Renaissance,High_Renaissance,0.9044871926307678,46960,41313,Unknown Artist,pietro-perugino,religious_painting,religious_painting
Northern_Renaissance,Mannerism_Late_Renaissance,0.8654523491859436,5459,45729,albrecht-durer,Unknown Artist,cityscape,cityscape
High_Renaissance,Northern_Renaissance,0.8693844676017761,40302,31009,Unknown Artist,hans-memling,portrait,portrait
Baroque,Rococo,0.853142261505127,17667,47783,rembrandt,Unknown Artist,portrait,portrait
High_Renaissance,Mannerism_Late_Renaissance,0.8714960217475891,45618,27334,Unknown Artist,tintoretto,religious_painting,religious_painting
Baroque,Rococo,0.8056107759475708,64962,46086,Unknown Artist,Unknown Artist,portrait,portrait
Early_Renaissance,High_Renaissance,0.880524754524231,56604,31139,leonardo-da-vinci,Unknown Artist,religious_painting,religious_painting
Early_Renaissance,High_Renaissance,0.9063917994499207,55869,56346,Unknown Artist,Unknown Artist,religious_painting,religious_painting
High_Renaissance,Mannerism_Late_Renaissance,0.9056602716445923,79355,34760,Unknown Artist,paolo-veronese,Unknown Genre,religious_painting
Mannerism_Late_Renaissance,Baroque,0.837593138217926,35995,417,titian,rembrandt,religious_painting,portrait
Mannerism_Late_Renaissance,Baroque,0.8571009635925293,65107,30761,Unknown Artist,frans-hals,portrait,portrait
High_Renaissance,Northern_Renaissance,0.7974643111228943,56806,55931,pietro-perugino,lucas-cranach-the-elder,religious_painting,religious_painting
Early_Renaissance,High_Renaissance,0.8908001780509949,56274,39753,Unknown Artist,Unknown Artist,religious_painting,religious_painting
High_Renaissance,Northern_Renaissance,0.9038599133491516,34309,76990,titian,Unknown Artist,religious_painting,Unknown Genre
Mannerism_Late_Renaissance,Baroque,0.8376737833023071,62436,7422,titian,rembrandt,sketch_and_study,religious_painting
Baroque,Rococo,0.8770978450775146,38563,62119,peter-paul-rubens,Unknown Artist,portrait,sketch_and_study
Northern_Renaissance,Baroque,0.8457496166229248,41761,27827,Unknown Artist,joseph-wright,portrait,portrait
High_Renaissance,Mannerism_Late_Renaissance,0.9250122904777527,20501,48706,Unknown Artist,Unknown Artist,religious_painting,religious_painting
Northern_Renaissance,High_Renaissance,0.8123980760574341,60504,79400,Unknown Artist,Unknown Artist,landscape,Unknown Genre
Early_Renaissance,Mannerism_Late_Renaissance,0.9026449918746948,20241,53134,Unknown Artist,Unknown Artist,religious_painting,genre_painting
Baroque,Rococo,0.8549304008483887,39541,28115,anthony-van-dyck,thomas-gainsborough,portrait,portrait
Mannerism_Late_Renaissance,Baroque,0.9077942967414856,30641,34905,el-greco,Unknown Artist,religious_painting,religious_painting
High_Renaissance,Mannerism_Late_Renaissance,0.8298130035400391,20616,53106,leonardo-da-vinci,el-greco,portrait,portrait
Baroque,Rococo,0.8664616346359253,78706,58081,Unknown Artist,Unknown Artist,Unknown Genre,cityscape
Baroque,Rococo,0.8738231658935547,47567,48475,Unknown Artist,Unknown Artist,religious_painting,genre_painting
Northern_Renaissance,Mannerism_Late_Renaissance,0.7940937876701355,6694,68085,Unknown Artist,Unknown Artist,Unknown Genre,Unknown Genre
Northern_Renaissance,High_Renaissance,0.9294624924659729,28659,46546,Unknown Artist,raphael,religious_painting,religious_painting
Early_Renaissance,Mannerism_Late_Renaissance,0.8496188521385193,76608,37981,Unknown Artist,Unknown Artist,Unknown Genre,religious_painting
High_Renaissance,Northern_Renaissance,0.7816660404205322,22847,10882,leonardo-da-vinci,Unknown Artist,sketch_and_study,Unknown Genre
Northern_Renaissance,Mannerism_Late_Renaissance,0.8909175992012024,433,78532,albrecht-durer,Unknown Artist,religious_painting,Unknown Genre
High_Renaissance,Mannerism_Late_Renaissance,0.8973060846328735,56347,40544,titian,tintoretto,religious_painting,religious_painting
Northern_Renaissance,High_Renaissance,0.9068049192428589,11580,32400,albrecht-durer,raphael,religious_painting,religious_painting
Baroque,Rococo,0.7863376140594482,23320,63249,joshua-reynolds,Unknown Artist,portrait,portrait
Early_Renaissance,Northern_Renaissance,0.8534520268440247,33191,43039,pietro-perugino,Unknown Artist,religious_painting,religious_painting
Early_Renaissance,Northern_Renaissance,0.8698446750640869,48672,40532,Unknown Artist,Unknown Artist,religious_painting,portrait
High_Renaissance,Northern_Renaissance,0.8804717063903809,56347,56910,titian,hans-holbein-the-younger,religious_painting,religious_painting
Baroque,Rococo,0.8211575150489807,75330,76420,Unknown Artist,Unknown Artist,Unknown Genre,Unknown Genre
Early_Renaissance,High_Renaissance,0.9281570315361023,34366,28669,Unknown Artist,raphael,religious_painting,religious_painting
Early_Renaissance,Northern_Renaissance,0.8360528945922852,67951,32057,Unknown Artist,Unknown Artist,Unknown Genre,religious_painting
High_Renaissance,Northern_Renaissance,0.8902290463447571,29376,17982,michelangelo,albrecht-durer,sketch_and_study,religious_painting
Early_Renaissance,Northern_Renaissance,0.8684008121490479,38887,1229,Unknown Artist,albrecht-durer,religious_painting,religious_painting
Early_Renaissance,High_Renaissance,0.8312341570854187,66265,29076,pietro-perugino,Unknown Artist,portrait,portrait
High_Renaissance,Northern_Renaissance,0.8469130992889404,69384,5826,Unknown Artist,albrecht-durer,Unknown Genre,portrait
High_Renaissance,Northern_Renaissance,0.9142887592315674,55991,32328,pietro-perugino,lucas-cranach-the-elder,religious_painting,religious_painting
Northern_Renaissance,Baroque,0.8433563709259033,21368,19660,Unknown Artist,Unknown Artist,landscape,landscape
Mannerism_Late_Renaissance,Baroque,0.8503772020339966,47187,24416,Unknown Artist,Unknown Artist,religious_painting,genre_painting
Baroque,Rococo,0.8125428557395935,55037,25937,Unknown Artist,joseph-wright,genre_painting,portrait
Baroque,Rococo,0.8404440879821777,71631,63836,Unknown Artist,joseph-wright,Unknown Genre,portrait
Early_Renaissance,High_Renaissance,0.8754612803459167,62570,67955,Unknown Artist,Unknown Artist,sketch_and_study,Unknown Genre
Early_Renaissance,High_Renaissance,0.893589437007904,34865,41796,Unknown Artist,raphael,portrait,portrait
High_Renaissance,Mannerism_Late_Renaissance,0.8963345289230347,23282,62052,michelangelo,Unknown Artist,sketch_and_study,sketch_and_study
Baroque,Rococo,0.7848547101020813,23572,32318,Unknown Artist,Unknown Artist,portrait,sketch_and_study
Early_Renaissance,Mannerism_Late_Renaissance,0.817388653755188,56429,49200,leonardo-da-vinci,el-greco,religious_painting,religious_painting
Early_Renaissance,High_Renaissance,0.8947327733039856,56244,56301,fra-angelico,pietro-perugino,religious_painting,religious_painting
Early_Renaissance,High_Renaissance,0.860198438167572,70100,72684,Unknown Artist,Unknown Artist,Unknown Genre,Unknown Genre
Early_Renaissance,High_Renaissance,0.8530123829841614,80538,62167,Unknown Artist,leonardo-da-vinci,Unknown Genre,sketch_and_study
Early_Renaissance,Mannerism_Late_Renaissance,0.89820796251297,37430,56345,Unknown Artist,Unknown Artist,religious_painting,religious_painting
Early_Renaissance,Northern_Renaissance,0.8912079334259033,52547,48634,fra-angelico,hans-memling,religious_painting,religious_painting
Baroque,Rococo,0.8509092926979065,51822,19517,Unknown Artist,joshua-reynolds,genre_painting,portrait
Baroque,Rococo,0.8758605122566223,32678,26953,bartolome-esteban-murillo,Unknown Artist,religious_painting,religious_painting
Baroque,Rococo,0.8167603015899658,62963,62366,joshua-reynolds,Unknown Artist,portrait,sketch_and_study
Early_Renaissance,High_Renaissance,0.9369330406188965,43726,56032,Unknown Artist,raphael,religious_painting,religious_painting
High_Renaissance,Baroque,0.9117661714553833,19227,20561,raphael,Unknown Artist,religious_painting,religious_painting
High_Renaissance,Mannerism_Late_Renaissance,0.8680195212364197,30163,31704,Unknown Artist,Unknown Artist,religious_painting,religious_painting
High_Renaissance,Northern_Renaissance,0.7941030263900757,56673,71310,michelangelo,Unknown Artist,religious_painting,Unknown Genre
Mannerism_Late_Renaissance,Baroque,0.8203375935554504,56367,29128,tintoretto,Unknown Artist,religious_painting,genre_painting
Northern_Renaissance,Mannerism_Late_Renaissance,0.8457643985748291,31036,71191,lucas-cranach-the-elder,Unknown Artist,portrait,Unknown Genre
High_Renaissance,Northern_Renaissance,0.8765597343444824,56035,18060,titian,albrecht-durer,religious_painting,religious_painting
Baroque,Rococo,0.8897201418876648,10647,32750,rembrandt,Unknown Artist,portrait,portrait
Baroque,Rococo,0.874287486076355,37959,58125,canaletto,Unknown Artist,cityscape,cityscape
Early_Renaissance,Mannerism_Late_Renaissance,0.8995366096496582,56485,56677,Unknown Artist,Unknown Artist,religious_painting,religious_painting
Early_Renaissance,High_Renaissance,0.8230263590812683,66211,32653,leonardo-da-vinci,leonardo-da-vinci,portrait,portrait
High_Renaissance,Mannerism_Late_Renaissance,0.908683180809021,69485,71446,Unknown Artist,Unknown Artist,Unknown Genre,Unknown Genre
High_Renaissance,Baroque,0.8814395666122437,79353,61245,Unknown Artist,Unknown Artist,Unknown Genre,landscape
Early_Renaissance,Northern_Renaissance,0.8418633937835693,56797,32270,Unknown Artist,Unknown Artist,religious_painting,religious_painting
Early_Renaissance,High_Renaissance,0.858457088470459,62329,22254,leonardo-da-vinci,leonardo-da-vinci,sketch_and_study,sketch_and_study
Mannerism_Late_Renaissance,Baroque,0.8317962884902954,31336,36898,tintoretto,jacob-jordaens,religious_painting,genre_painting
High_Renaissance,Mannerism_Late_Renaissance,0.8169106245040894,49235,45083,titian,Unknown Artist,portrait,portrait
Early_Renaissance,Northern_Renaissance,0.9442958831787109,56355,44729,Unknown Artist,Unknown Artist,religious_painting,religious_painting
High_Renaissance,Northern_Renaissance,0.9242858290672302,63414,12996,raphael,albrecht-durer,portrait,portrait
Baroque,Rococo,0.7704636454582214,8771,76659,rembrandt,Unknown Artist,portrait,Unknown Genre
Early_Renaissance,High_Renaissance,0.8635469079017639,42667,69135,Unknown Artist,Unknown Artist,religious_painting,Unknown Genre
Northern_Renaissance,Mannerism_Late_Renaissance,0.8974445462226868,81158,78453,Unknown Artist,Unknown Artist,Unknown Genre,Unknown Genre
Baroque,Rococo,0.8491966724395752,55822,42932,Unknown Artist,Unknown Artist,religious_painting,religious_painting
Early_Renaissance,Northern_Renaissance,0.8762972950935364,36978,28149,fra-angelico,Unknown Artist,religious_painting,religious_painting
Baroque,Rococo,0.8526196479797363,30342,52340,Unknown Artist,Unknown Artist,genre_painting,genre_painting
Mannerism_Late_Renaissance,Baroque,0.8774786591529846,30944,50164,tintoretto,jacob-jordaens,religious_painting,genre_painting
Baroque,Rococo,0.8726359009742737,71631,64489,Unknown Artist,Unknown Artist,Unknown Genre,portrait
Northern_Renaissance,Mannerism_Late_Renaissance,0.8644346594810486,74524,78487,Unknown Artist,Unknown Artist,Unknown Genre,Unknown Genre
Early_Renaissance,Northern_Renaissance,0.880950391292572,56737,5057,Unknown Artist,albrecht-durer,religious_painting,religious_painting
High_Renaissance,Northern_Renaissance,0.8382497429847717,31952,43842,Unknown Artist,lucas-cranach-the-elder,religious_painting,religious_painting
Mannerism_Late_Renaissance,Baroque,0.8048474788665771,40505,65010,Unknown Artist,frans-hals,portrait,portrait
High_Renaissance,Mannerism_Late_Renaissance,0.893946647644043,22248,76419,raphael,Unknown Artist,religious_painting,Unknown Genre
Baroque,Rococo,0.9091628789901733,769,64554,rembrandt,Unknown Artist,portrait,portrait
Baroque,Rococo,0.8533233404159546,33666,70555,Unknown Artist,Unknown Artist,landscape,Unknown Genre
Mannerism_Late_Renaissance,Rococo,0.8803607225418091,65163,62406,tintoretto,Unknown Artist,portrait,sketch_and_study
Northern_Renaissance,Baroque,0.8473254442214966,56332,17580,Unknown Artist,rembrandt,religious_painting,religious_painting
Early_Renaissance,Northern_Renaissance,0.881119966506958,56737,12908,Unknown Artist,albrecht-durer,religious_painting,religious_painting
Northern_Renaissance,High_Renaissance,0.8999373912811279,6896,31969,albrecht-durer,leonardo-da-vinci,sketch_and_study,sketch_and_study
Northern_Renaissance,Baroque,0.8347687125205994,81126,78734,Unknown Artist,Unknown Artist,Unknown Genre,Unknown Genre
Northern_Renaissance,Baroque,0.8332849144935608,5352,17787,albrecht-durer,rembrandt,sketch_and_study,sketch_and_study
High_Renaissance,Northern_Renaissance,0.8633653521537781,42955,30772,Unknown Artist,Unknown Artist,portrait,portrait
High_Renaissance,Baroque,0.8245905041694641,48225,9984,raphael,rembrandt,sketch_and_study,portrait
Mannerism_Late_Renaissance,Baroque,0.8811461329460144,20484,21148,el-greco,Unknown Artist,religious_painting,religious_painting
Early_Renaissance,Rococo,0.8508636951446533,25463,56605,Unknown Artist,Unknown Artist,religious_painting,religious_painting
High_Renaissance,Mannerism_Late_Renaissance,0.8007907867431641,77034,78461,Unknown Artist,Unknown Artist,Unknown Genre,Unknown Genre
High_Renaissance,Mannerism_Late_Renaissance,0.8626614212989807,40186,65296,Unknown Artist,Unknown Artist,religious_painting,portrait
Early_Renaissance,Northern_Renaissance,0.8793479204177856,26915,47410,pietro-perugino,Unknown Artist,religious_painting,religious_painting
Early_Renaissance,Northern_Renaissance,0.881843626499176,28610,71828,Unknown Artist,Unknown Artist,religious_painting,Unknown Genre
High_Renaissance,Mannerism_Late_Renaissance,0.8979216814041138,71487,71877,Unknown Artist,Unknown Artist,Unknown Genre,Unknown Genre
High_Renaissance,Baroque,0.7981064915657043,46276,46542,Unknown Artist,Unknown Artist,portrait,still_life
High_Renaissance,Rococo,0.9055967330932617,56863,33256,Unknown Artist,Unknown Artist,religious_painting,religious_painting
Early_Renaissance,High_Renaissance,0.859649658203125,53102,79396,Unknown Artist,Unknown Artist,religious_painting,Unknown Genre
Mannerism_Late_Renaissance,Baroque,0.8350740075111389,47089,6783,tintoretto,rembrandt,portrait,portrait
Mannerism_Late_Renaissance,Baroque,0.8809736967086792,28772,43649,titian,peter-paul-rubens,portrait,portrait
Early_Renaissance,Northern_Renaissance,0.8439888954162598,56305,81127,fra-angelico,Unknown Artist,religious_painting,Unknown Genre
Early_Renaissance,High_Renaissance,0.8634264469146729,39225,23442,Unknown Artist,raphael,religious_painting,religious_painting
High_Renaissance,Mannerism_Late_Renaissance,0.9055375456809998,71698,75465,Unknown Artist,Unknown Artist,Unknown Genre,Unknown Genre
Mannerism_Late_Renaissance,Rococo,0.8558539152145386,74276,68221,Unknown Artist,Unknown Artist,Unknown Genre,Unknown Genre
High_Renaissance,Mannerism_Late_Renaissance,0.893724799156189,48378,69204,Unknown Artist,Unknown Artist,portrait,Unknown Genre
Baroque,Rococo,0.9395706653594971,72374,68465,Unknown Artist,Unknown Artist,Unknown Genre,Unknown Genre
Northern_Renaissance,Baroque,0.9049210548400879,40045,23212,Unknown Artist,Unknown Artist,landscape,landscape
Mannerism_Late_Renaissance,Rococo,0.8906554579734802,74276,23039,Unknown Artist,Unknown Artist,Unknown Genre,genre_painting
Early_Renaissance,Northern_Renaissance,0.8636006116867065,48457,55380,Unknown Artist,Unknown Artist,religious_painting,genre_painting
Baroque,Rococo,0.747882068157196,62963,36192,joshua-reynolds,joseph-wright,portrait,portrait
Baroque,Rococo,0.8422937989234924,24033,20621,Unknown Artist,Unknown Artist,genre_painting,genre_painting
Northern_Renaissance,Baroque,0.833008885383606,40830,25787,Unknown Artist,frans-hals,portrait,portrait
Baroque,Rococo,0.888568639755249,35949,55288,Unknown Artist,Unknown Artist,genre_painting,genre_painting
Early_Renaissance,High_Renaissance,0.8846651315689087,61990,68847,Unknown Artist,Unknown Artist,sketch_and_study,Unknown Genre
High_Renaissance,Northern_Renaissance,0.8669894337654114,39753,39802,Unknown Artist,hans-memling,religious_painting,religious_painting
Baroque,Rococo,0.8609244227409363,53884,41247,Unknown Artist,Unknown Artist,genre_painting,portrait
Mannerism_Late_Renaissance,Baroque,0.7863273024559021,24305,36331,Unknown Artist,Unknown Artist,portrait,genre_painting
Early_Renaissance,Northern_Renaissance,0.8241655230522156,19508,36484,fra-angelico,lucas-cranach-the-elder,religious_painting,genre_painting
Baroque,Rococo,0.8769559860229492,64322,65553,Unknown Artist,Unknown Artist,portrait,portrait
High_Renaissance,Mannerism_Late_Renaissance,0.9080877900123596,56712,23422,raphael,Unknown Artist,religious_painting,religious_painting
High_Renaissance,Northern_Renaissance,0.8684087991714478,29295,1196,leonardo-da-vinci,albrecht-durer,sketch_and_study,religious_painting
Early_Renaissance,High_Renaissance,0.9032970666885376,27503,51463,leonardo-da-vinci,leonardo-da-vinci,sketch_and_study,sketch_and_study
Northern_Renaissance,Mannerism_Late_Renaissance,0.8821170926094055,81151,78464,Unknown Artist,Unknown Artist,Unknown Genre,Unknown Genre
High_Renaissance,Mannerism_Late_Renaissance,0.9373196959495544,46546,19627,raphael,Unknown Artist,religious_painting,religious_painting
Early_Renaissance,High_Renaissance,0.9261823892593384,25482,36811,pietro-perugino,pietro-perugino,religious_painting,religious_painting
Early_Renaissance,High_Renaissance,0.9030336737632751,28354,25663,Unknown Artist,michelangelo,religious_painting,religious_painting
Baroque,Rococo,0.8854475617408752,49539,35790,canaletto,Unknown Artist,cityscape,cityscape
Early_Renaissance,Northern_Renaissance,0.8387081027030945,56305,81083,fra-angelico,Unknown Artist,religious_painting,Unknown Genre
Northern_Renaissance,Baroque,0.7991030216217041,9407,78706,albrecht-durer,Unknown Artist,landscape,Unknown Genre
High_Renaissance,Mannerism_Late_Renaissance,0.8807079792022705,40689,34752,leonardo-da-vinci,Unknown Artist,sketch_and_study,sketch_and_study
Baroque,Rococo,0.775105893611908,62974,25472,Unknown Artist,joshua-reynolds,portrait,portrait
High_Renaissance,Northern_Renaissance,0.8774917125701904,72848,81092,Unknown Artist,Unknown Artist,Unknown Genre,Unknown Genre
Early_Renaissance,Mannerism_Late_Renaissance,0.8545459508895874,46027,23444,Unknown Artist,Unknown Artist,sketch_and_study,sketch_and_study
Northern_Renaissance,Mannerism_Late_Renaissance,0.9354820847511292,55811,55821,Unknown Artist,Unknown Artist,religious_painting,religious_painting
Northern_Renaissance,Mannerism_Late_Renaissance,0.8542335629463196,40810,72830,lucas-cranach-the-elder,Unknown Artist,religious_painting,Unknown Genre
Baroque,Rococo,0.891847550868988,70493,80019,Unknown Artist,Unknown Artist,Unknown Genre,Unknown Genre
High_Renaissance,Mannerism_Late_Renaissance,0.9016149640083313,30163,46312,Unknown Artist,Unknown Artist,religious_painting,religious_painting
High_Renaissance,Northern_Renaissance,0.8961532711982727,56229,18119,titian,albrecht-durer,religious_painting,religious_painting
Mannerism_Late_Renaissance,Baroque,0.8282245993614197,36230,17621,Unknown Artist,rembrandt,portrait,portrait
Mannerism_Late_Renaissance,Rococo,0.879647970199585,52226,80020,paolo-veronese,Unknown Artist,religious_painting,Unknown Genre
Early_Renaissance,Rococo,0.8719958066940308,23613,72549,Unknown Artist,Unknown Artist,religious_painting,Unknown Genre
Northern_Renaissance,Mannerism_Late_Renaissance,0.9046037793159485,56826,57087,Unknown Artist,Unknown Artist,religious_painting,religious_painting
High_Renaissance,Mannerism_Late_Renaissance,0.8840934634208679,49848,27976,Unknown Artist,paolo-veronese,religious_painting,religious_painting
Northern_Renaissance,Baroque,0.8025383949279785,43465,51365,Unknown Artist,Unknown Artist,religious_painting,genre_painting
Early_Renaissance,Mannerism_Late_Renaissance,0.8926694989204407,27082,38237,Unknown Artist,Unknown Artist,religious_painting,religious_painting
High_Renaissance,Baroque,0.8785471320152283,63906,9047,titian,rembrandt,portrait,portrait
High_Renaissance,Northern_Renaissance,0.8723155856132507,73606,34574,Unknown Artist,lucas-cranach-the-elder,Unknown Genre,religious_painting
High_Renaissance,Mannerism_Late_Renaissance,0.904818058013916,30163,22005,Unknown Artist,paolo-veronese,religious_painting,religious_painting
Early_Renaissance,Northern_Renaissance,0.9308220148086548,53035,21701,pietro-perugino,Unknown Artist,religious_painting,religious_painting
Baroque,Rococo,0.8586264848709106,45965,46273,Unknown Artist,Unknown Artist,portrait,portrait
Early_Renaissance,Mannerism_Late_Renaissance,0.8817242980003357,46903,56004,Unknown Artist,paolo-veronese,religious_painting,religious_painting
Mannerism_Late_Renaissance,Baroque,0.8709392547607422,56130,78565,tintoretto,Unknown Artist,religious_painting,Unknown Genre
High_Renaissance,Mannerism_Late_Renaissance,0.8761772513389587,69485,24399,Unknown Artist,Unknown Artist,Unknown Genre,religious_painting
High_Renaissance,Mannerism_Late_Renaissance,0.8615660071372986,49965,64050,Unknown Artist,tintoretto,portrait,portrait
High_Renaissance,Baroque,0.8662735223770142,74852,73277,Unknown Artist,Unknown Artist,Unknown Genre,Unknown Genre
Baroque,Rococo,0.8992229104042053,78620,59153,Unknown Artist,Unknown Artist,Unknown Genre,landscape
Mannerism_Late_Renaissance,Baroque,0.9291525483131409,55958,48629,paolo-veronese,Unknown Artist,religious_painting,religious_painting
Early_Renaissance,Mannerism_Late_Renaissance,0.8822717070579529,56306,47121,Unknown Artist,el-greco,religious_painting,religious_painting
High_Renaissance,Northern_Renaissance,0.8873276710510254,70019,72681,Unknown Artist,Unknown Artist,Unknown Genre,Unknown Genre
Mannerism_Late_Renaissance,Baroque,0.7859330773353577,19219,33193,tintoretto,Unknown Artist,religious_painting,genre_painting
Baroque,Rococo,0.9083435535430908,71631,65644,Unknown Artist,joshua-reynolds,Unknown Genre,portrait
High_Renaissance,Mannerism_Late_Renaissance,0.8865005373954773,19178,27356,Unknown Artist,tintoretto,religious_painting,religious_painting
High_Renaissance,Mannerism_Late_Renaissance,0.8753006458282471,56806,50319,pietro-perugino,paolo-veronese,religious_painting,religious_painting
Early_Renaissance,Northern_Renaissance,0.8476126194000244,62076,62250,Unknown Artist,Unknown Artist,sketch_and_study,sketch_and_study
Mannerism_Late_Renaissance,Rococo,0.8366357684135437,32156,55722,tintoretto,Unknown Artist,religious_painting,religious_painting
Mannerism_Late_Renaissance,Baroque,0.8571894764900208,56704,56864,paolo-veronese,bartolome-esteban-murillo,religious_painting,religious_painting
Mannerism_Late_Renaissance,Baroque,0.7850821018218994,24305,38030,Unknown Artist,Unknown Artist,portrait,genre_painting
High_Renaissance,Mannerism_Late_Renaissance,0.8899837136268616,49848,56367,Unknown Artist,tintoretto,religious_painting,religious_painting
Mannerism_Late_Renaissance,Baroque,0.8559811115264893,22626,36253,el-greco,Unknown Artist,religious_painting,religious_painting
Northern_Renaissance,High_Renaissance,0.8767080307006836,12996,29885,albrecht-durer,raphael,portrait,portrait
Baroque,Rococo,0.8837977647781372,31729,75891,Unknown Artist,Unknown Artist,landscape,Unknown Genre
Early_Renaissance,Baroque,0.8670085668563843,34453,56163,Unknown Artist,Unknown Artist,religious_painting,religious_painting
Northern_Renaissance,High_Renaissance,0.8999529480934143,5848,54547,albrecht-durer,michelangelo,sketch_and_study,genre_painting
Early_Renaissance,Mannerism_Late_Renaissance,0.8947214484214783,25846,78496,Unknown Artist,Unknown Artist,religious_painting,Unknown Genre
Baroque,Rococo,0.8395253419876099,32932,66109,anthony-van-dyck,Unknown Artist,portrait,portrait
Early_Renaissance,High_Renaissance,0.9271803498268127,28008,26841,Unknown Artist,Unknown Artist,religious_painting,religious_painting
Baroque,Rococo,0.8667949438095093,47567,30016,Unknown Artist,Unknown Artist,religious_painting,portrait
Early_Renaissance,Northern_Renaissance,0.8473891019821167,44431,56588,Unknown Artist,Unknown Artist,religious_painting,religious_painting
Baroque,Rococo,0.8265983462333679,49137,39338,Unknown Artist,Unknown Artist,portrait,sketch_and_study
Baroque,Rococo,0.856614887714386,70422,68132,Unknown Artist,Unknown Artist,Unknown Genre,Unknown Genre
Baroque,Rococo,0.7934373617172241,40740,58778,Unknown Artist,Unknown Artist,landscape,landscape
Baroque,Rococo,0.8188351988792419,32932,65626,anthony-van-dyck,Unknown Artist,portrait,portrait
Baroque,Rococo,0.8907864689826965,74223,20677,Unknown Artist,thomas-gainsborough,Unknown Genre,landscape
High_Renaissance,Northern_Renaissance,0.8621228337287903,46466,38302,Unknown Artist,Unknown Artist,religious_painting,religious_painting
Early_Renaissance,Mannerism_Late_Renaissance,0.9036194086074829,48338,57133,Unknown Artist,tintoretto,religious_painting,religious_painting
Baroque,Rococo,0.8669183254241943,78566,48503,Unknown Artist,Unknown Artist,Unknown Genre,cityscape
Mannerism_Late_Renaissance,Rococo,0.9018041491508484,56983,29965,titian,joshua-reynolds,religious_painting,portrait
Mannerism_Late_Renaissance,Baroque,0.8849605321884155,42013,25654,el-greco,Unknown Artist,religious_painting,religious_painting
Mannerism_Late_Renaissance,Baroque,0.8032143712043762,19502,5329,tintoretto,rembrandt,portrait,Unknown Genre
Baroque,Rococo,0.7785810232162476,71224,69816,Unknown Artist,Unknown Artist,Unknown Genre,Unknown Genre
Early_Renaissance,Northern_Renaissance,0.8895060420036316,24719,40909,Unknown Artist,hans-memling,portrait,portrait
Mannerism_Late_Renaissance,Rococo,0.8963555693626404,63378,32579,Unknown Artist,Unknown Artist,portrait,portrait
Baroque,Rococo,0.850733757019043,62963,38064,joshua-reynolds,thomas-gainsborough,portrait,portrait
High_Renaissance,Mannerism_Late_Renaissance,0.9047022461891174,32488,20317,titian,titian,religious_painting,religious_painting
Baroque,Rococo,0.8506424427032471,63010,64824,Unknown Artist,Unknown Artist,portrait,portrait
Early_Renaissance,High_Renaissance,0.8520780205726624,80528,51238,Unknown Artist,leonardo-da-vinci,Unknown Genre,sketch_and_study
Northern_Renaissance,Baroque,0.8717213869094849,21368,60679,Unknown Artist,peter-paul-rubens,landscape,landscape
Northern_Renaissance,High_Renaissance,0.8108653426170349,64957,25297,Unknown Artist,titian,portrait,portrait
High_Renaissance,Mannerism_Late_Renaissance,0.845573902130127,66012,71613,Unknown Artist,Unknown Artist,portrait,Unknown Genre
Baroque,Rococo,0.8090221881866455,32932,32402,anthony-van-dyck,Unknown Artist,portrait,portrait
Early_Renaissance,Northern_Renaissance,0.8445821404457092,30622,18161,Unknown Artist,albrecht-durer,portrait,portrait
Northern_Renaissance,Mannerism_Late_Renaissance,0.9093654751777649,44218,33734,Unknown Artist,Unknown Artist,religious_painting,religious_painting
Baroque,Rococo,0.8995610475540161,26732,36711,Unknown Artist,Unknown Artist,cityscape,cityscape
Northern_Renaissance,High_Renaissance,0.8849542737007141,28659,55715,Unknown Artist,Unknown Artist,religious_painting,religious_painting
Early_Renaissance,Northern_Renaissance,0.8685735464096069,65075,47834,Unknown Artist,hans-memling,portrait,portrait
High_Renaissance,Mannerism_Late_Renaissance,0.8752021789550781,34542,28765,raphael,tintoretto,religious_painting,religious_painting
Mannerism_Late_Renaissance,Baroque,0.8644468188285828,38722,28844,tintoretto,Unknown Artist,religious_painting,genre_painting
Baroque,Rococo,0.7709609270095825,26335,33901,Unknown Artist,joshua-reynolds,portrait,portrait
Northern_Renaissance,Rococo,0.8246490955352783,18146,62876,albrecht-durer,Unknown Artist,religious_painting,illustration
Mannerism_Late_Renaissance,Baroque,0.9098154306411743,36844,76144,tintoretto,Unknown Artist,religious_painting,Unknown Genre
Early_Renaissance,Mannerism_Late_Renaissance,0.880575954914093,26574,55959,Unknown Artist,Unknown Artist,religious_painting,religious_painting
Mannerism_Late_Renaissance,Baroque,0.7640755772590637,26385,65028,tintoretto,anthony-van-dyck,genre_painting,portrait
High_Renaissance,Mannerism_Late_Renaissance,0.8872873187065125,22248,55615,raphael,el-greco,religious_painting,religious_painting
High_Renaissance,Northern_Renaissance,0.8370540738105774,42955,65333,Unknown Artist,lucas-cranach-the-elder,portrait,portrait
Northern_Renaissance,Mannerism_Late_Renaissance,0.9039596915245056,5810,78451,albrecht-durer,Unknown Artist,religious_painting,Unknown Genre
Northern_Renaissance,High_Renaissance,0.9165468215942383,19071,35997,Unknown Artist,Unknown Artist,religious_painting,religious_painting
Early_Renaissance,High_Renaissance,0.8797305822372437,25782,57074,Unknown Artist,Unknown Artist,religious_painting,religious_painting
Northern_Renaissance,High_Renaissance,0.8130729794502258,50422,35461,hans-holbein-the-younger,titian,portrait,portrait
High_Renaissance,Mannerism_Late_Renaissance,0.7998268604278564,49235,77189,titian,Unknown Artist,portrait,Unknown Genre
High_Renaissance,Mannerism_Late_Renaissance,0.8672665953636169,55742,23196,Unknown Artist,el-greco,religious_painting,religious_painting
High_Renaissance,Baroque,0.7843769192695618,42859,49663,Unknown Artist,Unknown Artist,religious_painting,cityscape
Mannerism_Late_Renaissance,Baroque,0.9141572713851929,56704,55756,paolo-veronese,Unknown Artist,religious_painting,religious_painting
Early_Renaissance,High_Renaissance,0.8300582766532898,77433,39978,Unknown Artist,leonardo-da-vinci,Unknown Genre,sketch_and_study
Baroque,Rococo,0.8793987035751343,74223,57119,Unknown Artist,Unknown Artist,Unknown Genre,religious_painting
Early_Renaissance,Northern_Renaissance,0.8667951226234436,41270,38026,Unknown Artist,Unknown Artist,religious_painting,religious_painting
Northern_Renaissance,Mannerism_Late_Renaissance,0.8835532665252686,65240,65107,Unknown Artist,Unknown Artist,portrait,portrait
Mannerism_Late_Renaissance,Baroque,0.8633010983467102,66017,17619,Unknown Artist,rembrandt,portrait,portrait
Early_Renaissance,High_Renaissance,0.8741718530654907,66265,34145,pietro-perugino,Unknown Artist,portrait,portrait
Northern_Renaissance,High_Renaissance,0.8913900256156921,44944,30618,Unknown Artist,Unknown Artist,religious_painting,religious_painting
Northern_Renaissance,High_Renaissance,0.8582795262336731,26378,57100,hans-memling,pietro-perugino,religious_painting,religious_painting
Northern_Renaissance,High_Renaissance,0.8554313778877258,2175,19278,albrecht-durer,titian,religious_painting,religious_painting
Northern_Renaissance,Baroque,0.8633472919464111,6858,30354,albrecht-durer,Unknown Artist,religious_painting,genre_painting
Northern_Renaissance,Mannerism_Late_Renaissance,0.8655043840408325,81151,47806,Unknown Artist,el-greco,Unknown Genre,religious_painting
Early_Renaissance,High_Renaissance,0.8399998545646667,55757,56446,Unknown Artist,Unknown Artist,religious_painting,religious_painting
Mannerism_Late_Renaissance,Baroque,0.8719103932380676,65336,19555,titian,Unknown Artist,portrait,portrait
Northern_Renaissance,Mannerism_Late_Renaissance,0.8964574337005615,81081,75194,Unknown Artist,Unknown Artist,Unknown Genre,Unknown Genre
Mannerism_Late_Renaissance,Rococo,0.8601928949356079,56563,74327,tintoretto,Unknown Artist,religious_painting,Unknown Genre
Early_Renaissance,High_Renaissance,0.8458592891693115,52748,63204,leonardo-da-vinci,leonardo-da-vinci,sketch_and_study,portrait
High_Renaissance,Baroque,0.8936561942100525,48496,23086,titian,Unknown Artist,portrait,portrait
Early_Renaissance,Northern_Renaissance,0.8268828392028809,21383,37713,Unknown Artist,lucas-cranach-the-elder,religious_painting,portrait
Mannerism_Late_Renaissance,Baroque,0.8763015270233154,62523,1804,Unknown Artist,rembrandt,sketch_and_study,sketch_and_study
Northern_Renaissance,Mannerism_Late_Renaissance,0.8717644214630127,56873,32920,Unknown Artist,el-greco,religious_painting,religious_painting
High_Renaissance,Northern_Renaissance,0.8593879342079163,56229,18080,titian,albrecht-durer,religious_painting,sketch_and_study
High_Renaissance,Mannerism_Late_Renaissance,0.8763249516487122,20579,56671,Unknown Artist,el-greco,religious_painting,religious_painting
Mannerism_Late_Renaissance,Rococo,0.8110852241516113,20952,28675,paolo-veronese,thomas-gainsborough,religious_painting,landscape
Northern_Renaissance,High_Renaissance,0.8845429420471191,55799,45618,Unknown Artist,Unknown Artist,religious_painting,religious_painting
Early_Renaissance,Baroque,0.8747955560684204,32826,36138,Unknown Artist,Unknown Artist,religious_painting,religious_painting
Baroque,Rococo,0.8458787798881531,33387,48763,Unknown Artist,Unknown Artist,genre_painting,genre_painting
Early_Renaissance,High_Renaissance,0.9441055655479431,23113,32414,fra-angelico,Unknown Artist,religious_painting,religious_painting
Northern_Renaissance,Baroque,0.8479968309402466,56811,39580,Unknown Artist,Unknown Artist,religious_painting,genre_painting
High_Renaissance,Northern_Renaissance,0.9176156520843506,56747,44746,pietro-perugino,hans-memling,religious_painting,religious_painting
Baroque,Rococo,0.8812487721443176,44287,25966,Unknown Artist,Unknown Artist,genre_painting,genre_painting
High_Renaissance,Northern_Renaissance,0.864815354347229,23815,36055,Unknown Artist,Unknown Artist,religious_painting,religious_painting
Early_Renaissance,High_Renaissance,0.873498260974884,39971,79362,Unknown Artist,Unknown Artist,religious_painting,Unknown Genre
Early_Renaissance,Northern_Renaissance,0.9417597651481628,56604,11580,leonardo-da-vinci,albrecht-durer,religious_painting,religious_painting
Northern_Renaissance,Baroque,0.8588742017745972,21368,45299,Unknown Artist,Unknown Artist,landscape,landscape
Mannerism_Late_Renaissance,Baroque,0.8717985153198242,62436,17774,titian,rembrandt,sketch_and_study,genre_painting
High_Renaissance,Northern_Renaissance,0.8740024566650391,60526,62141,leonardo-da-vinci,hieronymus-bosch,landscape,sketch_and_study
Northern_Renaissance,Mannerism_Late_Renaissance,0.8772820234298706,45117,20706,hans-holbein-the-younger,Unknown Artist,portrait,portrait
Northern_Renaissance,High_Renaissance,0.8324974775314331,68258,30115,Unknown Artist,raphael,Unknown Genre,religious_painting
Northern_Renaissance,Baroque,0.9052519202232361,35284,40837,Unknown Artist,Unknown Artist,religious_painting,religious_painting
Northern_Renaissance,Mannerism_Late_Renaissance,0.8771878480911255,55811,56479,Unknown Artist,el-greco,religious_painting,religious_painting
Early_Renaissance,High_Renaissance,0.9241211414337158,49002,46790,Unknown Artist,pietro-perugino,religious_painting,religious_painting
High_Renaissance,Mannerism_Late_Renaissance,0.7922154664993286,79358,74825,Unknown Artist,Unknown Artist,Unknown Genre,Unknown Genre
High_Renaissance,Northern_Renaissance,0.820488452911377,44596,65653,Unknown Artist,hans-holbein-the-younger,portrait,portrait
Early_Renaissance,Mannerism_Late_Renaissance,0.8617498278617859,46903,43360,Unknown Artist,paolo-veronese,religious_painting,religious_painting
Baroque,Rococo,0.8768945336341858,9047,37608,rembrandt,joshua-reynolds,portrait,portrait
Early_Renaissance,Mannerism_Late_Renaissance,0.8747755885124207,57048,55665,Unknown Artist,Unknown Artist,religious_painting,religious_painting
Early_Renaissance,Mannerism_Late_Renaissance,0.8744443655014038,45227,56988,Unknown Artist,Unknown Artist,religious_painting,religious_painting
Mannerism_Late_Renaissance,Baroque,0.8855959177017212,45215,48373,tintoretto,peter-paul-rubens,portrait,religious_painting
Mannerism_Late_Renaissance,Rococo,0.9004718065261841,71877,75804,Unknown Artist,Unknown Artist,Unknown Genre,Unknown Genre
Early_Renaissance,Northern_Renaissance,0.9246145486831665,68173,17989,Unknown Artist,Unknown Artist,Unknown Genre,Unknown Genre
Early_Renaissance,High_Renaissance,0.8396989107131958,42079,79365,Unknown Artist,Unknown Artist,religious_painting,Unknown Genre
High_Renaissance,Northern_Renaissance,0.9210758805274963,30747,2747,Unknown Artist,albrecht-durer,religious_painting,religious_painting
High_Renaissance,Northern_Renaissance,0.8881796002388,31952,56332,Unknown Artist,Unknown Artist,religious_painting,religious_painting
High_Renaissance,Mannerism_Late_Renaissance,0.9058049917221069,56127,25658,raphael,Unknown Artist,religious_painting,religious_painting
Early_Renaissance,Northern_Renaissance,0.8881211280822754,52995,33012,Unknown Artist,hieronymus-bosch,sketch_and_study,sketch_and_study
Mannerism_Late_Renaissance,Baroque,0.9218975901603699,25980,38866,tintoretto,peter-paul-rubens,religious_painting,religious_painting
Early_Renaissance,Northern_Renaissance,0.8245795369148254,27058,68274,Unknown Artist,Unknown Artist,religious_painting,Unknown Genre
Baroque,Rococo,0.8013110756874084,76556,72388,Unknown Artist,Unknown Artist,Unknown Genre,Unknown Genre
Early_Renaissance,Mannerism_Late_Renaissance,0.7809561491012573,51644,64748,Unknown Artist,Unknown Artist,religious_painting,portrait
Northern_Renaissance,Mannerism_Late_Renaissance,0.8894354701042175,81081,22219,Unknown Artist,Unknown Artist,Unknown Genre,sketch_and_study
High_Renaissance,Mannerism_Late_Renaissance,0.8777875900268555,64098,19077,titian,Unknown Artist,portrait,portrait
High_Renaissance,Mannerism_Late_Renaissance,0.9037768244743347,30047,52814,Unknown Artist,Unknown Artist,religious_painting,religious_painting
Baroque,Rococo,0.8256502747535706,22358,50236,Unknown Artist,Unknown Artist,portrait,sketch_and_study
Northern_Renaissance,Mannerism_Late_Renaissance,0.8735242486000061,69185,20204,Unknown Artist,tintoretto,Unknown Genre,religious_painting
Northern_Renaissance,Mannerism_Late_Renaissance,0.8582675457000732,74705,78507,Unknown Artist,Unknown Artist,Unknown Genre,Unknown Genre
Early_Renaissance,Northern_Renaissance,0.7971687912940979,62246,18130,Unknown Artist,albrecht-durer,sketch_and_study,sketch_and_study
Early_Renaissance,Northern_Renaissance,0.8602983355522156,54676,57066,Unknown Artist,Unknown Artist,genre_painting,religious_painting
Northern_Renaissance,Baroque,0.7799006700515747,9407,70422,albrecht-durer,Unknown Artist,landscape,Unknown Genre
High_Renaissance,Mannerism_Late_Renaissance,0.9321033954620361,27927,30331,raphael,el-greco,portrait,portrait
Baroque,Rococo,0.8628875613212585,55400,76326,Unknown Artist,Unknown Artist,genre_painting,Unknown Genre
Baroque,Rococo,0.8428251147270203,63907,30972,Unknown Artist,Unknown Artist,portrait,portrait
High_Renaissance,Mannerism_Late_Renaissance,0.9054129719734192,27974,56755,michelangelo,Unknown Artist,sketch_and_study,religious_painting
High_Renaissance,Baroque,0.8836629986763,25069,56431,Unknown Artist,Unknown Artist,religious_painting,religious_painting
Early_Renaissance,High_Renaissance,0.8415879607200623,40535,77069,leonardo-da-vinci,Unknown Artist,sketch_and_study,Unknown Genre
Baroque,Rococo,0.8812386393547058,62963,76501,joshua-reynolds,Unknown Artist,portrait,Unknown Genre
High_Renaissance,Baroque,0.910938560962677,56839,36604,Unknown Artist,jacob-jordaens,religious_painting,religious_painting
Mannerism_Late_Renaissance,Baroque,0.9205522537231445,68797,68651,Unknown Artist,Unknown Artist,Unknown Genre,Unknown Genre
High_Renaissance,Baroque,0.8223276138305664,64817,17767,titian,rembrandt,portrait,portrait
Northern_Renaissance,High_Renaissance,0.7894149422645569,28636,50247,Unknown Artist,Unknown Artist,religious_painting,genre_painting
High_Renaissance,Northern_Renaissance,0.875418484210968,56503,34492,Unknown Artist,Unknown Artist,religious_painting,religious_painting
High_Renaissance,Baroque,0.9042482972145081,40689,10132,leonardo-da-vinci,rembrandt,sketch_and_study,genre_painting
Mannerism_Late_Renaissance,Baroque,0.8120037317276001,68154,28733,Unknown Artist,frans-hals,Unknown Genre,portrait
High_Renaissance,Northern_Renaissance,0.8493699431419373,69384,46921,Unknown Artist,hans-holbein-the-younger,Unknown Genre,sketch_and_study
High_Renaissance,Mannerism_Late_Renaissance,0.8751636743545532,55678,26922,Unknown Artist,paolo-veronese,religious_painting,religious_painting
Mannerism_Late_Renaissance,Baroque,0.9197030663490295,40117,20944,Unknown Artist,jacob-jordaens,religious_painting,religious_painting
High_Renaissance,Northern_Renaissance,0.9039718508720398,26261,8202,Unknown Artist,albrecht-durer,sketch_and_study,sketch_and_study
Baroque,Rococo,0.8701949715614319,71631,40297,Unknown Artist,Unknown Artist,Unknown Genre,portrait
Northern_Renaissance,Mannerism_Late_Renaissance,0.8499857783317566,56873,55965,Unknown Artist,el-greco,religious_painting,religious_painting
Northern_Renaissance,Baroque,0.856319010257721,56358,59149,Unknown Artist,Unknown Artist,religious_painting,landscape
Baroque,Rococo,0.8735474348068237,71631,28378,Unknown Artist,Unknown Artist,Unknown Genre,portrait
High_Renaissance,Northern_Renaissance,0.8650628328323364,56412,37602,Unknown Artist,hans-memling,religious_painting,religious_painting
Early_Renaissance,Northern_Renaissance,0.9008070230484009,44431,56364,Unknown Artist,hieronymus-bosch,religious_painting,religious_painting
Early_Renaissance,High_Renaissance,0.9170385599136353,56604,24954,leonardo-da-vinci,raphael,religious_painting,religious_painting
Early_Renaissance,High_Renaissance,0.8728717565536499,55624,56734,Unknown Artist,raphael,religious_painting,religious_painting
Early_Renaissance,High_Renaissance,0.901078462600708,56309,52622,Unknown Artist,Unknown Artist,religious_painting,religious_painting
Baroque,Rococo,0.8656626343727112,71631,66031,Unknown Artist,Unknown Artist,Unknown Genre,portrait
High_Renaissance,Mannerism_Late_Renaissance,0.8544805645942688,69485,68054,Unknown Artist,Unknown Artist,Unknown Genre,Unknown Genre
Northern_Renaissance,High_Renaissance,0.8538292646408081,56886,37734,hieronymus-bosch,michelangelo,religious_painting,religious_painting
Early_Renaissance,Northern_Renaissance,0.8979717493057251,29617,3552,Unknown Artist,albrecht-durer,religious_painting,religious_painting
High_Renaissance,Northern_Renaissance,0.8821607232093811,34489,74524,raphael,Unknown Artist,religious_painting,Unknown Genre
Early_Renaissance,Northern_Renaissance,0.8831804990768433,41501,44567,leonardo-da-vinci,Unknown Artist,sketch_and_study,genre_painting
High_Renaissance,Baroque,0.7880706787109375,35461,22899,titian,anthony-van-dyck,portrait,portrait
Baroque,Rococo,0.8255391716957092,62963,30671,joshua-reynolds,thomas-gainsborough,portrait,portrait
Early_Renaissance,High_Renaissance,0.8441147208213806,52748,62275,leonardo-da-vinci,michelangelo,sketch_and_study,sketch_and_study
Early_Renaissance,Northern_Renaissance,0.7486799359321594,40149,55650,Unknown Artist,Unknown Artist,religious_painting,religious_painting
Early_Renaissance,High_Renaissance,0.8350306749343872,68566,55630,Unknown Artist,michelangelo,Unknown Genre,religious_painting
Baroque,Rococo,0.8695283532142639,24660,23419,Unknown Artist,Unknown Artist,genre_painting,genre_painting
Baroque,Rococo,0.9780423045158386,71881,75918,Unknown Artist,Unknown Artist,Unknown Genre,Unknown Genre
Mannerism_Late_Renaissance,Rococo,0.8647695779800415,63378,41664,Unknown Artist,Unknown Artist,portrait,portrait
Mannerism_Late_Renaissance,Baroque,0.8843526840209961,40121,4836,tintoretto,rembrandt,religious_painting,religious_painting
Northern_Renaissance,High_Renaissance,0.8618341088294983,32103,68339,lucas-cranach-the-elder,Unknown Artist,religious_painting,Unknown Genre
Baroque,Rococo,0.9365774393081665,78673,75626,Unknown Artist,Unknown Artist,Unknown Genre,Unknown Genre
Baroque,Rococo,0.8999225497245789,71631,23781,Unknown Artist,Unknown Artist,Unknown Genre,portrait
Baroque,Rococo,0.8967379331588745,58969,72353,Unknown Artist,Unknown Artist,landscape,Unknown Genre
Northern_Renaissance,Baroque,0.7548736333847046,41761,78588,Unknown Artist,Unknown Artist,portrait,Unknown Genre
Northern_Renaissance,Rococo,0.8277745842933655,9407,30994,albrecht-durer,thomas-gainsborough,landscape,landscape
High_Renaissance,Northern_Renaissance,0.8079771995544434,33789,35710,raphael,lucas-cranach-the-elder,portrait,portrait
High_Renaissance,Northern_Renaissance,0.8100539445877075,40150,10855,leonardo-da-vinci,albrecht-durer,sketch_and_study,portrait
High_Renaissance,Mannerism_Late_Renaissance,0.8646145462989807,64170,42446,titian,titian,portrait,portrait
Northern_Renaissance,Baroque,0.7896164655685425,41761,44104,Unknown Artist,frans-hals,portrait,portrait
High_Renaissance,Mannerism_Late_Renaissance,0.877062201499939,70273,71800,Unknown Artist,Unknown Artist,Unknown Genre,Unknown Genre
Mannerism_Late_Renaissance,Baroque,0.834120512008667,62982,46411,Unknown Artist,Unknown Artist,portrait,portrait
Northern_Renaissance,High_Renaissance,0.8830723166465759,36878,31157,hans-memling,pietro-perugino,portrait,religious_painting
High_Renaissance,Northern_Renaissance,0.8586482405662537,52764,50422,titian,hans-holbein-the-younger,portrait,portrait
Baroque,Rococo,0.8748052716255188,62974,47353,Unknown Artist,joshua-reynolds,portrait,portrait
Baroque,Rococo,0.8760191202163696,46595,69975,Unknown Artist,Unknown Artist,genre_painting,Unknown Genre
Early_Renaissance,High_Renaissance,0.8771776556968689,55900,56412,Unknown Artist,Unknown Artist,religious_painting,religious_painting
Early_Renaissance,Mannerism_Late_Renaissance,0.8677327632904053,55806,37309,Unknown Artist,Unknown Artist,religious_painting,religious_painting
High_Renaissance,Northern_Renaissance,0.8531965017318726,56277,43465,Unknown Artist,Unknown Artist,religious_painting,religious_painting
High_Renaissance,Mannerism_Late_Renaissance,0.9151930212974548,76525,56134,Unknown Artist,Unknown Artist,Unknown Genre,religious_painting
Early_Renaissance,Baroque,0.847057044506073,62887,41616,Unknown Artist,Unknown Artist,illustration,landscape
Early_Renaissance,High_Renaissance,0.863471508026123,56780,46276,Unknown Artist,Unknown Artist,religious_painting,portrait
Mannerism_Late_Renaissance,Baroque,0.8513045907020569,78486,42173,Unknown Artist,Unknown Artist,Unknown Genre,religious_painting
Northern_Renaissance,Baroque,0.8428844213485718,81126,78678,Unknown Artist,Unknown Artist,Unknown Genre,Unknown Genre
Baroque,Rococo,0.8084790110588074,53884,28647,Unknown Artist,Unknown Artist,genre_painting,genre_painting
Early_Renaissance,High_Renaissance,0.9525651335716248,56604,23612,leonardo-da-vinci,leonardo-da-vinci,religious_painting,religious_painting
Early_Renaissance,Northern_Renaissance,0.8583991527557373,25320,3507,Unknown Artist,albrecht-durer,sketch_and_study,portrait
Early_Renaissance,High_Renaissance,0.8919593095779419,71872,39173,Unknown Artist,leonardo-da-vinci,Unknown Genre,sketch_and_study
High_Renaissance,Mannerism_Late_Renaissance,0.8786913156509399,25880,62436,michelangelo,titian,sketch_and_study,sketch_and_study
Northern_Renaissance,High_Renaissance,0.8919851183891296,1312,62479,albrecht-durer,michelangelo,religious_painting,sketch_and_study
Northern_Renaissance,Mannerism_Late_Renaissance,0.8656767010688782,46300,46874,Unknown Artist,paolo-veronese,religious_painting,religious_painting
Baroque,Rococo,0.8559205532073975,45965,28879,Unknown Artist,Unknown Artist,portrait,portrait
Early_Renaissance,High_Renaissance,0.9420964121818542,29617,44996,Unknown Artist,Unknown Artist,religious_painting,religious_painting
Early_Renaissance,High_Renaissance,0.8494809865951538,64313,25075,Unknown Artist,raphael,portrait,religious_painting
Mannerism_Late_Renaissance,Rococo,0.8327757716178894,28772,66155,titian,joshua-reynolds,portrait,portrait
Baroque,Rococo,0.8070486187934875,10826,40308,rembrandt,joshua-reynolds,portrait,portrait
High_Renaissance,Northern_Renaissance,0.8693076372146606,62079,3102,michelangelo,Unknown Artist,sketch_and_study,Unknown Genre
Early_Renaissance,High_Renaissance,0.7970985770225525,31136,75083,Unknown Artist,Unknown Artist,sketch_and_study,Unknown Genre
Baroque,Rococo,0.8249144554138184,43208,36862,frans-hals,Unknown Artist,portrait,portrait
Baroque,Rococo,0.8811127543449402,769,65696,rembrandt,Unknown Artist,portrait,portrait
Northern_Renaissance,High_Renaissance,0.8817445039749146,12996,76289,albrecht-durer,Unknown Artist,portrait,Unknown Genre
Early_Renaissance,Northern_Renaissance,0.8292486071586609,55757,73143,Unknown Artist,Unknown Artist,religious_painting,Unknown Genre
High_Renaissance,Mannerism_Late_Renaissance,0.8936187028884888,76292,75655,Unknown Artist,Unknown Artist,Unknown Genre,Unknown Genre
Early_Renaissance,Baroque,0.8454141616821289,39258,50275,Unknown Artist,Unknown Artist,religious_painting,genre_painting
High_Renaissance,Mannerism_Late_Renaissance,0.8296489119529724,35204,56581,Unknown Artist,el-greco,religious_painting,religious_painting
Early_Renaissance,High_Renaissance,0.8738643527030945,53102,55797,Unknown Artist,titian,religious_painting,religious_painting
High_Renaissance,Northern_Renaissance,0.8234847187995911,29376,18136,michelangelo,albrecht-durer,sketch_and_study,genre_painting
Northern_Renaissance,Baroque,0.8310726881027222,21368,61028,Unknown Artist,Unknown Artist,landscape,landscape
Mannerism_Late_Renaissance,Baroque,0.8978687524795532,30786,47956,Unknown Artist,peter-paul-rubens,religious_painting,religious_painting
Baroque,Rococo,0.8352111577987671,3112,20643,rembrandt,Unknown Artist,Unknown Genre,portrait
High_Renaissance,Baroque,0.8461304903030396,63502,11791,Unknown Artist,rembrandt,portrait,sketch_and_study
Early_Renaissance,Baroque,0.8689397573471069,55935,56959,Unknown Artist,peter-paul-rubens,religious_painting,religious_painting
High_Renaissance,Mannerism_Late_Renaissance,0.8467078804969788,79403,68818,Unknown Artist,Unknown Artist,Unknown Genre,Unknown Genre
Early_Renaissance,Rococo,0.8945884704589844,27503,32538,leonardo-da-vinci,Unknown Artist,sketch_and_study,sketch_and_study
Northern_Renaissance,High_Renaissance,0.8987346887588501,17994,38928,albrecht-durer,leonardo-da-vinci,sketch_and_study,sketch_and_study
Early_Renaissance,High_Renaissance,0.8518595695495605,50996,19969,Unknown Artist,titian,religious_painting,religious_painting
Northern_Renaissance,Baroque,0.8577532172203064,18043,59675,albrecht-durer,anthony-van-dyck,landscape,landscape
Early_Renaissance,Northern_Renaissance,0.8763939142227173,29617,10835,Unknown Artist,albrecht-durer,religious_painting,religious_painting
Baroque,Rococo,0.8278027176856995,23518,51786,Unknown Artist,Unknown Artist,genre_painting,genre_painting
High_Renaissance,Baroque,0.8603488802909851,27560,55207,Unknown Artist,Unknown Artist,religious_painting,genre_painting
Northern_Renaissance,High_Renaissance,0.8950762152671814,4422,61949,albrecht-durer,raphael,religious_painting,sketch_and_study
Early_Renaissance,Northern_Renaissance,0.8355125188827515,36850,41878,Unknown Artist,lucas-cranach-the-elder,religious_painting,genre_painting
Early_Renaissance,High_Renaissance,0.9322142601013184,23216,56930,Unknown Artist,Unknown Artist,religious_painting,religious_painting
Early_Renaissance,High_Renaissance,0.9390523433685303,53035,51896,pietro-perugino,pietro-perugino,religious_painting,religious_painting
Baroque,Rococo,0.8910537958145142,32940,24063,Unknown Artist,Unknown Artist,landscape,landscape
Northern_Renaissance,Mannerism_Late_Renaissance,0.8436203002929688,9330,78491,albrecht-durer,Unknown Artist,religious_painting,Unknown Genre
High_Renaissance,Northern_Renaissance,0.896758496761322,36556,31347,Unknown Artist,hans-holbein-the-younger,religious_painting,religious_painting
Early_Renaissance,High_Renaissance,0.8950158953666687,25751,45243,Unknown Artist,Unknown Artist,religious_painting,religious_painting
Northern_Renaissance,Mannerism_Late_Renaissance,0.7681095004081726,18026,42190,albrecht-durer,Unknown Artist,portrait,religious_painting
Early_Renaissance,Northern_Renaissance,0.8781574964523315,24726,44434,Unknown Artist,Unknown Artist,religious_painting,religious_painting
Mannerism_Late_Renaissance,Baroque,0.8173796534538269,31336,1197,tintoretto,rembrandt,religious_painting,religious_painting
Early_Renaissance,Mannerism_Late_Renaissance,0.8956628441810608,43494,51949,Unknown Artist,el-greco,religious_painting,religious_painting
Early_Renaissance,Mannerism_Late_Renaissance,0.8745158910751343,20632,78476,Unknown Artist,Unknown Artist,sketch_and_study,Unknown Genre
Mannerism_Late_Renaissance,Baroque,0.9039286971092224,71800,72647,Unknown Artist,Unknown Artist,Unknown Genre,Unknown Genre
Baroque,Rococo,0.8749961256980896,38563,61978,peter-paul-rubens,Unknown Artist,portrait,sketch_and_study
Early_Renaissance,Northern_Renaissance,0.8058881163597107,48672,65245,Unknown Artist,hans-holbein-the-younger,religious_painting,portrait
Northern_Renaissance,High_Renaissance,0.9002158045768738,70344,68996,Unknown Artist,Unknown Artist,Unknown Genre,Unknown Genre
Mannerism_Late_Renaissance,Baroque,0.8598783016204834,68797,78631,Unknown Artist,Unknown Artist,Unknown Genre,Unknown Genre
Mannerism_Late_Renaissance,Baroque,0.8734193444252014,32662,56584,el-greco,Unknown Artist,religious_painting,religious_painting
High_Renaissance,Northern_Renaissance,0.8868253827095032,51504,43569,Unknown Artist,Unknown Artist,religious_painting,religious_painting
Early_Renaissance,High_Renaissance,0.8664996027946472,43952,31006,Unknown Artist,pietro-perugino,religious_painting,religious_painting
Baroque,Rococo,0.8598437905311584,54236,27436,Unknown Artist,Unknown Artist,genre_painting,genre_painting
Early_Renaissance,High_Renaissance,0.9047867059707642,25709,38316,pietro-perugino,Unknown Artist,religious_painting,religious_painting
High_Renaissance,Mannerism_Late_Renaissance,0.8726306557655334,29441,56868,Unknown Artist,tintoretto,religious_painting,religious_painting
High_Renaissance,Baroque,0.8613688349723816,68561,76884,Unknown Artist,Unknown Artist,Unknown Genre,Unknown Genre
High_Renaissance,Mannerism_Late_Renaissance,0.8710466027259827,56949,37319,raphael,Unknown Artist,religious_painting,religious_painting
High_Renaissance,Mannerism_Late_Renaissance,0.8942485451698303,48586,44487,raphael,Unknown Artist,portrait,portrait
Northern_Renaissance,Mannerism_Late_Renaissance,0.8037643432617188,40810,70051,lucas-cranach-the-elder,Unknown Artist,religious_painting,Unknown Genre
Mannerism_Late_Renaissance,Baroque,0.8004794716835022,26437,17666,tintoretto,rembrandt,portrait,Unknown Genre
Early_Renaissance,Mannerism_Late_Renaissance,0.9091151356697083,68566,21927,Unknown Artist,Unknown Artist,Unknown Genre,religious_painting
Early_Renaissance,High_Renaissance,0.829521894454956,19614,30055,pietro-perugino,Unknown Artist,religious_painting,portrait
Early_Renaissance,Northern_Renaissance,0.9190958142280579,56509,33007,fra-angelico,Unknown Artist,religious_painting,religious_painting
Early_Renaissance,High_Renaissance,0.8962759375572205,20308,27760,leonardo-da-vinci,leonardo-da-vinci,sketch_and_study,sketch_and_study
Baroque,Rococo,0.8572400212287903,64322,42579,Unknown Artist,Unknown Artist,portrait,portrait
Baroque,Rococo,0.8399757146835327,38777,46121,anthony-van-dyck,joshua-reynolds,portrait,portrait
Northern_Renaissance,Baroque,0.8707566261291504,42068,8017,Unknown Artist,rembrandt,genre_painting,landscape
Northern_Renaissance,Mannerism_Late_Renaissance,0.8988778591156006,81092,56314,Unknown Artist,titian,Unknown Genre,religious_painting
Baroque,Rococo,0.8473327159881592,45965,65883,Unknown Artist,Unknown Artist,portrait,portrait
Baroque,Rococo,0.8435609340667725,3112,64712,rembrandt,Unknown Artist,Unknown Genre,portrait
High_Renaissance,Rococo,0.8969940543174744,46509,43836,raphael,Unknown Artist,sketch_and_study,sketch_and_study
Mannerism_Late_Renaissance,Rococo,0.8719145655632019,72475,54492,Unknown Artist,Unknown Artist,Unknown Genre,genre_painting
Early_Renaissance,High_Renaissance,0.8487427234649658,49243,31768,Unknown Artist,Unknown Artist,religious_painting,portrait
High_Renaissance,Mannerism_Late_Renaissance,0.8854998350143433,41863,31618,Unknown Artist,Unknown Artist,portrait,portrait
Early_Renaissance,High_Renaissance,0.8549383878707886,52843,22257,Unknown Artist,Unknown Artist,sketch_and_study,sketch_and_study
Baroque,Rococo,0.8316163420677185,61397,47108,frans-hals,Unknown Artist,still_life,religious_painting
Early_Renaissance,High_Renaissance,0.9064115881919861,42889,36953,Unknown Artist,Unknown Artist,religious_painting,religious_painting
Early_Renaissance,Northern_Renaissance,0.8656644821166992,80536,55814,Unknown Artist,Unknown Artist,Unknown Genre,religious_painting
Baroque,Rococo,0.7850629687309265,62974,64132,Unknown Artist,thomas-gainsborough,portrait,portrait
High_Renaissance,Mannerism_Late_Renaissance,0.8770828247070312,75935,73424,Unknown Artist,Unknown Artist,Unknown Genre,Unknown Genre
Early_Renaissance,Mannerism_Late_Renaissance,0.8982769250869751,31718,23475,Unknown Artist,Unknown Artist,religious_painting,religious_painting
Baroque,Rococo,0.8521488904953003,54436,41983,Unknown Artist,Unknown Artist,genre_painting,genre_painting
Northern_Renaissance,Baroque,0.9072587490081787,18025,31226,albrecht-durer,peter-paul-rubens,religious_painting,religious_painting
Northern_Renaissance,Mannerism_Late_Renaissance,0.9262445569038391,6422,56155,albrecht-durer,Unknown Artist,religious_painting,religious_painting
Northern_Renaissance,High_Renaissance,0.8641160130500793,18116,42859,albrecht-durer,Unknown Artist,religious_painting,religious_painting
High_Renaissance,Northern_Renaissance,0.8651381134986877,56838,42715,michelangelo,hieronymus-bosch,religious_painting,religious_painting
Northern_Renaissance,Mannerism_Late_Renaissance,0.8800939917564392,28527,46979,hieronymus-bosch,paolo-veronese,religious_painting,religious_painting
Early_Renaissance,High_Renaissance,0.9004252552986145,32916,56528,Unknown Artist,pietro-perugino,religious_painting,religious_painting
High_Renaissance,Mannerism_Late_Renaissance,0.8730431199073792,69894,25277,Unknown Artist,paolo-veronese,Unknown Genre,portrait
High_Renaissance,Mannerism_Late_Renaissance,0.9020835757255554,30747,41226,Unknown Artist,Unknown Artist,religious_painting,religious_painting
Early_Renaissance,Northern_Renaissance,0.8837082982063293,50194,1440,Unknown Artist,albrecht-durer,religious_painting,religious_painting
Northern_Renaissance,Baroque,0.8209299445152283,18164,17617,albrecht-durer,rembrandt,religious_painting,religious_painting
Mannerism_Late_Renaissance,Baroque,0.877916693687439,29659,22783,paolo-veronese,Unknown Artist,religious_painting,religious_painting
Baroque,Rococo,0.8162211179733276,65993,48473,anthony-van-dyck,Unknown Artist,portrait,portrait
Mannerism_Late_Renaissance,Rococo,0.8812210559844971,32766,74578,paolo-veronese,Unknown Artist,religious_painting,Unknown Genre
Baroque,Rococo,0.8306508660316467,69805,41000,Unknown Artist,thomas-gainsborough,Unknown Genre,portrait
High_Renaissance,Northern_Renaissance,0.8802238702774048,22390,31521,Unknown Artist,Unknown Artist,religious_painting,religious_painting
High_Renaissance,Baroque,0.856965184211731,42800,10647,raphael,rembrandt,portrait,portrait
High_Renaissance,Northern_Renaissance,0.8866283893585205,62467,2635,leonardo-da-vinci,albrecht-durer,sketch_and_study,sketch_and_study
Early_Renaissance,Northern_Renaissance,0.8979659676551819,40965,33898,Unknown Artist,Unknown Artist,portrait,portrait
Early_Renaissance,Baroque,0.8629435300827026,56665,29308,Unknown Artist,Unknown Artist,religious_painting,religious_painting
Mannerism_Late_Renaissance,Rococo,0.8950173258781433,68797,75702,Unknown Artist,Unknown Artist,Unknown Genre,Unknown Genre
Early_Renaissance,Baroque,0.8220497369766235,46991,43810,Unknown Artist,Unknown Artist,sketch_and_study,cityscape
High_Renaissance,Mannerism_Late_Renaissance,0.8877180814743042,48586,23831,raphael,Unknown Artist,portrait,portrait
High_Renaissance,Mannerism_Late_Renaissance,0.8827399015426636,20728,78450,pietro-perugino,Unknown Artist,religious_painting,Unknown Genre
Mannerism_Late_Renaissance,Baroque,0.782525360584259,26385,78647,tintoretto,Unknown Artist,genre_painting,Unknown Genre
Early_Renaissance,Northern_Renaissance,0.9081743359565735,56593,25825,Unknown Artist,Unknown Artist,religious_painting,religious_painting
Early_Renaissance,Northern_Renaissance,0.8831244111061096,56737,6245,Unknown Artist,Unknown Artist,religious_painting,Unknown Genre
Baroque,Rococo,0.8842008709907532,71631,64970,Unknown Artist,Unknown Artist,Unknown Genre,portrait
High_Renaissance,Mannerism_Late_Renaissance,0.945549726486206,57155,40598,Unknown Artist,Unknown Artist,religious_painting,religious_painting
Northern_Renaissance,Baroque,0.8347238302230835,59073,28096,Unknown Artist,Unknown Artist,landscape,genre_painting
Baroque,Rococo,0.8321354389190674,68163,75821,Unknown Artist,Unknown Artist,Unknown Genre,Unknown Genre
Baroque,Rococo,0.8534766435623169,769,41711,rembrandt,Unknown Artist,portrait,portrait
High_Renaissance,Northern_Renaissance,0.9294624924659729,46546,28659,raphael,Unknown Artist,religious_painting,religious_painting
Mannerism_Late_Renaissance,Baroque,0.7722237706184387,57034,17641,Unknown Artist,rembrandt,religious_painting,genre_painting
Northern_Renaissance,Mannerism_Late_Renaissance,0.9045175313949585,28527,56582,hieronymus-bosch,tintoretto,religious_painting,religious_painting
Baroque,Rococo,0.8048494458198547,62963,25411,joshua-reynolds,Unknown Artist,portrait,portrait
High_Renaissance,Northern_Renaissance,0.8859555125236511,46966,56576,pietro-perugino,Unknown Artist,religious_painting,religious_painting
High_Renaissance,Mannerism_Late_Renaissance,0.8893945813179016,76258,70669,Unknown Artist,Unknown Artist,Unknown Genre,Unknown Genre
Baroque,Rococo,0.8340915441513062,56163,75223,Unknown Artist,Unknown Artist,religious_painting,Unknown Genre
Early_Renaissance,High_Renaissance,0.8465918898582458,49464,52603,Unknown Artist,Unknown Artist,religious_painting,nude_painting
Early_Renaissance,High_Renaissance,0.8942703008651733,25751,33259,Unknown Artist,Unknown Artist,religious_painting,religious_painting
Mannerism_Late_Renaissance,Baroque,0.837543249130249,43611,36097,paolo-veronese,Unknown Artist,portrait,portrait
Baroque,Rococo,0.8276739716529846,62963,26765,joshua-reynolds,joshua-reynolds,portrait,portrait
Early_Renaissance,High_Renaissance,0.8907986879348755,40864,31263,Unknown Artist,Unknown Artist,religious_painting,religious_painting
Baroque,Rococo,0.8335681557655334,23320,39721,joshua-reynolds,Unknown Artist,portrait,portrait
Baroque,Rococo,0.8552005887031555,6118,35176,rembrandt,Unknown Artist,portrait,portrait
High_Renaissance,Northern_Renaissance,0.7069058418273926,49023,4741,titian,albrecht-durer,portrait,portrait
High_Renaissance,Mannerism_Late_Renaissance,0.8494784235954285,22254,34565,leonardo-da-vinci,Unknown Artist,sketch_and_study,sketch_and_study
Northern_Renaissance,Baroque,0.8711794018745422,24428,46749,Unknown Artist,Unknown Artist,religious_painting,genre_painting
High_Renaissance,Mannerism_Late_Renaissance,0.8751270771026611,50486,36513,titian,titian,portrait,portrait
High_Renaissance,Mannerism_Late_Renaissance,0.8816595077514648,69785,49404,Unknown Artist,Unknown Artist,Unknown Genre,religious_painting
Northern_Renaissance,Mannerism_Late_Renaissance,0.8669838309288025,56077,78485,Unknown Artist,Unknown Artist,religious_painting,Unknown Genre
Mannerism_Late_Renaissance,Baroque,0.903940737247467,56440,52840,Unknown Artist,bartolome-esteban-murillo,religious_painting,religious_painting
Northern_Renaissance,Rococo,0.7901108860969543,17957,62210,albrecht-durer,Unknown Artist,religious_painting,sketch_and_study
Early_Renaissance,High_Renaissance,0.8894734978675842,25221,33789,Unknown Artist,raphael,portrait,portrait
Early_Renaissance,Northern_Renaissance,0.8820821046829224,25758,11318,Unknown Artist,albrecht-durer,religious_painting,religious_painting
Mannerism_Late_Renaissance,Baroque,0.8832036256790161,69682,73310,Unknown Artist,Unknown Artist,Unknown Genre,Unknown Genre
Mannerism_Late_Renaissance,Rococo,0.9066523909568787,26558,72551,tintoretto,Unknown Artist,religious_painting,Unknown Genre
Early_Renaissance,High_Renaissance,0.8664794564247131,22082,43896,Unknown Artist,Unknown Artist,religious_painting,religious_painting
Early_Renaissance,Mannerism_Late_Renaissance,0.8378516435623169,36850,78475,Unknown Artist,Unknown Artist,religious_painting,Unknown Genre
Early_Renaissance,High_Renaissance,0.9016600251197815,56780,19087,Unknown Artist,Unknown Artist,religious_painting,religious_painting
Northern_Renaissance,High_Renaissance,0.8649778962135315,17988,62131,albrecht-durer,leonardo-da-vinci,sketch_and_study,sketch_and_study
Northern_Renaissance,Baroque,0.782414972782135,64987,45191,Unknown Artist,Unknown Artist,portrait,genre_painting
Early_Renaissance,Northern_Renaissance,0.8482973575592041,41270,74705,Unknown Artist,Unknown Artist,religious_painting,Unknown Genre
Mannerism_Late_Renaissance,Baroque,0.7823453545570374,38333,72513,Unknown Artist,Unknown Artist,religious_painting,Unknown Genre
Northern_Renaissance,Mannerism_Late_Renaissance,0.9022274017333984,81151,22364,Unknown Artist,tintoretto,Unknown Genre,religious_painting
Mannerism_Late_Renaissance,Baroque,0.911579966545105,57044,7408,tintoretto,rembrandt,religious_painting,religious_painting
High_Renaissance,Northern_Renaissance,0.8377005457878113,35102,63164,Unknown Artist,lucas-cranach-the-elder,portrait,portrait
Baroque,Rococo,0.807685136795044,78685,64206,Unknown Artist,thomas-gainsborough,Unknown Genre,portrait
Baroque,Rococo,0.8701648712158203,23086,65601,Unknown Artist,Unknown Artist,portrait,portrait
Early_Renaissance,Northern_Renaissance,0.8700527548789978,54676,13085,Unknown Artist,albrecht-durer,genre_painting,genre_painting
Mannerism_Late_Renaissance,Baroque,0.9145876169204712,69279,56406,Unknown Artist,Unknown Artist,Unknown Genre,religious_painting
Northern_Renaissance,Mannerism_Late_Renaissance,0.8464502096176147,19414,44211,hieronymus-bosch,tintoretto,religious_painting,religious_painting
Northern_Renaissance,Mannerism_Late_Renaissance,0.8441790342330933,56506,22626,Unknown Artist,el-greco,religious_painting,religious_painting
Early_Renaissance,Mannerism_Late_Renaissance,0.894642174243927,51437,56920,Unknown Artist,paolo-veronese,religious_painting,religious_painting
Early_Renaissance,Northern_Renaissance,0.8820942044258118,25320,22369,Unknown Artist,hieronymus-bosch,sketch_and_study,sketch_and_study
High_Renaissance,Mannerism_Late_Renaissance,0.8426192998886108,66298,65426,Unknown Artist,Unknown Artist,portrait,portrait
High_Renaissance,Northern_Renaissance,0.8892425298690796,21958,22975,Unknown Artist,Unknown Artist,religious_painting,religious_painting
High_Renaissance,Baroque,0.9139565229415894,56347,36263,titian,Unknown Artist,religious_painting,religious_painting
Northern_Renaissance,Baroque,0.857904314994812,11661,11947,Unknown Artist,rembrandt,Unknown Genre,portrait
High_Renaissance,Northern_Renaissance,0.8461676836013794,25311,26852,Unknown Artist,Unknown Artist,religious_painting,religious_painting
Baroque,Rococo,0.8491653800010681,769,66274,rembrandt,Unknown Artist,portrait,portrait
Northern_Renaissance,Mannerism_Late_Renaissance,0.8918845653533936,56195,30012,Unknown Artist,tintoretto,religious_painting,religious_painting
Early_Renaissance,High_Renaissance,0.8557385802268982,50170,76122,Unknown Artist,Unknown Artist,sketch_and_study,Unknown Genre
Baroque,Rococo,0.8410676717758179,64962,53033,Unknown Artist,Unknown Artist,portrait,portrait
High_Renaissance,Northern_Renaissance,0.8722223043441772,76979,44373,Unknown Artist,Unknown Artist,Unknown Genre,religious_painting
Northern_Renaissance,High_Renaissance,0.9172841906547546,4321,20329,albrecht-durer,pietro-perugino,religious_painting,religious_painting
Early_Renaissance,Northern_Renaissance,0.8890329003334045,41270,71111,Unknown Artist,Unknown Artist,religious_painting,Unknown Genre
Early_Renaissance,Mannerism_Late_Renaissance,0.8981919884681702,45939,56044,Unknown Artist,el-greco,religious_painting,religious_painting
High_Renaissance,Mannerism_Late_Renaissance,0.8591196537017822,46629,19502,titian,tintoretto,portrait,portrait
Early_Renaissance,Northern_Renaissance,0.8701738119125366,52277,29860,Unknown Artist,Unknown Artist,religious_painting,religious_painting
Baroque,Rococo,0.8643109202384949,31050,64235,anthony-van-dyck,Unknown Artist,portrait,portrait
Early_Renaissance,Northern_Renaissance,0.8839211463928223,27413,21763,leonardo-da-vinci,Unknown Artist,sketch_and_study,religious_painting
Early_Renaissance,High_Renaissance,0.8586159944534302,48672,28164,Unknown Artist,Unknown Artist,religious_painting,portrait
Mannerism_Late_Renaissance,Rococo,0.8479793667793274,44499,39996,Unknown Artist,Unknown Artist,religious_painting,religious_painting
Early_Renaissance,Northern_Renaissance,0.8105428814888,32710,22660,Unknown Artist,lucas-cranach-the-elder,portrait,portrait
Mannerism_Late_Renaissance,Baroque,0.8954436779022217,28993,29282,paolo-veronese,Unknown Artist,religious_painting,religious_painting
Early_Renaissance,Baroque,0.8261560201644897,62246,49047,Unknown Artist,canaletto,sketch_and_study,sketch_and_study
Baroque,Rococo,0.8863595128059387,78691,51626,Unknown Artist,Unknown Artist,Unknown Genre,genre_painting
Baroque,Rococo,0.833747386932373,61028,50894,Unknown Artist,Unknown Artist,landscape,landscape
Baroque,Rococo,0.7971722483634949,45127,25137,Unknown Artist,Unknown Artist,portrait,genre_painting
Baroque,Rococo,0.8746755123138428,41598,49595,Unknown Artist,Unknown Artist,portrait,portrait
Early_Renaissance,High_Renaissance,0.8954885005950928,25709,19265,pietro-perugino,pietro-perugino,religious_painting,religious_painting
Northern_Renaissance,Baroque,0.9040082097053528,56539,33566,Unknown Artist,Unknown Artist,religious_painting,religious_painting
High_Renaissance,Northern_Renaissance,0.7980982065200806,27917,45117,Unknown Artist,hans-holbein-the-younger,religious_painting,portrait
Northern_Renaissance,Mannerism_Late_Renaissance,0.8368222117424011,55750,56312,lucas-cranach-the-elder,el-greco,religious_painting,religious_painting
High_Renaissance,Mannerism_Late_Renaissance,0.860600471496582,37673,78510,raphael,Unknown Artist,religious_painting,Unknown Genre
Northern_Renaissance,Mannerism_Late_Renaissance,0.8703307509422302,31078,62988,hans-holbein-the-younger,Unknown Artist,portrait,portrait
High_Renaissance,Northern_Renaissance,0.8616005182266235,30880,4119,Unknown Artist,Unknown Artist,portrait,Unknown Genre
Early_Renaissance,High_Renaissance,0.8306005001068115,27505,38279,Unknown Artist,Unknown Artist,religious_painting,religious_painting
Baroque,Rococo,0.8665938377380371,20019,29031,Unknown Artist,joshua-reynolds,religious_painting,sketch_and_study
Mannerism_Late_Renaissance,Baroque,0.830348551273346,73041,76882,Unknown Artist,Unknown Artist,Unknown Genre,Unknown Genre
Baroque,Rococo,0.8972867131233215,29387,32195,peter-paul-rubens,joshua-reynolds,portrait,portrait
Early_Renaissance,Mannerism_Late_Renaissance,0.89766526222229,55624,23215,Unknown Artist,Unknown Artist,religious_painting,religious_painting
High_Renaissance,Mannerism_Late_Renaissance,0.8515287041664124,40419,78497,michelangelo,Unknown Artist,religious_painting,Unknown Genre
Early_Renaissance,Northern_Renaissance,0.8748821020126343,38887,17968,Unknown Artist,albrecht-durer,religious_painting,religious_painting
High_Renaissance,Mannerism_Late_Renaissance,0.8787177205085754,41661,24631,titian,titian,portrait,portrait
Early_Renaissance,High_Renaissance,0.8188900947570801,52748,42799,leonardo-da-vinci,raphael,sketch_and_study,sketch_and_study
Mannerism_Late_Renaissance,Baroque,0.7858408093452454,55816,65969,Unknown Artist,Unknown Artist,religious_painting,portrait
Baroque,Rococo,0.8587024211883545,31050,46100,anthony-van-dyck,joshua-reynolds,portrait,portrait
Northern_Renaissance,Baroque,0.8430910706520081,9947,804,albrecht-durer,rembrandt,religious_painting,portrait
Mannerism_Late_Renaissance,Baroque,0.8198743462562561,44758,33817,tintoretto,Unknown Artist,portrait,portrait
Early_Renaissance,High_Renaissance,0.8717168569564819,20738,24280,Unknown Artist,Unknown Artist,religious_painting,religious_painting
Baroque,Rococo,0.8121770024299622,24579,36228,anthony-van-dyck,joshua-reynolds,portrait,portrait
Early_Renaissance,Baroque,0.815902829170227,50688,52912,Unknown Artist,Unknown Artist,religious_painting,religious_painting
High_Renaissance,Mannerism_Late_Renaissance,0.8162904977798462,30296,28064,Unknown Artist,Unknown Artist,religious_painting,religious_painting
High_Renaissance,Northern_Renaissance,0.8904194235801697,30991,65853,Unknown Artist,lucas-cranach-the-elder,portrait,portrait
High_Renaissance,Baroque,0.8967459797859192,62153,49716,leonardo-da-vinci,Unknown Artist,sketch_and_study,sketch_and_study
Early_Renaissance,Baroque,0.8609849214553833,34453,54236,Unknown Artist,Unknown Artist,religious_painting,genre_painting
High_Renaissance,Northern_Renaissance,0.8863644003868103,79374,4644,Unknown Artist,albrecht-durer,Unknown Genre,religious_painting
Early_Renaissance,High_Renaissance,0.8903999924659729,56125,40186,Unknown Artist,Unknown Artist,religious_painting,religious_painting
High_Renaissance,Northern_Renaissance,0.8963587284088135,35997,56815,Unknown Artist,hieronymus-bosch,religious_painting,religious_painting
Early_Renaissance,Mannerism_Late_Renaissance,0.8790028691291809,56724,19758,Unknown Artist,paolo-veronese,religious_painting,religious_painting
Baroque,Rococo,0.8633418083190918,71631,35465,Unknown Artist,Unknown Artist,Unknown Genre,portrait
High_Renaissance,Northern_Renaissance,0.8474414348602295,48225,18029,raphael,albrecht-durer,sketch_and_study,religious_painting
Baroque,Rococo,0.8898347020149231,63010,63978,Unknown Artist,Unknown Artist,portrait,portrait
Northern_Renaissance,High_Renaissance,0.8806380033493042,69797,57310,Unknown Artist,michelangelo,Unknown Genre,nude_painting
Early_Renaissance,High_Renaissance,0.9087235927581787,23613,22390,Unknown Artist,Unknown Artist,religious_painting,religious_painting
Early_Renaissance,Mannerism_Late_Renaissance,0.8935049176216125,25846,56052,Unknown Artist,paolo-veronese,religious_painting,religious_painting
Mannerism_Late_Renaissance,Baroque,0.8695001602172852,38014,78714,paolo-veronese,Unknown Artist,religious_painting,Unknown Genre
Mannerism_Late_Renaissance,Baroque,0.771409273147583,39483,23320,Unknown Artist,joshua-reynolds,portrait,portrait
High_Renaissance,Mannerism_Late_Renaissance,0.8462334275245667,20591,78509,Unknown Artist,Unknown Artist,portrait,Unknown Genre
High_Renaissance,Mannerism_Late_Renaissance,0.8862048983573914,56859,23255,Unknown Artist,tintoretto,religious_painting,religious_painting
High_Renaissance,Mannerism_Late_Renaissance,0.8771060705184937,50628,34318,Unknown Artist,el-greco,religious_painting,religious_painting
Early_Renaissance,Northern_Renaissance,0.9419907927513123,35073,20883,fra-angelico,Unknown Artist,religious_painting,religious_painting
High_Renaissance,Northern_Renaissance,0.8184155225753784,79386,62367,Unknown Artist,Unknown Artist,Unknown Genre,sketch_and_study
Baroque,Rococo,0.9536926746368408,68510,68375,Unknown Artist,Unknown Artist,Unknown Genre,Unknown Genre
Early_Renaissance,High_Renaissance,0.8792396783828735,21752,69270,Unknown Artist,Unknown Artist,religious_painting,Unknown Genre
Early_Renaissance,High_Renaissance,0.8315882086753845,38873,29395,Unknown Artist,leonardo-da-vinci,sketch_and_study,sketch_and_study
High_Renaissance,Baroque,0.8196805715560913,25672,8373,leonardo-da-vinci,rembrandt,sketch_and_study,portrait
Early_Renaissance,High_Renaissance,0.853726327419281,25227,79399,Unknown Artist,Unknown Artist,religious_painting,Unknown Genre
Early_Renaissance,Northern_Renaissance,0.8755897283554077,48158,50004,Unknown Artist,lucas-cranach-the-elder,religious_painting,religious_painting
High_Renaissance,Baroque,0.8361440896987915,50990,17625,pietro-perugino,rembrandt,religious_painting,genre_painting
Northern_Renaissance,Baroque,0.8664158582687378,56873,50410,Unknown Artist,Unknown Artist,religious_painting,religious_painting
Early_Renaissance,Northern_Renaissance,0.8460128903388977,43094,28636,Unknown Artist,Unknown Artist,religious_painting,religious_painting
High_Renaissance,Mannerism_Late_Renaissance,0.9158686399459839,37410,36521,michelangelo,titian,religious_painting,religious_painting
Baroque,Rococo,0.816157877445221,63339,62188,Unknown Artist,Unknown Artist,portrait,sketch_and_study
Baroque,Rococo,0.9123525619506836,20685,28577,peter-paul-rubens,Unknown Artist,portrait,portrait
High_Renaissance,Northern_Renaissance,0.8761202096939087,70777,77263,Unknown Artist,Unknown Artist,Unknown Genre,Unknown Genre
Early_Renaissance,High_Renaissance,0.8880990147590637,32172,56878,Unknown Artist,Unknown Artist,religious_painting,religious_painting
Baroque,Rococo,0.809577226638794,24879,64136,peter-paul-rubens,Unknown Artist,portrait,portrait
Baroque,Rococo,0.8036924600601196,6783,41316,rembrandt,Unknown Artist,portrait,portrait
High_Renaissance,Northern_Renaissance,0.7883187532424927,54547,5581,michelangelo,Unknown Artist,genre_painting,Unknown Genre
Early_Renaissance,Mannerism_Late_Renaissance,0.9285424947738647,51956,35618,Unknown Artist,Unknown Artist,religious_painting,religious_painting
Early_Renaissance,High_Renaissance,0.8881194591522217,26869,26255,Unknown Artist,pietro-perugino,religious_painting,religious_painting
Baroque,Rococo,0.8667845129966736,70158,51551,Unknown Artist,Unknown Artist,Unknown Genre,genre_painting
Early_Renaissance,Mannerism_Late_Renaissance,0.9161084294319153,45383,20669,Unknown Artist,Unknown Artist,sketch_and_study,sketch_and_study
Mannerism_Late_Renaissance,Rococo,0.8789939284324646,74674,75613,Unknown Artist,Unknown Artist,Unknown Genre,Unknown Genre
Northern_Renaissance,High_Renaissance,0.840041995048523,66279,30591,lucas-cranach-the-elder,raphael,portrait,portrait
Mannerism_Late_Renaissance,Baroque,0.879729688167572,48846,23873,paolo-veronese,Unknown Artist,portrait,religious_painting
Northern_Renaissance,High_Renaissance,0.8789415955543518,32732,76292,Unknown Artist,Unknown Artist,religious_painting,Unknown Genre
High_Renaissance,Mannerism_Late_Renaissance,0.8127232193946838,28866,25721,pietro-perugino,tintoretto,religious_painting,religious_painting
Mannerism_Late_Renaissance,Baroque,0.8588128685951233,78529,28959,Unknown Artist,Unknown Artist,Unknown Genre,still_life
High_Renaissance,Northern_Renaissance,0.8526649475097656,79380,25720,Unknown Artist,hans-memling,Unknown Genre,religious_painting
High_Renaissance,Northern_Renaissance,0.7798205614089966,21902,81109,Unknown Artist,Unknown Artist,genre_painting,Unknown Genre
High_Renaissance,Baroque,0.8066337704658508,46517,55041,titian,Unknown Artist,religious_painting,genre_painting
High_Renaissance,Mannerism_Late_Renaissance,0.8862423300743103,47498,56574,raphael,Unknown Artist,religious_painting,religious_painting
Baroque,Rococo,0.915834367275238,769,22388,rembrandt,Unknown Artist,portrait,portrait
Northern_Renaissance,Baroque,0.818608283996582,41761,32220,Unknown Artist,jacob-jordaens,portrait,portrait
Early_Renaissance,Baroque,0.92731773853302,48904,46167,Unknown Artist,Unknown Artist,religious_painting,religious_painting
High_Renaissance,Northern_Renaissance,0.8755528330802917,31934,6707,raphael,albrecht-durer,portrait,portrait
Baroque,Rococo,0.8481866121292114,71631,64522,Unknown Artist,Unknown Artist,Unknown Genre,portrait
Northern_Renaissance,High_Renaissance,0.8586302399635315,81151,37673,Unknown Artist,raphael,Unknown Genre,religious_painting
High_Renaissance,Northern_Renaissance,0.9334048628807068,56614,691,pietro-perugino,albrecht-durer,religious_painting,religious_painting
Mannerism_Late_Renaissance,Baroque,0.8038759827613831,32412,32351,Unknown Artist,jacob-jordaens,portrait,genre_painting
High_Renaissance,Northern_Renaissance,0.8891519904136658,56164,39835,Unknown Artist,hieronymus-bosch,religious_painting,religious_painting
High_Renaissance,Mannerism_Late_Renaissance,0.9040179252624512,22495,71822,Unknown Artist,Unknown Artist,religious_painting,Unknown Genre
Northern_Renaissance,Mannerism_Late_Renaissance,0.882276177406311,72904,64464,Unknown Artist,Unknown Artist,Unknown Genre,portrait
Baroque,Rococo,0.9009193778038025,769,63527,rembrandt,Unknown Artist,portrait,portrait
Early_Renaissance,High_Renaissance,0.8587300181388855,29122,57224,Unknown Artist,michelangelo,religious_painting,nude_painting
Mannerism_Late_Renaissance,Rococo,0.8925728797912598,72396,80016,Unknown Artist,Unknown Artist,Unknown Genre,Unknown Genre
Baroque,Rococo,0.8468176126480103,62963,50242,joshua-reynolds,joshua-reynolds,portrait,portrait
High_Renaissance,Rococo,0.8697779774665833,79374,71567,Unknown Artist,Unknown Artist,Unknown Genre,Unknown Genre
Baroque,Rococo,0.8138710260391235,62963,29757,joshua-reynolds,Unknown Artist,portrait,portrait
High_Renaissance,Mannerism_Late_Renaissance,0.8974290490150452,62413,73332,raphael,Unknown Artist,sketch_and_study,Unknown Genre
High_Renaissance,Northern_Renaissance,0.8394983410835266,48225,18108,raphael,albrecht-durer,sketch_and_study,portrait
Early_Renaissance,Northern_Renaissance,0.9159297943115234,36314,25374,Unknown Artist,hans-memling,religious_painting,religious_painting
Baroque,Rococo,0.907464325428009,68880,67800,Unknown Artist,Unknown Artist,Unknown Genre,Unknown Genre
Mannerism_Late_Renaissance,Baroque,0.9015958905220032,43611,19785,paolo-veronese,anthony-van-dyck,portrait,portrait
Baroque,Rococo,0.8856187462806702,31729,53566,Unknown Artist,Unknown Artist,landscape,genre_painting
Baroque,Rococo,0.8300403952598572,64962,48425,Unknown Artist,Unknown Artist,portrait,portrait
Northern_Renaissance,Mannerism_Late_Renaissance,0.9269953966140747,39152,39498,Unknown Artist,Unknown Artist,religious_painting,religious_painting
Early_Renaissance,Mannerism_Late_Renaissance,0.8822056651115417,24752,55780,Unknown Artist,Unknown Artist,religious_painting,religious_painting
High_Renaissance,Northern_Renaissance,0.8467851877212524,55731,8517,titian,albrecht-durer,religious_painting,religious_painting
Mannerism_Late_Renaissance,Rococo,0.9041212201118469,29310,80060,paolo-veronese,Unknown Artist,religious_painting,Unknown Genre
Northern_Renaissance,High_Renaissance,0.9025833010673523,1312,61987,albrecht-durer,michelangelo,religious_painting,sketch_and_study
Early_Renaissance,Northern_Renaissance,0.8545481562614441,56569,50878,fra-angelico,Unknown Artist,religious_painting,religious_painting
Baroque,Rococo,0.8007716536521912,78588,46107,Unknown Artist,thomas-gainsborough,Unknown Genre,portrait
Baroque,Rococo,0.820080041885376,78588,72426,Unknown Artist,Unknown Artist,Unknown Genre,Unknown Genre
Early_Renaissance,High_Renaissance,0.8927448987960815,54676,79408,Unknown Artist,Unknown Artist,genre_painting,Unknown Genre
Baroque,Rococo,0.8788856863975525,43921,53532,Unknown Artist,Unknown Artist,genre_painting,genre_painting
Mannerism_Late_Renaissance,Baroque,0.8735886216163635,56268,23195,titian,Unknown Artist,religious_painting,religious_painting
Early_Renaissance,High_Renaissance,0.8281896710395813,46903,69752,Unknown Artist,Unknown Artist,religious_painting,Unknown Genre
Early_Renaissance,High_Renaissance,0.8262579441070557,48672,35573,Unknown Artist,titian,religious_painting,portrait
High_Renaissance,Northern_Renaissance,0.8564818501472473,65139,36838,Unknown Artist,Unknown Artist,portrait,religious_painting
High_Renaissance,Mannerism_Late_Renaissance,0.8666554689407349,31767,25871,raphael,el-greco,religious_painting,religious_painting
Baroque,Rococo,0.7816404700279236,62963,22700,joshua-reynolds,thomas-gainsborough,portrait,portrait
High_Renaissance,Northern_Renaissance,0.8875148892402649,79397,74520,Unknown Artist,Unknown Artist,Unknown Genre,Unknown Genre
Early_Renaissance,Northern_Renaissance,0.9099857211112976,50996,44218,Unknown Artist,Unknown Artist,religious_painting,religious_painting
High_Renaissance,Mannerism_Late_Renaissance,0.8822379112243652,48517,35995,Unknown Artist,titian,religious_painting,religious_painting
Early_Renaissance,Mannerism_Late_Renaissance,0.8951010704040527,56593,56089,Unknown Artist,tintoretto,religious_painting,religious_painting
Early_Renaissance,Northern_Renaissance,0.8812645673751831,41270,69445,Unknown Artist,Unknown Artist,religious_painting,Unknown Genre
Northern_Renaissance,Mannerism_Late_Renaissance,0.8933552503585815,50951,76603,Unknown Artist,Unknown Artist,genre_painting,Unknown Genre
Northern_Renaissance,High_Renaissance,0.8633653521537781,30772,42955,Unknown Artist,Unknown Artist,portrait,portrait
Early_Renaissance,Mannerism_Late_Renaissance,0.8601821064949036,30031,39175,fra-angelico,Unknown Artist,religious_painting,religious_painting
Northern_Renaissance,High_Renaissance,0.8623167872428894,18090,21104,albrecht-durer,titian,portrait,portrait
Early_Renaissance,High_Renaissance,0.8904968500137329,44469,25049,leonardo-da-vinci,Unknown Artist,religious_painting,religious_painting
Northern_Renaissance,Rococo,0.8399193286895752,38026,75634,Unknown Artist,Unknown Artist,religious_painting,Unknown Genre
Early_Renaissance,Northern_Renaissance,0.906944990158081,25751,48542,Unknown Artist,hans-memling,religious_painting,religious_painting
High_Renaissance,Mannerism_Late_Renaissance,0.8929204940795898,26525,36629,titian,Unknown Artist,portrait,portrait
High_Renaissance,Northern_Renaissance,0.8639627695083618,33619,22215,pietro-perugino,hans-memling,religious_painting,portrait
Northern_Renaissance,High_Renaissance,0.8949581384658813,25046,29441,Unknown Artist,Unknown Artist,religious_painting,religious_painting
Baroque,Rococo,0.9282240867614746,46595,60599,Unknown Artist,Unknown Artist,genre_painting,landscape
Baroque,Rococo,0.8727307319641113,24579,21340,anthony-van-dyck,joshua-reynolds,portrait,portrait
Early_Renaissance,High_Renaissance,0.8671897649765015,43638,32552,leonardo-da-vinci,leonardo-da-vinci,sketch_and_study,sketch_and_study
Baroque,Rococo,0.8010738492012024,19982,44580,Unknown Artist,Unknown Artist,genre_painting,genre_painting
Early_Renaissance,Northern_Renaissance,0.8835912346839905,49105,23996,fra-angelico,Unknown Artist,religious_painting,religious_painting
Early_Renaissance,High_Renaissance,0.8659232258796692,19614,26409,pietro-perugino,Unknown Artist,religious_painting,religious_painting
Northern_Renaissance,High_Renaissance,0.8274906873703003,24282,43862,Unknown Artist,Unknown Artist,portrait,portrait
Baroque,Rococo,0.8462351560592651,36133,36935,Unknown Artist,Unknown Artist,religious_painting,genre_painting
Early_Renaissance,Northern_Renaissance,0.7632134556770325,27413,7894,leonardo-da-vinci,albrecht-durer,sketch_and_study,genre_painting
Northern_Renaissance,Baroque,0.880737841129303,34154,1688,Unknown Artist,rembrandt,religious_painting,religious_painting
Northern_Renaissance,High_Renaissance,0.9151381850242615,55811,75216,Unknown Artist,Unknown Artist,religious_painting,Unknown Genre
Baroque,Rococo,0.8348664045333862,62963,32450,joshua-reynolds,Unknown Artist,portrait,portrait
High_Renaissance,Northern_Renaissance,0.8850992321968079,48225,30871,raphael,Unknown Artist,sketch_and_study,sketch_and_study
Early_Renaissance,Baroque,0.764971137046814,34453,23213,Unknown Artist,Unknown Artist,religious_painting,genre_painting
High_Renaissance,Mannerism_Late_Renaissance,0.8963589668273926,69785,34371,Unknown Artist,tintoretto,Unknown Genre,religious_painting
Early_Renaissance,Northern_Renaissance,0.8878849148750305,57083,69704,Unknown Artist,Unknown Artist,religious_painting,Unknown Genre
Baroque,Rococo,0.8478305339813232,17601,38359,rembrandt,Unknown Artist,religious_painting,portrait
Northern_Renaissance,Baroque,0.8584005236625671,12625,61307,albrecht-durer,peter-paul-rubens,religious_painting,landscape
Early_Renaissance,High_Renaissance,0.9386940002441406,56604,55633,leonardo-da-vinci,raphael,religious_painting,religious_painting
High_Renaissance,Baroque,0.8842971324920654,22541,38455,raphael,bartolome-esteban-murillo,religious_painting,religious_painting
Baroque,Rococo,0.8961653709411621,74991,69258,Unknown Artist,Unknown Artist,Unknown Genre,Unknown Genre
High_Renaissance,Northern_Renaissance,0.8525048494338989,23716,47497,titian,hieronymus-bosch,religious_painting,religious_painting
High_Renaissance,Northern_Renaissance,0.8301396369934082,38241,69514,Unknown Artist,Unknown Artist,religious_painting,Unknown Genre
Northern_Renaissance,High_Renaissance,0.8969408273696899,69797,52662,Unknown Artist,michelangelo,Unknown Genre,nude_painting
High_Renaissance,Mannerism_Late_Renaissance,0.908355712890625,46509,62194,raphael,Unknown Artist,sketch_and_study,sketch_and_study
Northern_Renaissance,Mannerism_Late_Renaissance,0.9098532199859619,5810,78466,albrecht-durer,Unknown Artist,religious_painting,Unknown Genre
High_Renaissance,Mannerism_Late_Renaissance,0.846035361289978,40607,70009,Unknown Artist,Unknown Artist,portrait,Unknown Genre
High_Renaissance,Mannerism_Late_Renaissance,0.8790332674980164,41863,31171,Unknown Artist,Unknown Artist,portrait,portrait
Mannerism_Late_Renaissance,Rococo,0.8875144720077515,25184,37513,Unknown Artist,Unknown Artist,religious_painting,religious_painting
Northern_Renaissance,Baroque,0.8603879809379578,21368,60755,Unknown Artist,Unknown Artist,landscape,landscape
Mannerism_Late_Renaissance,Baroque,0.8285390138626099,46747,34601,Unknown Artist,Unknown Artist,portrait,portrait
Early_Renaissance,High_Renaissance,0.9176912903785706,61990,23640,Unknown Artist,leonardo-da-vinci,sketch_and_study,sketch_and_study
Early_Renaissance,Northern_Renaissance,0.8770625591278076,50170,18123,Unknown Artist,Unknown Artist,sketch_and_study,Unknown Genre
Mannerism_Late_Renaissance,Baroque,0.911418616771698,29310,56174,paolo-veronese,Unknown Artist,religious_painting,religious_painting
High_Renaissance,Northern_Renaissance,0.8335707187652588,62183,4581,raphael,albrecht-durer,sketch_and_study,sketch_and_study
Early_Renaissance,Northern_Renaissance,0.888829231262207,56766,30503,Unknown Artist,lucas-cranach-the-elder,religious_painting,religious_painting
Early_Renaissance,High_Renaissance,0.8772574067115784,47252,20039,pietro-perugino,Unknown Artist,religious_painting,religious_painting
Northern_Renaissance,High_Renaissance,0.8895052671432495,49481,79403,Unknown Artist,Unknown Artist,religious_painting,Unknown Genre
High_Renaissance,Rococo,0.8599486947059631,68831,24170,Unknown Artist,Unknown Artist,Unknown Genre,portrait
High_Renaissance,Baroque,0.8463524580001831,68831,74001,Unknown Artist,Unknown Artist,Unknown Genre,Unknown Genre
Northern_Renaissance,Mannerism_Late_Renaissance,0.8977217674255371,42819,51543,Unknown Artist,titian,religious_painting,religious_painting
High_Renaissance,Northern_Renaissance,0.8795737028121948,27250,12625,michelangelo,albrecht-durer,sketch_and_study,religious_painting
Mannerism_Late_Renaissance,Baroque,0.8710640668869019,65107,64308,Unknown Artist,frans-hals,portrait,portrait
High_Renaissance,Mannerism_Late_Renaissance,0.883350670337677,69186,73356,Unknown Artist,Unknown Artist,Unknown Genre,Unknown Genre
Early_Renaissance,High_Renaissance,0.8821411728858948,30622,37987,Unknown Artist,Unknown Artist,portrait,portrait
Baroque,Rococo,0.859824538230896,11714,32438,rembrandt,Unknown Artist,portrait,portrait
Early_Renaissance,High_Renaissance,0.8474746346473694,27561,51287,Unknown Artist,Unknown Artist,religious_painting,religious_painting
High_Renaissance,Mannerism_Late_Renaissance,0.9178467392921448,55743,56512,raphael,Unknown Artist,religious_painting,religious_painting
High_Renaissance,Mannerism_Late_Renaissance,0.8989835977554321,65576,52042,titian,tintoretto,portrait,portrait
Early_Renaissance,Northern_Renaissance,0.8512569069862366,68173,55693,Unknown Artist,Unknown Artist,Unknown Genre,religious_painting
Northern_Renaissance,High_Renaissance,0.8600279688835144,18018,62067,Unknown Artist,leonardo-da-vinci,Unknown Genre,sketch_and_study
Mannerism_Late_Renaissance,Baroque,0.8690876364707947,38237,56572,Unknown Artist,Unknown Artist,religious_painting,religious_painting
High_Renaissance,Northern_Renaissance,0.9024502635002136,51275,44891,pietro-perugino,hans-memling,religious_painting,religious_painting
Northern_Renaissance,High_Renaissance,0.7945438623428345,30772,65576,Unknown Artist,titian,portrait,portrait
Northern_Renaissance,High_Renaissance,0.8651852607727051,35054,43831,Unknown Artist,Unknown Artist,religious_painting,religious_painting
Baroque,Rococo,0.8191131353378296,32932,46567,anthony-van-dyck,joseph-wright,portrait,portrait
Early_Renaissance,Northern_Renaissance,0.8780348896980286,29617,12901,Unknown Artist,albrecht-durer,religious_painting,religious_painting
Northern_Renaissance,High_Renaissance,0.8894248008728027,74084,73053,Unknown Artist,Unknown Artist,Unknown Genre,Unknown Genre
Northern_Renaissance,Mannerism_Late_Renaissance,0.9077863097190857,34061,20144,Unknown Artist,el-greco,religious_painting,religious_painting
Baroque,Rococo,0.8141800165176392,62963,36126,joshua-reynolds,Unknown Artist,portrait,portrait
Baroque,Rococo,0.8520347476005554,23873,50599,Unknown Artist,joshua-reynolds,religious_painting,portrait
Baroque,Rococo,0.871722400188446,49137,64193,Unknown Artist,Unknown Artist,portrait,portrait
High_Renaissance,Northern_Renaissance,0.8602014780044556,32849,63400,Unknown Artist,Unknown Artist,portrait,portrait
High_Renaissance,Mannerism_Late_Renaissance,0.9164949059486389,68033,76514,Unknown Artist,Unknown Artist,Unknown Genre,Unknown Genre
Early_Renaissance,Baroque,0.8553031086921692,34453,50714,Unknown Artist,Unknown Artist,religious_painting,genre_painting
Mannerism_Late_Renaissance,Baroque,0.8474491834640503,28715,23748,Unknown Artist,Unknown Artist,religious_painting,religious_painting
Early_Renaissance,Mannerism_Late_Renaissance,0.8942891955375671,51437,23848,Unknown Artist,paolo-veronese,religious_painting,religious_painting
Northern_Renaissance,High_Renaissance,0.8760951161384583,32732,68208,Unknown Artist,Unknown Artist,religious_painting,Unknown Genre
Early_Renaissance,Northern_Renaissance,0.8706152439117432,55996,27785,Unknown Artist,lucas-cranach-the-elder,religious_painting,religious_painting
Early_Renaissance,Mannerism_Late_Renaissance,0.8209378719329834,22572,78513,Unknown Artist,Unknown Artist,genre_painting,Unknown Genre
Early_Renaissance,High_Renaissance,0.8911116719245911,58610,57125,Unknown Artist,raphael,cityscape,religious_painting
Early_Renaissance,High_Renaissance,0.9244608283042908,40864,55943,Unknown Artist,Unknown Artist,religious_painting,religious_painting
High_Renaissance,Mannerism_Late_Renaissance,0.8687778115272522,55969,42013,titian,el-greco,religious_painting,religious_painting
Baroque,Rococo,0.8425063490867615,73755,46958,Unknown Artist,Unknown Artist,Unknown Genre,portrait
Early_Renaissance,Northern_Renaissance,0.8402414321899414,57083,81124,Unknown Artist,Unknown Artist,religious_painting,Unknown Genre
High_Renaissance,Northern_Renaissance,0.8645570874214172,62520,8122,michelangelo,albrecht-durer,sketch_and_study,sketch_and_study
Baroque,Rococo,0.8624348640441895,28127,55842,joseph-wright,Unknown Artist,genre_painting,religious_painting
High_Renaissance,Mannerism_Late_Renaissance,0.8963594436645508,76472,74674,Unknown Artist,Unknown Artist,Unknown Genre,Unknown Genre
Northern_Renaissance,Baroque,0.8911892771720886,21368,41332,Unknown Artist,peter-paul-rubens,landscape,landscape
Early_Renaissance,Northern_Renaissance,0.8476383090019226,22846,64867,Unknown Artist,lucas-cranach-the-elder,portrait,portrait
High_Renaissance,Northern_Renaissance,0.8902045488357544,21503,56985,Unknown Artist,hans-memling,religious_painting,religious_painting
Baroque,Rococo,0.8560237884521484,78706,46165,Unknown Artist,Unknown Artist,Unknown Genre,cityscape
High_Renaissance,Baroque,0.8466627597808838,46517,7682,titian,rembrandt,religious_painting,religious_painting
Early_Renaissance,Northern_Renaissance,0.8015038371086121,67951,54711,Unknown Artist,Unknown Artist,Unknown Genre,genre_painting
High_Renaissance,Mannerism_Late_Renaissance,0.900345504283905,42532,25517,titian,titian,sketch_and_study,sketch_and_study
Baroque,Rococo,0.9052735567092896,78608,69620,Unknown Artist,Unknown Artist,Unknown Genre,Unknown Genre
Northern_Renaissance,Rococo,0.8759473562240601,81158,80083,Unknown Artist,Unknown Artist,Unknown Genre,Unknown Genre
Mannerism_Late_Renaissance,Baroque,0.8467084765434265,26658,65085,paolo-veronese,jacob-jordaens,religious_painting,portrait
Early_Renaissance,High_Renaissance,0.926609218120575,53035,56786,pietro-perugino,raphael,religious_painting,religious_painting
Baroque,Rococo,0.8373417258262634,71911,80094,Unknown Artist,Unknown Artist,Unknown Genre,Unknown Genre
High_Renaissance,Mannerism_Late_Renaissance,0.8643577694892883,39783,57072,titian,tintoretto,religious_painting,religious_painting
Early_Renaissance,Northern_Renaissance,0.8975629806518555,56737,1183,Unknown Artist,albrecht-durer,religious_painting,religious_painting
High_Renaissance,Baroque,0.827812135219574,64971,75458,Unknown Artist,Unknown Artist,portrait,Unknown Genre
Mannerism_Late_Renaissance,Baroque,0.8183181881904602,24631,6583,titian,rembrandt,portrait,portrait
Northern_Renaissance,Baroque,0.8980987668037415,69185,32131,Unknown Artist,peter-paul-rubens,Unknown Genre,religious_painting
Early_Renaissance,High_Renaissance,0.9241007566452026,25482,51275,pietro-perugino,pietro-perugino,religious_painting,religious_painting
Early_Renaissance,High_Renaissance,0.8478720784187317,30332,39391,Unknown Artist,Unknown Artist,religious_painting,religious_painting
High_Renaissance,Northern_Renaissance,0.8345281481742859,62166,62382,leonardo-da-vinci,Unknown Artist,sketch_and_study,sketch_and_study
Northern_Renaissance,Baroque,0.7922475934028625,6055,71252,albrecht-durer,Unknown Artist,religious_painting,Unknown Genre
Early_Renaissance,High_Renaissance,0.9049755930900574,48338,47828,Unknown Artist,Unknown Artist,religious_painting,religious_painting
Early_Renaissance,High_Renaissance,0.8729152083396912,27561,68962,Unknown Artist,Unknown Artist,religious_painting,Unknown Genre
Early_Renaissance,High_Renaissance,0.8405795097351074,70780,75428,Unknown Artist,Unknown Artist,Unknown Genre,Unknown Genre
Early_Renaissance,High_Renaissance,0.8145595192909241,33407,46533,Unknown Artist,leonardo-da-vinci,religious_painting,sketch_and_study
High_Renaissance,Mannerism_Late_Renaissance,0.9035757184028625,49235,66256,titian,Unknown Artist,portrait,portrait
Mannerism_Late_Renaissance,Baroque,0.9101664423942566,23881,63907,Unknown Artist,Unknown Artist,portrait,portrait
Northern_Renaissance,Mannerism_Late_Renaissance,0.8458239436149597,56893,36985,lucas-cranach-the-elder,Unknown Artist,religious_painting,religious_painting
Early_Renaissance,Baroque,0.8155454993247986,27058,64057,Unknown Artist,Unknown Artist,religious_painting,portrait
Early_Renaissance,High_Renaissance,0.8560652732849121,33893,21462,Unknown Artist,titian,portrait,portrait
Early_Renaissance,High_Renaissance,0.8386406898498535,34346,79405,Unknown Artist,Unknown Artist,sketch_and_study,Unknown Genre
High_Renaissance,Mannerism_Late_Renaissance,0.9044459462165833,37410,38716,michelangelo,titian,religious_painting,religious_painting
Mannerism_Late_Renaissance,Baroque,0.8746919631958008,73250,57156,Unknown Artist,Unknown Artist,Unknown Genre,religious_painting
High_Renaissance,Mannerism_Late_Renaissance,0.837291955947876,50486,48334,titian,tintoretto,portrait,portrait
Northern_Renaissance,High_Renaissance,0.9060522317886353,691,52632,albrecht-durer,titian,religious_painting,religious_painting
Northern_Renaissance,Baroque,0.8741850852966309,13294,76257,Unknown Artist,Unknown Artist,Unknown Genre,Unknown Genre
Early_Renaissance,High_Renaissance,0.868863582611084,68566,45830,Unknown Artist,michelangelo,Unknown Genre,religious_painting
Northern_Renaissance,High_Renaissance,0.8360440731048584,55964,75687,Unknown Artist,Unknown Artist,religious_painting,Unknown Genre
Northern_Renaissance,High_Renaissance,0.9013397693634033,8981,22847,albrecht-durer,leonardo-da-vinci,genre_painting,sketch_and_study
High_Renaissance,Northern_Renaissance,0.8390602469444275,73606,59559,Unknown Artist,Unknown Artist,Unknown Genre,landscape
High_Renaissance,Baroque,0.7717380523681641,46517,27697,titian,Unknown Artist,religious_painting,genre_painting
High_Renaissance,Mannerism_Late_Renaissance,0.8397839665412903,33433,66198,titian,tintoretto,portrait,portrait
Early_Renaissance,High_Renaissance,0.8361291885375977,25758,38642,Unknown Artist,raphael,religious_painting,religious_painting
Northern_Renaissance,Mannerism_Late_Renaissance,0.8349155783653259,57043,64592,lucas-cranach-the-elder,Unknown Artist,religious_painting,portrait
Mannerism_Late_Renaissance,Baroque,0.931936502456665,40598,37325,Unknown Artist,Unknown Artist,religious_painting,religious_painting
Baroque,Rococo,0.882090151309967,71631,26780,Unknown Artist,Unknown Artist,Unknown Genre,portrait
High_Renaissance,Northern_Renaissance,0.854272186756134,79356,48073,Unknown Artist,Unknown Artist,Unknown Genre,religious_painting
High_Renaissance,Mannerism_Late_Renaissance,0.8630368709564209,55690,38977,Unknown Artist,el-greco,religious_painting,religious_painting
Baroque,Rococo,0.8418300151824951,53178,21454,Unknown Artist,Unknown Artist,genre_painting,genre_painting
Early_Renaissance,Northern_Renaissance,0.9227477312088013,56604,44944,leonardo-da-vinci,Unknown Artist,religious_painting,religious_painting
Early_Renaissance,High_Renaissance,0.8670315742492676,42079,76847,Unknown Artist,Unknown Artist,religious_painting,Unknown Genre
High_Renaissance,Northern_Renaissance,0.8734897971153259,79401,1170,Unknown Artist,Unknown Artist,Unknown Genre,Unknown Genre
High_Renaissance,Baroque,0.8995569348335266,56229,7125,titian,rembrandt,religious_painting,sketch_and_study
Northern_Renaissance,Mannerism_Late_Renaissance,0.826463520526886,42819,37401,Unknown Artist,Unknown Artist,religious_painting,portrait
Baroque,Rococo,0.8474531173706055,30064,33377,anthony-van-dyck,Unknown Artist,portrait,portrait
High_Renaissance,Baroque,0.8427503705024719,56738,73833,Unknown Artist,Unknown Artist,religious_painting,Unknown Genre
Northern_Renaissance,Baroque,0.8544650077819824,56358,17775,Unknown Artist,rembrandt,religious_painting,landscape
High_Renaissance,Northern_Renaissance,0.8441932797431946,69384,51294,Unknown Artist,Unknown Artist,Unknown Genre,sketch_and_study
Northern_Renaissance,Mannerism_Late_Renaissance,0.8692682981491089,49294,27218,hans-memling,el-greco,religious_painting,religious_painting
High_Renaissance,Mannerism_Late_Renaissance,0.8886466026306152,26255,78457,pietro-perugino,Unknown Artist,religious_painting,Unknown Genre
Early_Renaissance,High_Renaissance,0.9132415652275085,70726,26261,Unknown Artist,Unknown Artist,Unknown Genre,sketch_and_study
Early_Renaissance,Northern_Renaissance,0.8516983389854431,45946,36274,Unknown Artist,Unknown Artist,religious_painting,religious_painting
Early_Renaissance,Northern_Renaissance,0.8522548079490662,56780,42925,Unknown Artist,Unknown Artist,religious_painting,religious_painting
Early_Renaissance,High_Renaissance,0.9224637150764465,25221,64620,Unknown Artist,Unknown Artist,portrait,portrait
Early_Renaissance,Northern_Renaissance,0.7131580710411072,55996,59073,Unknown Artist,Unknown Artist,religious_painting,landscape
Baroque,Rococo,0.8320733904838562,63339,34849,Unknown Artist,Unknown Artist,portrait,portrait
High_Renaissance,Mannerism_Late_Renaissance,0.8908804059028625,22390,36374,Unknown Artist,Unknown Artist,religious_painting,religious_painting
Northern_Renaissance,High_Renaissance,0.9210758805274963,2747,30747,albrecht-durer,Unknown Artist,religious_painting,religious_painting
High_Renaissance,Northern_Renaissance,0.8585923314094543,70984,56358,Unknown Artist,Unknown Artist,Unknown Genre,religious_painting
Mannerism_Late_Renaissance,Baroque,0.9062551856040955,78490,78536,Unknown Artist,Unknown Artist,Unknown Genre,Unknown Genre
Baroque,Rococo,0.8705776333808899,21854,32924,Unknown Artist,Unknown Artist,religious_painting,religious_painting
Northern_Renaissance,High_Renaissance,0.8194653987884521,34492,48624,Unknown Artist,Unknown Artist,religious_painting,portrait
Northern_Renaissance,Mannerism_Late_Renaissance,0.9337487816810608,56430,20220,Unknown Artist,tintoretto,religious_painting,religious_painting
Early_Renaissance,High_Renaissance,0.8485373258590698,56123,37762,pietro-perugino,michelangelo,religious_painting,nude_painting
Baroque,Rococo,0.865581750869751,55262,37394,Unknown Artist,Unknown Artist,genre_painting,genre_painting
High_Renaissance,Northern_Renaissance,0.901486873626709,61987,18127,michelangelo,albrecht-durer,sketch_and_study,sketch_and_study
Early_Renaissance,Northern_Renaissance,0.8849136829376221,56820,3907,Unknown Artist,albrecht-durer,religious_painting,religious_painting
High_Renaissance,Mannerism_Late_Renaissance,0.8572677373886108,56249,56003,Unknown Artist,Unknown Artist,religious_painting,religious_painting
Baroque,Rococo,0.8366512656211853,28127,80049,joseph-wright,Unknown Artist,genre_painting,Unknown Genre
Early_Renaissance,Baroque,0.8394235968589783,34453,23849,Unknown Artist,Unknown Artist,religious_painting,still_life
High_Renaissance,Northern_Renaissance,0.8583604097366333,24741,18167,michelangelo,albrecht-durer,sketch_and_study,religious_painting
Mannerism_Late_Renaissance,Rococo,0.8699632883071899,47532,28958,tintoretto,Unknown Artist,religious_painting,religious_painting
Baroque,Rococo,0.8509237766265869,11714,62945,rembrandt,Unknown Artist,portrait,portrait
High_Renaissance,Northern_Renaissance,0.8696325421333313,43335,58915,leonardo-da-vinci,Unknown Artist,sketch_and_study,landscape
Northern_Renaissance,Mannerism_Late_Renaissance,0.8967703580856323,2306,72335,Unknown Artist,Unknown Artist,Unknown Genre,Unknown Genre
Early_Renaissance,High_Renaissance,0.895988404750824,48154,76742,fra-angelico,Unknown Artist,religious_painting,Unknown Genre
Early_Renaissance,High_Renaissance,0.8363478183746338,56013,29129,Unknown Artist,raphael,religious_painting,religious_painting
High_Renaissance,Mannerism_Late_Renaissance,0.8814670443534851,79377,37793,Unknown Artist,tintoretto,Unknown Genre,sketch_and_study
Early_Renaissance,Baroque,0.8656584024429321,27480,43314,Unknown Artist,bartolome-esteban-murillo,sketch_and_study,religious_painting
Northern_Renaissance,Mannerism_Late_Renaissance,0.8740494847297668,74470,72775,Unknown Artist,Unknown Artist,Unknown Genre,Unknown Genre
Early_Renaissance,Northern_Renaissance,0.8796527981758118,57083,70488,Unknown Artist,Unknown Artist,religious_painting,Unknown Genre
Mannerism_Late_Renaissance,Baroque,0.9219552874565125,56314,21271,titian,jacob-jordaens,religious_painting,religious_painting
Early_Renaissance,Baroque,0.8657922744750977,39258,51592,Unknown Artist,Unknown Artist,religious_painting,genre_painting
High_Renaissance,Rococo,0.8734923601150513,48496,63594,titian,Unknown Artist,portrait,portrait
High_Renaissance,Mannerism_Late_Renaissance,0.8889195322990417,26983,39923,titian,tintoretto,religious_painting,religious_painting
Northern_Renaissance,Baroque,0.7823875546455383,51926,45973,Unknown Artist,Unknown Artist,genre_painting,genre_painting
Early_Renaissance,High_Renaissance,0.8985135555267334,55838,22495,Unknown Artist,Unknown Artist,religious_painting,religious_painting
Baroque,Rococo,0.9011099338531494,60679,59982,peter-paul-rubens,thomas-gainsborough,landscape,landscape
High_Renaissance,Mannerism_Late_Renaissance,0.8509888052940369,70624,56804,Unknown Artist,paolo-veronese,Unknown Genre,religious_painting
Northern_Renaissance,Rococo,0.8212682604789734,18194,24346,albrecht-durer,Unknown Artist,genre_painting,genre_painting
Baroque,Rococo,0.7817714810371399,62963,65257,joshua-reynolds,thomas-gainsborough,portrait,portrait
Early_Renaissance,High_Renaissance,0.8918910026550293,66265,35794,pietro-perugino,Unknown Artist,portrait,portrait
Northern_Renaissance,Mannerism_Late_Renaissance,0.8918027281761169,56539,22880,Unknown Artist,Unknown Artist,religious_painting,religious_painting
Mannerism_Late_Renaissance,Rococo,0.8805952072143555,19375,72070,paolo-veronese,Unknown Artist,religious_painting,Unknown Genre
Northern_Renaissance,Mannerism_Late_Renaissance,0.8910756707191467,81158,35079,Unknown Artist,tintoretto,Unknown Genre,religious_painting
Baroque,Rococo,0.8597127795219421,38777,62966,anthony-van-dyck,thomas-gainsborough,portrait,portrait
Northern_Renaissance,High_Renaissance,0.8720020055770874,81086,65203,Unknown Artist,raphael,Unknown Genre,portrait
High_Renaissance,Baroque,0.9136791229248047,55896,21356,Unknown Artist,Unknown Artist,religious_painting,religious_painting
High_Renaissance,Mannerism_Late_Renaissance,0.9022181034088135,40664,56745,Unknown Artist,Unknown Artist,religious_painting,religious_painting
High_Renaissance,Baroque,0.7988331317901611,37361,68213,Unknown Artist,Unknown Artist,religious_painting,Unknown Genre
Mannerism_Late_Renaissance,Baroque,0.8177978992462158,46766,43491,Unknown Artist,frans-hals,portrait,portrait
High_Renaissance,Mannerism_Late_Renaissance,0.9064844846725464,76525,51444,Unknown Artist,paolo-veronese,Unknown Genre,religious_painting
Early_Renaissance,High_Renaissance,0.899298369884491,25482,28866,pietro-perugino,pietro-perugino,religious_painting,religious_painting
Early_Renaissance,Mannerism_Late_Renaissance,0.8862110376358032,35718,38388,Unknown Artist,Unknown Artist,religious_painting,religious_painting
Early_Renaissance,Baroque,0.8298590183258057,47720,73917,Unknown Artist,Unknown Artist,sketch_and_study,Unknown Genre
Early_Renaissance,Northern_Renaissance,0.873206615447998,39971,56195,Unknown Artist,Unknown Artist,religious_painting,religious_painting
Mannerism_Late_Renaissance,Baroque,0.8444029092788696,56298,17567,tintoretto,rembrandt,religious_painting,religious_painting
Northern_Renaissance,Baroque,0.8385183215141296,3203,50231,albrecht-durer,bartolome-esteban-murillo,religious_painting,religious_painting
Mannerism_Late_Renaissance,Baroque,0.843168318271637,74272,61322,Unknown Artist,Unknown Artist,Unknown Genre,still_life
Baroque,Rococo,0.9011982083320618,769,27184,rembrandt,Unknown Artist,portrait,portrait
High_Renaissance,Northern_Renaissance,0.8603302836418152,47828,37684,Unknown Artist,Unknown Artist,religious_painting,religious_painting
High_Renaissance,Baroque,0.8546561002731323,27927,64359,raphael,Unknown Artist,portrait,portrait
Mannerism_Late_Renaissance,Rococo,0.8512965440750122,56690,67875,tintoretto,Unknown Artist,religious_painting,Unknown Genre
Early_Renaissance,Northern_Renaissance,0.8796864151954651,28215,46349,Unknown Artist,lucas-cranach-the-elder,religious_painting,portrait
Northern_Renaissance,High_Renaissance,0.8902290463447571,17982,29376,albrecht-durer,michelangelo,religious_painting,sketch_and_study
Baroque,Rococo,0.8945412039756775,769,50171,rembrandt,Unknown Artist,portrait,portrait
Early_Renaissance,High_Renaissance,0.9405034184455872,28217,21903,Unknown Artist,raphael,religious_painting,religious_painting
Northern_Renaissance,High_Renaissance,0.8825449347496033,55799,20501,Unknown Artist,Unknown Artist,religious_painting,religious_painting
Mannerism_Late_Renaissance,Baroque,0.8302842378616333,25088,78746,el-greco,Unknown Artist,portrait,Unknown Genre
Early_Renaissance,Northern_Renaissance,0.8659295439720154,44140,52969,Unknown Artist,Unknown Artist,religious_painting,religious_painting
Early_Renaissance,Northern_Renaissance,0.8810058236122131,31617,56472,Unknown Artist,Unknown Artist,religious_painting,religious_painting
High_Renaissance,Northern_Renaissance,0.8674191236495972,56229,18096,titian,albrecht-durer,religious_painting,portrait
Early_Renaissance,High_Renaissance,0.815595269203186,25751,30630,Unknown Artist,leonardo-da-vinci,religious_painting,portrait
High_Renaissance,Baroque,0.9455651044845581,75216,2379,Unknown Artist,rembrandt,Unknown Genre,religious_painting
Northern_Renaissance,Baroque,0.839114785194397,40830,42457,Unknown Artist,frans-hals,portrait,portrait
High_Renaissance,Northern_Renaissance,0.8011720180511475,57193,81111,michelangelo,Unknown Artist,nude_painting,Unknown Genre
Early_Renaissance,High_Renaissance,0.8693555593490601,39758,49432,Unknown Artist,Unknown Artist,religious_painting,religious_painting
Early_Renaissance,High_Renaissance,0.8854831457138062,70995,45542,Unknown Artist,raphael,Unknown Genre,religious_painting
Baroque,Rococo,0.8689429759979248,27162,37130,peter-paul-rubens,joshua-reynolds,portrait,portrait
High_Renaissance,Mannerism_Late_Renaissance,0.8716303706169128,37673,55940,raphael,tintoretto,religious_painting,religious_painting
Northern_Renaissance,Mannerism_Late_Renaissance,0.8887789845466614,81151,46434,Unknown Artist,tintoretto,Unknown Genre,religious_painting
Baroque,Rococo,0.8973523378372192,53731,53624,Unknown Artist,Unknown Artist,genre_painting,genre_painting
Northern_Renaissance,Mannerism_Late_Renaissance,0.8658357858657837,11786,30927,Unknown Artist,titian,Unknown Genre,portrait
High_Renaissance,Northern_Renaissance,0.8746020793914795,22499,48383,pietro-perugino,hans-memling,religious_painting,religious_painting
Early_Renaissance,Baroque,0.894481360912323,30364,55822,pietro-perugino,Unknown Artist,religious_painting,religious_painting
High_Renaissance,Mannerism_Late_Renaissance,0.8500491976737976,46629,52686,titian,el-greco,portrait,portrait
Baroque,Rococo,0.8280008435249329,62963,41991,joshua-reynolds,thomas-gainsborough,portrait,portrait
Early_Renaissance,High_Renaissance,0.8615851998329163,55996,56635,Unknown Artist,Unknown Artist,religious_painting,religious_painting
Baroque,Rococo,0.8849107027053833,64372,65792,Unknown Artist,Unknown Artist,portrait,portrait
Northern_Renaissance,Mannerism_Late_Renaissance,0.8486751317977905,56332,25971,Unknown Artist,tintoretto,religious_painting,religious_painting
Mannerism_Late_Renaissance,Baroque,0.8140641450881958,26385,68496,tintoretto,Unknown Artist,genre_painting,Unknown Genre
High_Renaissance,Northern_Renaissance,0.8919720649719238,49962,29110,Unknown Artist,Unknown Artist,religious_painting,religious_painting
High_Renaissance,Rococo,0.9330468773841858,56839,28964,Unknown Artist,Unknown Artist,religious_painting,religious_painting
High_Renaissance,Mannerism_Late_Renaissance,0.8935920000076294,33550,33011,pietro-perugino,paolo-veronese,religious_painting,religious_painting
Mannerism_Late_Renaissance,Baroque,0.8921382427215576,71323,57337,Unknown Artist,Unknown Artist,Unknown Genre,nude_painting
Baroque,Rococo,0.8958970904350281,26544,38513,anthony-van-dyck,thomas-gainsborough,portrait,portrait
High_Renaissance,Mannerism_Late_Renaissance,0.8884435892105103,71489,78490,Unknown Artist,Unknown Artist,Unknown Genre,Unknown Genre
High_Renaissance,Mannerism_Late_Renaissance,0.897688627243042,40818,72817,Unknown Artist,Unknown Artist,religious_painting,Unknown Genre
Early_Renaissance,High_Renaissance,0.8459025621414185,31136,30841,Unknown Artist,michelangelo,sketch_and_study,nude_painting
Northern_Renaissance,Mannerism_Late_Renaissance,0.890166699886322,37467,56362,hans-memling,Unknown Artist,religious_painting,religious_painting
Northern_Renaissance,Baroque,0.7801567912101746,81126,77197,Unknown Artist,Unknown Artist,Unknown Genre,Unknown Genre
Early_Renaissance,Northern_Renaissance,0.8838527202606201,49145,68284,Unknown Artist,Unknown Artist,religious_painting,Unknown Genre
Northern_Renaissance,Rococo,0.8851030468940735,69564,70253,Unknown Artist,Unknown Artist,Unknown Genre,Unknown Genre
Northern_Renaissance,Baroque,0.7827964425086975,41761,23572,Unknown Artist,Unknown Artist,portrait,portrait
Baroque,Rococo,0.907408595085144,71631,23715,Unknown Artist,Unknown Artist,Unknown Genre,portrait
High_Renaissance,Mannerism_Late_Renaissance,0.8476290702819824,38892,29939,Unknown Artist,titian,portrait,portrait
Northern_Renaissance,High_Renaissance,0.8141972422599792,50422,46324,hans-holbein-the-younger,titian,portrait,portrait
Baroque,Rococo,0.8176432847976685,78588,38094,Unknown Artist,Unknown Artist,Unknown Genre,portrait
Mannerism_Late_Renaissance,Rococo,0.824526309967041,71800,70006,Unknown Artist,Unknown Artist,Unknown Genre,Unknown Genre
Baroque,Rococo,0.8931988477706909,32131,74939,peter-paul-rubens,Unknown Artist,religious_painting,Unknown Genre
High_Renaissance,Mannerism_Late_Renaissance,0.8700213432312012,56859,30341,Unknown Artist,tintoretto,religious_painting,religious_painting
Mannerism_Late_Renaissance,Baroque,0.8958949446678162,56920,55696,paolo-veronese,Unknown Artist,religious_painting,religious_painting
Northern_Renaissance,Mannerism_Late_Renaissance,0.8434591293334961,59093,56858,Unknown Artist,el-greco,landscape,religious_painting
High_Renaissance,Mannerism_Late_Renaissance,0.9146595001220703,55608,48745,pietro-perugino,Unknown Artist,religious_painting,religious_painting
High_Renaissance,Mannerism_Late_Renaissance,0.857349693775177,41796,24113,raphael,el-greco,portrait,portrait
Early_Renaissance,Northern_Renaissance,0.8895476460456848,56322,31908,Unknown Artist,Unknown Artist,religious_painting,religious_painting
High_Renaissance,Mannerism_Late_Renaissance,0.9059667587280273,25069,38014,Unknown Artist,paolo-veronese,religious_painting,religious_painting
High_Renaissance,Mannerism_Late_Renaissance,0.828113853931427,49235,47303,titian,el-greco,portrait,portrait
Early_Renaissance,High_Renaissance,0.8759388327598572,38873,27372,Unknown Artist,Unknown Artist,sketch_and_study,sketch_and_study
High_Renaissance,Northern_Renaissance,0.9010998606681824,30163,76522,Unknown Artist,Unknown Artist,religious_painting,Unknown Genre
Northern_Renaissance,Rococo,0.8537482619285583,3880,49244,albrecht-durer,Unknown Artist,religious_painting,genre_painting
Early_Renaissance,Mannerism_Late_Renaissance,0.8069095015525818,46991,59772,Unknown Artist,paolo-veronese,sketch_and_study,landscape
Northern_Renaissance,Mannerism_Late_Renaissance,0.9082334637641907,659,27333,albrecht-durer,el-greco,religious_painting,religious_painting
Mannerism_Late_Renaissance,Baroque,0.8942599892616272,22880,23926,Unknown Artist,bartolome-esteban-murillo,religious_painting,religious_painting
High_Renaissance,Northern_Renaissance,0.8768778443336487,79388,43622,Unknown Artist,Unknown Artist,Unknown Genre,genre_painting
High_Renaissance,Northern_Renaissance,0.8601833581924438,37022,33512,Unknown Artist,hieronymus-bosch,religious_painting,religious_painting
Baroque,Rococo,0.8674461245536804,17680,48432,rembrandt,Unknown Artist,religious_painting,genre_painting
Baroque,Rococo,0.871536135673523,27162,36698,peter-paul-rubens,joshua-reynolds,portrait,portrait
Northern_Renaissance,Baroque,0.811002790927887,31908,38079,Unknown Artist,Unknown Artist,religious_painting,genre_painting
Baroque,Rococo,0.9152193069458008,71881,70537,Unknown Artist,Unknown Artist,Unknown Genre,Unknown Genre
Mannerism_Late_Renaissance,Baroque,0.8398497104644775,48753,29130,el-greco,anthony-van-dyck,portrait,portrait
Early_Renaissance,Mannerism_Late_Renaissance,0.8754174709320068,63897,46633,Unknown Artist,Unknown Artist,portrait,portrait
High_Renaissance,Baroque,0.8927119970321655,62306,17759,leonardo-da-vinci,rembrandt,sketch_and_study,sketch_and_study
Mannerism_Late_Renaissance,Baroque,0.9044368267059326,49563,78640,titian,Unknown Artist,religious_painting,Unknown Genre
Northern_Renaissance,Mannerism_Late_Renaissance,0.8615827560424805,30503,20794,lucas-cranach-the-elder,tintoretto,religious_painting,religious_painting
Northern_Renaissance,Mannerism_Late_Renaissance,0.8985142707824707,31194,26551,Unknown Artist,Unknown Artist,religious_painting,religious_painting
High_Renaissance,Baroque,0.903188169002533,79370,31915,Unknown Artist,Unknown Artist,Unknown Genre,portrait
Early_Renaissance,High_Renaissance,0.8749452829360962,56046,34041,Unknown Artist,michelangelo,religious_painting,religious_painting
Baroque,Rococo,0.8842118382453918,64322,25993,Unknown Artist,Unknown Artist,portrait,portrait
Northern_Renaissance,High_Renaissance,0.8443490862846375,56195,76358,Unknown Artist,Unknown Artist,religious_painting,Unknown Genre
Northern_Renaissance,Baroque,0.8715468645095825,32942,47365,Unknown Artist,anthony-van-dyck,portrait,sketch_and_study
High_Renaissance,Mannerism_Late_Renaissance,0.8918266296386719,79383,72017,Unknown Artist,Unknown Artist,Unknown Genre,Unknown Genre
Mannerism_Late_Renaissance,Baroque,0.8808208703994751,56856,322,tintoretto,rembrandt,religious_painting,religious_painting
High_Renaissance,Mannerism_Late_Renaissance,0.8690029978752136,25702,56850,Unknown Artist,Unknown Artist,religious_painting,religious_painting
High_Renaissance,Baroque,0.9071066975593567,26841,55736,Unknown Artist,Unknown Artist,religious_painting,religious_painting
High_Renaissance,Mannerism_Late_Renaissance,0.8894838690757751,46629,49860,titian,titian,portrait,portrait
Early_Renaissance,Mannerism_Late_Renaissance,0.890967071056366,50266,48915,Unknown Artist,Unknown Artist,religious_painting,religious_painting
High_Renaissance,Mannerism_Late_Renaissance,0.8276252746582031,56321,77142,Unknown Artist,Unknown Artist,religious_painting,Unknown Genre
Baroque,Rococo,0.8636068105697632,62963,64703,joshua-reynolds,thomas-gainsborough,portrait,portrait
Early_Renaissance,High_Renaissance,0.8547630310058594,80520,44152,Unknown Artist,raphael,Unknown Genre,religious_painting
Mannerism_Late_Renaissance,Baroque,0.884649932384491,64875,43894,titian,Unknown Artist,portrait,religious_painting
High_Renaissance,Mannerism_Late_Renaissance,0.8907936811447144,70624,74276,Unknown Artist,Unknown Artist,Unknown Genre,Unknown Genre
Early_Renaissance,Northern_Renaissance,0.8667203783988953,56703,31355,Unknown Artist,hieronymus-bosch,religious_painting,religious_painting
Early_Renaissance,Northern_Renaissance,0.8666020631790161,50349,8196,Unknown Artist,albrecht-durer,religious_painting,religious_painting
High_Renaissance,Rococo,0.8922056555747986,74349,80079,Unknown Artist,Unknown Artist,Unknown Genre,Unknown Genre
Early_Renaissance,High_Renaissance,0.8788092136383057,51702,52835,Unknown Artist,pietro-perugino,religious_painting,religious_painting
Early_Renaissance,Northern_Renaissance,0.860988974571228,56737,17996,Unknown Artist,albrecht-durer,religious_painting,genre_painting
High_Renaissance,Mannerism_Late_Renaissance,0.8612778186798096,26525,21351,titian,titian,portrait,portrait
Early_Renaissance,Northern_Renaissance,0.8471095561981201,27503,4750,leonardo-da-vinci,albrecht-durer,sketch_and_study,sketch_and_study
Early_Renaissance,Northern_Renaissance,0.794587254524231,49145,50464,Unknown Artist,Unknown Artist,religious_painting,genre_painting
High_Renaissance,Baroque,0.9055097699165344,45156,46819,Unknown Artist,Unknown Artist,religious_painting,religious_painting
Baroque,Rococo,0.8834223747253418,78698,70492,Unknown Artist,Unknown Artist,Unknown Genre,Unknown Genre
Mannerism_Late_Renaissance,Baroque,0.8916375041007996,73424,62384,Unknown Artist,Unknown Artist,Unknown Genre,sketch_and_study
High_Renaissance,Northern_Renaissance,0.883394718170166,50929,24407,pietro-perugino,Unknown Artist,religious_painting,religious_painting
Mannerism_Late_Renaissance,Rococo,0.8933945894241333,68150,56376,Unknown Artist,Unknown Artist,Unknown Genre,religious_painting
Mannerism_Late_Renaissance,Rococo,0.8427985310554504,31964,26324,tintoretto,Unknown Artist,portrait,portrait
Baroque,Rococo,0.8625343441963196,53691,53365,Unknown Artist,Unknown Artist,genre_painting,genre_painting
Mannerism_Late_Renaissance,Baroque,0.8010401129722595,65985,65060,titian,anthony-van-dyck,portrait,portrait
High_Renaissance,Northern_Renaissance,0.8814231753349304,42200,56166,Unknown Artist,Unknown Artist,religious_painting,religious_painting
Mannerism_Late_Renaissance,Baroque,0.8980135321617126,26437,17599,tintoretto,rembrandt,portrait,portrait
Northern_Renaissance,High_Renaissance,0.8751792907714844,34382,35102,lucas-cranach-the-elder,Unknown Artist,portrait,portrait
Northern_Renaissance,Baroque,0.8532664179801941,21368,35017,Unknown Artist,Unknown Artist,landscape,genre_painting
Baroque,Rococo,0.8046126365661621,45965,65510,Unknown Artist,Unknown Artist,portrait,portrait
Northern_Renaissance,Baroque,0.8747621774673462,30167,29212,Unknown Artist,Unknown Artist,genre_painting,genre_painting
High_Renaissance,Northern_Renaissance,0.8813167810440063,32795,57039,Unknown Artist,hieronymus-bosch,religious_painting,religious_painting
High_Renaissance,Mannerism_Late_Renaissance,0.8853882551193237,34153,34707,raphael,tintoretto,religious_painting,religious_painting
Early_Renaissance,Baroque,0.9063572883605957,25475,45958,leonardo-da-vinci,joseph-wright,landscape,landscape
High_Renaissance,Baroque,0.7841893434524536,44282,55037,Unknown Artist,Unknown Artist,portrait,genre_painting
Early_Renaissance,High_Renaissance,0.8810246586799622,47347,22670,Unknown Artist,pietro-perugino,religious_painting,religious_painting
Baroque,Rococo,0.8021493554115295,62974,35304,Unknown Artist,Unknown Artist,portrait,portrait
High_Renaissance,Baroque,0.8826402425765991,56503,7169,Unknown Artist,rembrandt,religious_painting,religious_painting
Northern_Renaissance,Baroque,0.8197104334831238,56966,42609,Unknown Artist,Unknown Artist,religious_painting,portrait
Baroque,Rococo,0.8382349014282227,78588,63115,Unknown Artist,Unknown Artist,Unknown Genre,portrait
High_Renaissance,Baroque,0.8608764410018921,37000,4444,Unknown Artist,rembrandt,portrait,portrait
Baroque,Rococo,0.7983943223953247,29128,19927,Unknown Artist,Unknown Artist,genre_painting,genre_painting
Mannerism_Late_Renaissance,Baroque,0.8364488482475281,36403,65515,tintoretto,frans-hals,portrait,portrait
Early_Renaissance,High_Renaissance,0.9212167859077454,52518,62413,fra-angelico,raphael,sketch_and_study,sketch_and_study
High_Renaissance,Mannerism_Late_Renaissance,0.8906782269477844,69186,78471,Unknown Artist,Unknown Artist,Unknown Genre,Unknown Genre
Northern_Renaissance,Baroque,0.9038403034210205,641,11236,albrecht-durer,rembrandt,sketch_and_study,sketch_and_study
Early_Renaissance,High_Renaissance,0.8834108710289001,61990,41676,Unknown Artist,michelangelo,sketch_and_study,religious_painting
Early_Renaissance,Northern_Renaissance,0.8905445337295532,33305,37344,Unknown Artist,Unknown Artist,religious_painting,religious_painting
High_Renaissance,Mannerism_Late_Renaissance,0.7899719476699829,55731,77432,titian,Unknown Artist,religious_painting,Unknown Genre
Northern_Renaissance,High_Renaissance,0.8801075220108032,64911,65139,hans-memling,Unknown Artist,portrait,portrait
High_Renaissance,Baroque,0.8104506731033325,27968,30801,leonardo-da-vinci,jacob-jordaens,religious_painting,sketch_and_study
Early_Renaissance,Mannerism_Late_Renaissance,0.8603925108909607,50546,73643,Unknown Artist,Unknown Artist,religious_painting,Unknown Genre
Mannerism_Late_Renaissance,Baroque,0.9040994048118591,50321,78657,tintoretto,Unknown Artist,religious_painting,Unknown Genre
Northern_Renaissance,Rococo,0.9206058382987976,28659,20049,Unknown Artist,Unknown Artist,religious_painting,religious_painting
Northern_Renaissance,High_Renaissance,0.8105475306510925,23155,52212,hans-holbein-the-younger,Unknown Artist,portrait,portrait
High_Renaissance,Northern_Renaissance,0.8750959038734436,48586,63576,raphael,Unknown Artist,portrait,portrait
Northern_Renaissance,Baroque,0.8399009108543396,81126,72374,Unknown Artist,Unknown Artist,Unknown Genre,Unknown Genre
Early_Renaissance,Northern_Renaissance,0.8958663940429688,49845,5964,Unknown Artist,Unknown Artist,religious_painting,Unknown Genre
Northern_Renaissance,High_Renaissance,0.8693753480911255,44944,56968,Unknown Artist,titian,religious_painting,religious_painting
Northern_Renaissance,High_Renaissance,0.8726537227630615,22586,26983,hans-holbein-the-younger,titian,religious_painting,religious_painting
Mannerism_Late_Renaissance,Rococo,0.8860751986503601,50341,80053,titian,Unknown Artist,religious_painting,Unknown Genre
Baroque,Rococo,0.8441651463508606,51336,41940,peter-paul-rubens,joshua-reynolds,portrait,sketch_and_study
Northern_Renaissance,Baroque,0.8591814041137695,5071,17699,albrecht-durer,rembrandt,portrait,portrait
Mannerism_Late_Renaissance,Baroque,0.8470110297203064,30380,49263,Unknown Artist,Unknown Artist,religious_painting,religious_painting
Early_Renaissance,High_Renaissance,0.8638758063316345,25221,39288,Unknown Artist,Unknown Artist,portrait,portrait
High_Renaissance,Northern_Renaissance,0.8993338346481323,31969,18065,leonardo-da-vinci,albrecht-durer,sketch_and_study,sketch_and_study
Baroque,Rococo,0.9093222618103027,71631,63765,Unknown Artist,Unknown Artist,Unknown Genre,portrait
Northern_Renaissance,Baroque,0.8983824253082275,21368,58969,Unknown Artist,Unknown Artist,landscape,landscape
High_Renaissance,Mannerism_Late_Renaissance,0.8234848976135254,22121,64986,Unknown Artist,el-greco,portrait,portrait
Northern_Renaissance,High_Renaissance,0.8628795146942139,18127,27297,albrecht-durer,michelangelo,sketch_and_study,sketch_and_study
Early_Renaissance,Northern_Renaissance,0.8209240436553955,40004,18177,Unknown Artist,albrecht-durer,religious_painting,sketch_and_study
Baroque,Rococo,0.8897241353988647,78620,45284,Unknown Artist,Unknown Artist,Unknown Genre,landscape
Mannerism_Late_Renaissance,Baroque,0.8007625937461853,62436,26039,titian,Unknown Artist,sketch_and_study,still_life
High_Renaissance,Mannerism_Late_Renaissance,0.8893380165100098,26409,25392,Unknown Artist,el-greco,religious_painting,religious_painting
High_Renaissance,Mannerism_Late_Renaissance,0.9114707708358765,56060,56881,Unknown Artist,Unknown Artist,religious_painting,religious_painting
Early_Renaissance,Northern_Renaissance,0.8419508934020996,36978,42303,fra-angelico,Unknown Artist,religious_painting,religious_painting
Early_Renaissance,Mannerism_Late_Renaissance,0.8925422430038452,56098,29926,Unknown Artist,el-greco,religious_painting,religious_painting
High_Renaissance,Northern_Renaissance,0.8052492737770081,35102,33808,Unknown Artist,Unknown Artist,portrait,portrait
Northern_Renaissance,Baroque,0.8226171731948853,12660,22529,albrecht-durer,frans-hals,portrait,portrait
Early_Renaissance,Baroque,0.8981394171714783,25475,17587,leonardo-da-vinci,rembrandt,landscape,landscape
Baroque,Rococo,0.841152548789978,62974,38748,Unknown Artist,Unknown Artist,portrait,genre_painting
Baroque,Rococo,0.8389948010444641,3112,46402,rembrandt,Unknown Artist,Unknown Genre,portrait
Early_Renaissance,Northern_Renaissance,0.8817383050918579,21771,23046,Unknown Artist,Unknown Artist,religious_painting,religious_painting
Baroque,Rococo,0.8994280099868774,71631,52585,Unknown Artist,Unknown Artist,Unknown Genre,portrait
Mannerism_Late_Renaissance,Baroque,0.9004654884338379,57044,56939,tintoretto,Unknown Artist,religious_painting,religious_painting
High_Renaissance,Mannerism_Late_Renaissance,0.8208791613578796,79372,50050,Unknown Artist,Unknown Artist,Unknown Genre,cityscape
Early_Renaissance,High_Renaissance,0.8608006834983826,30622,22513,Unknown Artist,Unknown Artist,portrait,portrait
Early_Renaissance,High_Renaissance,0.9127475023269653,68566,56060,Unknown Artist,Unknown Artist,Unknown Genre,religious_painting
Mannerism_Late_Renaissance,Baroque,0.9065156579017639,50133,78574,Unknown Artist,Unknown Artist,religious_painting,Unknown Genre
Early_Renaissance,High_Renaissance,0.8885273337364197,30577,21150,leonardo-da-vinci,leonardo-da-vinci,sketch_and_study,sketch_and_study
Early_Renaissance,Mannerism_Late_Renaissance,0.8419016599655151,35778,30920,Unknown Artist,Unknown Artist,religious_painting,religious_painting
Early_Renaissance,Mannerism_Late_Renaissance,0.8905957937240601,19103,57049,fra-angelico,Unknown Artist,religious_painting,religious_painting
High_Renaissance,Baroque,0.8946449160575867,46509,33613,raphael,peter-paul-rubens,sketch_and_study,sketch_and_study
Baroque,Rococo,0.8508056402206421,30064,80056,anthony-van-dyck,Unknown Artist,portrait,Unknown Genre
High_Renaissance,Mannerism_Late_Renaissance,0.8643824458122253,70086,70378,Unknown Artist,Unknown Artist,Unknown Genre,Unknown Genre
Early_Renaissance,Mannerism_Late_Renaissance,0.8197891712188721,46991,24023,Unknown Artist,Unknown Artist,sketch_and_study,cityscape
Mannerism_Late_Renaissance,Baroque,0.8637912273406982,26437,11714,tintoretto,rembrandt,portrait,portrait
Mannerism_Late_Renaissance,Baroque,0.8972918391227722,76609,68880,Unknown Artist,Unknown Artist,Unknown Genre,Unknown Genre
Northern_Renaissance,Baroque,0.7839557528495789,81126,78569,Unknown Artist,Unknown Artist,Unknown Genre,Unknown Genre
Northern_Renaissance,High_Renaissance,0.8065608143806458,81086,68709,Unknown Artist,Unknown Artist,Unknown Genre,Unknown Genre
Northern_Renaissance,Mannerism_Late_Renaissance,0.854427695274353,50951,76127,Unknown Artist,Unknown Artist,genre_painting,Unknown Genre
Mannerism_Late_Renaissance,Rococo,0.8662207722663879,74276,28595,Unknown Artist,Unknown Artist,Unknown Genre,genre_painting
Early_Renaissance,Northern_Renaissance,0.8806374669075012,27503,7912,leonardo-da-vinci,albrecht-durer,sketch_and_study,sketch_and_study
High_Renaissance,Mannerism_Late_Renaissance,0.855859100818634,69186,77081,Unknown Artist,Unknown Artist,Unknown Genre,Unknown Genre
Baroque,Rococo,0.8759361505508423,45965,64055,Unknown Artist,Unknown Artist,portrait,portrait
Mannerism_Late_Renaissance,Baroque,0.8836771845817566,42497,47853,titian,jacob-jordaens,religious_painting,religious_painting
Northern_Renaissance,Baroque,0.8391448259353638,12172,9681,albrecht-durer,rembrandt,religious_painting,genre_painting
High_Renaissance,Northern_Renaissance,0.8409226536750793,59576,17959,leonardo-da-vinci,albrecht-durer,landscape,landscape
Early_Renaissance,High_Renaissance,0.910932719707489,19052,62282,leonardo-da-vinci,leonardo-da-vinci,sketch_and_study,sketch_and_study
Early_Renaissance,High_Renaissance,0.8593311309814453,25221,43350,Unknown Artist,titian,portrait,portrait
Mannerism_Late_Renaissance,Baroque,0.8821060657501221,64952,5781,Unknown Artist,rembrandt,portrait,portrait
Northern_Renaissance,Mannerism_Late_Renaissance,0.8701618909835815,56830,56765,lucas-cranach-the-elder,Unknown Artist,religious_painting,religious_painting
High_Renaissance,Northern_Renaissance,0.8751782774925232,75935,8970,Unknown Artist,Unknown Artist,Unknown Genre,Unknown Genre
Baroque,Rococo,0.8180785179138184,26179,36775,Unknown Artist,Unknown Artist,genre_painting,genre_painting
High_Renaissance,Mannerism_Late_Renaissance,0.858980119228363,22495,56633,Unknown Artist,el-greco,religious_painting,religious_painting
Early_Renaissance,Mannerism_Late_Renaissance,0.9056592583656311,50094,43430,Unknown Artist,Unknown Artist,religious_painting,religious_painting
Baroque,Rococo,0.8365706205368042,46595,21491,Unknown Artist,Unknown Artist,genre_painting,genre_painting
High_Renaissance,Mannerism_Late_Renaissance,0.8454432487487793,49235,35277,titian,el-greco,portrait,portrait
Northern_Renaissance,Baroque,0.9030476808547974,81126,73166,Unknown Artist,Unknown Artist,Unknown Genre,Unknown Genre
Early_Renaissance,Northern_Renaissance,0.8890348672866821,50194,433,Unknown Artist,albrecht-durer,religious_painting,religious_painting
Early_Renaissance,High_Renaissance,0.9061428904533386,44376,55880,Unknown Artist,Unknown Artist,religious_painting,religious_painting
Baroque,Rococo,0.8383035063743591,6783,64426,rembrandt,Unknown Artist,portrait,portrait
High_Renaissance,Mannerism_Late_Renaissance,0.8651348948478699,37000,44636,Unknown Artist,Unknown Artist,portrait,religious_painting
High_Renaissance,Rococo,0.8391809463500977,22991,54336,Unknown Artist,Unknown Artist,religious_painting,genre_painting
Early_Renaissance,High_Renaissance,0.8282471895217896,47351,29895,leonardo-da-vinci,michelangelo,sketch_and_study,sketch_and_study
Northern_Renaissance,High_Renaissance,0.8882974982261658,72254,79385,Unknown Artist,Unknown Artist,Unknown Genre,Unknown Genre
High_Renaissance,Northern_Renaissance,0.8587544560432434,50628,46267,Unknown Artist,hieronymus-bosch,religious_painting,religious_painting
Early_Renaissance,High_Renaissance,0.8855218887329102,46221,39269,Unknown Artist,raphael,portrait,religious_painting
Early_Renaissance,Northern_Renaissance,0.8850611448287964,48978,30236,Unknown Artist,Unknown Artist,religious_painting,religious_painting
Mannerism_Late_Renaissance,Baroque,0.9089393615722656,55855,53829,tintoretto,peter-paul-rubens,religious_painting,genre_painting
High_Renaissance,Northern_Renaissance,0.8787468075752258,31863,37571,Unknown Artist,hieronymus-bosch,religious_painting,religious_painting
Early_Renaissance,High_Renaissance,0.8768561482429504,50266,50628,Unknown Artist,Unknown Artist,religious_painting,religious_painting
Northern_Renaissance,Baroque,0.8120168447494507,81126,58200,Unknown Artist,canaletto,Unknown Genre,cityscape
Baroque,Rococo,0.8329390287399292,73922,44823,Unknown Artist,Unknown Artist,Unknown Genre,genre_painting
High_Renaissance,Northern_Renaissance,0.8724567294120789,79374,70186,Unknown Artist,Unknown Artist,Unknown Genre,Unknown Genre
Mannerism_Late_Renaissance,Baroque,0.8327332735061646,31336,12134,tintoretto,rembrandt,religious_painting,religious_painting
Baroque,Rococo,0.8289702534675598,76556,59041,Unknown Artist,Unknown Artist,Unknown Genre,landscape
High_Renaissance,Northern_Renaissance,0.8344530463218689,50826,4387,leonardo-da-vinci,albrecht-durer,portrait,portrait
Northern_Renaissance,High_Renaissance,0.8698697686195374,48975,26659,lucas-cranach-the-elder,Unknown Artist,religious_painting,religious_painting
Early_Renaissance,Mannerism_Late_Renaissance,0.8483055830001831,49145,73041,Unknown Artist,Unknown Artist,religious_painting,Unknown Genre
High_Renaissance,Mannerism_Late_Renaissance,0.8880119919776917,39783,20887,titian,tintoretto,religious_painting,religious_painting
Early_Renaissance,High_Renaissance,0.8458651304244995,38860,56342,Unknown Artist,pietro-perugino,religious_painting,religious_painting
Early_Renaissance,High_Renaissance,0.9116359353065491,56982,57081,Unknown Artist,Unknown Artist,religious_painting,religious_painting
High_Renaissance,Mannerism_Late_Renaissance,0.84610915184021,23800,32863,michelangelo,Unknown Artist,religious_painting,cityscape
Baroque,Rococo,0.8120224475860596,51160,19607,Unknown Artist,Unknown Artist,genre_painting,genre_painting
High_Renaissance,Baroque,0.8063692450523376,26573,78622,Unknown Artist,Unknown Artist,religious_painting,Unknown Genre
Mannerism_Late_Renaissance,Baroque,0.8736511468887329,38333,54436,Unknown Artist,Unknown Artist,religious_painting,genre_painting
Early_Renaissance,Rococo,0.8404654264450073,46991,57872,Unknown Artist,canaletto,sketch_and_study,cityscape
Northern_Renaissance,High_Renaissance,0.843941867351532,56332,52563,Unknown Artist,Unknown Artist,religious_painting,cityscape
Early_Renaissance,High_Renaissance,0.8901781439781189,36368,30690,Unknown Artist,pietro-perugino,religious_painting,religious_painting
Early_Renaissance,Northern_Renaissance,0.8712762594223022,56737,12026,Unknown Artist,albrecht-durer,religious_painting,religious_painting
High_Renaissance,Northern_Renaissance,0.9066357612609863,25458,47661,Unknown Artist,Unknown Artist,religious_painting,religious_painting
Mannerism_Late_Renaissance,Baroque,0.8493230938911438,24251,51954,Unknown Artist,Unknown Artist,religious_painting,religious_painting
High_Renaissance,Mannerism_Late_Renaissance,0.8916175961494446,71487,54741,Unknown Artist,tintoretto,Unknown Genre,genre_painting
High_Renaissance,Northern_Renaissance,0.8467264771461487,29435,27380,Unknown Artist,Unknown Artist,landscape,landscape
Mannerism_Late_Renaissance,Baroque,0.8752987384796143,21652,24020,titian,bartolome-esteban-murillo,religious_painting,religious_painting
Mannerism_Late_Renaissance,Baroque,0.8751827478408813,49458,78641,tintoretto,Unknown Artist,religious_painting,Unknown Genre
Mannerism_Late_Renaissance,Rococo,0.8547354936599731,35510,80040,paolo-veronese,Unknown Artist,religious_painting,Unknown Genre
High_Renaissance,Northern_Renaissance,0.8725048303604126,64951,32425,Unknown Artist,Unknown Artist,portrait,portrait
Baroque,Rococo,0.8790489435195923,27162,25356,peter-paul-rubens,Unknown Artist,portrait,portrait
Northern_Renaissance,Baroque,0.8858239054679871,21368,58882,Unknown Artist,Unknown Artist,landscape,landscape
Early_Renaissance,High_Renaissance,0.9257410764694214,56355,22648,Unknown Artist,Unknown Artist,religious_painting,religious_painting
Mannerism_Late_Renaissance,Baroque,0.8386304974555969,27315,17735,tintoretto,rembrandt,religious_painting,portrait
Mannerism_Late_Renaissance,Baroque,0.7883957624435425,26385,78741,tintoretto,Unknown Artist,genre_painting,Unknown Genre
Early_Renaissance,Baroque,0.8738487362861633,36632,24026,Unknown Artist,frans-hals,religious_painting,portrait
High_Renaissance,Northern_Renaissance,0.7881364226341248,32099,4667,Unknown Artist,albrecht-durer,portrait,portrait
High_Renaissance,Mannerism_Late_Renaissance,0.9173122048377991,71698,78517,Unknown Artist,Unknown Artist,Unknown Genre,Unknown Genre
Baroque,Rococo,0.8718674778938293,27755,23266,Unknown Artist,Unknown Artist,landscape,landscape
Mannerism_Late_Renaissance,Rococo,0.8842881321907043,73643,49036,Unknown Artist,Unknown Artist,Unknown Genre,religious_painting
High_Renaissance,Baroque,0.7840451002120972,47189,72806,titian,Unknown Artist,portrait,Unknown Genre
Early_Renaissance,Northern_Renaissance,0.8163408637046814,36978,81157,fra-angelico,Unknown Artist,religious_painting,Unknown Genre
Northern_Renaissance,Baroque,0.8332796096801758,51926,20257,Unknown Artist,Unknown Artist,genre_painting,genre_painting
High_Renaissance,Mannerism_Late_Renaissance,0.8804598450660706,76525,78486,Unknown Artist,Unknown Artist,Unknown Genre,Unknown Genre
High_Renaissance,Northern_Renaissance,0.8312023878097534,22121,2448,Unknown Artist,Unknown Artist,portrait,Unknown Genre
Early_Renaissance,Northern_Renaissance,0.8644855618476868,27413,4892,leonardo-da-vinci,albrecht-durer,sketch_and_study,religious_painting
High_Renaissance,Mannerism_Late_Renaissance,0.9113779664039612,69747,72475,Unknown Artist,Unknown Artist,Unknown Genre,Unknown Genre
Northern_Renaissance,High_Renaissance,0.8740024566650391,62141,60526,hieronymus-bosch,leonardo-da-vinci,sketch_and_study,landscape
Early_Renaissance,High_Renaissance,0.8672077655792236,49002,29024,Unknown Artist,Unknown Artist,religious_painting,religious_painting
Mannerism_Late_Renaissance,Baroque,0.8182769417762756,25088,36239,el-greco,Unknown Artist,portrait,portrait
Early_Renaissance,Mannerism_Late_Renaissance,0.9018223881721497,56623,56338,Unknown Artist,Unknown Artist,religious_painting,religious_painting
High_Renaissance,Mannerism_Late_Renaissance,0.8942967653274536,44981,56308,Unknown Artist,titian,religious_painting,religious_painting
Early_Renaissance,Northern_Renaissance,0.8847962617874146,76781,77253,Unknown Artist,Unknown Artist,Unknown Genre,Unknown Genre
Baroque,Rococo,0.8103450536727905,63010,75106,Unknown Artist,Unknown Artist,portrait,Unknown Genre
Early_Renaissance,Northern_Renaissance,0.8194255828857422,80533,81117,Unknown Artist,Unknown Artist,Unknown Genre,Unknown Genre
Mannerism_Late_Renaissance,Rococo,0.8106170296669006,63378,43844,Unknown Artist,Unknown Artist,portrait,portrait
High_Renaissance,Rococo,0.8037818670272827,68831,65024,Unknown Artist,thomas-gainsborough,Unknown Genre,portrait
High_Renaissance,Northern_Renaissance,0.8515185117721558,46816,18111,Unknown Artist,Unknown Artist,still_life,Unknown Genre
High_Renaissance,Baroque,0.8380024433135986,40689,1823,leonardo-da-vinci,rembrandt,sketch_and_study,sketch_and_study
Mannerism_Late_Renaissance,Baroque,0.803521454334259,25392,44983,el-greco,Unknown Artist,religious_painting,still_life
Early_Renaissance,High_Renaissance,0.7872165441513062,38878,69078,pietro-perugino,Unknown Artist,religious_painting,Unknown Genre
Early_Renaissance,High_Renaissance,0.8896185159683228,56350,37361,fra-angelico,Unknown Artist,religious_painting,religious_painting
Northern_Renaissance,Mannerism_Late_Renaissance,0.785194456577301,56719,68872,Unknown Artist,Unknown Artist,religious_painting,Unknown Genre
Baroque,Rococo,0.7995092868804932,46459,29050,Unknown Artist,Unknown Artist,genre_painting,portrait
Northern_Renaissance,Mannerism_Late_Renaissance,0.9120972156524658,44218,21759,Unknown Artist,tintoretto,religious_painting,religious_painting
Early_Renaissance,High_Renaissance,0.8827396631240845,25496,55697,Unknown Artist,Unknown Artist,religious_painting,religious_painting
Early_Renaissance,High_Renaissance,0.9072654843330383,44376,55660,Unknown Artist,Unknown Artist,religious_painting,religious_painting
High_Renaissance,Mannerism_Late_Renaissance,0.9170973896980286,30747,20863,Unknown Artist,tintoretto,religious_painting,religious_painting
Early_Renaissance,Northern_Renaissance,0.8189871907234192,56274,5459,Unknown Artist,albrecht-durer,religious_painting,cityscape
High_Renaissance,Rococo,0.8581092953681946,68831,63763,Unknown Artist,Unknown Artist,Unknown Genre,portrait
High_Renaissance,Rococo,0.8368719816207886,46547,32016,Unknown Artist,Unknown Artist,portrait,portrait
Mannerism_Late_Renaissance,Baroque,0.7859188914299011,56367,27938,tintoretto,Unknown Artist,religious_painting,still_life
High_Renaissance,Mannerism_Late_Renaissance,0.804390549659729,77034,76780,Unknown Artist,Unknown Artist,Unknown Genre,Unknown Genre
Northern_Renaissance,High_Renaissance,0.8660086989402771,28527,46820,hieronymus-bosch,Unknown Artist,religious_painting,genre_painting
Northern_Renaissance,Mannerism_Late_Renaissance,0.8913312554359436,49358,56634,Unknown Artist,paolo-veronese,religious_painting,religious_painting
Northern_Renaissance,Mannerism_Late_Renaissance,0.9106765985488892,56031,57060,hans-holbein-the-younger,Unknown Artist,religious_painting,religious_painting
Early_Renaissance,Northern_Renaissance,0.8352223634719849,22572,41427,Unknown Artist,Unknown Artist,genre_painting,genre_painting
Early_Renaissance,Northern_Renaissance,0.8344511985778809,38887,10765,Unknown Artist,albrecht-durer,religious_painting,religious_painting
Northern_Renaissance,High_Renaissance,0.7994890213012695,50422,44001,hans-holbein-the-younger,Unknown Artist,portrait,portrait
High_Renaissance,Northern_Renaissance,0.869563102722168,22847,18071,leonardo-da-vinci,Unknown Artist,sketch_and_study,Unknown Genre
Early_Renaissance,High_Renaissance,0.8443503379821777,70100,71907,Unknown Artist,Unknown Artist,Unknown Genre,Unknown Genre
Northern_Renaissance,Mannerism_Late_Renaissance,0.9073957800865173,11318,50238,albrecht-durer,Unknown Artist,religious_painting,portrait
Baroque,Rococo,0.8956871628761292,769,64763,rembrandt,Unknown Artist,portrait,portrait
Baroque,Rococo,0.8761258125305176,23873,44547,Unknown Artist,thomas-gainsborough,religious_painting,portrait
Northern_Renaissance,Mannerism_Late_Renaissance,0.8748659491539001,49358,25980,Unknown Artist,tintoretto,religious_painting,religious_painting
Early_Renaissance,Northern_Renaissance,0.9161909222602844,57024,45870,pietro-perugino,Unknown Artist,religious_painting,religious_painting
Baroque,Rococo,0.837532103061676,71002,38984,Unknown Artist,Unknown Artist,Unknown Genre,portrait
High_Renaissance,Baroque,0.7822752594947815,24418,35276,titian,bartolome-esteban-murillo,religious_painting,genre_painting
Baroque,Rococo,0.8605442047119141,62963,23296,joshua-reynolds,thomas-gainsborough,portrait,portrait
Early_Renaissance,High_Renaissance,0.9198243618011475,21002,27867,leonardo-da-vinci,leonardo-da-vinci,portrait,portrait
Early_Renaissance,Northern_Renaissance,0.8331369757652283,56407,34200,Unknown Artist,Unknown Artist,religious_painting,religious_painting
Early_Renaissance,Northern_Renaissance,0.8525253534317017,52843,20954,Unknown Artist,Unknown Artist,sketch_and_study,genre_painting
Baroque,Rococo,0.8544892072677612,1299,70708,rembrandt,Unknown Artist,religious_painting,Unknown Genre
High_Renaissance,Mannerism_Late_Renaissance,0.820615828037262,52764,39936,titian,el-greco,portrait,portrait
Mannerism_Late_Renaissance,Baroque,0.8822728395462036,56704,4994,paolo-veronese,rembrandt,religious_painting,religious_painting
Northern_Renaissance,High_Renaissance,0.8580784797668457,21368,29435,Unknown Artist,Unknown Artist,landscape,landscape
Northern_Renaissance,High_Renaissance,0.8644691705703735,1906,47161,Unknown Artist,leonardo-da-vinci,Unknown Genre,sketch_and_study
High_Renaissance,Baroque,0.7930372357368469,49023,46198,titian,frans-hals,portrait,portrait
Early_Renaissance,Mannerism_Late_Renaissance,0.880598783493042,51437,56929,Unknown Artist,paolo-veronese,religious_painting,religious_painting
High_Renaissance,Baroque,0.8110032677650452,46517,42529,titian,Unknown Artist,religious_painting,genre_painting
Early_Renaissance,Northern_Renaissance,0.8307911157608032,41270,17971,Unknown Artist,albrecht-durer,religious_painting,religious_painting
High_Renaissance,Mannerism_Late_Renaissance,0.868752658367157,35126,57020,Unknown Artist,paolo-veronese,religious_painting,religious_painting
Early_Renaissance,Northern_Renaissance,0.8465675711631775,25475,9206,leonardo-da-vinci,albrecht-durer,landscape,sketch_and_study
Northern_Renaissance,Mannerism_Late_Renaissance,0.8812587261199951,4150,22165,albrecht-durer,Unknown Artist,portrait,sketch_and_study
Mannerism_Late_Renaissance,Baroque,0.8897748589515686,41834,45453,paolo-veronese,Unknown Artist,religious_painting,religious_painting
Mannerism_Late_Renaissance,Baroque,0.8218302130699158,52035,17577,titian,rembrandt,portrait,religious_painting
Early_Renaissance,Northern_Renaissance,0.9022284150123596,56907,28645,Unknown Artist,Unknown Artist,religious_painting,religious_painting
Northern_Renaissance,Mannerism_Late_Renaissance,0.9037033319473267,11318,44647,albrecht-durer,titian,religious_painting,religious_painting
High_Renaissance,Northern_Renaissance,0.8031380772590637,27353,12525,leonardo-da-vinci,albrecht-durer,sketch_and_study,landscape
Northern_Renaissance,Mannerism_Late_Renaissance,0.8809530735015869,76522,56946,Unknown Artist,paolo-veronese,Unknown Genre,religious_painting
Baroque,Rococo,0.8402221202850342,31050,30654,anthony-van-dyck,joshua-reynolds,portrait,portrait
Baroque,Rococo,0.8983246088027954,31050,28223,anthony-van-dyck,Unknown Artist,portrait,portrait
Northern_Renaissance,Baroque,0.8792281150817871,3907,32011,albrecht-durer,Unknown Artist,religious_painting,religious_painting
Early_Renaissance,High_Renaissance,0.8737527132034302,40864,56434,Unknown Artist,Unknown Artist,religious_painting,religious_painting
High_Renaissance,Northern_Renaissance,0.8538028001785278,40419,81132,michelangelo,Unknown Artist,religious_painting,Unknown Genre
High_Renaissance,Mannerism_Late_Renaissance,0.8631824851036072,72483,27871,Unknown Artist,tintoretto,Unknown Genre,religious_painting
High_Renaissance,Mannerism_Late_Renaissance,0.8957035541534424,37872,57044,raphael,tintoretto,religious_painting,religious_painting
Mannerism_Late_Renaissance,Rococo,0.8249374628067017,36403,35768,tintoretto,Unknown Artist,portrait,portrait
Early_Renaissance,High_Renaissance,0.9052742719650269,21002,40509,leonardo-da-vinci,leonardo-da-vinci,portrait,sketch_and_study
High_Renaissance,Baroque,0.8846839666366577,40689,11039,leonardo-da-vinci,rembrandt,sketch_and_study,genre_painting
Early_Renaissance,Northern_Renaissance,0.8756557106971741,47252,56294,pietro-perugino,Unknown Artist,religious_painting,religious_painting
Early_Renaissance,Mannerism_Late_Renaissance,0.8951327204704285,36868,31781,Unknown Artist,el-greco,religious_painting,religious_painting
Northern_Renaissance,Mannerism_Late_Renaissance,0.905792772769928,65813,65985,hans-holbein-the-younger,titian,portrait,portrait
Mannerism_Late_Renaissance,Baroque,0.873651385307312,65107,49578,Unknown Artist,jacob-jordaens,portrait,portrait
High_Renaissance,Baroque,0.8321853876113892,42799,62165,raphael,anthony-van-dyck,sketch_and_study,sketch_and_study
Northern_Renaissance,High_Renaissance,0.8016684055328369,33512,65953,hieronymus-bosch,Unknown Artist,religious_painting,portrait
Northern_Renaissance,High_Renaissance,0.864705502986908,81158,79375,Unknown Artist,Unknown Artist,Unknown Genre,Unknown Genre
High_Renaissance,Northern_Renaissance,0.8894248008728027,73053,74084,Unknown Artist,Unknown Artist,Unknown Genre,Unknown Genre
Baroque,Rococo,0.8591297268867493,71631,22099,Unknown Artist,Unknown Artist,Unknown Genre,portrait
Early_Renaissance,High_Renaissance,0.9338576793670654,37430,79359,Unknown Artist,Unknown Artist,religious_painting,Unknown Genre
High_Renaissance,Baroque,0.8598647713661194,56127,57122,raphael,Unknown Artist,religious_painting,religious_painting
High_Renaissance,Baroque,0.8551526665687561,62231,2617,leonardo-da-vinci,rembrandt,sketch_and_study,genre_painting
Northern_Renaissance,Mannerism_Late_Renaissance,0.8612846732139587,9285,65056,albrecht-durer,tintoretto,portrait,portrait
Early_Renaissance,High_Renaissance,0.8590737581253052,46027,25880,Unknown Artist,michelangelo,sketch_and_study,sketch_and_study
Early_Renaissance,High_Renaissance,0.8661888837814331,24719,29936,Unknown Artist,Unknown Artist,portrait,portrait
Northern_Renaissance,Baroque,0.8380900621414185,4581,2611,albrecht-durer,rembrandt,sketch_and_study,religious_painting
Early_Renaissance,Northern_Renaissance,0.7962983250617981,62481,8421,Unknown Artist,Unknown Artist,sketch_and_study,Unknown Genre
Mannerism_Late_Renaissance,Baroque,0.7549276351928711,30944,61559,tintoretto,Unknown Artist,religious_painting,still_life
Early_Renaissance,Mannerism_Late_Renaissance,0.8709896206855774,34865,52035,Unknown Artist,titian,portrait,portrait
Early_Renaissance,High_Renaissance,0.9037991166114807,25471,69858,Unknown Artist,Unknown Artist,religious_painting,Unknown Genre
Northern_Renaissance,High_Renaissance,0.9096176028251648,18102,36342,albrecht-durer,Unknown Artist,portrait,portrait
Northern_Renaissance,Baroque,0.8696488738059998,41235,9312,Unknown Artist,rembrandt,sketch_and_study,genre_painting
Early_Renaissance,Northern_Renaissance,0.8861154913902283,56703,35163,Unknown Artist,Unknown Artist,religious_painting,religious_painting
High_Renaissance,Northern_Renaissance,0.8378271460533142,31768,40830,Unknown Artist,Unknown Artist,portrait,portrait
Early_Renaissance,Northern_Renaissance,0.917840838432312,26869,4684,Unknown Artist,albrecht-durer,religious_painting,religious_painting
Northern_Renaissance,Baroque,0.857478141784668,28589,17665,hieronymus-bosch,rembrandt,portrait,portrait
Early_Renaissance,High_Renaissance,0.9543097019195557,56355,38257,Unknown Artist,Unknown Artist,religious_painting,religious_painting
High_Renaissance,Northern_Renaissance,0.78457111120224,65394,18139,titian,albrecht-durer,portrait,portrait
Mannerism_Late_Renaissance,Baroque,0.7557997703552246,36193,10549,Unknown Artist,rembrandt,portrait,genre_painting
Early_Renaissance,Northern_Renaissance,0.8634087443351746,44840,36098,Unknown Artist,Unknown Artist,portrait,religious_painting
Early_Renaissance,Northern_Renaissance,0.8857143521308899,45946,56011,Unknown Artist,hieronymus-bosch,religious_painting,religious_painting
High_Renaissance,Mannerism_Late_Renaissance,0.8816037774085999,39920,30445,raphael,tintoretto,religious_painting,religious_painting
Baroque,Rococo,0.8708653450012207,33666,40650,Unknown Artist,canaletto,landscape,landscape
Baroque,Rococo,0.8380740880966187,54043,55250,Unknown Artist,Unknown Artist,genre_painting,genre_painting
Mannerism_Late_Renaissance,Baroque,0.7317298650741577,38333,45127,Unknown Artist,Unknown Artist,religious_painting,portrait
High_Renaissance,Mannerism_Late_Renaissance,0.883773148059845,71698,71433,Unknown Artist,Unknown Artist,Unknown Genre,Unknown Genre
Early_Renaissance,High_Renaissance,0.8838820457458496,27503,27139,leonardo-da-vinci,leonardo-da-vinci,sketch_and_study,sketch_and_study
Northern_Renaissance,Baroque,0.8886210322380066,17994,6522,albrecht-durer,rembrandt,sketch_and_study,sketch_and_study
Northern_Renaissance,Baroque,0.8961265683174133,11661,56767,Unknown Artist,Unknown Artist,Unknown Genre,religious_painting
High_Renaissance,Mannerism_Late_Renaissance,0.8959910869598389,32241,23608,titian,paolo-veronese,religious_painting,religious_painting
Mannerism_Late_Renaissance,Baroque,0.8670914173126221,32888,49137,paolo-veronese,Unknown Artist,portrait,portrait
Baroque,Rococo,0.8118401765823364,32686,21074,Unknown Artist,Unknown Artist,portrait,portrait
Early_Renaissance,Baroque,0.8994992971420288,49105,36123,fra-angelico,Unknown Artist,religious_painting,religious_painting
Early_Renaissance,High_Renaissance,0.8343221545219421,63897,75419,Unknown Artist,Unknown Artist,portrait,Unknown Genre
Early_Renaissance,Mannerism_Late_Renaissance,0.8765983581542969,19614,68231,pietro-perugino,Unknown Artist,religious_painting,Unknown Genre
Northern_Renaissance,High_Renaissance,0.8810858726501465,21368,79353,Unknown Artist,Unknown Artist,landscape,Unknown Genre
High_Renaissance,Mannerism_Late_Renaissance,0.8695335984230042,41093,49096,pietro-perugino,el-greco,religious_painting,religious_painting
Early_Renaissance,Mannerism_Late_Renaissance,0.9129344820976257,51437,56926,Unknown Artist,Unknown Artist,religious_painting,religious_painting
High_Renaissance,Northern_Renaissance,0.880611002445221,62079,9712,michelangelo,albrecht-durer,sketch_and_study,nude_painting
Mannerism_Late_Renaissance,Rococo,0.9061272144317627,42704,39374,paolo-veronese,Unknown Artist,religious_painting,religious_painting
High_Renaissance,Mannerism_Late_Renaissance,0.8358228802680969,37503,35861,Unknown Artist,Unknown Artist,portrait,religious_painting
Northern_Renaissance,High_Renaissance,0.8645996451377869,10581,36610,albrecht-durer,raphael,sketch_and_study,sketch_and_study
Early_Renaissance,High_Renaissance,0.8854171633720398,56967,56333,Unknown Artist,pietro-perugino,religious_painting,religious_painting
Mannerism_Late_Renaissance,Baroque,0.8399970531463623,24510,51020,titian,frans-hals,portrait,portrait
Early_Renaissance,Mannerism_Late_Renaissance,0.8547757863998413,56372,43349,pietro-perugino,el-greco,religious_painting,religious_painting
Baroque,Rococo,0.8486417531967163,62963,63200,joshua-reynolds,Unknown Artist,portrait,portrait
Early_Renaissance,Baroque,0.8596742749214172,57048,4502,Unknown Artist,rembrandt,religious_painting,Unknown Genre
Mannerism_Late_Renaissance,Rococo,0.8411362767219543,38333,44784,Unknown Artist,Unknown Artist,religious_painting,genre_painting
High_Renaissance,Mannerism_Late_Renaissance,0.8879510164260864,69785,26110,Unknown Artist,Unknown Artist,Unknown Genre,nude_painting
Baroque,Rococo,0.8719204664230347,71631,50284,Unknown Artist,Unknown Artist,Unknown Genre,portrait
High_Renaissance,Northern_Renaissance,0.86496901512146,24554,3418,titian,Unknown Artist,sketch_and_study,Unknown Genre
Mannerism_Late_Renaissance,Baroque,0.8410962820053101,33406,23528,Unknown Artist,frans-hals,portrait,portrait
Northern_Renaissance,Mannerism_Late_Renaissance,0.9038916230201721,39928,35146,Unknown Artist,paolo-veronese,sketch_and_study,religious_painting
Baroque,Rococo,0.8764804601669312,41598,39341,Unknown Artist,joseph-wright,portrait,portrait
High_Renaissance,Northern_Renaissance,0.8928807973861694,49223,65240,Unknown Artist,Unknown Artist,portrait,portrait
Baroque,Rococo,0.8688592314720154,33387,53344,Unknown Artist,Unknown Artist,genre_painting,genre_painting
High_Renaissance,Mannerism_Late_Renaissance,0.8524191975593567,52835,36965,pietro-perugino,Unknown Artist,religious_painting,portrait
Early_Renaissance,High_Renaissance,0.9212998747825623,48154,69689,fra-angelico,Unknown Artist,religious_painting,Unknown Genre
Northern_Renaissance,Baroque,0.8531855344772339,7697,5841,albrecht-durer,rembrandt,religious_painting,religious_painting
Early_Renaissance,High_Renaissance,0.813144326210022,73428,79379,Unknown Artist,Unknown Artist,Unknown Genre,Unknown Genre
Northern_Renaissance,Baroque,0.8301897644996643,40830,73436,Unknown Artist,Unknown Artist,portrait,Unknown Genre
Northern_Renaissance,Baroque,0.8532457947731018,42068,19823,Unknown Artist,Unknown Artist,genre_painting,landscape
Early_Renaissance,High_Renaissance,0.8811624646186829,46018,36447,Unknown Artist,Unknown Artist,religious_painting,religious_painting
High_Renaissance,Baroque,0.8445489406585693,20038,43208,Unknown Artist,frans-hals,portrait,portrait
High_Renaissance,Northern_Renaissance,0.8373805284500122,26552,64432,Unknown Artist,Unknown Artist,portrait,portrait
Baroque,Rococo,0.8430147767066956,71631,63001,Unknown Artist,joshua-reynolds,Unknown Genre,portrait
Early_Renaissance,Mannerism_Late_Renaissance,0.9157076478004456,40864,57123,Unknown Artist,paolo-veronese,religious_painting,religious_painting
Northern_Renaissance,High_Renaissance,0.8894283175468445,31194,34473,Unknown Artist,Unknown Artist,religious_painting,religious_painting
Mannerism_Late_Renaissance,Baroque,0.83963942527771,34217,10680,tintoretto,rembrandt,portrait,portrait
Baroque,Rococo,0.9004876017570496,71631,65729,Unknown Artist,Unknown Artist,Unknown Genre,portrait
Early_Renaissance,High_Renaissance,0.9460232257843018,46523,32409,Unknown Artist,Unknown Artist,religious_painting,religious_painting
High_Renaissance,Mannerism_Late_Renaissance,0.8769640326499939,67799,49563,Unknown Artist,titian,Unknown Genre,religious_painting
Northern_Renaissance,Baroque,0.9000030159950256,81126,78583,Unknown Artist,Unknown Artist,Unknown Genre,Unknown Genre
Northern_Renaissance,Mannerism_Late_Renaissance,0.8943745493888855,69185,31435,Unknown Artist,Unknown Artist,Unknown Genre,religious_painting
Early_Renaissance,Mannerism_Late_Renaissance,0.8823521733283997,22846,38169,Unknown Artist,Unknown Artist,portrait,portrait
Early_Renaissance,High_Renaissance,0.9033641815185547,24696,79398,Unknown Artist,Unknown Artist,religious_painting,Unknown Genre
Early_Renaissance,Northern_Renaissance,0.8851516842842102,39971,22745,Unknown Artist,Unknown Artist,religious_painting,religious_painting
Baroque,Rococo,0.8317656517028809,60026,50547,Unknown Artist,Unknown Artist,landscape,landscape
Early_Renaissance,Northern_Renaissance,0.8267443776130676,38247,18165,Unknown Artist,albrecht-durer,religious_painting,religious_painting
Northern_Renaissance,High_Renaissance,0.8446316719055176,3119,55607,albrecht-durer,Unknown Artist,religious_painting,religious_painting
Early_Renaissance,High_Renaissance,0.8646098375320435,56123,70891,pietro-perugino,Unknown Artist,religious_painting,Unknown Genre
Northern_Renaissance,Baroque,0.848831832408905,44579,21522,Unknown Artist,Unknown Artist,portrait,portrait
Baroque,Rococo,0.8958728313446045,71631,35998,Unknown Artist,joshua-reynolds,Unknown Genre,portrait
High_Renaissance,Baroque,0.8356444239616394,46517,19299,titian,Unknown Artist,religious_painting,genre_painting
High_Renaissance,Rococo,0.8445937633514404,56387,73666,Unknown Artist,Unknown Artist,religious_painting,Unknown Genre
High_Renaissance,Mannerism_Late_Renaissance,0.8846266269683838,44652,56218,titian,titian,religious_painting,religious_painting
Early_Renaissance,High_Renaissance,0.8601402640342712,52015,63436,Unknown Artist,titian,portrait,portrait
Mannerism_Late_Renaissance,Baroque,0.8609733581542969,56314,78560,titian,Unknown Artist,religious_painting,Unknown Genre
Northern_Renaissance,High_Renaissance,0.8407429456710815,13151,42124,albrecht-durer,Unknown Artist,religious_painting,religious_painting
Early_Renaissance,Northern_Renaissance,0.8577728271484375,35704,81159,pietro-perugino,Unknown Artist,religious_painting,Unknown Genre
Baroque,Rococo,0.8266702890396118,24416,36515,Unknown Artist,Unknown Artist,genre_painting,genre_painting
Early_Renaissance,Northern_Renaissance,0.8638285994529724,56305,56647,fra-angelico,Unknown Artist,religious_painting,religious_painting
High_Renaissance,Northern_Renaissance,0.8208374977111816,32849,29832,Unknown Artist,hans-holbein-the-younger,portrait,portrait
Mannerism_Late_Renaissance,Baroque,0.9178071618080139,56920,51413,paolo-veronese,jacob-jordaens,religious_painting,religious_painting
Northern_Renaissance,High_Renaissance,0.8875148892402649,74520,79397,Unknown Artist,Unknown Artist,Unknown Genre,Unknown Genre
High_Renaissance,Mannerism_Late_Renaissance,0.896815836429596,41863,51411,Unknown Artist,Unknown Artist,portrait,portrait
High_Renaissance,Baroque,0.9001429080963135,79388,28892,Unknown Artist,Unknown Artist,Unknown Genre,nude_painting
High_Renaissance,Mannerism_Late_Renaissance,0.8087969422340393,43388,73868,titian,Unknown Artist,portrait,Unknown Genre
Northern_Renaissance,Mannerism_Late_Renaissance,0.8108651041984558,65845,50706,Unknown Artist,Unknown Artist,portrait,portrait
Northern_Renaissance,Baroque,0.8079793453216553,9407,45334,albrecht-durer,canaletto,landscape,cityscape
High_Renaissance,Mannerism_Late_Renaissance,0.8229275345802307,41863,39814,Unknown Artist,tintoretto,portrait,portrait
Baroque,Rococo,0.8663169145584106,769,50745,rembrandt,Unknown Artist,portrait,portrait
Northern_Renaissance,Mannerism_Late_Renaissance,0.865486741065979,69564,72501,Unknown Artist,Unknown Artist,Unknown Genre,Unknown Genre
Northern_Renaissance,Baroque,0.7988953590393066,81126,71992,Unknown Artist,Unknown Artist,Unknown Genre,Unknown Genre
High_Renaissance,Northern_Renaissance,0.8766627311706543,48586,64964,raphael,hans-holbein-the-younger,portrait,portrait
Early_Renaissance,Northern_Renaissance,0.8652244806289673,56322,32723,Unknown Artist,hans-memling,religious_painting,religious_painting
High_Renaissance,Northern_Renaissance,0.8231992721557617,20591,47808,Unknown Artist,lucas-cranach-the-elder,portrait,portrait
Northern_Renaissance,High_Renaissance,0.8433940410614014,4422,29023,albrecht-durer,leonardo-da-vinci,religious_painting,religious_painting
Mannerism_Late_Renaissance,Baroque,0.7977662682533264,78475,73381,Unknown Artist,Unknown Artist,Unknown Genre,Unknown Genre
High_Renaissance,Rococo,0.7878111004829407,50253,51475,Unknown Artist,Unknown Artist,portrait,portrait
Baroque,Rococo,0.8895700573921204,26732,19238,Unknown Artist,Unknown Artist,cityscape,cityscape
Early_Renaissance,Mannerism_Late_Renaissance,0.8894228339195251,57075,56493,Unknown Artist,Unknown Artist,religious_painting,religious_painting
High_Renaissance,Mannerism_Late_Renaissance,0.9099279642105103,56127,56075,raphael,Unknown Artist,religious_painting,religious_painting
Baroque,Rococo,0.8118825554847717,62963,27982,joshua-reynolds,Unknown Artist,portrait,portrait
Early_Renaissance,Northern_Renaissance,0.887603759765625,26869,42819,Unknown Artist,Unknown Artist,religious_painting,religious_painting
High_Renaissance,Northern_Renaissance,0.8410582542419434,31053,36938,leonardo-da-vinci,hans-holbein-the-younger,religious_painting,religious_painting
Baroque,Rococo,0.8708696961402893,71631,65775,Unknown Artist,Unknown Artist,Unknown Genre,portrait
Northern_Renaissance,High_Renaissance,0.9304060339927673,6436,56229,albrecht-durer,titian,religious_painting,religious_painting
Early_Renaissance,Northern_Renaissance,0.8654214143753052,36314,26063,Unknown Artist,hans-memling,religious_painting,religious_painting
Mannerism_Late_Renaissance,Rococo,0.8740661144256592,56130,54010,tintoretto,Unknown Artist,religious_painting,genre_painting
High_Renaissance,Northern_Renaissance,0.879266619682312,33704,41505,Unknown Artist,Unknown Artist,religious_painting,religious_painting
High_Renaissance,Mannerism_Late_Renaissance,0.8820589780807495,79397,69006,Unknown Artist,Unknown Artist,Unknown Genre,Unknown Genre
Mannerism_Late_Renaissance,Baroque,0.8950196504592896,38687,55700,tintoretto,bartolome-esteban-murillo,religious_painting,religious_painting
Mannerism_Late_Renaissance,Baroque,0.8160784244537354,62436,43824,titian,Unknown Artist,sketch_and_study,portrait
High_Renaissance,Mannerism_Late_Renaissance,0.8210929036140442,46629,74952,titian,Unknown Artist,portrait,Unknown Genre
Baroque,Rococo,0.8341624140739441,71631,24700,Unknown Artist,joshua-reynolds,Unknown Genre,portrait
High_Renaissance,Rococo,0.8972333073616028,71647,80018,Unknown Artist,Unknown Artist,Unknown Genre,Unknown Genre
Early_Renaissance,Mannerism_Late_Renaissance,0.8760042190551758,55708,31949,Unknown Artist,paolo-veronese,religious_painting,religious_painting
High_Renaissance,Mannerism_Late_Renaissance,0.8843427896499634,56673,37004,michelangelo,paolo-veronese,religious_painting,sketch_and_study
Mannerism_Late_Renaissance,Baroque,0.8828330039978027,62523,25647,Unknown Artist,peter-paul-rubens,sketch_and_study,sketch_and_study
Early_Renaissance,Northern_Renaissance,0.8694592714309692,32172,8146,Unknown Artist,albrecht-durer,religious_painting,religious_painting
Early_Renaissance,High_Renaissance,0.8725790977478027,77433,69317,Unknown Artist,Unknown Artist,Unknown Genre,Unknown Genre
Baroque,Rococo,0.8588594198226929,33387,30103,Unknown Artist,Unknown Artist,genre_painting,genre_painting
Northern_Renaissance,High_Renaissance,0.833346962928772,6959,47932,albrecht-durer,titian,portrait,portrait
High_Renaissance,Rococo,0.8827496767044067,56127,56193,raphael,Unknown Artist,religious_painting,religious_painting
High_Renaissance,Mannerism_Late_Renaissance,0.8371883034706116,64817,36193,titian,Unknown Artist,portrait,portrait
Early_Renaissance,High_Renaissance,0.8707439303398132,23253,56684,Unknown Artist,pietro-perugino,religious_painting,religious_painting
Northern_Renaissance,Baroque,0.8968102931976318,21368,53238,Unknown Artist,Unknown Artist,landscape,genre_painting
Early_Renaissance,Mannerism_Late_Renaissance,0.8739661574363708,51437,39997,Unknown Artist,paolo-veronese,religious_painting,religious_painting
Baroque,Rococo,0.7886399626731873,62963,35479,joshua-reynolds,Unknown Artist,portrait,portrait
Northern_Renaissance,High_Renaissance,0.9224967956542969,74470,77249,Unknown Artist,Unknown Artist,Unknown Genre,Unknown Genre
High_Renaissance,Mannerism_Late_Renaissance,0.8972715139389038,69785,73011,Unknown Artist,Unknown Artist,Unknown Genre,Unknown Genre
High_Renaissance,Northern_Renaissance,0.8615942597389221,56035,487,titian,albrecht-durer,religious_painting,religious_painting
High_Renaissance,Northern_Renaissance,0.8973212838172913,72848,56830,Unknown Artist,lucas-cranach-the-elder,Unknown Genre,religious_painting
High_Renaissance,Northern_Renaissance,0.8556108474731445,29435,54121,Unknown Artist,Unknown Artist,landscape,genre_painting
Mannerism_Late_Renaissance,Baroque,0.8542349338531494,40544,25959,tintoretto,Unknown Artist,religious_painting,genre_painting
High_Renaissance,Baroque,0.8741830587387085,62306,12346,leonardo-da-vinci,rembrandt,sketch_and_study,sketch_and_study
Early_Renaissance,Northern_Renaissance,0.8098713159561157,65075,55973,Unknown Artist,Unknown Artist,portrait,religious_painting
Baroque,Rococo,0.8703444004058838,78588,65658,Unknown Artist,Unknown Artist,Unknown Genre,portrait
Northern_Renaissance,Baroque,0.8569945693016052,49830,25783,Unknown Artist,Unknown Artist,sketch_and_study,genre_painting
Mannerism_Late_Renaissance,Baroque,0.8839060664176941,36439,55105,Unknown Artist,bartolome-esteban-murillo,religious_painting,genre_painting
Early_Renaissance,Mannerism_Late_Renaissance,0.864547848701477,56042,52358,fra-angelico,el-greco,religious_painting,religious_painting
Northern_Renaissance,Mannerism_Late_Renaissance,0.8979527354240417,28527,56699,hieronymus-bosch,tintoretto,religious_painting,religious_painting
Mannerism_Late_Renaissance,Baroque,0.898321807384491,51411,65379,Unknown Artist,Unknown Artist,portrait,portrait
Baroque,Rococo,0.8734252452850342,78706,20754,Unknown Artist,Unknown Artist,Unknown Genre,cityscape
Northern_Renaissance,Mannerism_Late_Renaissance,0.8218339085578918,4644,75990,albrecht-durer,Unknown Artist,religious_painting,Unknown Genre
Early_Renaissance,Northern_Renaissance,0.8078600168228149,31565,22067,Unknown Artist,Unknown Artist,religious_painting,religious_painting
Early_Renaissance,High_Renaissance,0.8917522430419922,28296,70085,Unknown Artist,Unknown Artist,religious_painting,Unknown Genre
Early_Renaissance,Northern_Renaissance,0.9067814946174622,45450,32556,Unknown Artist,Unknown Artist,religious_painting,religious_painting
High_Renaissance,Mannerism_Late_Renaissance,0.8933365345001221,54961,29804,titian,tintoretto,genre_painting,religious_painting
Baroque,Rococo,0.8631731271743774,58969,69145,Unknown Artist,Unknown Artist,landscape,Unknown Genre
Northern_Renaissance,High_Renaissance,0.8724797964096069,13151,55727,albrecht-durer,Unknown Artist,religious_painting,religious_painting
High_Renaissance,Baroque,0.8608796000480652,37000,3697,Unknown Artist,rembrandt,portrait,portrait
High_Renaissance,Baroque,0.9257159233093262,40689,5923,leonardo-da-vinci,rembrandt,sketch_and_study,genre_painting
High_Renaissance,Rococo,0.8528478741645813,48496,26582,titian,thomas-gainsborough,portrait,portrait
High_Renaissance,Rococo,0.8633582592010498,77069,20070,Unknown Artist,Unknown Artist,Unknown Genre,sketch_and_study
Northern_Renaissance,Baroque,0.7867127060890198,17965,26769,albrecht-durer,Unknown Artist,religious_painting,illustration
High_Renaissance,Mannerism_Late_Renaissance,0.8788695335388184,71487,70892,Unknown Artist,Unknown Artist,Unknown Genre,Unknown Genre
Early_Renaissance,Northern_Renaissance,0.876348614692688,65075,44579,Unknown Artist,Unknown Artist,portrait,portrait
Early_Renaissance,Northern_Renaissance,0.900252103805542,24314,65822,Unknown Artist,Unknown Artist,portrait,portrait
Early_Renaissance,High_Renaissance,0.8618993759155273,30666,23982,Unknown Artist,Unknown Artist,religious_painting,religious_painting
Northern_Renaissance,Mannerism_Late_Renaissance,0.8299590945243835,76522,75864,Unknown Artist,Unknown Artist,Unknown Genre,Unknown Genre
Early_Renaissance,High_Renaissance,0.8918446898460388,56967,23800,Unknown Artist,michelangelo,religious_painting,religious_painting
High_Renaissance,Mannerism_Late_Renaissance,0.9299173355102539,37410,49148,michelangelo,paolo-veronese,religious_painting,religious_painting
Baroque,Rococo,0.8376300930976868,53066,43791,anthony-van-dyck,Unknown Artist,portrait,portrait
High_Renaissance,Northern_Renaissance,0.9021015167236328,75777,81081,Unknown Artist,Unknown Artist,Unknown Genre,Unknown Genre
Early_Renaissance,Northern_Renaissance,0.8720458149909973,56407,12438,Unknown Artist,albrecht-durer,religious_painting,religious_painting
High_Renaissance,Mannerism_Late_Renaissance,0.8823429346084595,26525,63079,titian,titian,portrait,portrait
Baroque,Rococo,0.7607795000076294,24660,73771,Unknown Artist,Unknown Artist,genre_painting,Unknown Genre
High_Renaissance,Mannerism_Late_Renaissance,0.8737708330154419,41661,41864,titian,tintoretto,portrait,portrait
Northern_Renaissance,High_Renaissance,0.8601061701774597,29579,38324,hieronymus-bosch,raphael,religious_painting,religious_painting
Early_Renaissance,High_Renaissance,0.8944093585014343,25320,26884,Unknown Artist,Unknown Artist,sketch_and_study,sketch_and_study
Mannerism_Late_Renaissance,Rococo,0.78316330909729,65163,62440,tintoretto,Unknown Artist,portrait,sketch_and_study
Northern_Renaissance,High_Renaissance,0.8360576033592224,56287,56321,Unknown Artist,Unknown Artist,religious_painting,religious_painting
High_Renaissance,Baroque,0.8501613140106201,25069,53461,Unknown Artist,Unknown Artist,religious_painting,genre_painting
Northern_Renaissance,Baroque,0.8559300303459167,7634,1181,albrecht-durer,rembrandt,genre_painting,genre_painting
Northern_Renaissance,Mannerism_Late_Renaissance,0.8414268493652344,10124,40994,albrecht-durer,Unknown Artist,religious_painting,religious_painting
High_Renaissance,Northern_Renaissance,0.867694079875946,40689,4718,leonardo-da-vinci,Unknown Artist,sketch_and_study,Unknown Genre
Baroque,Rococo,0.8660158514976501,27162,49810,peter-paul-rubens,joshua-reynolds,portrait,portrait
Northern_Renaissance,Mannerism_Late_Renaissance,0.8317948579788208,56893,56416,lucas-cranach-the-elder,el-greco,religious_painting,religious_painting
High_Renaissance,Northern_Renaissance,0.8755623698234558,62467,7905,leonardo-da-vinci,albrecht-durer,sketch_and_study,sketch_and_study
Northern_Renaissance,Mannerism_Late_Renaissance,0.8867875933647156,63602,25091,Unknown Artist,Unknown Artist,portrait,portrait
High_Renaissance,Northern_Renaissance,0.8863528370857239,38928,26629,leonardo-da-vinci,hieronymus-bosch,sketch_and_study,sketch_and_study
Baroque,Rococo,0.8734700083732605,62963,63572,joshua-reynolds,Unknown Artist,portrait,portrait
Northern_Renaissance,Baroque,0.8212941288948059,63523,6642,Unknown Artist,rembrandt,portrait,portrait
Early_Renaissance,Northern_Renaissance,0.7827465534210205,46991,13279,Unknown Artist,albrecht-durer,sketch_and_study,cityscape
High_Renaissance,Mannerism_Late_Renaissance,0.917130708694458,56839,56440,Unknown Artist,Unknown Artist,religious_painting,religious_painting
Mannerism_Late_Renaissance,Baroque,0.8427465558052063,35923,75834,Unknown Artist,Unknown Artist,religious_painting,Unknown Genre
Early_Renaissance,Northern_Renaissance,0.8687844276428223,56246,52916,pietro-perugino,Unknown Artist,religious_painting,portrait
Mannerism_Late_Renaissance,Rococo,0.8797876834869385,19972,57085,paolo-veronese,Unknown Artist,religious_painting,religious_painting
Early_Renaissance,High_Renaissance,0.9054277539253235,56309,49962,Unknown Artist,Unknown Artist,religious_painting,religious_painting
Early_Renaissance,High_Renaissance,0.9128624200820923,24143,44627,Unknown Artist,raphael,religious_painting,religious_painting
Mannerism_Late_Renaissance,Baroque,0.9010506868362427,23711,68433,paolo-veronese,Unknown Artist,religious_painting,Unknown Genre
Northern_Renaissance,High_Renaissance,0.8367131352424622,72268,52243,Unknown Artist,Unknown Artist,Unknown Genre,religious_painting
Northern_Renaissance,High_Renaissance,0.8716399073600769,5810,50200,albrecht-durer,raphael,religious_painting,sketch_and_study
Early_Renaissance,Baroque,0.8706697821617126,34453,53178,Unknown Artist,Unknown Artist,religious_painting,genre_painting
Mannerism_Late_Renaissance,Rococo,0.8055233359336853,56068,39585,tintoretto,joshua-reynolds,religious_painting,portrait
Northern_Renaissance,High_Renaissance,0.9137976169586182,34154,20083,Unknown Artist,Unknown Artist,religious_painting,religious_painting
High_Renaissance,Mannerism_Late_Renaissance,0.8998427391052246,79397,72747,Unknown Artist,Unknown Artist,Unknown Genre,Unknown Genre
Early_Renaissance,High_Renaissance,0.8320304751396179,29122,76141,Unknown Artist,Unknown Artist,religious_painting,Unknown Genre
Early_Renaissance,High_Renaissance,0.888534426689148,22128,56575,Unknown Artist,michelangelo,religious_painting,religious_painting
Early_Renaissance,High_Renaissance,0.8923414349555969,23613,25862,Unknown Artist,Unknown Artist,religious_painting,religious_painting
High_Renaissance,Mannerism_Late_Renaissance,0.808189868927002,21902,72479,Unknown Artist,Unknown Artist,genre_painting,Unknown Genre
Early_Renaissance,High_Renaissance,0.9019537568092346,51437,33550,Unknown Artist,pietro-perugino,religious_painting,religious_painting
High_Renaissance,Northern_Renaissance,0.8024817705154419,21503,58503,Unknown Artist,Unknown Artist,religious_painting,cityscape
High_Renaissance,Mannerism_Late_Renaissance,0.8604674339294434,20591,64247,Unknown Artist,tintoretto,portrait,portrait
Northern_Renaissance,High_Renaissance,0.8196766972541809,7346,75234,albrecht-durer,Unknown Artist,nude_painting,Unknown Genre
Early_Renaissance,High_Renaissance,0.8701658844947815,45523,30981,Unknown Artist,Unknown Artist,religious_painting,religious_painting
High_Renaissance,Mannerism_Late_Renaissance,0.8987227082252502,76525,44958,Unknown Artist,Unknown Artist,Unknown Genre,religious_painting
High_Renaissance,Northern_Renaissance,0.8646630644798279,56035,6825,titian,albrecht-durer,religious_painting,religious_painting
Mannerism_Late_Renaissance,Rococo,0.8829049468040466,55843,56972,Unknown Artist,Unknown Artist,religious_painting,religious_painting
Baroque,Rococo,0.8312547206878662,42529,75944,Unknown Artist,Unknown Artist,genre_painting,Unknown Genre
Early_Renaissance,Northern_Renaissance,0.9286525845527649,56740,49197,Unknown Artist,hans-memling,religious_painting,religious_painting
Baroque,Rococo,0.8675146698951721,44287,80063,Unknown Artist,Unknown Artist,genre_painting,Unknown Genre
Early_Renaissance,Northern_Renaissance,0.9041855931282043,50875,56024,fra-angelico,Unknown Artist,religious_painting,religious_painting
Mannerism_Late_Renaissance,Rococo,0.8268238306045532,65625,30329,titian,Unknown Artist,portrait,portrait
Baroque,Rococo,0.9159055352210999,57122,29222,Unknown Artist,Unknown Artist,religious_painting,religious_painting
Mannerism_Late_Renaissance,Rococo,0.818122386932373,47187,74355,Unknown Artist,Unknown Artist,religious_painting,Unknown Genre
Northern_Renaissance,High_Renaissance,0.8776094317436218,72686,70984,Unknown Artist,Unknown Artist,Unknown Genre,Unknown Genre
High_Renaissance,Mannerism_Late_Renaissance,0.8691878318786621,47498,56843,raphael,Unknown Artist,religious_painting,religious_painting
High_Renaissance,Northern_Renaissance,0.838531494140625,74005,64356,Unknown Artist,lucas-cranach-the-elder,Unknown Genre,portrait
Baroque,Rococo,0.8368188142776489,49716,62115,Unknown Artist,Unknown Artist,sketch_and_study,sketch_and_study
High_Renaissance,Northern_Renaissance,0.8898458480834961,54547,17977,michelangelo,albrecht-durer,genre_painting,religious_painting
Early_Renaissance,High_Renaissance,0.8609132766723633,69772,75572,Unknown Artist,Unknown Artist,Unknown Genre,Unknown Genre
Mannerism_Late_Renaissance,Baroque,0.8606801629066467,56068,73327,tintoretto,Unknown Artist,religious_painting,Unknown Genre
Northern_Renaissance,Mannerism_Late_Renaissance,0.830872118473053,66149,40316,Unknown Artist,Unknown Artist,portrait,religious_painting
High_Renaissance,Northern_Renaissance,0.9286677837371826,56614,6033,pietro-perugino,albrecht-durer,religious_painting,religious_painting
Mannerism_Late_Renaissance,Baroque,0.8898109793663025,38722,17680,tintoretto,rembrandt,religious_painting,religious_painting
Early_Renaissance,High_Renaissance,0.8646909594535828,27965,56728,Unknown Artist,leonardo-da-vinci,religious_painting,religious_painting
High_Renaissance,Mannerism_Late_Renaissance,0.8878495693206787,40607,21219,Unknown Artist,Unknown Artist,portrait,portrait
High_Renaissance,Mannerism_Late_Renaissance,0.8450123071670532,24418,29083,titian,titian,religious_painting,religious_painting
Northern_Renaissance,High_Renaissance,0.7875056862831116,18111,56932,Unknown Artist,raphael,Unknown Genre,religious_painting
High_Renaissance,Baroque,0.8172768354415894,75419,3112,Unknown Artist,rembrandt,Unknown Genre,Unknown Genre
High_Renaissance,Mannerism_Late_Renaissance,0.8867200016975403,79373,19653,Unknown Artist,paolo-veronese,Unknown Genre,religious_painting
Mannerism_Late_Renaissance,Baroque,0.8172571063041687,30590,24971,el-greco,frans-hals,portrait,portrait
High_Renaissance,Baroque,0.8852618336677551,25211,27233,Unknown Artist,Unknown Artist,religious_painting,religious_painting
High_Renaissance,Northern_Renaissance,0.8860538601875305,70624,56380,Unknown Artist,Unknown Artist,Unknown Genre,religious_painting
High_Renaissance,Mannerism_Late_Renaissance,0.9167476892471313,19853,55868,pietro-perugino,Unknown Artist,religious_painting,religious_painting
High_Renaissance,Baroque,0.871461033821106,40689,17714,leonardo-da-vinci,rembrandt,sketch_and_study,nude_painting
Early_Renaissance,Northern_Renaissance,0.811511754989624,49658,9451,Unknown Artist,albrecht-durer,sketch_and_study,portrait
High_Renaissance,Mannerism_Late_Renaissance,0.8902209401130676,23937,24616,michelangelo,Unknown Artist,religious_painting,religious_painting
Northern_Renaissance,Mannerism_Late_Renaissance,0.8258324861526489,81132,63313,Unknown Artist,Unknown Artist,Unknown Genre,portrait
Northern_Renaissance,High_Renaissance,0.9081282615661621,19071,79407,Unknown Artist,Unknown Artist,religious_painting,Unknown Genre
Baroque,Rococo,0.8155173659324646,28250,75180,Unknown Artist,Unknown Artist,portrait,Unknown Genre
Early_Renaissance,Northern_Renaissance,0.7869012951850891,20308,1306,leonardo-da-vinci,Unknown Artist,sketch_and_study,Unknown Genre
Mannerism_Late_Renaissance,Rococo,0.8607025742530823,63378,23877,Unknown Artist,Unknown Artist,portrait,portrait
Early_Renaissance,Northern_Renaissance,0.8626576066017151,30577,338,leonardo-da-vinci,Unknown Artist,sketch_and_study,Unknown Genre
Baroque,Rococo,0.8113842010498047,23320,63774,joshua-reynolds,Unknown Artist,portrait,portrait
Baroque,Rococo,0.7875789403915405,68496,41006,Unknown Artist,Unknown Artist,Unknown Genre,genre_painting
Early_Renaissance,High_Renaissance,0.894769012928009,55838,56183,Unknown Artist,pietro-perugino,religious_painting,religious_painting
Early_Renaissance,High_Renaissance,0.8787173628807068,77113,45600,Unknown Artist,leonardo-da-vinci,Unknown Genre,sketch_and_study
Mannerism_Late_Renaissance,Baroque,0.8388861417770386,47313,43547,paolo-veronese,Unknown Artist,religious_painting,genre_painting
Early_Renaissance,High_Renaissance,0.8728464841842651,55869,39183,Unknown Artist,titian,religious_painting,religious_painting
High_Renaissance,Rococo,0.8707703948020935,70984,69379,Unknown Artist,Unknown Artist,Unknown Genre,Unknown Genre
High_Renaissance,Mannerism_Late_Renaissance,0.8904445767402649,32241,46438,titian,paolo-veronese,religious_painting,religious_painting
Mannerism_Late_Renaissance,Baroque,0.8941396474838257,56926,55841,Unknown Artist,Unknown Artist,religious_painting,religious_painting
Early_Renaissance,High_Renaissance,0.8329816460609436,49579,65864,Unknown Artist,Unknown Artist,portrait,portrait
Early_Renaissance,High_Renaissance,0.855248749256134,57045,79390,fra-angelico,Unknown Artist,religious_painting,Unknown Genre
Early_Renaissance,Northern_Renaissance,0.8475858569145203,41270,46968,Unknown Artist,Unknown Artist,religious_painting,religious_painting
Mannerism_Late_Renaissance,Rococo,0.8567675948143005,78468,31124,Unknown Artist,Unknown Artist,Unknown Genre,portrait
Northern_Renaissance,Baroque,0.8750335574150085,12172,10712,albrecht-durer,rembrandt,religious_painting,sketch_and_study
Northern_Renaissance,Mannerism_Late_Renaissance,0.9390614628791809,56430,56996,Unknown Artist,tintoretto,religious_painting,religious_painting
Early_Renaissance,High_Renaissance,0.8767018914222717,56922,25469,Unknown Artist,Unknown Artist,religious_painting,religious_painting
Early_Renaissance,Northern_Renaissance,0.814664363861084,21545,10593,Unknown Artist,albrecht-durer,portrait,portrait
High_Renaissance,Northern_Renaissance,0.8456931710243225,56229,5456,titian,albrecht-durer,religious_painting,sketch_and_study
High_Renaissance,Mannerism_Late_Renaissance,0.8621417880058289,32165,75614,michelangelo,Unknown Artist,religious_painting,Unknown Genre
Early_Renaissance,High_Renaissance,0.8850683569908142,25475,27353,leonardo-da-vinci,leonardo-da-vinci,landscape,sketch_and_study
Early_Renaissance,Northern_Renaissance,0.8733235597610474,50194,18045,Unknown Artist,albrecht-durer,religious_painting,religious_painting
High_Renaissance,Baroque,0.8627606630325317,27560,56153,Unknown Artist,Unknown Artist,religious_painting,religious_painting
High_Renaissance,Northern_Renaissance,0.8252115249633789,46816,48856,Unknown Artist,hieronymus-bosch,still_life,religious_painting
Early_Renaissance,High_Renaissance,0.9074046015739441,42667,76525,Unknown Artist,Unknown Artist,religious_painting,Unknown Genre
Baroque,Rococo,0.8687407970428467,769,48844,rembrandt,Unknown Artist,portrait,portrait
Early_Renaissance,Northern_Renaissance,0.9275860786437988,25309,39423,Unknown Artist,Unknown Artist,religious_painting,religious_painting
Baroque,Rococo,0.812263548374176,39147,37818,Unknown Artist,Unknown Artist,still_life,genre_painting
Northern_Renaissance,High_Renaissance,0.7274511456489563,17986,76354,albrecht-durer,Unknown Artist,portrait,Unknown Genre
Early_Renaissance,Northern_Renaissance,0.8947578072547913,56737,18157,Unknown Artist,albrecht-durer,religious_painting,illustration
High_Renaissance,Baroque,0.8681026697158813,42185,52900,Unknown Artist,Unknown Artist,portrait,religious_painting
Baroque,Rococo,0.8676353693008423,53178,39583,Unknown Artist,Unknown Artist,genre_painting,genre_painting
Early_Renaissance,High_Renaissance,0.8900118470191956,50522,62306,leonardo-da-vinci,leonardo-da-vinci,sketch_and_study,sketch_and_study
Mannerism_Late_Renaissance,Baroque,0.8424032330513,43611,31050,paolo-veronese,anthony-van-dyck,portrait,portrait
Baroque,Rococo,0.9273662567138672,73337,80093,Unknown Artist,Unknown Artist,Unknown Genre,Unknown Genre
High_Renaissance,Mannerism_Late_Renaissance,0.9065367579460144,29260,39813,Unknown Artist,Unknown Artist,religious_painting,religious_painting
Baroque,Rococo,0.8320704698562622,65250,31493,Unknown Artist,Unknown Artist,portrait,portrait
Early_Renaissance,High_Renaissance,0.87288498878479,50467,32544,Unknown Artist,leonardo-da-vinci,sketch_and_study,sketch_and_study
Early_Renaissance,High_Renaissance,0.8209574222564697,74826,47916,Unknown Artist,michelangelo,Unknown Genre,religious_painting
Northern_Renaissance,Baroque,0.8923658728599548,24838,78697,Unknown Artist,Unknown Artist,religious_painting,Unknown Genre
High_Renaissance,Baroque,0.8666452765464783,20616,23774,leonardo-da-vinci,Unknown Artist,portrait,portrait
Baroque,Rococo,0.8815404772758484,71631,28757,Unknown Artist,Unknown Artist,Unknown Genre,portrait
Northern_Renaissance,Baroque,0.794779896736145,41761,67885,Unknown Artist,Unknown Artist,portrait,Unknown Genre
Northern_Renaissance,High_Renaissance,0.8850694298744202,56815,49848,hieronymus-bosch,Unknown Artist,religious_painting,religious_painting
High_Renaissance,Northern_Renaissance,0.8305190801620483,70984,26752,Unknown Artist,hieronymus-bosch,Unknown Genre,religious_painting
High_Renaissance,Mannerism_Late_Renaissance,0.843302845954895,49043,64571,pietro-perugino,Unknown Artist,portrait,portrait
Early_Renaissance,Northern_Renaissance,0.9045879244804382,30622,37119,Unknown Artist,Unknown Artist,portrait,portrait
Early_Renaissance,Northern_Renaissance,0.8732225298881531,29617,9330,Unknown Artist,albrecht-durer,religious_painting,religious_painting
Mannerism_Late_Renaissance,Baroque,0.838458776473999,37090,11145,titian,rembrandt,religious_painting,religious_painting
High_Renaissance,Mannerism_Late_Renaissance,0.8919122219085693,56770,44297,Unknown Artist,Unknown Artist,religious_painting,religious_painting
Early_Renaissance,Mannerism_Late_Renaissance,0.8811308145523071,56251,72897,Unknown Artist,Unknown Artist,religious_painting,Unknown Genre
Northern_Renaissance,Baroque,0.8156245946884155,45064,55192,Unknown Artist,Unknown Artist,genre_painting,genre_painting
Early_Renaissance,High_Renaissance,0.8671606779098511,33893,39344,Unknown Artist,Unknown Artist,portrait,portrait
High_Renaissance,Northern_Renaissance,0.8505191802978516,74005,7079,Unknown Artist,albrecht-durer,Unknown Genre,sketch_and_study
Early_Renaissance,Northern_Renaissance,0.7997515797615051,76488,31604,Unknown Artist,hieronymus-bosch,Unknown Genre,religious_painting
Mannerism_Late_Renaissance,Baroque,0.9013226628303528,23675,39153,Unknown Artist,Unknown Artist,portrait,portrait
Baroque,Rococo,0.8923728466033936,71631,63119,Unknown Artist,Unknown Artist,Unknown Genre,portrait
Mannerism_Late_Renaissance,Rococo,0.8774255514144897,65163,26901,tintoretto,Unknown Artist,portrait,portrait
Northern_Renaissance,High_Renaissance,0.8893809914588928,64957,64971,Unknown Artist,Unknown Artist,portrait,portrait
High_Renaissance,Mannerism_Late_Renaissance,0.872663140296936,31767,36886,raphael,tintoretto,religious_painting,religious_painting
High_Renaissance,Northern_Renaissance,0.8738017082214355,30047,56022,Unknown Artist,Unknown Artist,religious_painting,religious_painting
Northern_Renaissance,Rococo,0.8643780946731567,74266,62794,Unknown Artist,Unknown Artist,Unknown Genre,illustration
Baroque,Rococo,0.8358132839202881,23320,48765,joshua-reynolds,Unknown Artist,portrait,portrait
High_Renaissance,Northern_Renaissance,0.8728986382484436,72848,45008,Unknown Artist,Unknown Artist,Unknown Genre,religious_painting
Early_Renaissance,High_Renaissance,0.9137903451919556,25482,35224,pietro-perugino,pietro-perugino,religious_painting,religious_painting
Early_Renaissance,Northern_Renaissance,0.8834629654884338,33305,62408,Unknown Artist,Unknown Artist,religious_painting,sketch_and_study
Early_Renaissance,Northern_Renaissance,0.8939549326896667,50099,56419,fra-angelico,Unknown Artist,religious_painting,religious_painting
High_Renaissance,Mannerism_Late_Renaissance,0.8753684163093567,73663,23458,Unknown Artist,Unknown Artist,Unknown Genre,portrait
Northern_Renaissance,Mannerism_Late_Renaissance,0.792047381401062,20178,56861,hans-memling,titian,religious_painting,religious_painting
High_Renaissance,Northern_Renaissance,0.9321678280830383,41447,39626,Unknown Artist,Unknown Artist,religious_painting,religious_painting
High_Renaissance,Northern_Renaissance,0.814959704875946,64971,45931,Unknown Artist,hans-holbein-the-younger,portrait,portrait
Baroque,Rococo,0.8145723342895508,46459,46437,Unknown Artist,Unknown Artist,genre_painting,portrait
Early_Renaissance,Northern_Renaissance,0.8769331574440002,55920,20823,pietro-perugino,Unknown Artist,religious_painting,religious_painting
Baroque,Rococo,0.8712106347084045,20685,37158,peter-paul-rubens,Unknown Artist,portrait,portrait
High_Renaissance,Northern_Renaissance,0.9121325612068176,56930,36667,Unknown Artist,Unknown Artist,religious_painting,religious_painting
High_Renaissance,Mannerism_Late_Renaissance,0.9083750247955322,77249,78494,Unknown Artist,Unknown Artist,Unknown Genre,Unknown Genre
Baroque,Rococo,0.7644007802009583,23572,65309,Unknown Artist,Unknown Artist,portrait,portrait
High_Renaissance,Rococo,0.865045428276062,76073,52772,Unknown Artist,Unknown Artist,Unknown Genre,sketch_and_study
High_Renaissance,Northern_Renaissance,0.8380353450775146,27917,66149,Unknown Artist,Unknown Artist,religious_painting,portrait
Northern_Renaissance,Baroque,0.7529135942459106,81126,31534,Unknown Artist,Unknown Artist,Unknown Genre,cityscape
Baroque,Rococo,0.86973637342453,55410,53368,anthony-van-dyck,Unknown Artist,genre_painting,genre_painting
Baroque,Rococo,0.856397271156311,46595,80029,Unknown Artist,Unknown Artist,genre_painting,Unknown Genre
High_Renaissance,Baroque,0.8585835099220276,39920,3935,raphael,rembrandt,religious_painting,religious_painting
Early_Renaissance,Rococo,0.8820890188217163,46991,76937,Unknown Artist,Unknown Artist,sketch_and_study,Unknown Genre
High_Renaissance,Northern_Renaissance,0.794747531414032,60526,18185,leonardo-da-vinci,Unknown Artist,landscape,Unknown Genre
High_Renaissance,Mannerism_Late_Renaissance,0.8248321413993835,29076,24720,Unknown Artist,Unknown Artist,portrait,portrait
Early_Renaissance,High_Renaissance,0.9196885824203491,20738,56694,Unknown Artist,pietro-perugino,religious_painting,religious_painting
Northern_Renaissance,Baroque,0.8518544435501099,81147,73498,Unknown Artist,Unknown Artist,Unknown Genre,Unknown Genre
Early_Renaissance,High_Renaissance,0.8356996178627014,57018,70053,Unknown Artist,Unknown Artist,religious_painting,Unknown Genre
Early_Renaissance,High_Renaissance,0.8622482419013977,22935,25685,Unknown Artist,leonardo-da-vinci,sketch_and_study,sketch_and_study
Early_Renaissance,Northern_Renaissance,0.7674272656440735,38461,21372,Unknown Artist,hieronymus-bosch,religious_painting,religious_painting
Northern_Renaissance,Mannerism_Late_Renaissance,0.8735970854759216,22975,23252,Unknown Artist,paolo-veronese,religious_painting,religious_painting
Early_Renaissance,Mannerism_Late_Renaissance,0.8569538593292236,39758,27984,Unknown Artist,Unknown Artist,religious_painting,religious_painting
Baroque,Rococo,0.886149525642395,769,47247,rembrandt,Unknown Artist,portrait,portrait
Northern_Renaissance,High_Renaissance,0.8446246981620789,69185,75296,Unknown Artist,Unknown Artist,Unknown Genre,Unknown Genre
Early_Renaissance,High_Renaissance,0.8874832987785339,55998,74847,Unknown Artist,Unknown Artist,religious_painting,Unknown Genre
Northern_Renaissance,High_Renaissance,0.828767716884613,69185,67816,Unknown Artist,Unknown Artist,Unknown Genre,Unknown Genre
Early_Renaissance,High_Renaissance,0.860434353351593,62329,25672,leonardo-da-vinci,leonardo-da-vinci,sketch_and_study,sketch_and_study
Baroque,Rococo,0.8670424222946167,53178,55566,Unknown Artist,Unknown Artist,genre_painting,genre_painting
Northern_Renaissance,High_Renaissance,0.8712576627731323,56380,71489,Unknown Artist,Unknown Artist,religious_painting,Unknown Genre
Early_Renaissance,Northern_Renaissance,0.8356447219848633,41270,74368,Unknown Artist,Unknown Artist,religious_painting,Unknown Genre
High_Renaissance,Mannerism_Late_Renaissance,0.8851625323295593,49235,47865,titian,Unknown Artist,portrait,portrait
Early_Renaissance,High_Renaissance,0.8886024951934814,26915,41307,pietro-perugino,Unknown Artist,religious_painting,religious_painting
Early_Renaissance,High_Renaissance,0.9479174017906189,46523,51189,Unknown Artist,Unknown Artist,religious_painting,religious_painting
Northern_Renaissance,High_Renaissance,0.8563076257705688,30167,76872,Unknown Artist,Unknown Artist,genre_painting,Unknown Genre
Baroque,Rococo,0.8474939465522766,71631,27474,Unknown Artist,Unknown Artist,Unknown Genre,portrait
High_Renaissance,Northern_Renaissance,0.8802126049995422,79388,11936,Unknown Artist,Unknown Artist,Unknown Genre,Unknown Genre
Early_Renaissance,High_Renaissance,0.889161229133606,57067,52576,Unknown Artist,leonardo-da-vinci,religious_painting,religious_painting
Northern_Renaissance,Baroque,0.8436233401298523,73419,46227,Unknown Artist,frans-hals,Unknown Genre,portrait
Early_Renaissance,High_Renaissance,0.8633688688278198,65075,25260,Unknown Artist,titian,portrait,portrait
Baroque,Rococo,0.851173460483551,64962,66009,Unknown Artist,Unknown Artist,portrait,portrait
Mannerism_Late_Renaissance,Baroque,0.8223453164100647,57060,50982,Unknown Artist,Unknown Artist,religious_painting,genre_painting
Early_Renaissance,Mannerism_Late_Renaissance,0.8983994722366333,25751,46809,Unknown Artist,el-greco,religious_painting,religious_painting
Early_Renaissance,High_Renaissance,0.8370387554168701,25863,63085,Unknown Artist,Unknown Artist,portrait,portrait
High_Renaissance,Northern_Renaissance,0.8196238279342651,55682,25781,Unknown Artist,hans-memling,religious_painting,religious_painting
Early_Renaissance,Mannerism_Late_Renaissance,0.8952955603599548,46027,28600,Unknown Artist,Unknown Artist,sketch_and_study,sketch_and_study
Early_Renaissance,High_Renaissance,0.8929945230484009,48154,70738,fra-angelico,Unknown Artist,religious_painting,Unknown Genre
Early_Renaissance,High_Renaissance,0.8506155014038086,46221,56351,Unknown Artist,Unknown Artist,portrait,religious_painting
Early_Renaissance,Baroque,0.7860543131828308,62125,29333,Unknown Artist,anthony-van-dyck,sketch_and_study,sketch_and_study
Northern_Renaissance,Baroque,0.788118839263916,81126,75754,Unknown Artist,Unknown Artist,Unknown Genre,Unknown Genre
Northern_Renaissance,High_Renaissance,0.8696325421333313,58915,43335,Unknown Artist,leonardo-da-vinci,landscape,sketch_and_study
Mannerism_Late_Renaissance,Rococo,0.8599713444709778,20952,43659,paolo-veronese,Unknown Artist,religious_painting,genre_painting
Baroque,Rococo,0.7754426002502441,30064,28025,anthony-van-dyck,Unknown Artist,portrait,portrait
Early_Renaissance,High_Renaissance,0.8687808513641357,26869,26623,Unknown Artist,pietro-perugino,religious_painting,religious_painting
High_Renaissance,Baroque,0.8278340697288513,25672,3393,leonardo-da-vinci,rembrandt,sketch_and_study,sketch_and_study
Early_Renaissance,Baroque,0.7895206212997437,34487,69931,Unknown Artist,Unknown Artist,religious_painting,Unknown Genre
Northern_Renaissance,Baroque,0.8446022272109985,3117,4753,albrecht-durer,rembrandt,religious_painting,genre_painting
High_Renaissance,Northern_Renaissance,0.8920058012008667,28360,18164,titian,albrecht-durer,sketch_and_study,religious_painting
Early_Renaissance,High_Renaissance,0.8117551207542419,55773,56559,Unknown Artist,Unknown Artist,religious_painting,religious_painting
Mannerism_Late_Renaissance,Rococo,0.9047859311103821,75139,56283,Unknown Artist,Unknown Artist,Unknown Genre,religious_painting
Baroque,Rococo,0.8613000512123108,23086,44191,Unknown Artist,Unknown Artist,portrait,portrait
Northern_Renaissance,High_Renaissance,0.8026411533355713,24940,50486,lucas-cranach-the-elder,titian,portrait,portrait
High_Renaissance,Mannerism_Late_Renaissance,0.8571589589118958,37673,71977,raphael,Unknown Artist,religious_painting,Unknown Genre
Northern_Renaissance,Rococo,0.7881676554679871,7269,25249,albrecht-durer,Unknown Artist,portrait,portrait
Northern_Renaissance,Baroque,0.8509045839309692,5071,793,albrecht-durer,rembrandt,portrait,portrait
Baroque,Rococo,0.8438467383384705,769,19924,rembrandt,Unknown Artist,portrait,portrait
Early_Renaissance,High_Renaissance,0.8361424207687378,26574,37503,Unknown Artist,Unknown Artist,religious_painting,portrait
Mannerism_Late_Renaissance,Baroque,0.8956263065338135,26204,41598,titian,Unknown Artist,portrait,portrait
High_Renaissance,Mannerism_Late_Renaissance,0.8582115769386292,22390,33605,Unknown Artist,Unknown Artist,religious_painting,religious_painting
Early_Renaissance,Mannerism_Late_Renaissance,0.894582986831665,62125,40169,Unknown Artist,Unknown Artist,sketch_and_study,religious_painting
Early_Renaissance,High_Renaissance,0.9341614842414856,55741,37410,fra-angelico,michelangelo,religious_painting,religious_painting
Early_Renaissance,Northern_Renaissance,0.8091495037078857,57075,69412,Unknown Artist,Unknown Artist,religious_painting,Unknown Genre
Northern_Renaissance,Rococo,0.8531452417373657,56613,76627,Unknown Artist,Unknown Artist,religious_painting,Unknown Genre
Early_Renaissance,High_Renaissance,0.8307822346687317,80535,21294,Unknown Artist,leonardo-da-vinci,Unknown Genre,sketch_and_study
Mannerism_Late_Renaissance,Rococo,0.8562071323394775,56667,30092,tintoretto,Unknown Artist,religious_painting,genre_painting
Northern_Renaissance,High_Renaissance,0.8500633835792542,69185,29260,Unknown Artist,Unknown Artist,Unknown Genre,religious_painting
Baroque,Rococo,0.8787801861763,24579,43325,anthony-van-dyck,thomas-gainsborough,portrait,portrait
Early_Renaissance,High_Renaissance,0.8785916566848755,39021,42450,Unknown Artist,Unknown Artist,religious_painting,religious_painting
High_Renaissance,Northern_Renaissance,0.8363919258117676,73047,29361,Unknown Artist,Unknown Artist,Unknown Genre,portrait
High_Renaissance,Mannerism_Late_Renaissance,0.7885304689407349,31768,26385,Unknown Artist,tintoretto,portrait,genre_painting
Northern_Renaissance,High_Renaissance,0.87306147813797,22975,55742,Unknown Artist,Unknown Artist,religious_painting,religious_painting
Early_Renaissance,Northern_Renaissance,0.8179171681404114,76608,68695,Unknown Artist,Unknown Artist,Unknown Genre,Unknown Genre
Mannerism_Late_Renaissance,Baroque,0.928979218006134,21963,23773,el-greco,Unknown Artist,religious_painting,religious_painting
Northern_Renaissance,High_Renaissance,0.9054443836212158,81106,79364,Unknown Artist,Unknown Artist,Unknown Genre,Unknown Genre
Northern_Renaissance,Baroque,0.7753273248672485,42753,21813,hans-memling,Unknown Artist,still_life,still_life
Northern_Renaissance,High_Renaissance,0.8356462717056274,65333,49235,lucas-cranach-the-elder,titian,portrait,portrait
Mannerism_Late_Renaissance,Baroque,0.8227458596229553,65133,52224,titian,frans-hals,portrait,portrait
Mannerism_Late_Renaissance,Baroque,0.9120675921440125,25980,37413,tintoretto,peter-paul-rubens,religious_painting,religious_painting
High_Renaissance,Baroque,0.8521865010261536,66218,55983,Unknown Artist,Unknown Artist,portrait,religious_painting
Baroque,Rococo,0.8696392178535461,71631,80099,Unknown Artist,Unknown Artist,Unknown Genre,Unknown Genre
High_Renaissance,Northern_Renaissance,0.8976755738258362,71899,68258,Unknown Artist,Unknown Artist,Unknown Genre,Unknown Genre
High_Renaissance,Northern_Renaissance,0.8720902800559998,62520,23083,michelangelo,hieronymus-bosch,sketch_and_study,sketch_and_study
High_Renaissance,Northern_Renaissance,0.9174122214317322,46466,37467,Unknown Artist,hans-memling,religious_painting,religious_painting
Northern_Renaissance,High_Renaissance,0.8934476971626282,81151,34153,Unknown Artist,raphael,Unknown Genre,religious_painting
High_Renaissance,Northern_Renaissance,0.8086827397346497,49871,10375,leonardo-da-vinci,albrecht-durer,sketch_and_study,sketch_and_study
Baroque,Rococo,0.8107552528381348,68496,39921,Unknown Artist,Unknown Artist,Unknown Genre,portrait
Early_Renaissance,High_Renaissance,0.8752619624137878,56967,70086,Unknown Artist,Unknown Artist,religious_painting,Unknown Genre
High_Renaissance,Mannerism_Late_Renaissance,0.8264355063438416,69135,56099,Unknown Artist,Unknown Artist,Unknown Genre,religious_painting
High_Renaissance,Mannerism_Late_Renaissance,0.871121883392334,37673,44651,raphael,tintoretto,religious_painting,religious_painting
High_Renaissance,Northern_Renaissance,0.8583887815475464,67884,18068,Unknown Artist,albrecht-durer,Unknown Genre,portrait
Northern_Renaissance,Mannerism_Late_Renaissance,0.8473200798034668,24834,47156,lucas-cranach-the-elder,Unknown Artist,portrait,portrait
Baroque,Rococo,0.8931969404220581,71631,24795,Unknown Artist,Unknown Artist,Unknown Genre,portrait
Early_Renaissance,High_Renaissance,0.891226053237915,38873,29057,Unknown Artist,leonardo-da-vinci,sketch_and_study,sketch_and_study
Early_Renaissance,High_Renaissance,0.8617913126945496,56777,55805,Unknown Artist,michelangelo,religious_painting,religious_painting
Northern_Renaissance,Baroque,0.8976845741271973,56380,68091,Unknown Artist,Unknown Artist,religious_painting,Unknown Genre
High_Renaissance,Mannerism_Late_Renaissance,0.9319772720336914,32849,19416,Unknown Artist,Unknown Artist,portrait,portrait
High_Renaissance,Northern_Renaissance,0.8830723166465759,31157,36878,pietro-perugino,hans-memling,religious_painting,portrait
High_Renaissance,Northern_Renaissance,0.8708772659301758,32216,3119,pietro-perugino,albrecht-durer,religious_painting,religious_painting
Early_Renaissance,Mannerism_Late_Renaissance,0.8730055689811707,70726,78469,Unknown Artist,Unknown Artist,Unknown Genre,Unknown Genre
Early_Renaissance,High_Renaissance,0.8720189332962036,29122,57562,Unknown Artist,michelangelo,religious_painting,nude_painting
High_Renaissance,Mannerism_Late_Renaissance,0.8856077790260315,37872,56565,raphael,paolo-veronese,religious_painting,religious_painting
Early_Renaissance,High_Renaissance,0.8709155321121216,39630,76529,pietro-perugino,Unknown Artist,religious_painting,Unknown Genre
Early_Renaissance,Baroque,0.8514138460159302,22041,55121,Unknown Artist,Unknown Artist,religious_painting,genre_painting
Early_Renaissance,Northern_Renaissance,0.8680486083030701,56525,56966,Unknown Artist,Unknown Artist,religious_painting,religious_painting
Baroque,Rococo,0.839678168296814,24879,63698,peter-paul-rubens,thomas-gainsborough,portrait,portrait
High_Renaissance,Mannerism_Late_Renaissance,0.844022274017334,46129,63731,Unknown Artist,Unknown Artist,portrait,portrait
Early_Renaissance,High_Renaissance,0.8080212473869324,71452,23891,Unknown Artist,leonardo-da-vinci,Unknown Genre,sketch_and_study
Northern_Renaissance,Baroque,0.7661486268043518,22723,65383,Unknown Artist,Unknown Artist,portrait,portrait
Early_Renaissance,High_Renaissance,0.8987565040588379,61990,56118,Unknown Artist,Unknown Artist,sketch_and_study,religious_painting
Early_Renaissance,Northern_Renaissance,0.8573455810546875,56407,10489,Unknown Artist,albrecht-durer,religious_painting,religious_painting
Early_Renaissance,Northern_Renaissance,0.8831852078437805,20835,36213,fra-angelico,Unknown Artist,religious_painting,religious_painting
Mannerism_Late_Renaissance,Rococo,0.8803326487541199,39923,75232,tintoretto,Unknown Artist,religious_painting,Unknown Genre
High_Renaissance,Baroque,0.829257607460022,37361,33947,Unknown Artist,Unknown Artist,religious_painting,genre_painting
Early_Renaissance,Mannerism_Late_Renaissance,0.8241156935691833,65679,76591,Unknown Artist,Unknown Artist,portrait,Unknown Genre
High_Renaissance,Northern_Renaissance,0.8500992059707642,79393,56441,Unknown Artist,hieronymus-bosch,Unknown Genre,religious_painting
Early_Renaissance,Northern_Renaissance,0.8732876777648926,49145,74630,Unknown Artist,Unknown Artist,religious_painting,Unknown Genre
Baroque,Rococo,0.8469942212104797,53731,27013,Unknown Artist,Unknown Artist,genre_painting,genre_painting
Early_Renaissance,High_Renaissance,0.8881238102912903,38287,46398,fra-angelico,raphael,religious_painting,religious_painting
Early_Renaissance,High_Renaissance,0.8960521817207336,50170,46509,Unknown Artist,raphael,sketch_and_study,sketch_and_study
High_Renaissance,Northern_Renaissance,0.8311483263969421,61949,4283,raphael,albrecht-durer,sketch_and_study,portrait
Northern_Renaissance,High_Renaissance,0.8600805401802063,5071,67884,albrecht-durer,Unknown Artist,portrait,Unknown Genre
Mannerism_Late_Renaissance,Rococo,0.7890254855155945,78478,55496,Unknown Artist,Unknown Artist,Unknown Genre,genre_painting
Early_Renaissance,High_Renaissance,0.896447479724884,19174,55937,Unknown Artist,raphael,religious_painting,religious_painting
Early_Renaissance,Northern_Renaissance,0.8951852917671204,27503,17988,leonardo-da-vinci,albrecht-durer,sketch_and_study,sketch_and_study
Early_Renaissance,High_Renaissance,0.8608831167221069,53068,56198,Unknown Artist,pietro-perugino,portrait,religious_painting
Northern_Renaissance,Baroque,0.8917461633682251,6436,10312,albrecht-durer,rembrandt,religious_painting,genre_painting
High_Renaissance,Mannerism_Late_Renaissance,0.8932801485061646,32241,47532,titian,tintoretto,religious_painting,religious_painting
Baroque,Rococo,0.8787500858306885,70422,68096,Unknown Artist,Unknown Artist,Unknown Genre,Unknown Genre
Baroque,Rococo,0.9048390984535217,74625,58083,Unknown Artist,Unknown Artist,Unknown Genre,cityscape
Northern_Renaissance,Mannerism_Late_Renaissance,0.9108043313026428,56539,56808,Unknown Artist,Unknown Artist,religious_painting,religious_painting
Mannerism_Late_Renaissance,Baroque,0.9104868769645691,56130,72256,tintoretto,Unknown Artist,religious_painting,Unknown Genre
High_Renaissance,Mannerism_Late_Renaissance,0.9311914443969727,34272,56704,Unknown Artist,paolo-veronese,religious_painting,religious_painting
Early_Renaissance,High_Renaissance,0.8678301572799683,22600,38056,fra-angelico,pietro-perugino,religious_painting,religious_painting
Baroque,Rococo,0.8753637671470642,42034,75978,Unknown Artist,Unknown Artist,genre_painting,Unknown Genre
Baroque,Rococo,0.8474653363227844,50068,31265,bartolome-esteban-murillo,Unknown Artist,religious_painting,portrait
Early_Renaissance,High_Renaissance,0.9263798594474792,20738,49140,Unknown Artist,Unknown Artist,religious_painting,religious_painting
Baroque,Rococo,0.854591429233551,62963,69664,joshua-reynolds,Unknown Artist,portrait,Unknown Genre
Baroque,Rococo,0.8916348218917847,56163,29028,Unknown Artist,Unknown Artist,religious_painting,genre_painting
Baroque,Rococo,0.8731697201728821,26544,66162,anthony-van-dyck,Unknown Artist,portrait,portrait
Northern_Renaissance,Baroque,0.7935295701026917,55241,53081,Unknown Artist,Unknown Artist,genre_painting,genre_painting
High_Renaissance,Mannerism_Late_Renaissance,0.9104784727096558,34153,55611,raphael,tintoretto,religious_painting,religious_painting
Baroque,Rococo,0.8701390624046326,53178,47977,Unknown Artist,Unknown Artist,genre_painting,genre_painting
Baroque,Rococo,0.8035200238227844,62963,65008,joshua-reynolds,thomas-gainsborough,portrait,portrait
Mannerism_Late_Renaissance,Baroque,0.8923051357269287,26658,50478,paolo-veronese,Unknown Artist,religious_painting,religious_painting
Northern_Renaissance,Rococo,0.843032956123352,69564,45814,Unknown Artist,Unknown Artist,Unknown Genre,genre_painting
High_Renaissance,Mannerism_Late_Renaissance,0.8674337267875671,55731,38273,titian,el-greco,religious_painting,religious_painting
High_Renaissance,Baroque,0.8755198121070862,28360,77047,titian,Unknown Artist,sketch_and_study,Unknown Genre
High_Renaissance,Mannerism_Late_Renaissance,0.8537952303886414,56401,41421,titian,Unknown Artist,religious_painting,religious_painting
Northern_Renaissance,Mannerism_Late_Renaissance,0.9145939946174622,30414,43871,Unknown Artist,el-greco,religious_painting,religious_painting
High_Renaissance,Mannerism_Late_Renaissance,0.7748550772666931,25260,51122,titian,Unknown Artist,portrait,portrait
High_Renaissance,Mannerism_Late_Renaissance,0.8540372252464294,31952,22851,Unknown Artist,el-greco,religious_painting,religious_painting
Baroque,Rococo,0.8209603428840637,23320,39887,joshua-reynolds,Unknown Artist,portrait,portrait
Northern_Renaissance,Mannerism_Late_Renaissance,0.871317982673645,22975,56465,Unknown Artist,el-greco,religious_painting,religious_painting
High_Renaissance,Mannerism_Late_Renaissance,0.8699790239334106,29260,68271,Unknown Artist,Unknown Artist,religious_painting,Unknown Genre
Northern_Renaissance,Mannerism_Late_Renaissance,0.852899432182312,56873,44777,Unknown Artist,el-greco,religious_painting,religious_painting
Northern_Renaissance,Baroque,0.8712615966796875,40328,5746,hieronymus-bosch,rembrandt,sketch_and_study,religious_painting
Northern_Renaissance,Baroque,0.8531106114387512,54121,76972,Unknown Artist,Unknown Artist,genre_painting,Unknown Genre
Baroque,Rococo,0.8335744738578796,63339,24978,Unknown Artist,Unknown Artist,portrait,portrait
High_Renaissance,Baroque,0.8829352259635925,74349,51074,Unknown Artist,Unknown Artist,Unknown Genre,landscape
High_Renaissance,Northern_Renaissance,0.8189794421195984,73214,4099,Unknown Artist,Unknown Artist,Unknown Genre,Unknown Genre
Early_Renaissance,Northern_Renaissance,0.8617435097694397,24719,65023,Unknown Artist,lucas-cranach-the-elder,portrait,portrait
Early_Renaissance,Northern_Renaissance,0.8851161003112793,25475,25713,leonardo-da-vinci,Unknown Artist,landscape,landscape
Baroque,Rococo,0.8552358746528625,64962,32426,Unknown Artist,Unknown Artist,portrait,portrait
Early_Renaissance,High_Renaissance,0.9126717448234558,51286,48304,Unknown Artist,pietro-perugino,religious_painting,religious_painting
Mannerism_Late_Renaissance,Baroque,0.8835387825965881,31106,55723,paolo-veronese,bartolome-esteban-murillo,religious_painting,religious_painting
High_Renaissance,Mannerism_Late_Renaissance,0.9055694937705994,34542,35687,raphael,tintoretto,religious_painting,religious_painting
High_Renaissance,Northern_Renaissance,0.897053062915802,56770,19345,Unknown Artist,Unknown Artist,religious_painting,religious_painting
Early_Renaissance,Northern_Renaissance,0.8692949414253235,35737,46416,Unknown Artist,Unknown Artist,portrait,portrait
Early_Renaissance,High_Renaissance,0.8463895916938782,20738,55793,Unknown Artist,pietro-perugino,religious_painting,religious_painting
Early_Renaissance,Northern_Renaissance,0.8215726613998413,62460,5673,Unknown Artist,Unknown Artist,sketch_and_study,Unknown Genre
Early_Renaissance,High_Renaissance,0.8899642825126648,27828,42453,Unknown Artist,Unknown Artist,religious_painting,religious_painting
Mannerism_Late_Renaissance,Baroque,0.942696213722229,49148,34651,paolo-veronese,Unknown Artist,religious_painting,religious_painting
Northern_Renaissance,Baroque,0.8319963812828064,23960,50193,Unknown Artist,Unknown Artist,genre_painting,genre_painting
High_Renaissance,Northern_Renaissance,0.864485502243042,36342,39501,Unknown Artist,lucas-cranach-the-elder,portrait,portrait
Northern_Renaissance,Baroque,0.8272720575332642,39702,24960,Unknown Artist,Unknown Artist,religious_painting,genre_painting
High_Renaissance,Mannerism_Late_Renaissance,0.9511151909828186,27927,63373,raphael,titian,portrait,portrait
Early_Renaissance,Northern_Renaissance,0.8264594078063965,27226,65845,pietro-perugino,Unknown Artist,religious_painting,portrait
Northern_Renaissance,Baroque,0.7695531845092773,34684,54699,hieronymus-bosch,Unknown Artist,religious_painting,genre_painting
High_Renaissance,Baroque,0.8896324038505554,35390,74890,raphael,Unknown Artist,religious_painting,Unknown Genre
High_Renaissance,Northern_Renaissance,0.8345901370048523,48225,2879,raphael,albrecht-durer,sketch_and_study,portrait
Northern_Renaissance,Baroque,0.7807224988937378,30167,40102,Unknown Artist,Unknown Artist,genre_painting,genre_painting
Northern_Renaissance,High_Renaissance,0.8532158732414246,12232,31517,albrecht-durer,Unknown Artist,nude_painting,sketch_and_study
High_Renaissance,Mannerism_Late_Renaissance,0.8874709010124207,20022,45962,titian,Unknown Artist,religious_painting,religious_painting
Early_Renaissance,Baroque,0.7696489691734314,39895,26335,Unknown Artist,Unknown Artist,religious_painting,portrait
Northern_Renaissance,High_Renaissance,0.9229010343551636,17994,62520,albrecht-durer,michelangelo,sketch_and_study,sketch_and_study
High_Renaissance,Baroque,0.866764485836029,71489,47706,Unknown Artist,Unknown Artist,Unknown Genre,genre_painting
Mannerism_Late_Renaissance,Rococo,0.8809472322463989,38062,73326,tintoretto,Unknown Artist,religious_painting,Unknown Genre
Northern_Renaissance,Baroque,0.8683131337165833,22962,3902,Unknown Artist,rembrandt,religious_painting,landscape
Early_Renaissance,High_Renaissance,0.9009427428245544,62237,62084,leonardo-da-vinci,leonardo-da-vinci,sketch_and_study,sketch_and_study
Northern_Renaissance,Mannerism_Late_Renaissance,0.8237411379814148,74084,65713,Unknown Artist,Unknown Artist,Unknown Genre,portrait
Mannerism_Late_Renaissance,Rococo,0.8767812252044678,63378,25143,Unknown Artist,Unknown Artist,portrait,portrait
Early_Renaissance,High_Renaissance,0.8719616532325745,29983,44596,Unknown Artist,Unknown Artist,portrait,portrait
Early_Renaissance,High_Renaissance,0.8552632331848145,32292,48685,Unknown Artist,Unknown Artist,religious_painting,religious_painting
Early_Renaissance,High_Renaissance,0.8421028256416321,19614,44161,pietro-perugino,titian,religious_painting,religious_painting
High_Renaissance,Northern_Renaissance,0.8364551067352295,48225,2807,raphael,albrecht-durer,sketch_and_study,portrait
Baroque,Rococo,0.8528748154640198,62974,64650,Unknown Artist,joshua-reynolds,portrait,portrait
Early_Renaissance,High_Renaissance,0.8721245527267456,39630,76124,pietro-perugino,Unknown Artist,religious_painting,Unknown Genre
Baroque,Rococo,0.8882820010185242,71631,45784,Unknown Artist,thomas-gainsborough,Unknown Genre,portrait
Northern_Renaissance,High_Renaissance,0.8975341320037842,10581,29295,albrecht-durer,leonardo-da-vinci,sketch_and_study,sketch_and_study
Early_Renaissance,Mannerism_Late_Renaissance,0.9373059868812561,34865,65763,Unknown Artist,Unknown Artist,portrait,portrait
Baroque,Rococo,0.8286648392677307,64594,40901,Unknown Artist,Unknown Artist,portrait,portrait
Baroque,Rococo,0.907490074634552,45453,40970,Unknown Artist,Unknown Artist,religious_painting,religious_painting
Northern_Renaissance,High_Renaissance,0.8623007535934448,56826,41238,Unknown Artist,Unknown Artist,religious_painting,religious_painting
High_Renaissance,Northern_Renaissance,0.9124310612678528,37805,18116,Unknown Artist,albrecht-durer,religious_painting,religious_painting
Early_Renaissance,High_Renaissance,0.8355713486671448,52748,46838,leonardo-da-vinci,leonardo-da-vinci,sketch_and_study,religious_painting
High_Renaissance,Northern_Renaissance,0.855230450630188,22847,18047,leonardo-da-vinci,Unknown Artist,sketch_and_study,Unknown Genre
Baroque,Rococo,0.91050785779953,40740,46655,Unknown Artist,thomas-gainsborough,landscape,landscape
Early_Renaissance,High_Renaissance,0.8874791264533997,28610,45631,Unknown Artist,Unknown Artist,religious_painting,religious_painting
High_Renaissance,Mannerism_Late_Renaissance,0.8866649270057678,46629,63751,titian,titian,portrait,portrait
High_Renaissance,Mannerism_Late_Renaissance,0.8720962405204773,56673,49458,michelangelo,tintoretto,religious_painting,religious_painting
Northern_Renaissance,Mannerism_Late_Renaissance,0.9007924199104309,44218,36642,Unknown Artist,paolo-veronese,religious_painting,religious_painting
Northern_Renaissance,Baroque,0.8618833422660828,68269,78758,Unknown Artist,Unknown Artist,Unknown Genre,Unknown Genre
Northern_Renaissance,Rococo,0.9192008376121521,81123,70499,Unknown Artist,Unknown Artist,Unknown Genre,Unknown Genre
Mannerism_Late_Renaissance,Baroque,0.8605561852455139,65336,37769,titian,Unknown Artist,portrait,portrait
Northern_Renaissance,Baroque,0.8308300971984863,1703,11503,albrecht-durer,rembrandt,portrait,Unknown Genre
Early_Renaissance,High_Renaissance,0.9450742602348328,25309,55792,Unknown Artist,Unknown Artist,religious_painting,religious_painting
Northern_Renaissance,High_Renaissance,0.8224186897277832,24940,46629,lucas-cranach-the-elder,titian,portrait,portrait
High_Renaissance,Mannerism_Late_Renaissance,0.8312126994132996,55731,64084,titian,tintoretto,religious_painting,portrait
High_Renaissance,Baroque,0.8852297067642212,38990,49452,titian,Unknown Artist,religious_painting,religious_painting
Early_Renaissance,Northern_Renaissance,0.8425643444061279,57083,81105,Unknown Artist,Unknown Artist,religious_painting,Unknown Genre
Baroque,Rococo,0.8248924612998962,62974,49923,Unknown Artist,thomas-gainsborough,portrait,portrait
Baroque,Rococo,0.8493684530258179,52224,28899,frans-hals,Unknown Artist,portrait,portrait
Early_Renaissance,Mannerism_Late_Renaissance,0.8749833703041077,56372,41670,pietro-perugino,el-greco,religious_painting,religious_painting
Early_Renaissance,Northern_Renaissance,0.8959358930587769,37430,44829,Unknown Artist,Unknown Artist,religious_painting,religious_painting
Baroque,Rococo,0.8727028369903564,20685,30259,peter-paul-rubens,Unknown Artist,portrait,portrait
Early_Renaissance,High_Renaissance,0.811547577381134,55638,47849,Unknown Artist,raphael,religious_painting,religious_painting
Mannerism_Late_Renaissance,Rococo,0.8702795505523682,71877,73023,Unknown Artist,Unknown Artist,Unknown Genre,Unknown Genre
Northern_Renaissance,High_Renaissance,0.9124310612678528,18116,37805,albrecht-durer,Unknown Artist,religious_painting,religious_painting
Baroque,Rococo,0.7898945212364197,64962,64570,Unknown Artist,Unknown Artist,portrait,portrait
Early_Renaissance,Northern_Renaissance,0.8476783037185669,47711,21734,fra-angelico,hans-memling,religious_painting,religious_painting
Early_Renaissance,High_Renaissance,0.8629399538040161,52327,73636,Unknown Artist,Unknown Artist,religious_painting,Unknown Genre
Mannerism_Late_Renaissance,Baroque,0.8279356956481934,20952,33903,paolo-veronese,Unknown Artist,religious_painting,genre_painting
High_Renaissance,Northern_Renaissance,0.8654770851135254,32216,20871,pietro-perugino,lucas-cranach-the-elder,religious_painting,religious_painting
Early_Renaissance,Northern_Renaissance,0.8261128067970276,29660,10901,Unknown Artist,albrecht-durer,sketch_and_study,sketch_and_study
Early_Renaissance,Northern_Renaissance,0.8392702341079712,38131,38282,fra-angelico,hieronymus-bosch,religious_painting,religious_painting
High_Renaissance,Northern_Renaissance,0.8729591369628906,69294,18194,Unknown Artist,albrecht-durer,Unknown Genre,genre_painting
High_Renaissance,Mannerism_Late_Renaissance,0.8630650043487549,23425,43197,Unknown Artist,Unknown Artist,portrait,portrait
Mannerism_Late_Renaissance,Baroque,0.8059854507446289,65985,39541,titian,anthony-van-dyck,portrait,portrait
Early_Renaissance,High_Renaissance,0.8679138422012329,56410,55746,Unknown Artist,pietro-perugino,religious_painting,religious_painting
High_Renaissance,Mannerism_Late_Renaissance,0.9005494713783264,36811,27617,pietro-perugino,titian,religious_painting,religious_painting
High_Renaissance,Mannerism_Late_Renaissance,0.8833487629890442,26409,74953,Unknown Artist,Unknown Artist,religious_painting,Unknown Genre
Mannerism_Late_Renaissance,Baroque,0.9051330089569092,57044,5389,tintoretto,rembrandt,religious_painting,religious_painting
High_Renaissance,Northern_Renaissance,0.9028462171554565,62079,18147,michelangelo,albrecht-durer,sketch_and_study,nude_painting
Mannerism_Late_Renaissance,Baroque,0.8546110391616821,62523,17782,Unknown Artist,rembrandt,sketch_and_study,Unknown Genre
Mannerism_Late_Renaissance,Baroque,0.8555512428283691,28772,28250,titian,Unknown Artist,portrait,portrait
Mannerism_Late_Renaissance,Baroque,0.8414402604103088,40469,65290,tintoretto,anthony-van-dyck,religious_painting,portrait
Early_Renaissance,High_Renaissance,0.9086454510688782,56834,30163,Unknown Artist,Unknown Artist,religious_painting,religious_painting
High_Renaissance,Northern_Renaissance,0.8526727557182312,62413,13171,raphael,albrecht-durer,sketch_and_study,religious_painting
Baroque,Rococo,0.8468487858772278,62963,42534,joshua-reynolds,Unknown Artist,portrait,portrait
Northern_Renaissance,Mannerism_Late_Renaissance,0.8561218976974487,56873,23481,Unknown Artist,el-greco,religious_painting,religious_painting
Early_Renaissance,Northern_Renaissance,0.8448660969734192,40051,56854,Unknown Artist,hieronymus-bosch,religious_painting,religious_painting
Early_Renaissance,Northern_Renaissance,0.9244626760482788,19103,55811,fra-angelico,Unknown Artist,religious_painting,religious_painting
High_Renaissance,Mannerism_Late_Renaissance,0.8842759728431702,43505,78526,Unknown Artist,Unknown Artist,religious_painting,Unknown Genre
Early_Renaissance,Mannerism_Late_Renaissance,0.8343729376792908,29648,45029,Unknown Artist,el-greco,landscape,cityscape
Northern_Renaissance,Mannerism_Late_Renaissance,0.8645951747894287,29749,22943,Unknown Artist,titian,religious_painting,religious_painting
Early_Renaissance,High_Renaissance,0.8920977115631104,56780,38068,Unknown Artist,Unknown Artist,religious_painting,religious_painting
High_Renaissance,Mannerism_Late_Renaissance,0.917374312877655,31767,19474,raphael,tintoretto,religious_painting,religious_painting
Early_Renaissance,Northern_Renaissance,0.9114885330200195,56451,47158,Unknown Artist,Unknown Artist,religious_painting,religious_painting
High_Renaissance,Northern_Renaissance,0.8467698693275452,49965,20288,Unknown Artist,hans-holbein-the-younger,portrait,portrait
Baroque,Rococo,0.8512989282608032,61028,20108,Unknown Artist,Unknown Artist,landscape,genre_painting
Early_Renaissance,Northern_Renaissance,0.8100978136062622,29648,7589,Unknown Artist,albrecht-durer,landscape,landscape
High_Renaissance,Northern_Renaissance,0.7703705430030823,26650,28048,titian,lucas-cranach-the-elder,portrait,portrait
Baroque,Rococo,0.81764155626297,5432,64872,rembrandt,joshua-reynolds,portrait,portrait
Early_Renaissance,High_Renaissance,0.9039609432220459,56797,56069,Unknown Artist,Unknown Artist,religious_painting,religious_painting
Mannerism_Late_Renaissance,Baroque,0.769808828830719,31781,71885,el-greco,Unknown Artist,religious_painting,Unknown Genre
Early_Renaissance,Northern_Renaissance,0.8646886348724365,38287,57135,fra-angelico,hans-memling,religious_painting,religious_painting
High_Renaissance,Mannerism_Late_Renaissance,0.8882176876068115,25211,56036,Unknown Artist,el-greco,religious_painting,religious_painting
Baroque,Rococo,0.8954069018363953,27755,59905,Unknown Artist,thomas-gainsborough,landscape,landscape
Northern_Renaissance,Mannerism_Late_Renaissance,0.8229529857635498,34492,47618,Unknown Artist,el-greco,religious_painting,portrait
Early_Renaissance,Northern_Renaissance,0.9271757006645203,24725,56668,Unknown Artist,Unknown Artist,religious_painting,religious_painting
Baroque,Rococo,0.8592678308486938,64372,43931,Unknown Artist,joshua-reynolds,portrait,portrait
Northern_Renaissance,High_Renaissance,0.8191969990730286,56011,70202,hieronymus-bosch,Unknown Artist,religious_painting,Unknown Genre
High_Renaissance,Mannerism_Late_Renaissance,0.8891950249671936,20501,56366,Unknown Artist,Unknown Artist,religious_painting,religious_painting
Northern_Renaissance,Baroque,0.8009991645812988,65245,30629,hans-holbein-the-younger,frans-hals,portrait,portrait
High_Renaissance,Mannerism_Late_Renaissance,0.8345937132835388,33433,47724,titian,paolo-veronese,portrait,portrait
High_Renaissance,Baroque,0.828097403049469,35573,63539,titian,Unknown Artist,portrait,portrait
Baroque,Rococo,0.8734807968139648,58969,80089,Unknown Artist,Unknown Artist,landscape,Unknown Genre
Early_Renaissance,High_Renaissance,0.9090850353240967,25963,45237,Unknown Artist,Unknown Artist,religious_painting,religious_painting
Northern_Renaissance,Baroque,0.863616406917572,2501,17578,Unknown Artist,rembrandt,Unknown Genre,genre_painting
Early_Renaissance,High_Renaissance,0.8806829452514648,19614,46993,pietro-perugino,Unknown Artist,religious_painting,religious_painting
High_Renaissance,Mannerism_Late_Renaissance,0.8490366339683533,38892,22791,Unknown Artist,titian,portrait,portrait
Northern_Renaissance,Baroque,0.7807224988937378,30167,51412,Unknown Artist,Unknown Artist,genre_painting,still_life
Baroque,Rococo,0.7977388501167297,62963,46778,joshua-reynolds,Unknown Artist,portrait,portrait
Baroque,Rococo,0.8417988419532776,71911,72601,Unknown Artist,Unknown Artist,Unknown Genre,Unknown Genre
Baroque,Rococo,0.7913250923156738,23320,50070,joshua-reynolds,Unknown Artist,portrait,portrait
Early_Renaissance,Rococo,0.8153303265571594,62481,71069,Unknown Artist,Unknown Artist,sketch_and_study,Unknown Genre
High_Renaissance,Baroque,0.8445616960525513,51589,9085,Unknown Artist,rembrandt,religious_painting,religious_painting
Northern_Renaissance,Mannerism_Late_Renaissance,0.9101670980453491,49358,29795,Unknown Artist,tintoretto,religious_painting,religious_painting
High_Renaissance,Mannerism_Late_Renaissance,0.8226542472839355,46415,45898,titian,Unknown Artist,portrait,portrait
High_Renaissance,Mannerism_Late_Renaissance,0.8564392328262329,36811,29982,pietro-perugino,el-greco,religious_painting,religious_painting
Early_Renaissance,Mannerism_Late_Renaissance,0.9047026634216309,25482,46959,pietro-perugino,el-greco,religious_painting,religious_painting
High_Renaissance,Mannerism_Late_Renaissance,0.8234682083129883,56968,25935,titian,tintoretto,religious_painting,religious_painting
Early_Renaissance,Northern_Renaissance,0.8675857782363892,52748,6879,leonardo-da-vinci,albrecht-durer,sketch_and_study,sketch_and_study
Baroque,Rococo,0.8403658270835876,62963,46824,joshua-reynolds,Unknown Artist,portrait,portrait
Early_Renaissance,High_Renaissance,0.8585208058357239,26869,56924,Unknown Artist,pietro-perugino,religious_painting,religious_painting
Northern_Renaissance,Mannerism_Late_Renaissance,0.8115639090538025,8517,22835,albrecht-durer,tintoretto,religious_painting,religious_painting
Early_Renaissance,High_Renaissance,0.8701812028884888,28744,70273,Unknown Artist,Unknown Artist,religious_painting,Unknown Genre
High_Renaissance,Northern_Renaissance,0.9229010343551636,62520,17994,michelangelo,albrecht-durer,sketch_and_study,sketch_and_study
Early_Renaissance,High_Renaissance,0.9376396536827087,68566,79355,Unknown Artist,Unknown Artist,Unknown Genre,Unknown Genre
Early_Renaissance,High_Renaissance,0.8845993280410767,40412,49513,Unknown Artist,Unknown Artist,religious_painting,religious_painting
Early_Renaissance,Northern_Renaissance,0.8566058874130249,19614,68021,pietro-perugino,Unknown Artist,religious_painting,Unknown Genre
Early_Renaissance,High_Renaissance,0.8130114078521729,66265,66012,pietro-perugino,Unknown Artist,portrait,portrait
Early_Renaissance,Baroque,0.887242317199707,56326,42837,pietro-perugino,Unknown Artist,religious_painting,religious_painting
Early_Renaissance,Northern_Renaissance,0.9001750349998474,36364,21042,Unknown Artist,Unknown Artist,religious_painting,religious_painting
Northern_Renaissance,High_Renaissance,0.8871474266052246,72904,40419,Unknown Artist,michelangelo,Unknown Genre,religious_painting
High_Renaissance,Northern_Renaissance,0.8540504574775696,28164,23155,Unknown Artist,hans-holbein-the-younger,portrait,portrait
High_Renaissance,Mannerism_Late_Renaissance,0.9135394096374512,70624,20033,Unknown Artist,paolo-veronese,Unknown Genre,religious_painting
Early_Renaissance,Northern_Renaissance,0.8226978778839111,38878,65995,pietro-perugino,lucas-cranach-the-elder,religious_painting,portrait
Baroque,Rococo,0.8629397749900818,21813,38176,Unknown Artist,Unknown Artist,still_life,still_life
Northern_Renaissance,Mannerism_Late_Renaissance,0.8651175498962402,3783,35467,albrecht-durer,titian,portrait,portrait
High_Renaissance,Mannerism_Late_Renaissance,0.9135394096374512,70624,29310,Unknown Artist,paolo-veronese,Unknown Genre,religious_painting
Northern_Renaissance,Mannerism_Late_Renaissance,0.8901872634887695,21701,55698,Unknown Artist,titian,religious_painting,religious_painting
Northern_Renaissance,High_Renaissance,0.850640058517456,10070,33881,albrecht-durer,leonardo-da-vinci,portrait,sketch_and_study
Baroque,Rococo,0.9000364542007446,71631,23093,Unknown Artist,Unknown Artist,Unknown Genre,portrait
Baroque,Rococo,0.8373491764068604,53691,55091,Unknown Artist,Unknown Artist,genre_painting,genre_painting
High_Renaissance,Mannerism_Late_Renaissance,0.8796748518943787,29266,32276,Unknown Artist,Unknown Artist,religious_painting,religious_painting
High_Renaissance,Mannerism_Late_Renaissance,0.8621308207511902,52918,40121,Unknown Artist,tintoretto,religious_painting,religious_painting
Early_Renaissance,Mannerism_Late_Renaissance,0.8765929937362671,56382,70635,Unknown Artist,Unknown Artist,religious_painting,Unknown Genre
Northern_Renaissance,High_Renaissance,0.8690482974052429,69797,19366,Unknown Artist,michelangelo,Unknown Genre,nude_painting
Early_Renaissance,High_Renaissance,0.8576561808586121,30562,24394,leonardo-da-vinci,leonardo-da-vinci,sketch_and_study,sketch_and_study
Early_Renaissance,High_Renaissance,0.9184637665748596,23386,48378,fra-angelico,Unknown Artist,religious_painting,portrait
Early_Renaissance,Mannerism_Late_Renaissance,0.9045695662498474,55869,19173,Unknown Artist,Unknown Artist,religious_painting,religious_painting
Early_Renaissance,Northern_Renaissance,0.8483462929725647,44742,11718,Unknown Artist,Unknown Artist,religious_painting,Unknown Genre
Early_Renaissance,High_Renaissance,0.8882142305374146,40864,38923,Unknown Artist,Unknown Artist,religious_painting,religious_painting
Northern_Renaissance,Baroque,0.8777203559875488,22975,3422,Unknown Artist,rembrandt,religious_painting,religious_painting
High_Renaissance,Baroque,0.8365205526351929,49235,64962,titian,Unknown Artist,portrait,portrait
Northern_Renaissance,Baroque,0.8880903720855713,18007,28739,albrecht-durer,Unknown Artist,religious_painting,religious_painting
High_Renaissance,Mannerism_Late_Renaissance,0.9080797433853149,56839,55787,Unknown Artist,paolo-veronese,religious_painting,religious_painting
High_Renaissance,Mannerism_Late_Renaissance,0.9093289375305176,31767,55942,raphael,paolo-veronese,religious_painting,religious_painting
Northern_Renaissance,Baroque,0.7733259797096252,43387,33058,hieronymus-bosch,Unknown Artist,religious_painting,portrait
High_Renaissance,Mannerism_Late_Renaissance,0.8521589636802673,55731,32662,titian,el-greco,religious_painting,religious_painting
Mannerism_Late_Renaissance,Baroque,0.9171701669692993,56674,56746,el-greco,Unknown Artist,religious_painting,religious_painting
High_Renaissance,Baroque,0.7457818984985352,25260,68870,titian,Unknown Artist,portrait,Unknown Genre
Baroque,Rococo,0.8624311089515686,70402,67970,Unknown Artist,Unknown Artist,Unknown Genre,Unknown Genre
Baroque,Rococo,0.881686806678772,20631,55081,Unknown Artist,Unknown Artist,genre_painting,genre_painting
Early_Renaissance,High_Renaissance,0.8378726840019226,25758,55768,Unknown Artist,raphael,religious_painting,religious_painting
Early_Renaissance,Rococo,0.9062398672103882,27503,50775,leonardo-da-vinci,thomas-gainsborough,sketch_and_study,sketch_and_study
Baroque,Rococo,0.8948296904563904,59762,51940,Unknown Artist,thomas-gainsborough,landscape,landscape
High_Renaissance,Mannerism_Late_Renaissance,0.8874614834785461,31952,56563,Unknown Artist,tintoretto,religious_painting,religious_painting
High_Renaissance,Northern_Renaissance,0.887258768081665,31934,12660,raphael,albrecht-durer,portrait,portrait
Mannerism_Late_Renaissance,Baroque,0.8681870698928833,71191,39633,Unknown Artist,anthony-van-dyck,Unknown Genre,portrait
Baroque,Rococo,0.8635960817337036,31729,71764,Unknown Artist,Unknown Artist,landscape,Unknown Genre
Baroque,Rococo,0.894126296043396,78752,73880,Unknown Artist,Unknown Artist,Unknown Genre,Unknown Genre
Early_Renaissance,Northern_Renaissance,0.8899612426757812,53035,28045,pietro-perugino,hans-memling,religious_painting,religious_painting
Early_Renaissance,Northern_Renaissance,0.8798865675926208,56737,9702,Unknown Artist,albrecht-durer,religious_painting,religious_painting
Early_Renaissance,Mannerism_Late_Renaissance,0.9020495414733887,29403,55719,Unknown Artist,Unknown Artist,religious_painting,religious_painting
High_Renaissance,Northern_Renaissance,0.8512839674949646,31952,3880,Unknown Artist,albrecht-durer,religious_painting,religious_painting
Early_Renaissance,High_Renaissance,0.8595531582832336,36632,40460,Unknown Artist,Unknown Artist,religious_painting,religious_painting
High_Renaissance,Rococo,0.8311159610748291,66218,53663,Unknown Artist,Unknown Artist,portrait,genre_painting
High_Renaissance,Northern_Renaissance,0.8595677018165588,25311,27914,Unknown Artist,Unknown Artist,religious_painting,religious_painting
Early_Renaissance,High_Renaissance,0.8589072823524475,28610,51556,Unknown Artist,Unknown Artist,religious_painting,religious_painting
Northern_Renaissance,Mannerism_Late_Renaissance,0.8458031415939331,65796,20392,Unknown Artist,Unknown Artist,portrait,portrait
Early_Renaissance,Mannerism_Late_Renaissance,0.8766474723815918,44769,32156,Unknown Artist,tintoretto,religious_painting,religious_painting
Mannerism_Late_Renaissance,Baroque,0.8815248608589172,56130,78639,tintoretto,Unknown Artist,religious_painting,Unknown Genre
Mannerism_Late_Renaissance,Baroque,0.8164095282554626,40505,70402,Unknown Artist,Unknown Artist,portrait,Unknown Genre
Baroque,Rococo,0.7841470241546631,51074,37210,Unknown Artist,thomas-gainsborough,landscape,portrait
Baroque,Rococo,0.7932789921760559,64686,26232,Unknown Artist,Unknown Artist,portrait,portrait
Early_Renaissance,Northern_Renaissance,0.8438084721565247,76608,70203,Unknown Artist,Unknown Artist,Unknown Genre,Unknown Genre
Early_Renaissance,Mannerism_Late_Renaissance,0.8609110116958618,56665,31653,Unknown Artist,tintoretto,religious_painting,religious_painting
High_Renaissance,Mannerism_Late_Renaissance,0.779884397983551,37673,78529,raphael,Unknown Artist,religious_painting,Unknown Genre
Early_Renaissance,Northern_Renaissance,0.8648632168769836,57083,52993,Unknown Artist,hans-memling,religious_painting,religious_painting
High_Renaissance,Mannerism_Late_Renaissance,0.8782389760017395,71698,68727,Unknown Artist,Unknown Artist,Unknown Genre,Unknown Genre
Early_Renaissance,Northern_Renaissance,0.8256015181541443,36978,37828,fra-angelico,Unknown Artist,religious_painting,religious_painting
Early_Renaissance,Northern_Renaissance,0.8900285959243774,50544,26378,fra-angelico,hans-memling,religious_painting,religious_painting
Baroque,Rococo,0.8670364022254944,42304,72001,peter-paul-rubens,Unknown Artist,religious_painting,Unknown Genre
Early_Renaissance,Northern_Renaissance,0.9342485666275024,51425,31571,pietro-perugino,Unknown Artist,religious_painting,religious_painting
Northern_Renaissance,Baroque,0.867078959941864,2798,1830,albrecht-durer,rembrandt,sketch_and_study,sketch_and_study
Early_Renaissance,High_Renaissance,0.906351625919342,30666,56562,Unknown Artist,Unknown Artist,religious_painting,religious_painting
Early_Renaissance,Mannerism_Late_Renaissance,0.848890483379364,28744,46712,Unknown Artist,Unknown Artist,religious_painting,religious_painting
Baroque,Rococo,0.9040303826332092,78691,75399,Unknown Artist,Unknown Artist,Unknown Genre,Unknown Genre
High_Renaissance,Northern_Renaissance,0.8410115838050842,48080,18183,Unknown Artist,albrecht-durer,religious_painting,sketch_and_study
Early_Renaissance,Northern_Renaissance,0.853767454624176,20738,23198,Unknown Artist,hans-memling,religious_painting,religious_painting
High_Renaissance,Baroque,0.9004655480384827,23117,70473,titian,Unknown Artist,religious_painting,Unknown Genre
Early_Renaissance,High_Renaissance,0.860168993473053,80535,62162,Unknown Artist,leonardo-da-vinci,Unknown Genre,sketch_and_study
Northern_Renaissance,Baroque,0.8978596925735474,4581,4651,albrecht-durer,rembrandt,sketch_and_study,sketch_and_study
Early_Renaissance,Northern_Renaissance,0.9138960838317871,28814,57000,fra-angelico,Unknown Artist,religious_painting,religious_painting
Northern_Renaissance,Baroque,0.8757476806640625,18131,26604,albrecht-durer,Unknown Artist,religious_painting,religious_painting
High_Renaissance,Northern_Renaissance,0.7830926179885864,44304,11178,Unknown Artist,Unknown Artist,still_life,Unknown Genre
High_Renaissance,Mannerism_Late_Renaissance,0.8832794427871704,54961,57034,titian,Unknown Artist,genre_painting,religious_painting
High_Renaissance,Rococo,0.8490621447563171,37000,21355,Unknown Artist,Unknown Artist,portrait,sketch_and_study
Northern_Renaissance,High_Renaissance,0.8854680061340332,17982,62550,albrecht-durer,michelangelo,religious_painting,sketch_and_study
Northern_Renaissance,Baroque,0.8077510595321655,39702,37943,Unknown Artist,Unknown Artist,religious_painting,genre_painting
Baroque,Rococo,0.797713041305542,39541,65562,anthony-van-dyck,thomas-gainsborough,portrait,portrait
Northern_Renaissance,High_Renaissance,0.8885087966918945,28659,47767,Unknown Artist,raphael,religious_painting,religious_painting
Baroque,Rococo,0.7958306670188904,65060,50241,anthony-van-dyck,thomas-gainsborough,portrait,portrait
Early_Renaissance,Northern_Renaissance,0.8230517506599426,30562,13128,leonardo-da-vinci,albrecht-durer,sketch_and_study,sketch_and_study
Early_Renaissance,Northern_Renaissance,0.8937526941299438,25221,18012,Unknown Artist,albrecht-durer,portrait,portrait
Mannerism_Late_Renaissance,Rococo,0.8961005210876465,73250,75350,Unknown Artist,Unknown Artist,Unknown Genre,Unknown Genre
High_Renaissance,Mannerism_Late_Renaissance,0.9048666954040527,31767,56702,raphael,titian,religious_painting,religious_painting
High_Renaissance,Northern_Renaissance,0.8581124544143677,22847,1310,leonardo-da-vinci,albrecht-durer,sketch_and_study,religious_painting
Northern_Renaissance,Mannerism_Late_Renaissance,0.8601046204566956,27395,41303,Unknown Artist,Unknown Artist,religious_painting,religious_painting
Early_Renaissance,Northern_Renaissance,0.8597922921180725,45383,7346,Unknown Artist,albrecht-durer,sketch_and_study,nude_painting
Early_Renaissance,High_Renaissance,0.884522557258606,19052,32857,leonardo-da-vinci,leonardo-da-vinci,sketch_and_study,sketch_and_study
Mannerism_Late_Renaissance,Baroque,0.8136503100395203,30927,62974,titian,Unknown Artist,portrait,portrait
Northern_Renaissance,High_Renaissance,0.8464979529380798,18012,66261,albrecht-durer,raphael,portrait,portrait
Baroque,Rococo,0.9112868309020996,71631,66283,Unknown Artist,Unknown Artist,Unknown Genre,portrait
Baroque,Rococo,0.8717963099479675,769,45370,rembrandt,Unknown Artist,portrait,portrait
High_Renaissance,Northern_Renaissance,0.8751792907714844,35102,34382,Unknown Artist,lucas-cranach-the-elder,portrait,portrait
Mannerism_Late_Renaissance,Baroque,0.8809520602226257,52226,55850,paolo-veronese,peter-paul-rubens,religious_painting,religious_painting
High_Renaissance,Northern_Renaissance,0.8769802451133728,34489,56540,raphael,hieronymus-bosch,religious_painting,religious_painting
High_Renaissance,Mannerism_Late_Renaissance,0.8746851682662964,26976,56243,Unknown Artist,Unknown Artist,religious_painting,religious_painting
Northern_Renaissance,Baroque,0.8592870235443115,3203,39944,albrecht-durer,bartolome-esteban-murillo,religious_painting,religious_painting
Northern_Renaissance,High_Renaissance,0.9047136902809143,18176,64756,albrecht-durer,Unknown Artist,portrait,portrait
High_Renaissance,Baroque,0.7750012278556824,46547,51888,Unknown Artist,Unknown Artist,portrait,portrait
Early_Renaissance,Northern_Renaissance,0.8746276497840881,20632,18007,Unknown Artist,albrecht-durer,sketch_and_study,religious_painting
Northern_Renaissance,High_Renaissance,0.8978559970855713,11094,76073,albrecht-durer,Unknown Artist,sketch_and_study,Unknown Genre
Northern_Renaissance,High_Renaissance,0.8723229169845581,8805,49115,albrecht-durer,michelangelo,nude_painting,nude_painting
High_Renaissance,Northern_Renaissance,0.8674851059913635,50628,65502,Unknown Artist,Unknown Artist,religious_painting,portrait
Mannerism_Late_Renaissance,Baroque,0.882672131061554,22626,22868,el-greco,Unknown Artist,religious_painting,religious_painting
Early_Renaissance,High_Renaissance,0.8866422772407532,55869,56136,Unknown Artist,Unknown Artist,religious_painting,religious_painting
Northern_Renaissance,High_Renaissance,0.8475320935249329,10124,33254,albrecht-durer,leonardo-da-vinci,religious_painting,religious_painting
High_Renaissance,Mannerism_Late_Renaissance,0.826779305934906,56249,29828,Unknown Artist,Unknown Artist,religious_painting,religious_painting
Northern_Renaissance,High_Renaissance,0.8490262031555176,72904,68738,Unknown Artist,Unknown Artist,Unknown Genre,Unknown Genre
Baroque,Rococo,0.8875173330307007,70422,73646,Unknown Artist,Unknown Artist,Unknown Genre,Unknown Genre
Early_Renaissance,Northern_Renaissance,0.9437372088432312,56355,56828,Unknown Artist,hans-memling,religious_painting,religious_painting
High_Renaissance,Northern_Renaissance,0.8991289734840393,27867,726,leonardo-da-vinci,albrecht-durer,portrait,religious_painting
Early_Renaissance,High_Renaissance,0.9030736684799194,43742,55733,Unknown Artist,michelangelo,religious_painting,religious_painting
Mannerism_Late_Renaissance,Rococo,0.9157686829566956,78462,69505,Unknown Artist,Unknown Artist,Unknown Genre,Unknown Genre
Northern_Renaissance,High_Renaissance,0.8607580661773682,56458,25449,Unknown Artist,Unknown Artist,religious_painting,religious_painting
High_Renaissance,Northern_Renaissance,0.8892754912376404,49223,49910,Unknown Artist,hans-holbein-the-younger,portrait,portrait
High_Renaissance,Northern_Renaissance,0.8419859409332275,69384,4999,Unknown Artist,albrecht-durer,Unknown Genre,portrait
High_Renaissance,Northern_Renaissance,0.9054443836212158,79364,81106,Unknown Artist,Unknown Artist,Unknown Genre,Unknown Genre
Early_Renaissance,Northern_Renaissance,0.8299614191055298,56737,18121,Unknown Artist,albrecht-durer,religious_painting,illustration
Baroque,Rococo,0.8390060067176819,71631,46407,Unknown Artist,joshua-reynolds,Unknown Genre,portrait
High_Renaissance,Mannerism_Late_Renaissance,0.9120376706123352,22248,55631,raphael,Unknown Artist,religious_painting,religious_painting
Early_Renaissance,High_Renaissance,0.783231258392334,66265,26073,pietro-perugino,Unknown Artist,portrait,portrait
Early_Renaissance,High_Renaissance,0.8643761873245239,23140,20022,Unknown Artist,titian,religious_painting,religious_painting
High_Renaissance,Mannerism_Late_Renaissance,0.883251428604126,46629,64749,titian,tintoretto,portrait,portrait
High_Renaissance,Northern_Renaissance,0.8504530787467957,44596,63770,Unknown Artist,hans-holbein-the-younger,portrait,portrait
Early_Renaissance,Northern_Renaissance,0.8080369234085083,57008,56632,Unknown Artist,hieronymus-bosch,religious_painting,religious_painting
Baroque,Rococo,0.8346721529960632,23320,32434,joshua-reynolds,Unknown Artist,portrait,portrait
Baroque,Rococo,0.8725312948226929,4552,21063,rembrandt,Unknown Artist,portrait,portrait
Baroque,Rococo,0.8807263970375061,71631,63143,Unknown Artist,Unknown Artist,Unknown Genre,portrait
Northern_Renaissance,Baroque,0.8910345435142517,17994,7817,albrecht-durer,rembrandt,sketch_and_study,sketch_and_study
Early_Renaissance,Northern_Renaissance,0.7938836216926575,50385,35521,Unknown Artist,hieronymus-bosch,genre_painting,religious_painting
High_Renaissance,Northern_Renaissance,0.9393861293792725,49178,27070,Unknown Artist,Unknown Artist,religious_painting,religious_painting
Mannerism_Late_Renaissance,Baroque,0.8896899223327637,23675,63932,Unknown Artist,Unknown Artist,portrait,portrait
Mannerism_Late_Renaissance,Baroque,0.9282131791114807,24904,22907,paolo-veronese,peter-paul-rubens,religious_painting,religious_painting
Baroque,Rococo,0.8992854952812195,78729,28399,Unknown Artist,Unknown Artist,Unknown Genre,religious_painting
High_Renaissance,Baroque,0.9109821915626526,70624,78608,Unknown Artist,Unknown Artist,Unknown Genre,Unknown Genre
High_Renaissance,Mannerism_Late_Renaissance,0.9099816083908081,31767,78505,raphael,Unknown Artist,religious_painting,Unknown Genre
Early_Renaissance,High_Renaissance,0.842004120349884,69772,79406,Unknown Artist,Unknown Artist,Unknown Genre,Unknown Genre
Mannerism_Late_Renaissance,Baroque,0.8460314869880676,65985,45896,titian,jacob-jordaens,portrait,portrait
High_Renaissance,Northern_Renaissance,0.8837889432907104,79364,68604,Unknown Artist,Unknown Artist,Unknown Genre,Unknown Genre
Northern_Renaissance,Baroque,0.877872109413147,37897,51336,lucas-cranach-the-elder,peter-paul-rubens,portrait,portrait
Early_Renaissance,Northern_Renaissance,0.9011097550392151,56525,38767,Unknown Artist,Unknown Artist,religious_painting,religious_painting
Baroque,Rococo,0.8790163397789001,19859,45598,Unknown Artist,Unknown Artist,religious_painting,genre_painting
Early_Renaissance,Mannerism_Late_Renaissance,0.86569744348526,32171,57090,Unknown Artist,Unknown Artist,religious_painting,religious_painting
Baroque,Rococo,0.808830976486206,62963,46667,joshua-reynolds,thomas-gainsborough,portrait,portrait
High_Renaissance,Northern_Renaissance,0.7724868059158325,56276,36852,Unknown Artist,hans-memling,religious_painting,still_life
High_Renaissance,Mannerism_Late_Renaissance,0.8655408024787903,70984,41502,Unknown Artist,tintoretto,Unknown Genre,religious_painting
High_Renaissance,Mannerism_Late_Renaissance,0.8698127269744873,69785,78472,Unknown Artist,Unknown Artist,Unknown Genre,Unknown Genre
Early_Renaissance,High_Renaissance,0.9102597236633301,22126,27547,Unknown Artist,Unknown Artist,religious_painting,religious_painting
High_Renaissance,Mannerism_Late_Renaissance,0.9016260504722595,27923,57086,Unknown Artist,tintoretto,religious_painting,religious_painting
Northern_Renaissance,Mannerism_Late_Renaissance,0.8686731457710266,24590,45537,lucas-cranach-the-elder,paolo-veronese,religious_painting,religious_painting
Mannerism_Late_Renaissance,Rococo,0.8785668611526489,76609,80080,Unknown Artist,Unknown Artist,Unknown Genre,Unknown Genre
Northern_Renaissance,Baroque,0.803011953830719,40830,64127,Unknown Artist,frans-hals,portrait,portrait
Early_Renaissance,Mannerism_Late_Renaissance,0.8907182812690735,57048,55767,Unknown Artist,tintoretto,religious_painting,religious_painting
Early_Renaissance,Northern_Renaissance,0.859942615032196,25221,21595,Unknown Artist,Unknown Artist,portrait,portrait
Early_Renaissance,High_Renaissance,0.9164024591445923,46523,44578,Unknown Artist,pietro-perugino,religious_painting,religious_painting
Early_Renaissance,High_Renaissance,0.7794208526611328,36632,30929,Unknown Artist,titian,religious_painting,portrait
Early_Renaissance,High_Renaissance,0.8985435962677002,55605,55653,pietro-perugino,pietro-perugino,religious_painting,religious_painting
Early_Renaissance,Baroque,0.8870218992233276,20632,39976,Unknown Artist,Unknown Artist,sketch_and_study,religious_painting
High_Renaissance,Mannerism_Late_Renaissance,0.7856454849243164,64817,29448,titian,Unknown Artist,portrait,portrait
High_Renaissance,Baroque,0.8148072361946106,27560,54673,Unknown Artist,Unknown Artist,religious_painting,genre_painting
Northern_Renaissance,Baroque,0.8722218871116638,9407,59118,albrecht-durer,Unknown Artist,landscape,landscape
Baroque,Rococo,0.9149718880653381,20685,41644,peter-paul-rubens,joseph-wright,portrait,portrait
Early_Renaissance,Northern_Renaissance,0.8650032877922058,19983,147,leonardo-da-vinci,albrecht-durer,portrait,portrait
High_Renaissance,Mannerism_Late_Renaissance,0.8515018224716187,35997,74243,Unknown Artist,Unknown Artist,religious_painting,Unknown Genre
Early_Renaissance,Northern_Renaissance,0.7954797148704529,63839,51123,Unknown Artist,Unknown Artist,portrait,portrait
Early_Renaissance,High_Renaissance,0.8713244795799255,52327,75432,Unknown Artist,Unknown Artist,religious_painting,Unknown Genre
Mannerism_Late_Renaissance,Rococo,0.8454979658126831,78504,73820,Unknown Artist,Unknown Artist,Unknown Genre,Unknown Genre
Early_Renaissance,High_Renaissance,0.9123232364654541,56013,56454,Unknown Artist,pietro-perugino,religious_painting,religious_painting
Early_Renaissance,High_Renaissance,0.9126170873641968,46903,42615,Unknown Artist,Unknown Artist,religious_painting,religious_painting
Early_Renaissance,Northern_Renaissance,0.8645641207695007,75590,8353,Unknown Artist,albrecht-durer,Unknown Genre,religious_painting
Baroque,Rococo,0.9045758843421936,63010,48963,Unknown Artist,Unknown Artist,portrait,portrait
Mannerism_Late_Renaissance,Baroque,0.8991942405700684,28772,17671,titian,rembrandt,portrait,portrait
High_Renaissance,Northern_Renaissance,0.8871414661407471,56503,21434,Unknown Artist,hans-memling,religious_painting,religious_painting
High_Renaissance,Northern_Renaissance,0.8394910097122192,40302,445,Unknown Artist,albrecht-durer,portrait,portrait
Early_Renaissance,High_Renaissance,0.8445600867271423,30562,63502,leonardo-da-vinci,Unknown Artist,sketch_and_study,portrait
Northern_Renaissance,High_Renaissance,0.8318457007408142,18116,33742,albrecht-durer,Unknown Artist,religious_painting,religious_painting
Early_Renaissance,High_Renaissance,0.9490802884101868,50663,46504,fra-angelico,pietro-perugino,religious_painting,religious_painting
Mannerism_Late_Renaissance,Baroque,0.8213760256767273,26385,37128,tintoretto,Unknown Artist,genre_painting,genre_painting
Early_Renaissance,Northern_Renaissance,0.8298709392547607,57083,74835,Unknown Artist,Unknown Artist,religious_painting,Unknown Genre
High_Renaissance,Mannerism_Late_Renaissance,0.8812313675880432,56949,19972,raphael,paolo-veronese,religious_painting,religious_painting
Mannerism_Late_Renaissance,Baroque,0.944232702255249,28993,57057,paolo-veronese,Unknown Artist,religious_painting,religious_painting
Baroque,Rococo,0.8950016498565674,44404,54007,Unknown Artist,Unknown Artist,genre_painting,genre_painting
High_Renaissance,Baroque,0.8755897879600525,49235,65109,titian,frans-hals,portrait,portrait
Baroque,Rococo,0.8496955037117004,24020,31902,bartolome-esteban-murillo,Unknown Artist,religious_painting,portrait
Early_Renaissance,High_Renaissance,0.8719603419303894,31136,48156,Unknown Artist,michelangelo,sketch_and_study,nude_painting
Early_Renaissance,High_Renaissance,0.852125883102417,25221,42800,Unknown Artist,raphael,portrait,portrait
Early_Renaissance,Northern_Renaissance,0.8506925106048584,49145,69921,Unknown Artist,Unknown Artist,religious_painting,Unknown Genre
High_Renaissance,Northern_Renaissance,0.839427649974823,49023,9022,titian,albrecht-durer,portrait,portrait
High_Renaissance,Baroque,0.8326700329780579,68561,52559,Unknown Artist,Unknown Artist,Unknown Genre,landscape
Early_Renaissance,High_Renaissance,0.8606158494949341,27787,40774,leonardo-da-vinci,leonardo-da-vinci,sketch_and_study,sketch_and_study
High_Renaissance,Baroque,0.7655252814292908,26573,36697,Unknown Artist,Unknown Artist,religious_painting,genre_painting
Early_Renaissance,High_Renaissance,0.8639035224914551,28610,19655,Unknown Artist,Unknown Artist,religious_painting,religious_painting
Northern_Renaissance,Mannerism_Late_Renaissance,0.8524482250213623,22301,20828,hieronymus-bosch,el-greco,religious_painting,religious_painting
Early_Renaissance,Northern_Renaissance,0.8438150882720947,55998,24724,Unknown Artist,Unknown Artist,religious_painting,religious_painting
Northern_Renaissance,High_Renaissance,0.8351816534996033,64964,47907,hans-holbein-the-younger,Unknown Artist,portrait,portrait
High_Renaissance,Mannerism_Late_Renaissance,0.8868266344070435,46415,23675,titian,Unknown Artist,portrait,portrait
Early_Renaissance,High_Renaissance,0.9335660934448242,49966,24329,Unknown Artist,Unknown Artist,religious_painting,religious_painting
High_Renaissance,Northern_Renaissance,0.8465074300765991,55678,20047,Unknown Artist,hieronymus-bosch,religious_painting,religious_painting
Northern_Renaissance,Baroque,0.8559293746948242,4581,6218,albrecht-durer,rembrandt,sketch_and_study,portrait
Baroque,Rococo,0.8573361039161682,37959,76064,canaletto,Unknown Artist,cityscape,Unknown Genre
Northern_Renaissance,High_Renaissance,0.864815354347229,36055,23815,Unknown Artist,Unknown Artist,religious_painting,religious_painting
Early_Renaissance,Northern_Renaissance,0.8658826351165771,20308,10954,leonardo-da-vinci,Unknown Artist,sketch_and_study,Unknown Genre
Early_Renaissance,High_Renaissance,0.8819723129272461,26869,44562,Unknown Artist,pietro-perugino,religious_painting,religious_painting
Mannerism_Late_Renaissance,Baroque,0.8673280477523804,42192,23075,Unknown Artist,Unknown Artist,religious_painting,religious_painting
Early_Renaissance,High_Renaissance,0.9205766320228577,34366,38482,Unknown Artist,Unknown Artist,religious_painting,religious_painting
Northern_Renaissance,Mannerism_Late_Renaissance,0.9010385870933533,81151,52226,Unknown Artist,paolo-veronese,Unknown Genre,religious_painting
High_Renaissance,Mannerism_Late_Renaissance,0.8951557278633118,76706,50321,Unknown Artist,tintoretto,Unknown Genre,religious_painting
Mannerism_Late_Renaissance,Baroque,0.8686737418174744,34752,11879,Unknown Artist,rembrandt,sketch_and_study,sketch_and_study
Early_Renaissance,Northern_Renaissance,0.8623087406158447,44259,22723,Unknown Artist,Unknown Artist,portrait,portrait
Baroque,Rococo,0.9001497626304626,41598,19712,Unknown Artist,Unknown Artist,portrait,portrait
Baroque,Rococo,0.8385301232337952,64322,38082,Unknown Artist,Unknown Artist,portrait,portrait
High_Renaissance,Mannerism_Late_Renaissance,0.8318496346473694,49023,40981,titian,paolo-veronese,portrait,portrait
High_Renaissance,Rococo,0.8236322402954102,47849,50216,raphael,joshua-reynolds,religious_painting,sketch_and_study
Early_Renaissance,Northern_Renaissance,0.8773882985115051,55655,38300,Unknown Artist,hans-memling,religious_painting,religious_painting
Mannerism_Late_Renaissance,Baroque,0.8577277064323425,47500,48838,el-greco,Unknown Artist,religious_painting,religious_painting
Baroque,Rococo,0.8192516565322876,39683,30336,anthony-van-dyck,joshua-reynolds,portrait,portrait
High_Renaissance,Mannerism_Late_Renaissance,0.8840674161911011,51176,33015,Unknown Artist,el-greco,religious_painting,religious_painting
High_Renaissance,Northern_Renaissance,0.8319751024246216,65139,43387,Unknown Artist,hieronymus-bosch,portrait,religious_painting
Early_Renaissance,Northern_Renaissance,0.9072906374931335,30954,32103,Unknown Artist,lucas-cranach-the-elder,religious_painting,religious_painting
High_Renaissance,Northern_Renaissance,0.7886801362037659,56035,18104,titian,Unknown Artist,religious_painting,Unknown Genre
Early_Renaissance,High_Renaissance,0.8761100769042969,25227,73067,Unknown Artist,Unknown Artist,religious_painting,Unknown Genre
Mannerism_Late_Renaissance,Rococo,0.8647754788398743,22880,33576,Unknown Artist,Unknown Artist,religious_painting,religious_painting
High_Renaissance,Northern_Renaissance,0.8903762698173523,20083,25016,Unknown Artist,Unknown Artist,religious_painting,religious_painting
High_Renaissance,Mannerism_Late_Renaissance,0.9005537629127502,79385,71323,Unknown Artist,Unknown Artist,Unknown Genre,Unknown Genre
Early_Renaissance,High_Renaissance,0.8197501301765442,64754,20187,Unknown Artist,Unknown Artist,portrait,portrait
High_Renaissance,Mannerism_Late_Renaissance,0.8943747878074646,29289,56146,raphael,titian,genre_painting,religious_painting
Early_Renaissance,Mannerism_Late_Renaissance,0.8598993420600891,56098,55617,Unknown Artist,Unknown Artist,religious_painting,religious_painting
Baroque,Rococo,0.8175989985466003,23320,34941,joshua-reynolds,Unknown Artist,portrait,portrait
Mannerism_Late_Renaissance,Rococo,0.8879345059394836,56582,34341,tintoretto,Unknown Artist,religious_painting,genre_painting
High_Renaissance,Northern_Renaissance,0.878123939037323,75777,9682,Unknown Artist,albrecht-durer,Unknown Genre,religious_painting
High_Renaissance,Mannerism_Late_Renaissance,0.8519303202629089,69083,28177,Unknown Artist,el-greco,Unknown Genre,religious_painting
Northern_Renaissance,Baroque,0.8285863399505615,17996,13163,albrecht-durer,rembrandt,genre_painting,genre_painting
Early_Renaissance,High_Renaissance,0.8778882026672363,51286,36873,Unknown Artist,pietro-perugino,religious_painting,religious_painting
Baroque,Rococo,0.9011180400848389,70422,34536,Unknown Artist,Unknown Artist,Unknown Genre,cityscape
Early_Renaissance,High_Renaissance,0.8562232255935669,43952,22841,Unknown Artist,Unknown Artist,religious_painting,religious_painting
Early_Renaissance,High_Renaissance,0.8940591216087341,25482,33432,pietro-perugino,pietro-perugino,religious_painting,religious_painting
Early_Renaissance,Northern_Renaissance,0.8539301156997681,50349,55241,Unknown Artist,Unknown Artist,religious_painting,genre_painting
Early_Renaissance,High_Renaissance,0.8758465647697449,38095,79384,Unknown Artist,Unknown Artist,religious_painting,Unknown Genre
Mannerism_Late_Renaissance,Baroque,0.8198529481887817,45898,50126,Unknown Artist,Unknown Artist,portrait,portrait
Early_Renaissance,High_Renaissance,0.8660560846328735,70726,24990,Unknown Artist,raphael,Unknown Genre,sketch_and_study
Northern_Renaissance,High_Renaissance,0.8482548594474792,50422,22121,hans-holbein-the-younger,Unknown Artist,portrait,portrait
Mannerism_Late_Renaissance,Baroque,0.8706482648849487,40598,73912,Unknown Artist,Unknown Artist,religious_painting,Unknown Genre
Northern_Renaissance,Baroque,0.8614823222160339,30167,51147,Unknown Artist,Unknown Artist,genre_painting,genre_painting
Early_Renaissance,High_Renaissance,0.9002414345741272,30954,26594,Unknown Artist,Unknown Artist,religious_painting,religious_painting
Early_Renaissance,Northern_Renaissance,0.9054660797119141,43431,35937,Unknown Artist,Unknown Artist,sketch_and_study,sketch_and_study
High_Renaissance,Baroque,0.9015950560569763,74349,46595,Unknown Artist,Unknown Artist,Unknown Genre,genre_painting
Early_Renaissance,High_Renaissance,0.8832427859306335,56125,45434,Unknown Artist,michelangelo,religious_painting,religious_painting
High_Renaissance,Mannerism_Late_Renaissance,0.8979467153549194,25182,55759,Unknown Artist,titian,religious_painting,religious_painting
Mannerism_Late_Renaissance,Baroque,0.7923681139945984,25980,29044,tintoretto,Unknown Artist,religious_painting,genre_painting
Mannerism_Late_Renaissance,Baroque,0.914627194404602,20033,71282,paolo-veronese,Unknown Artist,religious_painting,Unknown Genre
High_Renaissance,Baroque,0.8382555246353149,46517,51213,titian,Unknown Artist,religious_painting,genre_painting
Early_Renaissance,High_Renaissance,0.8531628847122192,25221,63906,Unknown Artist,titian,portrait,portrait
Mannerism_Late_Renaissance,Rococo,0.906284511089325,48260,21989,titian,Unknown Artist,religious_painting,portrait
Early_Renaissance,Mannerism_Late_Renaissance,0.8783661723136902,34865,65208,Unknown Artist,Unknown Artist,portrait,portrait
Early_Renaissance,High_Renaissance,0.8946408629417419,40864,56025,Unknown Artist,Unknown Artist,religious_painting,religious_painting
Baroque,Rococo,0.8455012440681458,10826,63346,rembrandt,joshua-reynolds,portrait,portrait
Mannerism_Late_Renaissance,Baroque,0.7798593640327454,24305,42988,Unknown Artist,Unknown Artist,portrait,portrait
Early_Renaissance,High_Renaissance,0.8687312006950378,39225,55649,Unknown Artist,raphael,religious_painting,religious_painting
High_Renaissance,Mannerism_Late_Renaissance,0.9129142761230469,56127,50641,raphael,Unknown Artist,religious_painting,religious_painting
Northern_Renaissance,High_Renaissance,0.8505191802978516,7079,74005,albrecht-durer,Unknown Artist,sketch_and_study,Unknown Genre
Early_Renaissance,Northern_Renaissance,0.8915894627571106,29617,11600,Unknown Artist,albrecht-durer,religious_painting,religious_painting
High_Renaissance,Mannerism_Late_Renaissance,0.8279793858528137,71419,46192,Unknown Artist,paolo-veronese,Unknown Genre,religious_painting
Northern_Renaissance,High_Renaissance,0.8515185117721558,18111,46816,Unknown Artist,Unknown Artist,Unknown Genre,still_life
Northern_Renaissance,Mannerism_Late_Renaissance,0.8654720783233643,21595,36262,Unknown Artist,Unknown Artist,portrait,portrait
Northern_Renaissance,Baroque,0.8442584276199341,30167,43787,Unknown Artist,Unknown Artist,genre_painting,genre_painting
Northern_Renaissance,Mannerism_Late_Renaissance,0.8982119560241699,30850,55866,Unknown Artist,Unknown Artist,religious_painting,religious_painting
Early_Renaissance,Northern_Renaissance,0.8633857369422913,57083,55840,Unknown Artist,Unknown Artist,religious_painting,religious_painting
High_Renaissance,Northern_Renaissance,0.7484596371650696,62550,68176,michelangelo,Unknown Artist,sketch_and_study,Unknown Genre
High_Renaissance,Northern_Renaissance,0.8815906643867493,55705,24003,Unknown Artist,hieronymus-bosch,religious_painting,religious_painting
Early_Renaissance,Northern_Renaissance,0.8365864753723145,26806,56143,fra-angelico,Unknown Artist,religious_painting,religious_painting
Early_Renaissance,High_Renaissance,0.8751807808876038,62237,79392,leonardo-da-vinci,Unknown Artist,sketch_and_study,Unknown Genre
Northern_Renaissance,High_Renaissance,0.9284343719482422,56430,55714,Unknown Artist,Unknown Artist,religious_painting,religious_painting
Early_Renaissance,Northern_Renaissance,0.9339355826377869,35073,56430,fra-angelico,Unknown Artist,religious_painting,religious_painting
Northern_Renaissance,Mannerism_Late_Renaissance,0.8977633118629456,69185,56298,Unknown Artist,tintoretto,Unknown Genre,religious_painting
Northern_Renaissance,High_Renaissance,0.8586482405662537,50422,52764,hans-holbein-the-younger,titian,portrait,portrait
High_Renaissance,Mannerism_Late_Renaissance,0.8345267176628113,46629,30590,titian,el-greco,portrait,portrait
High_Renaissance,Rococo,0.8584873676300049,46342,47959,Unknown Artist,Unknown Artist,religious_painting,religious_painting
Mannerism_Late_Renaissance,Baroque,0.8563392162322998,51180,27738,Unknown Artist,frans-hals,portrait,portrait
Northern_Renaissance,High_Renaissance,0.8804104924201965,56318,73663,Unknown Artist,Unknown Artist,religious_painting,Unknown Genre
Northern_Renaissance,Rococo,0.7893599271774292,55650,21386,Unknown Artist,Unknown Artist,religious_painting,cityscape
Northern_Renaissance,Baroque,0.8346526622772217,12996,63811,albrecht-durer,frans-hals,portrait,portrait
High_Renaissance,Mannerism_Late_Renaissance,0.8777130842208862,28164,65659,Unknown Artist,Unknown Artist,portrait,portrait
Baroque,Rococo,0.8920999765396118,75330,34256,Unknown Artist,Unknown Artist,Unknown Genre,genre_painting
Early_Renaissance,Northern_Renaissance,0.8566917777061462,25475,3782,leonardo-da-vinci,albrecht-durer,landscape,cityscape
Northern_Renaissance,Baroque,0.8600390553474426,81123,32809,Unknown Artist,Unknown Artist,Unknown Genre,genre_painting
Early_Renaissance,High_Renaissance,0.8811108469963074,23613,45900,Unknown Artist,Unknown Artist,religious_painting,religious_painting
Northern_Renaissance,High_Renaissance,0.8690068125724792,70344,79409,Unknown Artist,Unknown Artist,Unknown Genre,Unknown Genre
Northern_Renaissance,Mannerism_Late_Renaissance,0.8741909861564636,30414,47500,Unknown Artist,el-greco,religious_painting,religious_painting
Northern_Renaissance,Baroque,0.8395166397094727,7634,17744,albrecht-durer,rembrandt,genre_painting,religious_painting
Early_Renaissance,High_Renaissance,0.8774846792221069,48672,46129,Unknown Artist,Unknown Artist,religious_painting,portrait
Early_Renaissance,High_Renaissance,0.8885729908943176,56798,50053,Unknown Artist,pietro-perugino,religious_painting,religious_painting
High_Renaissance,Mannerism_Late_Renaissance,0.9465047121047974,57155,41556,Unknown Artist,Unknown Artist,religious_painting,religious_painting
Northern_Renaissance,High_Renaissance,0.8501930236816406,11580,51537,albrecht-durer,Unknown Artist,religious_painting,portrait
Baroque,Rococo,0.8744664192199707,61307,28791,peter-paul-rubens,thomas-gainsborough,landscape,landscape
Early_Renaissance,Northern_Renaissance,0.9130535125732422,20738,34061,Unknown Artist,Unknown Artist,religious_painting,religious_painting
Early_Renaissance,Northern_Renaissance,0.8597458600997925,56372,36825,pietro-perugino,Unknown Artist,religious_painting,religious_painting
Early_Renaissance,Mannerism_Late_Renaissance,0.8842241764068604,55757,27610,Unknown Artist,Unknown Artist,religious_painting,religious_painting
Baroque,Rococo,0.8818460702896118,26544,23895,anthony-van-dyck,joshua-reynolds,portrait,portrait
High_Renaissance,Northern_Renaissance,0.8122128844261169,56229,18075,titian,albrecht-durer,religious_painting,portrait
Northern_Renaissance,Mannerism_Late_Renaissance,0.8739228248596191,23708,51752,hans-holbein-the-younger,titian,portrait,portrait
Baroque,Rococo,0.8342158198356628,4480,64652,rembrandt,Unknown Artist,sketch_and_study,portrait
Early_Renaissance,High_Renaissance,0.8784610629081726,49845,64724,Unknown Artist,Unknown Artist,religious_painting,portrait
Baroque,Rococo,0.8022922277450562,55400,54427,Unknown Artist,Unknown Artist,genre_painting,genre_painting
Early_Renaissance,High_Renaissance,0.9521999359130859,56604,56590,leonardo-da-vinci,Unknown Artist,religious_painting,religious_painting
Early_Renaissance,Northern_Renaissance,0.858431875705719,47922,69878,Unknown Artist,Unknown Artist,religious_painting,Unknown Genre
Baroque,Rococo,0.8158006072044373,26544,22002,anthony-van-dyck,Unknown Artist,portrait,portrait
Northern_Renaissance,High_Renaissance,0.8253879547119141,81137,24074,Unknown Artist,leonardo-da-vinci,Unknown Genre,sketch_and_study
Early_Renaissance,Northern_Renaissance,0.8257012367248535,49145,81146,Unknown Artist,Unknown Artist,religious_painting,Unknown Genre
High_Renaissance,Northern_Renaissance,0.8916332125663757,56035,10124,titian,albrecht-durer,religious_painting,religious_painting
High_Renaissance,Northern_Renaissance,0.8322799801826477,41796,63093,raphael,Unknown Artist,portrait,portrait
Early_Renaissance,High_Renaissance,0.8549683094024658,19614,55639,pietro-perugino,raphael,religious_painting,religious_painting
Early_Renaissance,Northern_Renaissance,0.8684969544410706,29660,32942,Unknown Artist,Unknown Artist,sketch_and_study,portrait
Mannerism_Late_Renaissance,Rococo,0.8994142413139343,21652,64920,titian,joshua-reynolds,religious_painting,portrait
High_Renaissance,Mannerism_Late_Renaissance,0.8999021053314209,22248,19216,raphael,Unknown Artist,religious_painting,religious_painting
Early_Renaissance,High_Renaissance,0.8071681261062622,38461,30550,Unknown Artist,raphael,religious_painting,religious_painting
Early_Renaissance,High_Renaissance,0.906389594078064,56046,79412,Unknown Artist,Unknown Artist,religious_painting,Unknown Genre
High_Renaissance,Northern_Renaissance,0.8630068898200989,56035,17985,titian,albrecht-durer,religious_painting,genre_painting
Early_Renaissance,High_Renaissance,0.8825744390487671,32826,25772,Unknown Artist,michelangelo,religious_painting,religious_painting
High_Renaissance,Mannerism_Late_Renaissance,0.8692060708999634,30981,50597,Unknown Artist,tintoretto,religious_painting,religious_painting
Early_Renaissance,High_Renaissance,0.7738023996353149,74826,55681,Unknown Artist,michelangelo,Unknown Genre,religious_painting
Mannerism_Late_Renaissance,Baroque,0.8749203681945801,20794,10758,tintoretto,rembrandt,religious_painting,religious_painting
Early_Renaissance,Mannerism_Late_Renaissance,0.8552372455596924,27759,26811,Unknown Artist,el-greco,religious_painting,religious_painting
Northern_Renaissance,Mannerism_Late_Renaissance,0.9087273478507996,44164,19999,hieronymus-bosch,tintoretto,religious_painting,religious_painting
Early_Renaissance,Northern_Renaissance,0.880259096622467,28215,55772,Unknown Artist,Unknown Artist,religious_painting,religious_painting
Northern_Renaissance,High_Renaissance,0.839427649974823,9022,49023,albrecht-durer,titian,portrait,portrait
High_Renaissance,Northern_Renaissance,0.8904291391372681,37410,56615,michelangelo,lucas-cranach-the-elder,religious_painting,religious_painting
Northern_Renaissance,Mannerism_Late_Renaissance,0.8277856111526489,56213,64176,Unknown Artist,Unknown Artist,religious_painting,portrait
High_Renaissance,Mannerism_Late_Renaissance,0.918648362159729,38923,53080,Unknown Artist,Unknown Artist,religious_painting,religious_painting
Northern_Renaissance,Baroque,0.8459567427635193,81126,37959,Unknown Artist,canaletto,Unknown Genre,cityscape
High_Renaissance,Northern_Renaissance,0.9028875231742859,21958,30414,Unknown Artist,Unknown Artist,religious_painting,religious_painting
Early_Renaissance,Northern_Renaissance,0.9281738996505737,28215,48097,Unknown Artist,hans-memling,religious_painting,religious_painting
Early_Renaissance,High_Renaissance,0.8947747945785522,70726,62254,Unknown Artist,raphael,Unknown Genre,sketch_and_study
Mannerism_Late_Renaissance,Baroque,0.8554657101631165,65782,64248,Unknown Artist,anthony-van-dyck,portrait,portrait
High_Renaissance,Mannerism_Late_Renaissance,0.8734432458877563,62153,49883,leonardo-da-vinci,Unknown Artist,sketch_and_study,nude_painting
Northern_Renaissance,Baroque,0.902195930480957,81126,71010,Unknown Artist,Unknown Artist,Unknown Genre,Unknown Genre
High_Renaissance,Baroque,0.8173636198043823,28183,32948,Unknown Artist,Unknown Artist,portrait,genre_painting
Mannerism_Late_Renaissance,Baroque,0.7870556712150574,44636,6720,Unknown Artist,rembrandt,religious_painting,portrait
Early_Renaissance,High_Renaissance,0.8874881863594055,45383,40377,Unknown Artist,michelangelo,sketch_and_study,sketch_and_study
Early_Renaissance,Northern_Renaissance,0.8461421728134155,56737,9114,Unknown Artist,albrecht-durer,religious_painting,religious_painting
High_Renaissance,Baroque,0.8485301733016968,23716,38564,titian,Unknown Artist,religious_painting,genre_painting
Mannerism_Late_Renaissance,Baroque,0.8286992311477661,19375,10334,paolo-veronese,rembrandt,religious_painting,religious_painting
Early_Renaissance,Rococo,0.8269712924957275,56724,54910,Unknown Artist,thomas-gainsborough,religious_painting,genre_painting
High_Renaissance,Rococo,0.8405770659446716,51287,76332,Unknown Artist,Unknown Artist,religious_painting,Unknown Genre
High_Renaissance,Northern_Renaissance,0.9165468215942383,35997,19071,Unknown Artist,Unknown Artist,religious_painting,religious_painting
Northern_Renaissance,Mannerism_Late_Renaissance,0.83270263671875,69878,63820,Unknown Artist,Unknown Artist,Unknown Genre,portrait
Early_Renaissance,Northern_Renaissance,0.8275472521781921,55757,27943,Unknown Artist,Unknown Artist,religious_painting,religious_painting
Northern_Renaissance,Baroque,0.800197958946228,81126,74682,Unknown Artist,Unknown Artist,Unknown Genre,Unknown Genre
Mannerism_Late_Renaissance,Baroque,0.8273322582244873,78514,12439,Unknown Artist,rembrandt,Unknown Genre,Unknown Genre
Early_Renaissance,Mannerism_Late_Renaissance,0.8669618964195251,50267,55858,Unknown Artist,Unknown Artist,religious_painting,religious_painting
Baroque,Rococo,0.7792152762413025,64044,62424,frans-hals,Unknown Artist,portrait,sketch_and_study
Baroque,Rococo,0.8629629611968994,60679,59341,peter-paul-rubens,thomas-gainsborough,landscape,landscape
High_Renaissance,Rococo,0.8593407869338989,62306,62299,leonardo-da-vinci,Unknown Artist,sketch_and_study,sketch_and_study
Mannerism_Late_Renaissance,Baroque,0.9119889736175537,76514,73895,Unknown Artist,Unknown Artist,Unknown Genre,Unknown Genre
Northern_Renaissance,Mannerism_Late_Renaissance,0.8327326774597168,41761,21986,Unknown Artist,Unknown Artist,portrait,portrait
High_Renaissance,Mannerism_Late_Renaissance,0.9061176180839539,43350,63074,titian,titian,portrait,portrait
High_Renaissance,Mannerism_Late_Renaissance,0.8561918139457703,26525,33787,titian,Unknown Artist,portrait,portrait
Early_Renaissance,Baroque,0.8939741849899292,56683,55801,fra-angelico,Unknown Artist,religious_painting,religious_painting
Mannerism_Late_Renaissance,Baroque,0.9272313714027405,78524,78650,Unknown Artist,Unknown Artist,Unknown Genre,Unknown Genre
Early_Renaissance,Northern_Renaissance,0.8474626541137695,27226,55677,pietro-perugino,Unknown Artist,religious_painting,religious_painting
High_Renaissance,Northern_Renaissance,0.7777099013328552,19938,72889,michelangelo,Unknown Artist,sketch_and_study,Unknown Genre
Early_Renaissance,Northern_Renaissance,0.8640224933624268,57109,52881,Unknown Artist,hans-holbein-the-younger,religious_painting,religious_painting
Mannerism_Late_Renaissance,Baroque,0.7903131246566772,44636,78665,Unknown Artist,Unknown Artist,religious_painting,Unknown Genre
Early_Renaissance,High_Renaissance,0.8657165169715881,20866,21329,Unknown Artist,raphael,religious_painting,religious_painting
Early_Renaissance,Northern_Renaissance,0.895423173904419,56780,50337,Unknown Artist,Unknown Artist,religious_painting,religious_painting
Northern_Renaissance,High_Renaissance,0.8237618207931519,50422,63005,hans-holbein-the-younger,Unknown Artist,portrait,portrait
Mannerism_Late_Renaissance,Rococo,0.841351330280304,48846,47097,paolo-veronese,joshua-reynolds,portrait,portrait
Early_Renaissance,High_Renaissance,0.8968636393547058,55898,50929,Unknown Artist,pietro-perugino,religious_painting,religious_painting
Early_Renaissance,High_Renaissance,0.8788903951644897,38076,46058,Unknown Artist,Unknown Artist,religious_painting,religious_painting
High_Renaissance,Northern_Renaissance,0.8350322246551514,30544,52432,raphael,Unknown Artist,religious_painting,religious_painting
High_Renaissance,Mannerism_Late_Renaissance,0.875817060470581,45631,24251,Unknown Artist,Unknown Artist,religious_painting,religious_painting
Early_Renaissance,Northern_Renaissance,0.8991879820823669,20123,56169,fra-angelico,hans-memling,religious_painting,religious_painting
High_Renaissance,Mannerism_Late_Renaissance,0.8562918901443481,31768,27482,Unknown Artist,Unknown Artist,portrait,portrait
Baroque,Rococo,0.8344957828521729,30064,37935,anthony-van-dyck,Unknown Artist,portrait,portrait
Mannerism_Late_Renaissance,Rococo,0.8496885895729065,20952,68842,paolo-veronese,Unknown Artist,religious_painting,Unknown Genre
Mannerism_Late_Renaissance,Rococo,0.8415941596031189,68727,32140,Unknown Artist,Unknown Artist,Unknown Genre,nude_painting
Mannerism_Late_Renaissance,Baroque,0.8942115902900696,29310,78752,paolo-veronese,Unknown Artist,religious_painting,Unknown Genre
Early_Renaissance,High_Renaissance,0.8884488344192505,48904,55718,Unknown Artist,Unknown Artist,religious_painting,religious_painting
Northern_Renaissance,Baroque,0.7835513353347778,12660,48836,albrecht-durer,frans-hals,portrait,portrait
High_Renaissance,Mannerism_Late_Renaissance,0.9405556917190552,22541,26558,raphael,tintoretto,religious_painting,religious_painting
Northern_Renaissance,Mannerism_Late_Renaissance,0.9083064794540405,74520,76900,Unknown Artist,Unknown Artist,Unknown Genre,Unknown Genre
High_Renaissance,Mannerism_Late_Renaissance,0.8950949311256409,62306,61970,leonardo-da-vinci,Unknown Artist,sketch_and_study,sketch_and_study
Northern_Renaissance,Baroque,0.8274850845336914,23960,78595,Unknown Artist,Unknown Artist,genre_painting,Unknown Genre
Northern_Renaissance,High_Renaissance,0.8873909711837769,11580,56012,albrecht-durer,titian,religious_painting,religious_painting
High_Renaissance,Northern_Renaissance,0.8153848648071289,41863,31036,Unknown Artist,lucas-cranach-the-elder,portrait,portrait
Early_Renaissance,Northern_Renaissance,0.8199713230133057,56737,81082,Unknown Artist,Unknown Artist,religious_painting,Unknown Genre
Early_Renaissance,Northern_Renaissance,0.8962996006011963,56305,56189,fra-angelico,hieronymus-bosch,religious_painting,religious_painting
Mannerism_Late_Renaissance,Baroque,0.7857353091239929,47187,51160,Unknown Artist,Unknown Artist,religious_painting,genre_painting
Baroque,Rococo,0.8379950523376465,78566,25577,Unknown Artist,Unknown Artist,Unknown Genre,landscape
High_Renaissance,Rococo,0.8838995695114136,48496,31101,titian,joshua-reynolds,portrait,portrait
Mannerism_Late_Renaissance,Baroque,0.8477722406387329,56440,49907,Unknown Artist,Unknown Artist,religious_painting,portrait
Northern_Renaissance,High_Renaissance,0.8357771635055542,81151,24914,Unknown Artist,raphael,Unknown Genre,religious_painting
High_Renaissance,Mannerism_Late_Renaissance,0.874039888381958,52548,21180,Unknown Artist,Unknown Artist,religious_painting,religious_painting
Northern_Renaissance,Rococo,0.8966477513313293,5810,34512,albrecht-durer,Unknown Artist,religious_painting,illustration
High_Renaissance,Mannerism_Late_Renaissance,0.8407103419303894,46415,33406,titian,Unknown Artist,portrait,portrait
Northern_Renaissance,Mannerism_Late_Renaissance,0.8785011768341064,22975,31205,Unknown Artist,el-greco,religious_painting,religious_painting
High_Renaissance,Mannerism_Late_Renaissance,0.8858094811439514,56878,20411,Unknown Artist,tintoretto,religious_painting,religious_painting
High_Renaissance,Mannerism_Late_Renaissance,0.884909987449646,49223,24388,Unknown Artist,Unknown Artist,portrait,portrait
Early_Renaissance,High_Renaissance,0.8296811580657959,35038,77365,Unknown Artist,Unknown Artist,religious_painting,Unknown Genre
High_Renaissance,Northern_Renaissance,0.8740544319152832,79388,20178,Unknown Artist,hans-memling,Unknown Genre,religious_painting
Northern_Renaissance,Baroque,0.8764345049858093,60504,4493,Unknown Artist,rembrandt,landscape,landscape
Northern_Renaissance,High_Renaissance,0.878491222858429,30968,31053,Unknown Artist,leonardo-da-vinci,religious_painting,religious_painting
High_Renaissance,Northern_Renaissance,0.8382550477981567,44981,74995,Unknown Artist,Unknown Artist,religious_painting,Unknown Genre
High_Renaissance,Northern_Renaissance,0.8881570100784302,56035,7460,titian,albrecht-durer,religious_painting,religious_painting
Mannerism_Late_Renaissance,Baroque,0.893545389175415,64952,19683,Unknown Artist,Unknown Artist,portrait,portrait
Northern_Renaissance,High_Renaissance,0.8575316667556763,55811,32854,Unknown Artist,raphael,religious_painting,religious_painting
High_Renaissance,Northern_Renaissance,0.8314509391784668,21503,81116,Unknown Artist,Unknown Artist,religious_painting,Unknown Genre
Early_Renaissance,Northern_Renaissance,0.8061537742614746,48672,49488,Unknown Artist,lucas-cranach-the-elder,religious_painting,portrait
High_Renaissance,Mannerism_Late_Renaissance,0.8891324996948242,49023,40245,titian,titian,portrait,portrait
Northern_Renaissance,High_Renaissance,0.8209730386734009,2448,64817,Unknown Artist,titian,Unknown Genre,portrait
Mannerism_Late_Renaissance,Baroque,0.8438472151756287,35534,78739,tintoretto,Unknown Artist,portrait,Unknown Genre
High_Renaissance,Mannerism_Late_Renaissance,0.8727887868881226,44981,78488,Unknown Artist,Unknown Artist,religious_painting,Unknown Genre
Early_Renaissance,High_Renaissance,0.8992165923118591,56800,56249,Unknown Artist,Unknown Artist,religious_painting,religious_painting
Early_Renaissance,Baroque,0.7811160087585449,39353,33602,Unknown Artist,Unknown Artist,illustration,genre_painting
Early_Renaissance,High_Renaissance,0.8475868105888367,31136,71674,Unknown Artist,Unknown Artist,sketch_and_study,Unknown Genre
Northern_Renaissance,High_Renaissance,0.8374198079109192,49294,43388,hans-memling,titian,religious_painting,portrait
Baroque,Rococo,0.8326137661933899,73252,54156,Unknown Artist,Unknown Artist,Unknown Genre,genre_painting
High_Renaissance,Mannerism_Late_Renaissance,0.8967200517654419,49023,52592,titian,tintoretto,portrait,portrait
High_Renaissance,Mannerism_Late_Renaissance,0.8390779495239258,20591,63442,Unknown Artist,Unknown Artist,portrait,portrait
Early_Renaissance,High_Renaissance,0.861660361289978,56123,72305,pietro-perugino,Unknown Artist,religious_painting,Unknown Genre
High_Renaissance,Northern_Renaissance,0.8494457602500916,26552,18037,Unknown Artist,albrecht-durer,portrait,portrait
Northern_Renaissance,Baroque,0.8156421184539795,18130,51013,albrecht-durer,Unknown Artist,sketch_and_study,cityscape
Mannerism_Late_Renaissance,Rococo,0.8484830260276794,70796,70521,Unknown Artist,Unknown Artist,Unknown Genre,Unknown Genre
High_Renaissance,Northern_Renaissance,0.8837059140205383,40377,1906,michelangelo,Unknown Artist,sketch_and_study,Unknown Genre
Early_Renaissance,Baroque,0.8311712145805359,58610,76430,Unknown Artist,Unknown Artist,cityscape,Unknown Genre
Early_Renaissance,High_Renaissance,0.8598192930221558,56251,47125,Unknown Artist,Unknown Artist,religious_painting,religious_painting
Northern_Renaissance,High_Renaissance,0.8751782774925232,8970,75935,Unknown Artist,Unknown Artist,Unknown Genre,Unknown Genre
Northern_Renaissance,Rococo,0.8550897836685181,9407,68500,albrecht-durer,Unknown Artist,landscape,Unknown Genre
Baroque,Rococo,0.861664354801178,54236,27256,Unknown Artist,Unknown Artist,genre_painting,genre_painting
Early_Renaissance,High_Renaissance,0.8802164196968079,36632,26597,Unknown Artist,titian,religious_painting,portrait
Mannerism_Late_Renaissance,Baroque,0.8790700435638428,20640,20593,el-greco,Unknown Artist,religious_painting,religious_painting
Mannerism_Late_Renaissance,Baroque,0.8630553483963013,26658,74142,paolo-veronese,Unknown Artist,religious_painting,Unknown Genre
Mannerism_Late_Renaissance,Baroque,0.8367217779159546,55339,54981,Unknown Artist,Unknown Artist,genre_painting,genre_painting
Early_Renaissance,Northern_Renaissance,0.7897275686264038,56407,5315,Unknown Artist,Unknown Artist,religious_painting,Unknown Genre
Mannerism_Late_Renaissance,Baroque,0.8106935620307922,20952,23757,paolo-veronese,Unknown Artist,religious_painting,genre_painting
High_Renaissance,Rococo,0.8633895516395569,27560,69855,Unknown Artist,Unknown Artist,religious_painting,Unknown Genre
Northern_Renaissance,Baroque,0.8809332847595215,23960,78598,Unknown Artist,Unknown Artist,genre_painting,Unknown Genre
High_Renaissance,Mannerism_Late_Renaissance,0.9031103253364563,79368,26412,Unknown Artist,Unknown Artist,Unknown Genre,religious_painting
Mannerism_Late_Renaissance,Baroque,0.876867949962616,34318,32259,el-greco,peter-paul-rubens,religious_painting,religious_painting
Baroque,Rococo,0.8339793682098389,111,48101,rembrandt,joseph-wright,Unknown Genre,portrait
Northern_Renaissance,High_Renaissance,0.8745076060295105,81151,72352,Unknown Artist,Unknown Artist,Unknown Genre,Unknown Genre
Baroque,Rococo,0.8417639136314392,62974,63299,Unknown Artist,thomas-gainsborough,portrait,portrait
High_Renaissance,Baroque,0.8476897478103638,46517,30360,titian,Unknown Artist,religious_painting,genre_painting
Baroque,Rococo,0.8974066376686096,73252,25526,Unknown Artist,Unknown Artist,Unknown Genre,genre_painting
Baroque,Rococo,0.8876268267631531,53884,54309,Unknown Artist,Unknown Artist,genre_painting,genre_painting
Northern_Renaissance,High_Renaissance,0.8705639243125916,18127,50301,albrecht-durer,leonardo-da-vinci,sketch_and_study,sketch_and_study
Baroque,Rococo,0.8468283414840698,44287,62752,Unknown Artist,Unknown Artist,genre_painting,illustration
Northern_Renaissance,Baroque,0.8405935764312744,6858,5428,albrecht-durer,rembrandt,religious_painting,religious_painting
Early_Renaissance,High_Renaissance,0.9380583763122559,67838,79386,Unknown Artist,Unknown Artist,Unknown Genre,Unknown Genre
Mannerism_Late_Renaissance,Baroque,0.8799823522567749,56440,63762,Unknown Artist,peter-paul-rubens,religious_painting,portrait
Northern_Renaissance,High_Renaissance,0.8892956376075745,47661,56863,Unknown Artist,Unknown Artist,religious_painting,religious_painting
Baroque,Rococo,0.8439069390296936,61749,26507,Unknown Artist,Unknown Artist,still_life,still_life
High_Renaissance,Mannerism_Late_Renaissance,0.9236448407173157,55705,55901,Unknown Artist,Unknown Artist,religious_painting,religious_painting
Early_Renaissance,Mannerism_Late_Renaissance,0.8519312739372253,27058,57010,Unknown Artist,el-greco,religious_painting,religious_painting
Mannerism_Late_Renaissance,Baroque,0.8572304844856262,62523,17590,Unknown Artist,rembrandt,sketch_and_study,Unknown Genre
Early_Renaissance,High_Renaissance,0.8397876620292664,25758,35541,Unknown Artist,pietro-perugino,religious_painting,religious_painting
Baroque,Rococo,0.8062942624092102,7162,46947,rembrandt,Unknown Artist,portrait,sketch_and_study
High_Renaissance,Northern_Renaissance,0.8523013591766357,20591,64189,Unknown Artist,Unknown Artist,portrait,portrait
Mannerism_Late_Renaissance,Baroque,0.9210973381996155,64952,20031,Unknown Artist,peter-paul-rubens,portrait,portrait
Baroque,Rococo,0.8144269585609436,64248,64887,anthony-van-dyck,thomas-gainsborough,portrait,portrait
High_Renaissance,Northern_Renaissance,0.8620465993881226,76553,35946,Unknown Artist,Unknown Artist,Unknown Genre,religious_painting
Northern_Renaissance,Baroque,0.8205801248550415,7905,78676,albrecht-durer,Unknown Artist,sketch_and_study,Unknown Genre
Baroque,Rococo,0.7762637734413147,4314,75916,rembrandt,Unknown Artist,portrait,Unknown Genre
Early_Renaissance,High_Renaissance,0.8730756044387817,66265,49143,pietro-perugino,Unknown Artist,portrait,portrait
Early_Renaissance,Northern_Renaissance,0.8607927560806274,25475,25270,leonardo-da-vinci,Unknown Artist,landscape,genre_painting
Early_Renaissance,High_Renaissance,0.8272854089736938,34865,51748,Unknown Artist,pietro-perugino,portrait,portrait
Mannerism_Late_Renaissance,Baroque,0.8593484163284302,35510,45009,paolo-veronese,Unknown Artist,religious_painting,still_life
Early_Renaissance,High_Renaissance,0.9005341529846191,31258,41278,Unknown Artist,pietro-perugino,religious_painting,religious_painting
Baroque,Rococo,0.8472481369972229,62963,49667,joshua-reynolds,joseph-wright,portrait,portrait
Early_Renaissance,Rococo,0.8130999803543091,41509,28914,pietro-perugino,Unknown Artist,religious_painting,genre_painting
Northern_Renaissance,Baroque,0.8572450876235962,9507,4480,albrecht-durer,rembrandt,portrait,sketch_and_study
Early_Renaissance,High_Renaissance,0.8710905909538269,63897,42524,Unknown Artist,raphael,portrait,portrait
High_Renaissance,Mannerism_Late_Renaissance,0.8794658184051514,44627,56439,raphael,tintoretto,religious_painting,religious_painting
Mannerism_Late_Renaissance,Baroque,0.9129217863082886,46434,70493,tintoretto,Unknown Artist,religious_painting,Unknown Genre
Baroque,Rococo,0.8875253796577454,59987,60830,Unknown Artist,canaletto,landscape,landscape
Early_Renaissance,High_Renaissance,0.9052345752716064,50996,37323,Unknown Artist,pietro-perugino,religious_painting,religious_painting
Baroque,Rococo,0.8687661290168762,63339,27622,Unknown Artist,Unknown Artist,portrait,portrait
Northern_Renaissance,Mannerism_Late_Renaissance,0.9014349579811096,74520,76711,Unknown Artist,Unknown Artist,Unknown Genre,Unknown Genre
Baroque,Rococo,0.8661856651306152,78706,58141,Unknown Artist,Unknown Artist,Unknown Genre,cityscape
Early_Renaissance,Northern_Renaissance,0.7865784764289856,80533,3375,Unknown Artist,albrecht-durer,Unknown Genre,portrait
Early_Renaissance,Northern_Renaissance,0.8912469744682312,55800,28527,Unknown Artist,hieronymus-bosch,religious_painting,religious_painting
Baroque,Rococo,0.8369930982589722,17667,30000,rembrandt,Unknown Artist,portrait,portrait
High_Renaissance,Mannerism_Late_Renaissance,0.9018362760543823,68376,19219,Unknown Artist,tintoretto,Unknown Genre,religious_painting
Baroque,Rococo,0.9219747185707092,72887,74573,Unknown Artist,Unknown Artist,Unknown Genre,Unknown Genre
Mannerism_Late_Renaissance,Rococo,0.9195799827575684,30599,41259,tintoretto,Unknown Artist,religious_painting,religious_painting
High_Renaissance,Northern_Renaissance,0.8950762152671814,61949,4422,raphael,albrecht-durer,sketch_and_study,religious_painting
Mannerism_Late_Renaissance,Baroque,0.8524485230445862,64591,38510,el-greco,peter-paul-rubens,portrait,portrait
Early_Renaissance,Mannerism_Late_Renaissance,0.8404019474983215,46214,48217,Unknown Artist,tintoretto,religious_painting,religious_painting
High_Renaissance,Northern_Renaissance,0.860514223575592,28183,28589,Unknown Artist,hieronymus-bosch,portrait,portrait
Early_Renaissance,Baroque,0.8144667148590088,34453,48161,Unknown Artist,Unknown Artist,religious_painting,still_life
High_Renaissance,Mannerism_Late_Renaissance,0.8126617074012756,56764,78495,titian,Unknown Artist,religious_painting,Unknown Genre
Early_Renaissance,High_Renaissance,0.8733257055282593,21002,48869,leonardo-da-vinci,leonardo-da-vinci,portrait,sketch_and_study
Early_Renaissance,High_Renaissance,0.8783979415893555,27828,55878,Unknown Artist,Unknown Artist,religious_painting,religious_painting
Northern_Renaissance,Mannerism_Late_Renaissance,0.8622940182685852,49917,26021,hieronymus-bosch,el-greco,religious_painting,religious_painting
High_Renaissance,Mannerism_Late_Renaissance,0.8584169149398804,46415,28772,titian,titian,portrait,portrait
Early_Renaissance,Northern_Renaissance,0.8694124221801758,20866,71851,Unknown Artist,Unknown Artist,religious_painting,Unknown Genre
Baroque,Rococo,0.8419734239578247,78640,70471,Unknown Artist,Unknown Artist,Unknown Genre,Unknown Genre
Early_Renaissance,High_Renaissance,0.8851695656776428,19614,42440,pietro-perugino,pietro-perugino,religious_painting,religious_painting
High_Renaissance,Northern_Renaissance,0.858712911605835,70085,18101,Unknown Artist,Unknown Artist,Unknown Genre,Unknown Genre
Mannerism_Late_Renaissance,Baroque,0.8895471096038818,72138,71354,Unknown Artist,Unknown Artist,Unknown Genre,Unknown Genre
Early_Renaissance,Rococo,0.8760201930999756,56490,46751,Unknown Artist,Unknown Artist,religious_painting,genre_painting
Early_Renaissance,High_Renaissance,0.8218243718147278,45382,63509,Unknown Artist,Unknown Artist,religious_painting,portrait
Early_Renaissance,High_Renaissance,0.9167911410331726,62237,28996,leonardo-da-vinci,leonardo-da-vinci,sketch_and_study,sketch_and_study
High_Renaissance,Baroque,0.8527041673660278,51395,46093,Unknown Artist,peter-paul-rubens,religious_painting,religious_painting
Northern_Renaissance,Mannerism_Late_Renaissance,0.819733202457428,18090,70657,albrecht-durer,Unknown Artist,portrait,Unknown Genre
Early_Renaissance,Mannerism_Late_Renaissance,0.9112910628318787,61990,62038,Unknown Artist,Unknown Artist,sketch_and_study,sketch_and_study
High_Renaissance,Northern_Renaissance,0.8270730972290039,49223,57043,Unknown Artist,lucas-cranach-the-elder,portrait,religious_painting
Northern_Renaissance,Mannerism_Late_Renaissance,0.9127610325813293,81151,30599,Unknown Artist,tintoretto,Unknown Genre,religious_painting
High_Renaissance,Mannerism_Late_Renaissance,0.8593500256538391,20187,63760,Unknown Artist,paolo-veronese,portrait,portrait
High_Renaissance,Mannerism_Late_Renaissance,0.9077656865119934,22248,55809,raphael,Unknown Artist,religious_painting,religious_painting
Northern_Renaissance,High_Renaissance,0.8318768739700317,46263,26650,hans-holbein-the-younger,titian,portrait,portrait
Baroque,Rococo,0.8030269742012024,73252,68719,Unknown Artist,Unknown Artist,Unknown Genre,Unknown Genre
Mannerism_Late_Renaissance,Rococo,0.8254926800727844,63378,20690,Unknown Artist,Unknown Artist,portrait,portrait
Northern_Renaissance,Mannerism_Late_Renaissance,0.8919222354888916,46263,23814,hans-holbein-the-younger,Unknown Artist,portrait,portrait
Mannerism_Late_Renaissance,Baroque,0.8618202209472656,32888,64686,paolo-veronese,Unknown Artist,portrait,portrait
Early_Renaissance,High_Renaissance,0.8859718441963196,21567,26142,Unknown Artist,Unknown Artist,religious_painting,religious_painting
Northern_Renaissance,Mannerism_Late_Renaissance,0.8744932413101196,69185,45891,Unknown Artist,titian,Unknown Genre,religious_painting
Baroque,Rococo,0.8467822670936584,70402,44067,Unknown Artist,Unknown Artist,Unknown Genre,portrait
Early_Renaissance,High_Renaissance,0.9258286356925964,25709,55857,pietro-perugino,pietro-perugino,religious_painting,religious_painting
High_Renaissance,Mannerism_Late_Renaissance,0.8544020056724548,30981,40899,Unknown Artist,tintoretto,religious_painting,religious_painting
Early_Renaissance,Mannerism_Late_Renaissance,0.8373249769210815,24924,56317,Unknown Artist,el-greco,religious_painting,religious_painting
Mannerism_Late_Renaissance,Rococo,0.8243839740753174,47089,41989,tintoretto,Unknown Artist,portrait,portrait
Early_Renaissance,Northern_Renaissance,0.8783765435218811,45383,7634,Unknown Artist,albrecht-durer,sketch_and_study,genre_painting
Early_Renaissance,Northern_Renaissance,0.8950142860412598,42018,22586,Unknown Artist,hans-holbein-the-younger,religious_painting,religious_painting
High_Renaissance,Mannerism_Late_Renaissance,0.8045933246612549,32849,19857,Unknown Artist,Unknown Artist,portrait,portrait
Baroque,Rococo,0.8291040062904358,55400,46280,Unknown Artist,Unknown Artist,genre_painting,genre_painting
Mannerism_Late_Renaissance,Baroque,0.8775728940963745,45537,56961,paolo-veronese,Unknown Artist,religious_painting,religious_painting
Baroque,Rococo,0.864290177822113,71631,42198,Unknown Artist,Unknown Artist,Unknown Genre,portrait
Baroque,Rococo,0.8237648606300354,23320,63514,joshua-reynolds,Unknown Artist,portrait,portrait
High_Renaissance,Northern_Renaissance,0.8148025274276733,38058,37515,titian,lucas-cranach-the-elder,religious_painting,religious_painting
High_Renaissance,Baroque,0.8345474004745483,79382,52455,Unknown Artist,frans-hals,Unknown Genre,portrait
High_Renaissance,Northern_Renaissance,0.8594735264778137,56913,63732,titian,Unknown Artist,religious_painting,portrait
Early_Renaissance,High_Renaissance,0.9274795651435852,21752,46471,Unknown Artist,raphael,religious_painting,religious_painting
Northern_Renaissance,Mannerism_Late_Renaissance,0.8517643213272095,49917,44982,hieronymus-bosch,el-greco,religious_painting,religious_painting
High_Renaissance,Northern_Renaissance,0.8411696553230286,73606,61077,Unknown Artist,Unknown Artist,Unknown Genre,landscape
Early_Renaissance,Rococo,0.8493773341178894,56892,25575,Unknown Artist,Unknown Artist,religious_painting,religious_painting
High_Renaissance,Rococo,0.8604466915130615,49235,44846,titian,thomas-gainsborough,portrait,portrait
Baroque,Rococo,0.7917345762252808,6783,52123,rembrandt,Unknown Artist,portrait,portrait
High_Renaissance,Mannerism_Late_Renaissance,0.8923217058181763,24418,56281,titian,paolo-veronese,religious_painting,religious_painting
Early_Renaissance,Rococo,0.8927223682403564,21192,68493,Unknown Artist,Unknown Artist,religious_painting,Unknown Genre
Mannerism_Late_Renaissance,Rococo,0.8976390957832336,35147,69411,paolo-veronese,Unknown Artist,religious_painting,Unknown Genre
High_Renaissance,Northern_Renaissance,0.8665761351585388,56417,29383,Unknown Artist,hans-memling,religious_painting,religious_painting
Northern_Renaissance,High_Renaissance,0.9182696342468262,25485,23795,Unknown Artist,raphael,religious_painting,religious_painting
Northern_Renaissance,Baroque,0.8613666892051697,5166,25465,albrecht-durer,Unknown Artist,sketch_and_study,religious_painting
Northern_Renaissance,High_Renaissance,0.8371878266334534,41761,44282,Unknown Artist,Unknown Artist,portrait,portrait
Early_Renaissance,High_Renaissance,0.9213196635246277,26915,36038,pietro-perugino,Unknown Artist,religious_painting,religious_painting
Early_Renaissance,Baroque,0.85084068775177,26869,35002,Unknown Artist,bartolome-esteban-murillo,religious_painting,religious_painting
Early_Renaissance,Northern_Renaissance,0.8739296197891235,22846,24834,Unknown Artist,lucas-cranach-the-elder,portrait,portrait
Baroque,Rococo,0.7879691123962402,78685,63444,Unknown Artist,Unknown Artist,Unknown Genre,portrait
Baroque,Rococo,0.8376994729042053,78588,62011,Unknown Artist,Unknown Artist,Unknown Genre,sketch_and_study
Early_Renaissance,High_Renaissance,0.8241466283798218,46451,64870,Unknown Artist,Unknown Artist,portrait,portrait
Northern_Renaissance,Baroque,0.8466540575027466,81126,72887,Unknown Artist,Unknown Artist,Unknown Genre,Unknown Genre
Early_Renaissance,High_Renaissance,0.8240793347358704,46960,42669,Unknown Artist,Unknown Artist,religious_painting,portrait
Early_Renaissance,High_Renaissance,0.9093329906463623,36902,55705,Unknown Artist,Unknown Artist,religious_painting,religious_painting
High_Renaissance,Mannerism_Late_Renaissance,0.910973072052002,23282,32152,michelangelo,Unknown Artist,sketch_and_study,sketch_and_study
Mannerism_Late_Renaissance,Baroque,0.8996075391769409,35079,68324,tintoretto,Unknown Artist,religious_painting,Unknown Genre
Early_Renaissance,High_Renaissance,0.8473157286643982,80528,79357,Unknown Artist,Unknown Artist,Unknown Genre,Unknown Genre
Mannerism_Late_Renaissance,Baroque,0.9077032804489136,71446,78649,Unknown Artist,Unknown Artist,Unknown Genre,Unknown Genre
Baroque,Rococo,0.8009396195411682,44983,33409,Unknown Artist,Unknown Artist,still_life,still_life
Baroque,Rococo,0.810810387134552,62963,50437,joshua-reynolds,Unknown Artist,portrait,portrait
Northern_Renaissance,High_Renaissance,0.8745102882385254,72686,73606,Unknown Artist,Unknown Artist,Unknown Genre,Unknown Genre
Early_Renaissance,Baroque,0.7856903076171875,46991,78656,Unknown Artist,Unknown Artist,sketch_and_study,Unknown Genre
Early_Renaissance,High_Renaissance,0.8552482724189758,23253,27927,Unknown Artist,raphael,religious_painting,portrait
Northern_Renaissance,Mannerism_Late_Renaissance,0.8890023231506348,69185,38248,Unknown Artist,Unknown Artist,Unknown Genre,religious_painting
High_Renaissance,Baroque,0.894031822681427,23117,41723,titian,Unknown Artist,religious_painting,religious_painting
High_Renaissance,Mannerism_Late_Renaissance,0.885076105594635,32986,47313,Unknown Artist,paolo-veronese,religious_painting,religious_painting
High_Renaissance,Mannerism_Late_Renaissance,0.9211097359657288,49571,56268,titian,titian,religious_painting,religious_painting
Early_Renaissance,High_Renaissance,0.8951339721679688,74826,34573,Unknown Artist,michelangelo,Unknown Genre,religious_painting
High_Renaissance,Baroque,0.8937698602676392,20579,56840,Unknown Artist,Unknown Artist,religious_painting,religious_painting
Northern_Renaissance,High_Renaissance,0.8916332125663757,10124,56035,albrecht-durer,titian,religious_painting,religious_painting
High_Renaissance,Northern_Renaissance,0.8106479644775391,39753,23960,Unknown Artist,Unknown Artist,religious_painting,genre_painting
Baroque,Rococo,0.8367002606391907,63339,63109,Unknown Artist,Unknown Artist,portrait,portrait
High_Renaissance,Northern_Renaissance,0.8746503591537476,69294,11750,Unknown Artist,albrecht-durer,Unknown Genre,religious_painting
High_Renaissance,Northern_Renaissance,0.9171158075332642,56378,28394,Unknown Artist,Unknown Artist,religious_painting,religious_painting
Early_Renaissance,High_Renaissance,0.9026944041252136,55920,55906,pietro-perugino,pietro-perugino,religious_painting,religious_painting
High_Renaissance,Northern_Renaissance,0.878894567489624,62079,7444,michelangelo,albrecht-durer,sketch_and_study,nude_painting
High_Renaissance,Northern_Renaissance,0.8551781177520752,29774,55921,raphael,hans-holbein-the-younger,religious_painting,religious_painting
Early_Renaissance,Northern_Renaissance,0.8662377595901489,19508,68269,fra-angelico,Unknown Artist,religious_painting,Unknown Genre
Early_Renaissance,High_Renaissance,0.8360942006111145,25221,63327,Unknown Artist,raphael,portrait,portrait
Baroque,Rococo,0.8298011422157288,36331,37775,Unknown Artist,Unknown Artist,genre_painting,portrait
Early_Renaissance,Northern_Renaissance,0.858396053314209,21881,59093,Unknown Artist,Unknown Artist,religious_painting,landscape
Northern_Renaissance,Baroque,0.8055607080459595,19414,31757,hieronymus-bosch,Unknown Artist,religious_painting,still_life
High_Renaissance,Northern_Renaissance,0.8511099219322205,35102,63901,Unknown Artist,lucas-cranach-the-elder,portrait,portrait
Northern_Renaissance,Rococo,0.8183838129043579,68176,73330,Unknown Artist,Unknown Artist,Unknown Genre,Unknown Genre
Northern_Renaissance,Mannerism_Late_Renaissance,0.8671901226043701,49294,49700,hans-memling,el-greco,religious_painting,religious_painting
Northern_Renaissance,Mannerism_Late_Renaissance,0.8747366666793823,56539,33110,Unknown Artist,paolo-veronese,religious_painting,religious_painting
Mannerism_Late_Renaissance,Baroque,0.8780764937400818,23196,19721,el-greco,peter-paul-rubens,religious_painting,religious_painting
Mannerism_Late_Renaissance,Rococo,0.895903468132019,43871,24028,el-greco,Unknown Artist,religious_painting,religious_painting
Early_Renaissance,High_Renaissance,0.8742756843566895,56797,56675,Unknown Artist,Unknown Artist,religious_painting,religious_painting
Early_Renaissance,Mannerism_Late_Renaissance,0.889641523361206,56862,38196,Unknown Artist,titian,religious_painting,religious_painting
Early_Renaissance,High_Renaissance,0.8923500776290894,49658,79352,Unknown Artist,Unknown Artist,sketch_and_study,Unknown Genre
Northern_Renaissance,High_Renaissance,0.8875502347946167,18116,79393,albrecht-durer,Unknown Artist,religious_painting,Unknown Genre
Early_Renaissance,Mannerism_Late_Renaissance,0.8729597330093384,25463,76235,Unknown Artist,Unknown Artist,religious_painting,Unknown Genre
Baroque,Rococo,0.8422219157218933,65085,70939,jacob-jordaens,Unknown Artist,portrait,Unknown Genre
Early_Renaissance,Northern_Renaissance,0.8282623291015625,41270,81133,Unknown Artist,Unknown Artist,religious_painting,Unknown Genre
Early_Renaissance,Northern_Renaissance,0.8031066656112671,56737,11018,Unknown Artist,albrecht-durer,religious_painting,genre_painting
Northern_Renaissance,Mannerism_Late_Renaissance,0.8993527293205261,56380,76609,Unknown Artist,Unknown Artist,religious_painting,Unknown Genre
Early_Renaissance,High_Renaissance,0.8654255270957947,57022,33000,Unknown Artist,michelangelo,religious_painting,religious_painting
Baroque,Rococo,0.9115487337112427,20685,29064,peter-paul-rubens,Unknown Artist,portrait,portrait
Early_Renaissance,Northern_Renaissance,0.9165006875991821,24726,56556,Unknown Artist,hieronymus-bosch,religious_painting,religious_painting
Northern_Renaissance,Mannerism_Late_Renaissance,0.8711467981338501,46968,28641,Unknown Artist,Unknown Artist,religious_painting,cityscape
Early_Renaissance,High_Renaissance,0.868462324142456,56309,56370,Unknown Artist,Unknown Artist,religious_painting,religious_painting
Northern_Renaissance,Baroque,0.830561101436615,17996,8039,albrecht-durer,rembrandt,genre_painting,genre_painting
Northern_Renaissance,Mannerism_Late_Renaissance,0.871351420879364,72904,69859,Unknown Artist,Unknown Artist,Unknown Genre,Unknown Genre
High_Renaissance,Northern_Renaissance,0.7328684329986572,34470,6736,leonardo-da-vinci,albrecht-durer,sketch_and_study,portrait
High_Renaissance,Mannerism_Late_Renaissance,0.8958364129066467,45618,69880,Unknown Artist,Unknown Artist,religious_painting,Unknown Genre
High_Renaissance,Mannerism_Late_Renaissance,0.9222970604896545,42532,44684,titian,Unknown Artist,sketch_and_study,sketch_and_study
High_Renaissance,Mannerism_Late_Renaissance,0.9029558897018433,79404,70225,Unknown Artist,Unknown Artist,Unknown Genre,Unknown Genre
High_Renaissance,Northern_Renaissance,0.8996012806892395,36038,39535,Unknown Artist,Unknown Artist,religious_painting,religious_painting
Early_Renaissance,Northern_Renaissance,0.8682684302330017,56429,57006,leonardo-da-vinci,hieronymus-bosch,religious_painting,religious_painting
High_Renaissance,Baroque,0.8704084753990173,45243,27080,Unknown Artist,Unknown Artist,religious_painting,religious_painting
Early_Renaissance,Northern_Renaissance,0.9297996163368225,56604,34406,leonardo-da-vinci,Unknown Artist,religious_painting,religious_painting
Early_Renaissance,Northern_Renaissance,0.9033183455467224,55605,24222,pietro-perugino,Unknown Artist,religious_painting,religious_painting
Northern_Renaissance,High_Renaissance,0.8766782879829407,18062,26221,albrecht-durer,michelangelo,sketch_and_study,sketch_and_study
Northern_Renaissance,Rococo,0.852900505065918,41761,49799,Unknown Artist,Unknown Artist,portrait,portrait
High_Renaissance,Mannerism_Late_Renaissance,0.9105505347251892,43505,55958,Unknown Artist,paolo-veronese,religious_painting,religious_painting
Early_Renaissance,Northern_Renaissance,0.8828932046890259,49770,46300,Unknown Artist,Unknown Artist,religious_painting,religious_painting
Early_Renaissance,Northern_Renaissance,0.8704385161399841,34184,45867,Unknown Artist,lucas-cranach-the-elder,genre_painting,religious_painting
Early_Renaissance,High_Renaissance,0.8625630140304565,20322,29891,leonardo-da-vinci,leonardo-da-vinci,sketch_and_study,sketch_and_study
Early_Renaissance,Northern_Renaissance,0.8456155061721802,31565,35405,Unknown Artist,Unknown Artist,religious_painting,genre_painting
High_Renaissance,Northern_Renaissance,0.8435642123222351,41238,23331,Unknown Artist,Unknown Artist,religious_painting,genre_painting
Baroque,Rococo,0.8646210432052612,65085,39281,jacob-jordaens,Unknown Artist,portrait,genre_painting
Baroque,Rococo,0.8257526755332947,30064,63965,anthony-van-dyck,Unknown Artist,portrait,portrait
High_Renaissance,Mannerism_Late_Renaissance,0.8885725140571594,20501,55661,Unknown Artist,Unknown Artist,religious_painting,religious_painting
High_Renaissance,Northern_Renaissance,0.8168137669563293,66046,37897,Unknown Artist,lucas-cranach-the-elder,portrait,portrait
High_Renaissance,Northern_Renaissance,0.8315750360488892,56347,52170,titian,Unknown Artist,religious_painting,religious_painting
High_Renaissance,Northern_Renaissance,0.845497190952301,51537,65796,Unknown Artist,Unknown Artist,portrait,portrait
Northern_Renaissance,High_Renaissance,0.9160877466201782,81123,70624,Unknown Artist,Unknown Artist,Unknown Genre,Unknown Genre
Early_Renaissance,High_Renaissance,0.8596510291099548,19614,57193,pietro-perugino,michelangelo,religious_painting,nude_painting
Baroque,Rococo,0.9083297848701477,74682,70550,Unknown Artist,Unknown Artist,Unknown Genre,Unknown Genre
Early_Renaissance,High_Renaissance,0.8997120261192322,46523,49155,Unknown Artist,raphael,religious_painting,religious_painting
Northern_Renaissance,High_Renaissance,0.8904194235801697,65853,30991,lucas-cranach-the-elder,Unknown Artist,portrait,portrait
High_Renaissance,Northern_Renaissance,0.8583016991615295,31157,31454,pietro-perugino,hans-memling,religious_painting,portrait
Northern_Renaissance,High_Renaissance,0.9001505970954895,2501,40689,Unknown Artist,leonardo-da-vinci,Unknown Genre,sketch_and_study
Early_Renaissance,High_Renaissance,0.8127060532569885,38339,56276,Unknown Artist,Unknown Artist,religious_painting,religious_painting
High_Renaissance,Northern_Renaissance,0.9183565974235535,56786,56506,raphael,Unknown Artist,religious_painting,religious_painting
Mannerism_Late_Renaissance,Rococo,0.8440548181533813,37776,54968,titian,thomas-gainsborough,portrait,genre_painting
High_Renaissance,Baroque,0.8804971575737,62306,39872,leonardo-da-vinci,bartolome-esteban-murillo,sketch_and_study,sketch_and_study
High_Renaissance,Mannerism_Late_Renaissance,0.8432645797729492,56249,28972,Unknown Artist,Unknown Artist,religious_painting,religious_painting
Northern_Renaissance,High_Renaissance,0.7708613276481628,5071,56764,albrecht-durer,titian,portrait,religious_painting
Baroque,Rococo,0.8705205321311951,62974,30763,Unknown Artist,thomas-gainsborough,portrait,portrait
High_Renaissance,Rococo,0.8483837842941284,37872,74430,raphael,Unknown Artist,religious_painting,Unknown Genre
Baroque,Rococo,0.841581404209137,64322,65926,Unknown Artist,Unknown Artist,portrait,portrait
Mannerism_Late_Renaissance,Rococo,0.862129271030426,44636,63546,Unknown Artist,Unknown Artist,religious_painting,portrait
Early_Renaissance,Mannerism_Late_Renaissance,0.856830894947052,56623,31336,Unknown Artist,tintoretto,religious_painting,religious_painting
High_Renaissance,Northern_Renaissance,0.8683421015739441,45028,55763,Unknown Artist,Unknown Artist,religious_painting,religious_painting
Mannerism_Late_Renaissance,Baroque,0.9101060032844543,56394,33441,el-greco,Unknown Artist,religious_painting,religious_painting
Northern_Renaissance,High_Renaissance,0.83365797996521,17980,40150,albrecht-durer,leonardo-da-vinci,portrait,sketch_and_study
Mannerism_Late_Renaissance,Baroque,0.8170837759971619,20617,19917,Unknown Artist,Unknown Artist,portrait,portrait
High_Renaissance,Northern_Renaissance,0.8310180902481079,27974,8238,michelangelo,albrecht-durer,sketch_and_study,portrait
Early_Renaissance,Northern_Renaissance,0.8164570927619934,38461,17995,Unknown Artist,albrecht-durer,religious_painting,landscape
Mannerism_Late_Renaissance,Baroque,0.8669911623001099,40169,22236,Unknown Artist,peter-paul-rubens,religious_painting,sketch_and_study
Northern_Renaissance,Mannerism_Late_Renaissance,0.8798606395721436,81115,23961,Unknown Artist,tintoretto,Unknown Genre,religious_painting
Baroque,Rococo,0.9315318465232849,68651,80054,Unknown Artist,Unknown Artist,Unknown Genre,Unknown Genre
Northern_Renaissance,Baroque,0.8375145196914673,5826,6267,albrecht-durer,rembrandt,portrait,Unknown Genre
High_Renaissance,Mannerism_Late_Renaissance,0.9369601607322693,24288,55843,pietro-perugino,Unknown Artist,religious_painting,religious_painting
Mannerism_Late_Renaissance,Rococo,0.8681409358978271,21728,33348,titian,joshua-reynolds,religious_painting,portrait
Mannerism_Late_Renaissance,Baroque,0.8790079355239868,65985,47577,titian,anthony-van-dyck,portrait,portrait
Mannerism_Late_Renaissance,Baroque,0.8448601961135864,47187,17601,Unknown Artist,rembrandt,religious_painting,religious_painting
High_Renaissance,Mannerism_Late_Renaissance,0.8645285367965698,65674,35216,titian,titian,portrait,portrait
Early_Renaissance,High_Renaissance,0.8918145895004272,19983,30880,leonardo-da-vinci,Unknown Artist,portrait,portrait
Early_Renaissance,Northern_Renaissance,0.8488589525222778,25963,46441,Unknown Artist,hieronymus-bosch,religious_painting,religious_painting
Baroque,Rococo,0.767856240272522,17627,68262,rembrandt,Unknown Artist,portrait,Unknown Genre
High_Renaissance,Northern_Renaissance,0.7283547520637512,32849,65835,Unknown Artist,hans-holbein-the-younger,portrait,portrait
Northern_Renaissance,High_Renaissance,0.884741485118866,6696,37000,albrecht-durer,Unknown Artist,religious_painting,portrait
High_Renaissance,Northern_Renaissance,0.8708887696266174,31157,53049,pietro-perugino,Unknown Artist,religious_painting,portrait
Northern_Renaissance,High_Renaissance,0.8873276710510254,72681,70019,Unknown Artist,Unknown Artist,Unknown Genre,Unknown Genre
Baroque,Rococo,0.9251767992973328,58969,72458,Unknown Artist,Unknown Artist,landscape,Unknown Genre
Mannerism_Late_Renaissance,Baroque,0.8982417583465576,57044,55967,tintoretto,Unknown Artist,religious_painting,religious_painting
Early_Renaissance,Northern_Renaissance,0.8611354827880859,42576,40348,Unknown Artist,Unknown Artist,religious_painting,portrait
High_Renaissance,Mannerism_Late_Renaissance,0.872738778591156,56060,69451,Unknown Artist,Unknown Artist,religious_painting,Unknown Genre
Northern_Renaissance,High_Renaissance,0.8593302369117737,12026,38058,albrecht-durer,titian,religious_painting,religious_painting
High_Renaissance,Mannerism_Late_Renaissance,0.8836343884468079,57515,23967,michelangelo,el-greco,nude_painting,religious_painting
Early_Renaissance,High_Renaissance,0.876892626285553,48900,38149,leonardo-da-vinci,leonardo-da-vinci,religious_painting,religious_painting
Early_Renaissance,Northern_Renaissance,0.861261248588562,22846,63602,Unknown Artist,Unknown Artist,portrait,portrait
Early_Renaissance,Northern_Renaissance,0.8302322626113892,36314,23385,Unknown Artist,hieronymus-bosch,religious_painting,religious_painting
Mannerism_Late_Renaissance,Baroque,0.8574941754341125,63056,27183,paolo-veronese,anthony-van-dyck,portrait,portrait
Northern_Renaissance,Rococo,0.9119114875793457,17960,21264,albrecht-durer,Unknown Artist,religious_painting,sketch_and_study
Northern_Renaissance,High_Renaissance,0.8721126317977905,18163,41966,albrecht-durer,Unknown Artist,religious_painting,religious_painting
Baroque,Rococo,0.912835955619812,71282,68922,Unknown Artist,Unknown Artist,Unknown Genre,Unknown Genre
Early_Renaissance,High_Renaissance,0.8270183801651001,25320,30831,Unknown Artist,leonardo-da-vinci,sketch_and_study,portrait
Early_Renaissance,Northern_Renaissance,0.8478022217750549,45946,19735,Unknown Artist,Unknown Artist,religious_painting,illustration
High_Renaissance,Mannerism_Late_Renaissance,0.8732019066810608,39783,29659,titian,paolo-veronese,religious_painting,religious_painting
Baroque,Rococo,0.8031622171401978,64686,64969,Unknown Artist,Unknown Artist,portrait,portrait
High_Renaissance,Mannerism_Late_Renaissance,0.8378848433494568,39288,56890,Unknown Artist,el-greco,portrait,religious_painting
Early_Renaissance,Northern_Renaissance,0.8783778548240662,55800,44553,Unknown Artist,lucas-cranach-the-elder,religious_painting,religious_painting
Mannerism_Late_Renaissance,Baroque,0.8481281399726868,47089,63486,tintoretto,Unknown Artist,portrait,portrait
Baroque,Rococo,0.8873083591461182,78574,68414,Unknown Artist,Unknown Artist,Unknown Genre,Unknown Genre
Early_Renaissance,Northern_Renaissance,0.6730541586875916,41501,6856,leonardo-da-vinci,Unknown Artist,sketch_and_study,Unknown Genre
Early_Renaissance,Northern_Renaissance,0.8993780016899109,21326,27803,Unknown Artist,Unknown Artist,religious_painting,religious_painting
Early_Renaissance,High_Renaissance,0.9182681441307068,51425,46602,pietro-perugino,pietro-perugino,religious_painting,religious_painting
High_Renaissance,Northern_Renaissance,0.8953050374984741,72848,20098,Unknown Artist,lucas-cranach-the-elder,Unknown Genre,religious_painting
Early_Renaissance,Northern_Renaissance,0.8563295602798462,56429,38907,leonardo-da-vinci,hieronymus-bosch,religious_painting,religious_painting
Early_Renaissance,High_Renaissance,0.8925315737724304,51437,22541,Unknown Artist,raphael,religious_painting,religious_painting
High_Renaissance,Baroque,0.814849853515625,45272,52214,Unknown Artist,Unknown Artist,religious_painting,genre_painting
High_Renaissance,Mannerism_Late_Renaissance,0.8676919341087341,50486,38438,titian,paolo-veronese,portrait,portrait
High_Renaissance,Northern_Renaissance,0.8023983240127563,28183,781,Unknown Artist,albrecht-durer,portrait,portrait
Mannerism_Late_Renaissance,Baroque,0.8660635352134705,56704,19859,paolo-veronese,Unknown Artist,religious_painting,religious_painting
High_Renaissance,Baroque,0.8436341285705566,65170,63996,titian,peter-paul-rubens,portrait,portrait
Baroque,Rococo,0.8279091715812683,17743,47657,rembrandt,Unknown Artist,portrait,portrait
Early_Renaissance,Northern_Renaissance,0.8107991218566895,28194,18026,Unknown Artist,albrecht-durer,religious_painting,portrait
Baroque,Rococo,0.874695360660553,13133,57417,rembrandt,Unknown Artist,nude_painting,nude_painting
Early_Renaissance,Mannerism_Late_Renaissance,0.8991260528564453,25751,56674,Unknown Artist,el-greco,religious_painting,religious_painting
Early_Renaissance,Northern_Renaissance,0.8676195740699768,41270,48757,Unknown Artist,Unknown Artist,religious_painting,religious_painting
Mannerism_Late_Renaissance,Baroque,0.8637394309043884,78455,75611,Unknown Artist,Unknown Artist,Unknown Genre,Unknown Genre
Mannerism_Late_Renaissance,Baroque,0.7919711470603943,51180,63226,Unknown Artist,Unknown Artist,portrait,portrait
Mannerism_Late_Renaissance,Baroque,0.924111545085907,25719,19757,paolo-veronese,Unknown Artist,religious_painting,religious_painting
Baroque,Rococo,0.8916592597961426,27162,25103,peter-paul-rubens,Unknown Artist,portrait,portrait
Baroque,Rococo,0.8844192624092102,52214,33925,Unknown Artist,thomas-gainsborough,genre_painting,landscape
Mannerism_Late_Renaissance,Baroque,0.854319155216217,56704,53974,paolo-veronese,Unknown Artist,religious_painting,genre_painting
High_Renaissance,Mannerism_Late_Renaissance,0.8804735541343689,25182,56129,Unknown Artist,el-greco,religious_painting,religious_painting
Northern_Renaissance,Mannerism_Late_Renaissance,0.8743183016777039,63602,37020,Unknown Artist,Unknown Artist,portrait,portrait
Northern_Renaissance,High_Renaissance,0.8893661499023438,76990,30942,Unknown Artist,raphael,Unknown Genre,religious_painting
Early_Renaissance,Northern_Renaissance,0.8981859087944031,30622,31506,Unknown Artist,hans-memling,portrait,portrait
Northern_Renaissance,Rococo,0.8706498146057129,27364,68182,Unknown Artist,Unknown Artist,genre_painting,Unknown Genre
High_Renaissance,Baroque,0.8068976998329163,46517,75330,titian,Unknown Artist,religious_painting,Unknown Genre
Northern_Renaissance,Mannerism_Late_Renaissance,0.8193386793136597,40830,27094,Unknown Artist,el-greco,portrait,portrait
Mannerism_Late_Renaissance,Baroque,0.7989183068275452,62523,17754,Unknown Artist,rembrandt,sketch_and_study,Unknown Genre
High_Renaissance,Northern_Renaissance,0.9022285342216492,56614,7689,pietro-perugino,albrecht-durer,religious_painting,religious_painting
Mannerism_Late_Renaissance,Rococo,0.869992733001709,75139,80092,Unknown Artist,Unknown Artist,Unknown Genre,Unknown Genre
Baroque,Rococo,0.8364328742027283,30064,19137,anthony-van-dyck,Unknown Artist,portrait,portrait
High_Renaissance,Mannerism_Late_Renaissance,0.8850290179252625,41661,36403,titian,tintoretto,portrait,portrait
Early_Renaissance,Mannerism_Late_Renaissance,0.8751157522201538,56066,36346,Unknown Artist,Unknown Artist,religious_painting,sketch_and_study
Early_Renaissance,Northern_Renaissance,0.8219394683837891,52547,41248,fra-angelico,Unknown Artist,religious_painting,portrait
Early_Renaissance,High_Renaissance,0.866521418094635,55997,37457,Unknown Artist,pietro-perugino,religious_painting,religious_painting
Early_Renaissance,High_Renaissance,0.9119472503662109,28744,56896,Unknown Artist,Unknown Artist,religious_painting,religious_painting
High_Renaissance,Baroque,0.8066340684890747,52212,78558,Unknown Artist,Unknown Artist,portrait,Unknown Genre
Early_Renaissance,High_Renaissance,0.8923790454864502,29714,25222,Unknown Artist,Unknown Artist,religious_painting,religious_painting
High_Renaissance,Mannerism_Late_Renaissance,0.8765009641647339,47828,48159,Unknown Artist,Unknown Artist,religious_painting,religious_painting
Early_Renaissance,High_Renaissance,0.9047247767448425,36902,31767,Unknown Artist,raphael,religious_painting,religious_painting
Mannerism_Late_Renaissance,Rococo,0.8651936650276184,65163,25673,tintoretto,Unknown Artist,portrait,sketch_and_study
Northern_Renaissance,Baroque,0.8160089254379272,30167,55018,Unknown Artist,Unknown Artist,genre_painting,genre_painting
High_Renaissance,Mannerism_Late_Renaissance,0.9179738759994507,31767,55941,raphael,tintoretto,religious_painting,religious_painting
Mannerism_Late_Renaissance,Baroque,0.8612210154533386,25088,24241,el-greco,anthony-van-dyck,portrait,portrait
Early_Renaissance,High_Renaissance,0.8880867958068848,42368,30544,Unknown Artist,raphael,religious_painting,religious_painting
Mannerism_Late_Renaissance,Rococo,0.8239061832427979,23711,65015,paolo-veronese,joshua-reynolds,religious_painting,portrait
High_Renaissance,Northern_Renaissance,0.879463255405426,79393,44693,Unknown Artist,Unknown Artist,Unknown Genre,religious_painting
Baroque,Rococo,0.9176156520843506,78656,71292,Unknown Artist,Unknown Artist,Unknown Genre,Unknown Genre
Early_Renaissance,Rococo,0.8744092583656311,50546,80052,Unknown Artist,Unknown Artist,religious_painting,Unknown Genre
Northern_Renaissance,High_Renaissance,0.8755512833595276,56318,55781,Unknown Artist,Unknown Artist,religious_painting,religious_painting
Early_Renaissance,High_Renaissance,0.8899922966957092,71857,39715,Unknown Artist,raphael,Unknown Genre,sketch_and_study
Mannerism_Late_Renaissance,Baroque,0.8207960724830627,21180,63870,Unknown Artist,anthony-van-dyck,religious_painting,portrait
Mannerism_Late_Renaissance,Baroque,0.8838834166526794,50133,56607,Unknown Artist,jacob-jordaens,religious_painting,religious_painting
Northern_Renaissance,High_Renaissance,0.8648552298545837,31078,32099,hans-holbein-the-younger,Unknown Artist,portrait,portrait
High_Renaissance,Northern_Renaissance,0.8237005472183228,75777,18024,Unknown Artist,Unknown Artist,Unknown Genre,Unknown Genre
Baroque,Rococo,0.8730172514915466,30360,41183,Unknown Artist,Unknown Artist,genre_painting,genre_painting
Early_Renaissance,High_Renaissance,0.841583251953125,34453,46517,Unknown Artist,titian,religious_painting,religious_painting
Baroque,Rococo,0.8776416182518005,40707,51330,anthony-van-dyck,joshua-reynolds,portrait,portrait
Mannerism_Late_Renaissance,Baroque,0.836574375629425,78456,1484,Unknown Artist,rembrandt,Unknown Genre,Unknown Genre
Early_Renaissance,Mannerism_Late_Renaissance,0.9093297719955444,25482,26297,pietro-perugino,Unknown Artist,religious_painting,religious_painting
Northern_Renaissance,High_Renaissance,0.8782817125320435,69185,25211,Unknown Artist,Unknown Artist,Unknown Genre,religious_painting
Early_Renaissance,High_Renaissance,0.9234074354171753,62125,19938,Unknown Artist,michelangelo,sketch_and_study,sketch_and_study
Baroque,Rococo,0.866130530834198,78566,58691,Unknown Artist,canaletto,Unknown Genre,landscape
High_Renaissance,Mannerism_Late_Renaissance,0.9236680269241333,56839,25184,Unknown Artist,Unknown Artist,religious_painting,religious_painting
Northern_Renaissance,High_Renaissance,0.9259414076805115,28659,57155,Unknown Artist,Unknown Artist,religious_painting,religious_painting
Northern_Renaissance,High_Renaissance,0.8320525288581848,75924,32027,Unknown Artist,Unknown Artist,Unknown Genre,religious_painting
Baroque,Rococo,0.857422947883606,78691,80015,Unknown Artist,Unknown Artist,Unknown Genre,Unknown Genre
High_Renaissance,Baroque,0.8969517350196838,45272,76459,Unknown Artist,Unknown Artist,religious_painting,Unknown Genre
Early_Renaissance,Baroque,0.8305284976959229,34453,39147,Unknown Artist,Unknown Artist,religious_painting,still_life
Northern_Renaissance,High_Renaissance,0.8734669089317322,81086,34452,Unknown Artist,Unknown Artist,Unknown Genre,portrait
Early_Renaissance,High_Renaissance,0.881568968296051,56306,45856,Unknown Artist,raphael,religious_painting,portrait
Northern_Renaissance,Baroque,0.8776556849479675,30167,48088,Unknown Artist,Unknown Artist,genre_painting,genre_painting
Mannerism_Late_Renaissance,Baroque,0.8535360097885132,35995,47446,titian,anthony-van-dyck,religious_painting,religious_painting
Northern_Renaissance,High_Renaissance,0.8902045488357544,56985,21503,hans-memling,Unknown Artist,religious_painting,religious_painting
Early_Renaissance,Northern_Renaissance,0.8353879451751709,56737,81147,Unknown Artist,Unknown Artist,religious_painting,Unknown Genre
Baroque,Rococo,0.8639755249023438,26732,32071,Unknown Artist,Unknown Artist,cityscape,cityscape
High_Renaissance,Mannerism_Late_Renaissance,0.9119817018508911,41037,47149,michelangelo,Unknown Artist,sketch_and_study,religious_painting
Early_Renaissance,High_Renaissance,0.8664969205856323,68566,55737,Unknown Artist,michelangelo,Unknown Genre,religious_painting
Northern_Renaissance,Mannerism_Late_Renaissance,0.9219440221786499,81151,19763,Unknown Artist,tintoretto,Unknown Genre,religious_painting
Mannerism_Late_Renaissance,Baroque,0.9014384746551514,49406,56391,paolo-veronese,Unknown Artist,religious_painting,religious_painting
Baroque,Rococo,0.8604873418807983,62963,63281,joshua-reynolds,Unknown Artist,portrait,portrait
Early_Renaissance,Northern_Renaissance,0.7983294725418091,30622,24750,Unknown Artist,hans-holbein-the-younger,portrait,sketch_and_study
High_Renaissance,Northern_Renaissance,0.9224967956542969,77249,74470,Unknown Artist,Unknown Artist,Unknown Genre,Unknown Genre
Northern_Renaissance,High_Renaissance,0.8646005988121033,81123,27560,Unknown Artist,Unknown Artist,Unknown Genre,religious_painting
Baroque,Rococo,0.8601627349853516,78539,28188,Unknown Artist,Unknown Artist,Unknown Genre,sketch_and_study
High_Renaissance,Northern_Renaissance,0.8635114431381226,39920,4933,raphael,albrecht-durer,religious_painting,religious_painting
Northern_Renaissance,Baroque,0.8497879505157471,21368,26850,Unknown Artist,Unknown Artist,landscape,landscape
High_Renaissance,Baroque,0.7628750801086426,25297,78685,titian,Unknown Artist,portrait,Unknown Genre
Early_Renaissance,High_Renaissance,0.9226810336112976,23386,55813,fra-angelico,Unknown Artist,religious_painting,religious_painting
Early_Renaissance,High_Renaissance,0.9000882506370544,56727,56709,fra-angelico,raphael,religious_painting,religious_painting
Early_Renaissance,High_Renaissance,0.8793781399726868,35109,36708,fra-angelico,michelangelo,religious_painting,religious_painting
Baroque,Rococo,0.8427153825759888,49663,80068,Unknown Artist,Unknown Artist,cityscape,Unknown Genre
Early_Renaissance,Northern_Renaissance,0.8913783431053162,56952,39536,Unknown Artist,Unknown Artist,religious_painting,religious_painting
High_Renaissance,Mannerism_Late_Renaissance,0.8786054849624634,67799,43032,Unknown Artist,paolo-veronese,Unknown Genre,religious_painting
Early_Renaissance,Northern_Renaissance,0.8831056356430054,55863,72965,Unknown Artist,Unknown Artist,religious_painting,Unknown Genre
Mannerism_Late_Renaissance,Baroque,0.9065654277801514,76900,72418,Unknown Artist,Unknown Artist,Unknown Genre,Unknown Genre
Baroque,Rococo,0.885560154914856,769,45626,rembrandt,Unknown Artist,portrait,portrait
Early_Renaissance,Northern_Renaissance,0.8428096771240234,32725,362,Unknown Artist,albrecht-durer,religious_painting,religious_painting
Early_Renaissance,High_Renaissance,0.9547492265701294,56355,56614,Unknown Artist,pietro-perugino,religious_painting,religious_painting
Early_Renaissance,Mannerism_Late_Renaissance,0.9181179404258728,20738,40117,Unknown Artist,Unknown Artist,religious_painting,religious_painting
Early_Renaissance,Northern_Renaissance,0.8556334376335144,32315,68593,fra-angelico,Unknown Artist,religious_painting,Unknown Genre
High_Renaissance,Northern_Renaissance,0.8629222512245178,35997,40810,Unknown Artist,lucas-cranach-the-elder,religious_painting,religious_painting
Early_Renaissance,Northern_Renaissance,0.8628807067871094,56703,48806,Unknown Artist,Unknown Artist,religious_painting,religious_painting
Northern_Renaissance,Baroque,0.7920858860015869,33808,17596,Unknown Artist,rembrandt,portrait,Unknown Genre
