idx,artist_id,artist_name,genre_id,genre_name,style_id,style_name,width,height,image_mode,phash,duplicate_group,duplicate_group_size
25182,0,Unknown Artist,7,religious_painting,11,High_Renaissance,1382,2820,RGB,dcfb3327044c9933,0,1
31550,58,pietro-perugino,7,religious_painting,11,High_Renaissance,1382,2075,RGB,f6a8fda6c1809794,1,1
34042,77,titian,7,religious_painting,13,Mannerism_Late_Renaissance,1382,1571,RGB,b79649b41a493c5e,2,1
56125,0,Unknown Artist,7,religious_painting,8,Early_Renaissance,1382,2181,RGB,b1f0aeb353422ee1,3,1
56401,77,titian,7,religious_painting,11,High_Renaissance,1382,1391,RGB,99d947366a64245f,4,1
37422,0,Unknown Artist,2,genre_painting,4,Baroque,1382,1653,RGB,d8f82d0b83671cf8,5,1
47245,0,Unknown Artist,2,genre_painting,22,Rococo,1382,1733,RGB,cd32b14cb3552cf1,6,1
20894,69,raphael,8,sketch_and_study,11,High_Renaissance,1382,1951,RGB,e51c9069de276696,7,1
44263,0,Unknown Artist,7,religious_painting,13,Mannerism_Late_Renaissance,1382,1776,RGB,aa842fa9c26ee743,8,1
21552,0,Unknown Artist,2,genre_painting,4,Baroque,1711,1382,RGB,8d85c393b43a4be9,9,1
37577,0,Unknown Artist,7,religious_painting,8,Early_Renaissance,1829,1382,RGB,83f0cf1c8f4d66c8,10,1
61990,0,Unknown Artist,8,sketch_and_study,8,Early_Renaissance,1382,2073,RGB,eca5c214bb674749,11,1
56862,0,Unknown Artist,7,religious_painting,8,Early_Renaissance,1382,3617,RGB,e6ac12d7a11a6e39,12,1
49846,69,raphael,7,religious_painting,11,High_Renaissance,2772,1382,RGB,a0cb27b2387c1f4b,13,1
40469,67,tintoretto,7,religious_painting,13,Mannerism_Late_Renaissance,1382,1870,RGB,dada529ecc3391c1,14,1
55980,38,fra-angelico,7,religious_painting,8,Early_Renaissance,1382,1937,RGB,fb00883b257fc4f2,15,1
26405,0,Unknown Artist,1,cityscape,22,Rococo,1849,1382,RGB,9095af6a685b56c5,16,1
24638,0,Unknown Artist,7,religious_painting,4,Baroque,1382,2112,RGB,9cc9966e2d7221e3,17,1
51673,0,Unknown Artist,2,genre_painting,4,Baroque,1382,1629,RGB,f6e59514b86b4f40,18,1
51445,69,raphael,7,religious_painting,11,High_Renaissance,2072,1382,RGB,ee3245bd137601d5,19,1
75777,0,Unknown Artist,10,Unknown Genre,11,High_Renaissance,1901,1382,RGB,ab2ff617c95081d1,20,1
56706,121,el-greco,7,religious_painting,13,Mannerism_Late_Renaissance,1382,1636,RGB,f5421aed3e654893,21,1
40812,24,leonardo-da-vinci,6,portrait,11,High_Renaissance,1382,1628,RGB,ab231a38bac361d7,22,1
68561,0,Unknown Artist,10,Unknown Genre,11,High_Renaissance,6608,1382,RGB,84c4e4f1333c3d1f,23,1
59668,0,Unknown Artist,4,landscape,22,Rococo,2186,1382,RGB,95a86a75b1b84e17,24,1
22357,0,Unknown Artist,7,religious_painting,11,High_Renaissance,2991,1382,RGB,947b154ca3714ed6,25,1
33516,0,Unknown Artist,9,still_life,4,Baroque,1603,1382,RGB,b500fe7199651d55,26,1
63248,0,Unknown Artist,6,portrait,22,Rococo,1382,1748,RGB,ccb873632c9c9a66,27,1
42905,0,Unknown Artist,6,portrait,13,Mannerism_Late_Renaissance,1381,1893,RGB,c03f3cb0b1732765,28,1
26167,38,fra-angelico,7,religious_painting,8,Early_Renaissance,2839,1382,RGB,ceb6a09357e82cf0,29,1
18017,25,albrecht-durer,2,genre_painting,17,Northern_Renaissance,7735,1382,RGB,8781783f9c60f30f,30,1
29414,0,Unknown Artist,7,religious_painting,11,High_Renaissance,1382,1679,RGB,c4043a732f3c35cf,31,1
55806,0,Unknown Artist,7,religious_painting,8,Early_Renaissance,2859,1382,RGB,8592f266646c49fb,32,1
48287,38,fra-angelico,7,religious_painting,8,Early_Renaissance,1382,1647,RGB,967dc1c7fa72c104,33,1
58562,0,Unknown Artist,1,cityscape,22,Rococo,2379,1382,RGB,97d5ce4835b64ac1,34,1
73047,0,Unknown Artist,10,Unknown Genre,11,High_Renaissance,1382,2040,RGB,e6f5a49298a509de,35,1
8522,20,rembrandt,7,religious_painting,4,Baroque,1382,1783,RGB,bb85b23acd63c462,36,1
71224,0,Unknown Artist,10,Unknown Genre,4,Baroque,2280,1382,RGB,819f7a682567e686,37,1
37582,87,michelangelo,5,nude_painting,11,High_Renaissance,1382,1888,RGB,cfbfd30112e4874c,38,1
70518,0,Unknown Artist,10,Unknown Genre,17,Northern_Renaissance,1382,2926,RGB,9b18256f32f34c8e,39,1
65219,0,Unknown Artist,6,portrait,13,Mannerism_Late_Renaissance,1382,3446,RGB,cbcbf0e384b0f2a4,40,1
36425,69,raphael,7,religious_painting,11,High_Renaissance,1382,2084,RGB,e3f80917e3224f72,41,1
55922,0,Unknown Artist,7,religious_painting,13,Mannerism_Late_Renaissance,1382,1399,RGB,be4da196d0e38633,42,1
75017,0,Unknown Artist,10,Unknown Genre,13,Mannerism_Late_Renaissance,2336,1382,RGB,e53eeaf19106d143,43,1
35390,69,raphael,7,religious_painting,11,High_Renaissance,1382,1747,RGB,ef32594d941c3353,44,1
18140,0,Unknown Artist,10,Unknown Genre,17,Northern_Renaissance,1382,1747,RGB,e18e266e0c72db39,45,1
55726,67,tintoretto,7,religious_painting,13,Mannerism_Late_Renaissance,2118,1382,RGB,df75ca202791f04e,46,1
49965,0,Unknown Artist,6,portrait,11,High_Renaissance,1382,1475,RGB,b53a1a15e5f56306,47,1
45028,0,Unknown Artist,7,religious_painting,11,High_Renaissance,1382,2121,RGB,adfaaeb4a8e4e081,48,1
23384,82,paolo-veronese,7,religious_painting,13,Mannerism_Late_Renaissance,2133,1382,RGB,8fe5632464aa8e9d,49,1
657,20,rembrandt,7,religious_painting,4,Baroque,1858,1382,RGB,b7288dd0da899d4d,50,1
31078,117,hans-holbein-the-younger,6,portrait,17,Northern_Renaissance,1382,1775,RGB,9be9b466e4d38898,51,1
64205,0,Unknown Artist,6,portrait,22,Rococo,1382,1788,RGB,8c8d525a69f51736,52,1
42778,87,michelangelo,8,sketch_and_study,11,High_Renaissance,1382,2723,RGB,b732c94692d9b748,53,1
74558,0,Unknown Artist,10,Unknown Genre,22,Rococo,1382,2355,RGB,8c334e4c31a75bcd,54,1
11963,20,rembrandt,6,portrait,4,Baroque,1382,1731,RGB,8c8c687993e66769,55,1
66289,0,Unknown Artist,6,portrait,17,Northern_Renaissance,1382,2335,RGB,94387ae0a76a786b,56,1
52847,77,titian,6,portrait,11,High_Renaissance,1382,2118,RGB,868c39b2e74bb331,57,1
34661,38,fra-angelico,7,religious_painting,8,Early_Renaissance,1382,1757,RGB,8a7755c65cca30b3,58,1
56799,0,Unknown Artist,7,religious_painting,17,Northern_Renaissance,1382,1910,RGB,bc11a374d44bd335,59,1
28196,0,Unknown Artist,9,still_life,4,Baroque,2273,1382,RGB,e4d3cfec92319131,60,1
43033,0,Unknown Artist,7,religious_painting,17,Northern_Renaissance,1381,1715,RGB,c53d6a4b5c5ce350,61,1
66211,24,leonardo-da-vinci,6,portrait,8,Early_Renaissance,1382,1467,RGB,98aa766436dd2699,62,1
23143,0,Unknown Artist,7,religious_painting,4,Baroque,1382,1638,RGB,858f31f859316bc5,63,1
56644,0,Unknown Artist,7,religious_painting,11,High_Renaissance,1382,1592,RGB,d28f287475709ada,64,1
21678,67,tintoretto,6,portrait,13,Mannerism_Late_Renaissance,1842,1382,RGB,e03e3cd187b1315d,65,1
78698,0,Unknown Artist,10,Unknown Genre,4,Baroque,1382,1997,RGB,84e561ce5c31ab79,66,1
42514,38,fra-angelico,7,religious_painting,8,Early_Renaissance,1382,4090,RGB,ea969289b5d87a58,67,1
56529,0,Unknown Artist,7,religious_painting,8,Early_Renaissance,2856,1382,RGB,b5af50f04b070f4b,68,1
7222,25,albrecht-durer,8,sketch_and_study,17,Northern_Renaissance,1382,1596,RGB,9042d5edcab122fb,69,1
30058,0,Unknown Artist,7,religious_painting,8,Early_Renaissance,1842,1382,RGB,85be98691a6363c7,70,1
24412,38,fra-angelico,7,religious_painting,8,Early_Renaissance,1382,2009,RGB,95566c9a59a1b6b8,71,1
46182,58,pietro-perugino,7,religious_painting,11,High_Renaissance,1598,1382,RGB,8c55bcc863ceee30,72,1
23386,38,fra-angelico,7,religious_painting,8,Early_Renaissance,1382,1696,RGB,d5633b9117426ccb,73,1
52497,0,Unknown Artist,7,religious_painting,8,Early_Renaissance,1382,1794,RGB,98e3b698d98e464d,74,2
47146,83,joshua-reynolds,6,portrait,22,Rococo,1382,1761,RGB,bb2468f354e69698,75,1
51759,0,Unknown Artist,6,portrait,22,Rococo,1382,1839,RGB,9c5b6f31650eb861,76,1
4521,20,rembrandt,6,portrait,4,Baroque,1818,1382,RGB,bfa5ea4ad016d232,77,1
38746,0,Unknown Artist,6,portrait,22,Rococo,1382,1713,RGB,d8892766f93306cd,78,1
56453,121,el-greco,7,religious_painting,13,Mannerism_Late_Renaissance,1382,1815,RGB,d14f61929c782fd8,79,1
74002,0,Unknown Artist,10,Unknown Genre,13,Mannerism_Late_Renaissance,1382,1872,RGB,b0724cb96a728d4f,80,1
42572,0,Unknown Artist,4,landscape,4,Baroque,1923,1382,RGB,d0af2817f60a27d9,81,1
56031,117,hans-holbein-the-younger,7,religious_painting,17,Northern_Renaissance,1382,1401,RGB,a711504e4e3b6ee9,82,1
56610,0,Unknown Artist,7,religious_painting,8,Early_Renaissance,1791,1382,RGB,9b92f48dc5a4cc1d,83,1
28374,0,Unknown Artist,6,portrait,22,Rococo,1382,1771,RGB,8df9664331ccc993,84,1
40505,0,Unknown Artist,6,portrait,13,Mannerism_Late_Renaissance,1382,1933,RGB,d12c49f2b7015e2f,85,1
55984,87,michelangelo,7,religious_painting,11,High_Renaissance,2366,1382,RGB,d88927766b36d078,86,1
21218,0,Unknown Artist,6,portrait,11,High_Renaissance,1382,1900,RGB,935a6c2365c59a97,87,1
17976,25,albrecht-durer,8,sketch_and_study,17,Northern_Renaissance,1382,1904,RGB,ed9222ed920f843f,88,1
74095,0,Unknown Artist,10,Unknown Genre,11,High_Renaissance,1382,1753,RGB,faba446dc5939990,89,1
7807,25,albrecht-durer,8,sketch_and_study,17,Northern_Renaissance,1908,1382,RGB,81be92d9064b4dbe,90,1
3011,20,rembrandt,6,portrait,4,Baroque,1382,1857,RGB,8cb073738e354d99,91,1
56970,0,Unknown Artist,7,religious_painting,11,High_Renaissance,1381,1406,RGB,fca96f1a0355d4a1,92,1
25807,0,Unknown Artist,6,portrait,22,Rococo,1382,2036,RGB,c98a15366937668f,93,1
56460,0,Unknown Artist,7,religious_painting,17,Northern_Renaissance,1382,1771,RGB,f1c0de0cb4316e3d,94,1
39088,0,Unknown Artist,2,genre_painting,4,Baroque,1658,1382,RGB,c7c7658c313fc039,95,1
64952,0,Unknown Artist,6,portrait,13,Mannerism_Late_Renaissance,1382,1732,RGB,ceccbb33b54d8430,96,1
80106,0,Unknown Artist,10,Unknown Genre,22,Rococo,1879,1382,RGB,c71865379c6112fd,97,1
31729,0,Unknown Artist,4,landscape,4,Baroque,1859,1382,RGB,96a94ed6b5499926,98,1
8111,25,albrecht-durer,7,religious_painting,17,Northern_Renaissance,1382,2084,RGB,beeea90c71a1d0b8,99,1
69585,0,Unknown Artist,10,Unknown Genre,17,Northern_Renaissance,1382,1838,RGB,88dae72f94357648,100,1
62243,0,Unknown Artist,8,sketch_and_study,22,Rococo,1382,2198,RGB,a4e63639936166dc,101,1
34787,83,joshua-reynolds,6,portrait,22,Rococo,1760,1382,RGB,94ec6d3365887a33,102,1
17667,20,rembrandt,6,portrait,4,Baroque,1381,1472,RGB,e4c24b17b5a5ce4a,103,1
19141,0,Unknown Artist,6,portrait,11,High_Renaissance,1382,1710,RGB,dccc6063b637071b,104,1
53175,0,Unknown Artist,2,genre_painting,4,Baroque,2075,1382,RGB,ab7e1cd3a4299a68,105,1
56983,77,titian,7,religious_painting,13,Mannerism_Late_Renaissance,1382,1749,RGB,cfcf3838c662313a,106,1
73977,0,Unknown Artist,10,Unknown Genre,4,Baroque,2263,1382,RGB,9d94626b9054e57b,107,1
49437,0,Unknown Artist,6,portrait,22,Rococo,1382,1775,RGB,c8193666b3730de9,108,1
40473,58,pietro-perugino,7,religious_painting,11,High_Renaissance,1382,1817,RGB,9ae12d1f765c13a4,109,1
28884,58,pietro-perugino,7,religious_painting,11,High_Renaissance,1382,3078,RGB,c4961b196b79e163,110,1
43987,0,Unknown Artist,7,religious_painting,22,Rococo,1382,2068,RGB,dac025bc4e2fb2ca,111,1
64076,0,Unknown Artist,6,portrait,13,Mannerism_Late_Renaissance,1382,2679,RGB,d16d1f6660b20fc9,112,1
61963,0,Unknown Artist,8,sketch_and_study,4,Baroque,1382,1890,RGB,bbcb8437491ea6e0,113,1
51697,0,Unknown Artist,2,genre_painting,22,Rococo,1988,1382,RGB,d16e4a3036176b1f,114,1
49582,67,tintoretto,7,religious_painting,13,Mannerism_Late_Renaissance,1382,2404,RGB,c1d151971a1e1ecf,115,1
52327,0,Unknown Artist,7,religious_painting,8,Early_Renaissance,3204,1382,RGB,fac4c1176c5b8678,116,1
28150,61,bartolome-esteban-murillo,7,religious_painting,4,Baroque,2073,1382,RGB,eac7853c947994e8,117,1
42555,0,Unknown Artist,7,religious_painting,8,Early_Renaissance,1937,1382,RGB,c1a616d6fa8871d9,118,1
10070,25,albrecht-durer,6,portrait,17,Northern_Renaissance,1382,1939,RGB,ca6a17b575521297,119,1
41181,0,Unknown Artist,7,religious_painting,8,Early_Renaissance,1382,1714,RGB,88ee7191d1788ea7,120,1
46164,0,Unknown Artist,7,religious_painting,17,Northern_Renaissance,1382,1876,RGB,9b0507b3307f99e8,121,1
35403,110,joseph-wright,6,portrait,22,Rococo,1382,1765,RGB,90e61fb36825cf49,122,1
51930,23,hieronymus-bosch,7,religious_painting,17,Northern_Renaissance,1382,1713,RGB,80723fc32d593f23,123,1
49917,23,hieronymus-bosch,7,religious_painting,17,Northern_Renaissance,1382,4295,RGB,e4919cc36ab84e73,124,1
75499,0,Unknown Artist,10,Unknown Genre,22,Rococo,1382,1625,RGB,8d8e736166346967,125,1
24590,29,lucas-cranach-the-elder,7,religious_painting,17,Northern_Renaissance,1520,1382,RGB,9ec4804bde66e566,126,1
78617,0,Unknown Artist,10,Unknown Genre,4,Baroque,1382,1897,RGB,cc9f333028ccf363,127,1
24755,0,Unknown Artist,2,genre_painting,4,Baroque,2068,1382,RGB,c0e1be7e5ec00c3b,128,1
70404,0,Unknown Artist,10,Unknown Genre,11,High_Renaissance,1382,1881,RGB,a8e5b55acf64870c,129,1
51928,0,Unknown Artist,7,religious_painting,11,High_Renaissance,1382,1743,RGB,80db9e78c7648f61,130,1
25932,0,Unknown Artist,7,religious_painting,11,High_Renaissance,1382,1677,RGB,d023236c6dc93fd4,131,1
56683,38,fra-angelico,7,religious_painting,8,Early_Renaissance,1382,2162,RGB,acd197444db17356,132,1
37471,0,Unknown Artist,2,genre_painting,4,Baroque,1382,1656,RGB,ea891e76c50c9d1e,133,1
25872,0,Unknown Artist,9,still_life,22,Rococo,1687,1382,RGB,d994677308b536c9,134,1
44400,103,hans-memling,6,portrait,17,Northern_Renaissance,1382,2154,RGB,9d48b3326c96ec99,135,1
56819,82,paolo-veronese,7,religious_painting,13,Mannerism_Late_Renaissance,1382,1822,RGB,dc780f2681fb790c,136,1
25982,0,Unknown Artist,6,portrait,13,Mannerism_Late_Renaissance,1382,1659,RGB,cc8c71663373c633,137,1
65804,77,titian,6,portrait,13,Mannerism_Late_Renaissance,1382,1785,RGB,d48649e9360e8cfb,138,1
32748,0,Unknown Artist,2,genre_painting,4,Baroque,1382,1799,RGB,e77ab8458726946a,139,1
18117,25,albrecht-durer,7,religious_painting,17,Northern_Renaissance,1382,1788,RGB,fc210b621b346b5f,140,1
56897,0,Unknown Artist,7,religious_painting,11,High_Renaissance,1382,2040,RGB,abd83ca1e6e4f190,141,1
62308,87,michelangelo,8,sketch_and_study,11,High_Renaissance,1619,1381,RGB,d05e99266e1bd2e4,142,1
75641,0,Unknown Artist,10,Unknown Genre,22,Rococo,1735,1382,RGB,9db52297c940de35,143,1
37517,0,Unknown Artist,7,religious_painting,8,Early_Renaissance,1382,1961,RGB,e14f1e341f3097c9,144,1
45947,126,thomas-gainsborough,6,portrait,22,Rococo,1736,1382,RGB,b0bfcdd20d91b01b,145,1
32261,0,Unknown Artist,7,religious_painting,8,Early_Renaissance,3838,1382,RGB,d7183bbb1cc884f8,146,1
25896,126,thomas-gainsborough,6,portrait,22,Rococo,1381,1721,RGB,c1dc36629e3b38c9,147,1
51574,24,leonardo-da-vinci,8,sketch_and_study,11,High_Renaissance,1816,1382,RGB,e3db94ed3150c594,148,1
55134,0,Unknown Artist,2,genre_painting,22,Rococo,1680,1382,RGB,cc313bcca04fb2dc,149,1
46288,77,titian,6,portrait,13,Mannerism_Late_Renaissance,1382,1752,RGB,8d738ce32e35c2a5,150,1
45077,114,anthony-van-dyck,6,portrait,4,Baroque,1382,1690,RGB,a5ad685a7071c3ce,151,1
21917,0,Unknown Artist,6,portrait,22,Rococo,1382,1758,RGB,c63df221bb1831ce,152,1
27847,0,Unknown Artist,7,religious_painting,8,Early_Renaissance,2703,1382,RGB,aff0e4c0c3d39686,153,1
29811,0,Unknown Artist,7,religious_painting,17,Northern_Renaissance,1382,2634,RGB,b5815bb6282f296b,154,1
63132,0,Unknown Artist,6,portrait,22,Rococo,1382,1684,RGB,ae6ce1b39131c6c6,155,1
65935,83,joshua-reynolds,6,portrait,22,Rococo,1382,1791,RGB,983f60d72b58659c,156,1
35510,82,paolo-veronese,7,religious_painting,13,Mannerism_Late_Renaissance,1389,1382,RGB,e8e30b38cac7c49e,157,1
7162,20,rembrandt,6,portrait,4,Baroque,1382,1661,RGB,eeccb1339166c68c,158,1
41631,0,Unknown Artist,6,portrait,4,Baroque,1382,1877,RGB,9c6e63913348ccd7,159,1
27809,114,anthony-van-dyck,7,religious_painting,4,Baroque,1382,1593,RGB,c4b153192bc36eda,160,1
39513,0,Unknown Artist,8,sketch_and_study,22,Rococo,1382,2007,RGB,fcb6c3041bb9c6c1,161,1
19342,58,pietro-perugino,7,religious_painting,11,High_Renaissance,1382,1496,RGB,e2b72d69585287ca,162,1
49517,0,Unknown Artist,7,religious_painting,11,High_Renaissance,1382,1677,RGB,fef6f849434052e2,163,1
54043,0,Unknown Artist,2,genre_painting,4,Baroque,1382,1625,RGB,c73eb8803346f837,164,1
46281,58,pietro-perugino,7,religious_painting,11,High_Renaissance,1382,1382,RGB,af93f05c902ec6c9,165,1
26329,116,frans-hals,6,portrait,4,Baroque,1382,1612,RGB,b49af125ce6da132,166,1
28811,0,Unknown Artist,1,cityscape,22,Rococo,1764,1382,RGB,80c0693f2e6b5bce,167,1
13294,0,Unknown Artist,10,Unknown Genre,17,Northern_Renaissance,1858,1382,RGB,e91696db6361b078,168,1
46933,82,paolo-veronese,7,religious_painting,13,Mannerism_Late_Renaissance,2146,1382,RGB,a19e1fc1963bac1c,169,1
62153,24,leonardo-da-vinci,8,sketch_and_study,11,High_Renaissance,1382,1477,RGB,e6b39352b16033a7,170,1
49571,77,titian,7,religious_painting,11,High_Renaissance,1382,3272,RGB,8d8c6073f371b991,171,1
73242,0,Unknown Artist,10,Unknown Genre,13,Mannerism_Late_Renaissance,1382,1776,RGB,a15f5e2110e1e73e,172,1
31431,0,Unknown Artist,7,religious_painting,13,Mannerism_Late_Renaissance,1382,1630,RGB,cc2c36f060af93d3,173,1
33149,69,raphael,7,religious_painting,11,High_Renaissance,1382,1851,RGB,d2e6e901165dc9b5,174,1
37604,0,Unknown Artist,7,religious_painting,8,Early_Renaissance,1382,1659,RGB,b487139a8f896a6e,175,1
56469,0,Unknown Artist,7,religious_painting,8,Early_Renaissance,2050,1382,RGB,8494a9ab8dccd9f1,176,1
7269,25,albrecht-durer,6,portrait,17,Northern_Renaissance,1382,1862,RGB,e8cf3927243126b7,177,1
64667,0,Unknown Artist,6,portrait,8,Early_Renaissance,1382,1959,RGB,da162d693396644f,178,1
55779,0,Unknown Artist,7,religious_painting,8,Early_Renaissance,1382,1896,RGB,a6b5d24dcd64c10f,179,1
55944,38,fra-angelico,7,religious_painting,8,Early_Renaissance,1382,1877,RGB,8226bdf18dcff0a0,180,1
24904,82,paolo-veronese,7,religious_painting,13,Mannerism_Late_Renaissance,1442,1382,RGB,c9063e3b49ec1b96,181,1
20407,0,Unknown Artist,2,genre_painting,4,Baroque,1381,1769,RGB,c72730ca4f343cda,182,1
65326,77,titian,6,portrait,11,High_Renaissance,1382,1633,RGB,8cdc0e2a6237735b,183,1
7434,20,rembrandt,2,genre_painting,4,Baroque,1382,2145,RGB,b3dc8ef3d028c12d,184,1
27103,0,Unknown Artist,7,religious_painting,17,Northern_Renaissance,1382,1990,RGB,dcddd16a663c062a,185,1
62128,24,leonardo-da-vinci,8,sketch_and_study,11,High_Renaissance,1382,1811,RGB,b0b0cd46a46fd3a6,186,1
47498,69,raphael,7,religious_painting,11,High_Renaissance,1382,1827,RGB,a41e33e977401ce7,187,1
55810,0,Unknown Artist,7,religious_painting,22,Rococo,1382,1868,RGB,d5a736ca4a35644e,188,1
56856,67,tintoretto,7,religious_painting,13,Mannerism_Late_Renaissance,2445,1382,RGB,8021ff52dd487f58,189,1
37806,0,Unknown Artist,3,illustration,8,Early_Renaissance,1382,2139,RGB,ef8d989ec692b089,190,1
40078,67,tintoretto,6,portrait,13,Mannerism_Late_Renaissance,1382,1951,RGB,fcc2cc641f333133,191,1
6694,0,Unknown Artist,10,Unknown Genre,17,Northern_Renaissance,1382,2340,RGB,e6b342a669788657,192,1
56826,0,Unknown Artist,7,religious_painting,17,Northern_Renaissance,1382,1677,RGB,950ab12d9af3ca1b,193,1
72810,0,Unknown Artist,10,Unknown Genre,4,Baroque,1573,1382,RGB,c2ab9e74d841c15f,194,1
56235,0,Unknown Artist,7,religious_painting,17,Northern_Renaissance,1382,1698,RGB,cacf2c3093cf8c39,195,1
72109,0,Unknown Artist,10,Unknown Genre,11,High_Renaissance,1982,1382,RGB,f087725ecd6930c6,196,1
56727,38,fra-angelico,7,religious_painting,8,Early_Renaissance,1575,1382,RGB,d7721a9d68f069a1,197,1
355,20,rembrandt,6,portrait,4,Baroque,1694,1382,RGB,e690cf0fa432936d,198,1
27990,0,Unknown Artist,8,sketch_and_study,8,Early_Renaissance,2026,1382,RGB,c5373a8f14ed408f,199,1
5166,25,albrecht-durer,8,sketch_and_study,17,Northern_Renaissance,1382,1762,RGB,b891c72ed8299eb2,200,1
24353,0,Unknown Artist,6,portrait,22,Rococo,1382,1679,RGB,86ec73923dc12dd1,201,1
22151,0,Unknown Artist,6,portrait,11,High_Renaissance,1382,1641,RGB,f5d4b45ada58d045,202,1
25317,0,Unknown Artist,2,genre_painting,11,High_Renaissance,1382,1699,RGB,9cdda22362ce8f86,203,1
20746,69,raphael,7,religious_painting,11,High_Renaissance,1382,1876,RGB,8ca4b1c6731b31bd,204,1
48900,24,leonardo-da-vinci,7,religious_painting,8,Early_Renaissance,6072,1382,RGB,81c9b17c8d0e3f33,205,1
63487,0,Unknown Artist,6,portrait,22,Rococo,1382,1755,RGB,8d9c63333031cbcf,206,1
30641,121,el-greco,7,religious_painting,13,Mannerism_Late_Renaissance,1382,1992,RGB,908ffa724364cbf0,207,1
70828,0,Unknown Artist,10,Unknown Genre,13,Mannerism_Late_Renaissance,1382,2106,RGB,90877711b1fce25c,208,1
78700,0,Unknown Artist,10,Unknown Genre,4,Baroque,1768,1382,RGB,c2831d5baf34668b,209,1
50311,0,Unknown Artist,6,portrait,13,Mannerism_Late_Renaissance,1382,1473,RGB,96a839437894fbca,210,1
42388,0,Unknown Artist,2,genre_painting,4,Baroque,1382,1616,RGB,94b76c3aa35cb609,211,1
41641,0,Unknown Artist,7,religious_painting,17,Northern_Renaissance,1382,1897,RGB,cdc8cacfad250b25,212,1
55339,0,Unknown Artist,2,genre_painting,13,Mannerism_Late_Renaissance,1617,1382,RGB,8221795cc75bf0ce,213,1
51180,0,Unknown Artist,6,portrait,13,Mannerism_Late_Renaissance,1382,1753,RGB,99c962368f4998dd,214,1
55647,80,peter-paul-rubens,7,religious_painting,4,Baroque,1382,1869,RGB,f89f02fa1a413d1b,215,1
56579,121,el-greco,7,religious_painting,13,Mannerism_Late_Renaissance,1381,2116,RGB,9e0d69702796627b,216,1
27680,0,Unknown Artist,7,religious_painting,4,Baroque,1382,2063,RGB,d3bc2c8317d4a4f2,217,1
23069,103,hans-memling,7,religious_painting,17,Northern_Renaissance,1382,2474,RGB,bb853472cd3aa938,218,1
65942,83,joshua-reynolds,6,portrait,22,Rococo,1382,1791,RGB,cc19663673673986,219,1
55758,121,el-greco,7,religious_painting,13,Mannerism_Late_Renaissance,1399,1382,RGB,ba09b166e1f1c336,220,1
71002,0,Unknown Artist,10,Unknown Genre,4,Baroque,1382,1689,RGB,c7c5367e18193b61,221,1
33527,0,Unknown Artist,7,religious_painting,11,High_Renaissance,1780,1382,RGB,d1909438f03dfb2d,222,1
47351,24,leonardo-da-vinci,8,sketch_and_study,8,Early_Renaissance,2407,1382,RGB,9b9dc646e0e2b1b1,223,1
48260,77,titian,7,religious_painting,13,Mannerism_Late_Renaissance,1382,1809,RGB,83263c4fa4b14fce,224,2
25088,121,el-greco,6,portrait,13,Mannerism_Late_Renaissance,1382,1788,RGB,dc98616396b669c9,225,1
38283,24,leonardo-da-vinci,8,sketch_and_study,11,High_Renaissance,2069,1382,RGB,f64f30a89511576e,226,1
17979,25,albrecht-durer,7,religious_painting,17,Northern_Renaissance,1382,1959,RGB,bdd20c7e71493cd0,227,1
25458,0,Unknown Artist,7,religious_painting,11,High_Renaissance,1382,1922,RGB,fd83aa04a15bba35,228,1
44574,0,Unknown Artist,7,religious_painting,8,Early_Renaissance,1382,1817,RGB,a6a413cbe993629b,229,1
70344,0,Unknown Artist,10,Unknown Genre,17,Northern_Renaissance,1382,2030,RGB,88be72485fd3ac0e,230,1
28215,0,Unknown Artist,7,religious_painting,8,Early_Renaissance,1382,1962,RGB,cd3f544031b8f8e6,231,1
27923,0,Unknown Artist,7,religious_painting,11,High_Renaissance,1382,1700,RGB,9698abadb0d4295b,232,1
55743,69,raphael,7,religious_painting,11,High_Renaissance,1382,1659,RGB,915a6aa71435e37c,233,1
28715,0,Unknown Artist,7,religious_painting,13,Mannerism_Late_Renaissance,1382,1909,RGB,ccc65b3ed0d1e509,234,1
56030,0,Unknown Artist,7,religious_painting,4,Baroque,1382,2084,RGB,e4b29a33118fc6dc,235,1
75674,0,Unknown Artist,10,Unknown Genre,4,Baroque,1860,1382,RGB,99a3766c86d98d26,236,1
56275,87,michelangelo,7,religious_painting,11,High_Renaissance,2469,1382,RGB,c5cb4212692fbc5b,237,1
25940,87,michelangelo,8,sketch_and_study,11,High_Renaissance,1382,1980,RGB,e46719cb8e998798,238,1
54961,77,titian,2,genre_painting,11,High_Renaissance,1385,1382,RGB,9999a6e71b531865,239,1
58290,0,Unknown Artist,1,cityscape,13,Mannerism_Late_Renaissance,1856,1382,RGB,eca492c31fccf1c4,240,1
80517,0,Unknown Artist,10,Unknown Genre,8,Early_Renaissance,1382,2969,RGB,8c5875a6aa53e58d,241,1
38214,125,jacob-jordaens,7,religious_painting,4,Baroque,1382,2073,RGB,c3706cc7911eaf38,242,1
68273,0,Unknown Artist,10,Unknown Genre,4,Baroque,2179,1382,RGB,90ad277896a5639e,243,2
41696,61,bartolome-esteban-murillo,2,genre_painting,4,Baroque,1382,1729,RGB,8d8d5de2734cf811,244,1
57132,61,bartolome-esteban-murillo,7,religious_painting,4,Baroque,1382,1849,RGB,db86c6640d13ac9f,245,1
27026,126,thomas-gainsborough,6,portrait,22,Rococo,1382,1655,RGB,98396bc73e6131a6,246,1
55964,0,Unknown Artist,7,religious_painting,17,Northern_Renaissance,2571,1382,RGB,af1bd42c872dd268,247,1
33993,0,Unknown Artist,2,genre_painting,22,Rococo,1382,1597,RGB,abc5b338a4f2d825,248,1
55410,114,anthony-van-dyck,2,genre_painting,4,Baroque,1682,1382,RGB,b33e7d638c31a146,249,1
81141,0,Unknown Artist,10,Unknown Genre,17,Northern_Renaissance,1842,1382,RGB,933c2de3e5495a92,250,1
20350,0,Unknown Artist,6,portrait,13,Mannerism_Late_Renaissance,1382,1689,RGB,84486db5e3663733,251,1
50840,67,tintoretto,7,religious_painting,13,Mannerism_Late_Renaissance,3571,1382,RGB,f2e18d6c92b1d6c2,252,1
55971,82,paolo-veronese,7,religious_painting,13,Mannerism_Late_Renaissance,1382,1856,RGB,9dd84f3f1b072c22,253,1
76754,0,Unknown Artist,10,Unknown Genre,22,Rococo,1382,1802,RGB,8cbb4a4e16f55a07,254,1
17963,25,albrecht-durer,6,portrait,17,Northern_Renaissance,1382,1757,RGB,b81ec7e1f081db23,255,1
20486,0,Unknown Artist,2,genre_painting,4,Baroque,1619,1382,RGB,99266e5f7719940c,256,1
53002,61,bartolome-esteban-murillo,7,religious_painting,4,Baroque,1382,2197,RGB,988f6671d937c4c8,257,1
32464,67,tintoretto,7,religious_painting,13,Mannerism_Late_Renaissance,1382,1858,RGB,ede9350644d0fa8b,258,1
25145,0,Unknown Artist,7,religious_painting,13,Mannerism_Late_Renaissance,1382,2002,RGB,f3e8e8c41c32e745,259,1
54109,0,Unknown Artist,2,genre_painting,4,Baroque,1382,1909,RGB,baafaeb0a9e4c460,260,1
55708,0,Unknown Artist,7,religious_painting,8,Early_Renaissance,1382,1400,RGB,e50bde724a06e475,261,1
29458,0,Unknown Artist,6,portrait,17,Northern_Renaissance,1382,1867,RGB,ce6d3271928fc4d8,262,1
78508,0,Unknown Artist,10,Unknown Genre,13,Mannerism_Late_Renaissance,1382,1977,RGB,c98e623039f133f3,263,1
11955,25,albrecht-durer,7,religious_painting,17,Northern_Renaissance,1412,1382,RGB,ed96d0c993339178,264,1
46835,0,Unknown Artist,7,religious_painting,13,Mannerism_Late_Renaissance,1382,2128,RGB,abbe8781b847b44a,265,1
48011,0,Unknown Artist,7,religious_painting,8,Early_Renaissance,1445,1382,RGB,d61367d05aee1986,266,1
56447,87,michelangelo,7,religious_painting,11,High_Renaissance,1382,1406,RGB,ecb012e6a911ab5f,267,1
34647,0,Unknown Artist,6,portrait,13,Mannerism_Late_Renaissance,1382,1789,RGB,cc1c6313317bb786,268,1
56038,0,Unknown Artist,7,religious_painting,4,Baroque,1699,1382,RGB,f08b1ffe40d12732,269,1
56943,0,Unknown Artist,7,religious_painting,8,Early_Renaissance,1397,1382,RGB,a6eba8a6fba4e090,270,1
12172,25,albrecht-durer,7,religious_painting,17,Northern_Renaissance,1382,1934,RGB,b28dec4c35872fc1,271,1
24903,126,thomas-gainsborough,6,portrait,22,Rococo,1382,1673,RGB,cc0c713773336627,272,1
30364,58,pietro-perugino,7,religious_painting,8,Early_Renaissance,1382,3469,RGB,af88915cb672e463,273,1
19320,0,Unknown Artist,2,genre_painting,22,Rococo,1625,1382,RGB,c1fc1e919726443f,274,1
18061,0,Unknown Artist,10,Unknown Genre,17,Northern_Renaissance,1382,1442,RGB,82b818fac8ade73c,275,1
78478,0,Unknown Artist,10,Unknown Genre,13,Mannerism_Late_Renaissance,1382,1799,RGB,974b6c4610b25bed,276,1
23751,116,frans-hals,6,portrait,4,Baroque,1382,1663,RGB,cece3131c387783c,277,1
41092,126,thomas-gainsborough,2,genre_painting,22,Rococo,1780,1382,RGB,99cda6e6e6399182,278,1
34630,80,peter-paul-rubens,6,portrait,4,Baroque,1382,1679,RGB,de2c21f3387d0593,279,1
24756,80,peter-paul-rubens,8,sketch_and_study,4,Baroque,1382,1998,RGB,bb399e1fc992c019,280,1
31713,0,Unknown Artist,5,nude_painting,13,Mannerism_Late_Renaissance,1382,1963,RGB,df8f1b3b449840e5,281,1
11647,25,albrecht-durer,2,genre_painting,17,Northern_Renaissance,1382,1738,RGB,b3bc4f9be113c206,282,2
65540,0,Unknown Artist,6,portrait,4,Baroque,1382,1969,RGB,cd8c3670392763d9,283,1
18004,25,albrecht-durer,7,religious_painting,17,Northern_Renaissance,1382,1685,RGB,9ad4ad6a4d367941,284,1
33704,0,Unknown Artist,7,religious_painting,11,High_Renaissance,1382,2909,RGB,f5cd1a124f48672d,285,1
45887,125,jacob-jordaens,7,religious_painting,4,Baroque,1382,2121,RGB,975a918749b932e5,286,1
43743,0,Unknown Artist,7,religious_painting,13,Mannerism_Late_Renaissance,1867,1382,RGB,c951d7fe301225e6,287,1
21381,0,Unknown Artist,6,portrait,22,Rococo,1382,2382,RGB,c6917a6e6346cc33,288,1
80039,0,Unknown Artist,10,Unknown Genre,22,Rococo,1382,1554,RGB,cd9056c7748631cf,289,1
69768,0,Unknown Artist,10,Unknown Genre,17,Northern_Renaissance,1382,2026,RGB,91caeeb133664c0f,290,1
65694,82,paolo-veronese,6,portrait,13,Mannerism_Late_Renaissance,1382,1853,RGB,a59bca788f60b626,291,1
39646,0,Unknown Artist,7,religious_painting,17,Northern_Renaissance,1382,3340,RGB,e596c3711e79244b,292,1
49294,103,hans-memling,7,religious_painting,17,Northern_Renaissance,1382,1925,RGB,8929e4e6e694bd91,293,1
40956,121,el-greco,7,religious_painting,13,Mannerism_Late_Renaissance,1393,1382,RGB,eeceb034c0cd9333,294,1
10909,0,Unknown Artist,10,Unknown Genre,17,Northern_Renaissance,1382,2113,RGB,a4930ecd5934f34e,295,1
28993,82,paolo-veronese,7,religious_painting,13,Mannerism_Late_Renaissance,1382,1653,RGB,db833d30c4c56f16,296,1
41540,0,Unknown Artist,7,religious_painting,8,Early_Renaissance,2991,1382,RGB,f4934c9c2f6491e3,297,1
48847,0,Unknown Artist,8,sketch_and_study,17,Northern_Renaissance,2124,1382,RGB,e936f66930289a2f,298,1
35147,82,paolo-veronese,7,religious_painting,13,Mannerism_Late_Renaissance,1382,1665,RGB,f8f8528b8e07453e,299,1
18187,25,albrecht-durer,7,religious_painting,17,Northern_Renaissance,1382,1420,RGB,eeb2d84db1628876,300,1
71572,0,Unknown Artist,10,Unknown Genre,17,Northern_Renaissance,1382,1890,RGB,aae0f0b1e13ea2b6,301,1
25780,0,Unknown Artist,7,religious_painting,4,Baroque,1382,1905,RGB,d8e476ed6242872b,302,1
56379,38,fra-angelico,7,religious_painting,8,Early_Renaissance,1833,1382,RGB,8c9fd6d2f2496950,303,1
18090,25,albrecht-durer,6,portrait,17,Northern_Renaissance,1382,1874,RGB,8f4e70b9306ba5b4,304,1
75705,0,Unknown Artist,10,Unknown Genre,4,Baroque,1428,1382,RGB,cac8340c3bfbcd38,305,1
3813,20,rembrandt,6,portrait,4,Baroque,1382,1749,RGB,e5a41ace84977a39,306,1
55679,87,michelangelo,7,religious_painting,11,High_Renaissance,1983,1382,RGB,9d4a9e0cf363616c,307,1
22790,103,hans-memling,7,religious_painting,17,Northern_Renaissance,1382,4519,RGB,ceae39f52470d4c1,308,1
22544,103,hans-memling,7,religious_painting,17,Northern_Renaissance,2824,1382,RGB,bac6e8399b68e438,309,1
55867,0,Unknown Artist,7,religious_painting,13,Mannerism_Late_Renaissance,1382,1681,RGB,f7298bc766648169,310,1
44946,0,Unknown Artist,6,portrait,8,Early_Renaissance,1382,1796,RGB,c769303ec881cfc7,311,1
628,20,rembrandt,2,genre_painting,4,Baroque,1381,1613,RGB,da85b572c4e9984d,312,1
43445,0,Unknown Artist,6,portrait,17,Northern_Renaissance,1382,2002,RGB,9c9a616de6338ccc,313,1
25981,0,Unknown Artist,6,portrait,13,Mannerism_Late_Renaissance,1382,1768,RGB,be8694b963a1a3b2,314,1
56520,121,el-greco,7,religious_painting,13,Mannerism_Late_Renaissance,1382,1922,RGB,bec2261916f4d3b2,315,1
10803,20,rembrandt,2,genre_painting,4,Baroque,1994,1382,RGB,ebc9a5769660944b,316,1
46361,0,Unknown Artist,7,religious_painting,8,Early_Renaissance,1382,3282,RGB,bfad50b2c482d387,317,1
61479,0,Unknown Artist,9,still_life,13,Mannerism_Late_Renaissance,1382,1823,RGB,d61829c4ef29927b,318,1
55954,0,Unknown Artist,7,religious_painting,8,Early_Renaissance,1382,1624,RGB,b8bb93e9b3e82a80,319,1
80525,0,Unknown Artist,10,Unknown Genre,8,Early_Renaissance,1382,1382,RGB,aa26e5d091cdd2cb,320,1
49259,61,bartolome-esteban-murillo,7,religious_painting,4,Baroque,1382,2026,RGB,c4b5335866c639cb,321,1
71898,0,Unknown Artist,10,Unknown Genre,22,Rococo,1382,1855,RGB,d23f8dc533461b45,322,1
53599,0,Unknown Artist,2,genre_painting,22,Rococo,1382,1825,RGB,888f16359d72b2dc,323,1
56164,0,Unknown Artist,7,religious_painting,11,High_Renaissance,1673,1382,RGB,dafcb7036125c358,324,1
42419,0,Unknown Artist,6,portrait,22,Rococo,1382,1678,RGB,cc98332673738c73,325,1
22499,58,pietro-perugino,7,religious_painting,11,High_Renaissance,1422,1382,RGB,cc1a756473c71339,326,1
62976,0,Unknown Artist,6,portrait,22,Rococo,1382,1627,RGB,968f69b0324ee647,327,1
53972,0,Unknown Artist,2,genre_painting,22,Rococo,1765,1382,RGB,9bbf1593126493c9,328,1
72254,0,Unknown Artist,10,Unknown Genre,17,Northern_Renaissance,1382,3155,RGB,d80ea7798732f512,329,1
45167,0,Unknown Artist,7,religious_painting,17,Northern_Renaissance,1382,1922,RGB,9dc4621b84bcf8ea,330,1
57079,38,fra-angelico,7,religious_painting,8,Early_Renaissance,1382,2288,RGB,97602f36688fd08f,331,1
40302,0,Unknown Artist,6,portrait,11,High_Renaissance,1382,1886,RGB,cccc33333098cfcb,332,1
19413,38,fra-angelico,7,religious_painting,8,Early_Renaissance,2326,1382,RGB,a7e0246730f9f0f2,333,1
50604,121,el-greco,7,religious_painting,13,Mannerism_Late_Renaissance,1382,1826,RGB,b8a9cdde72948a52,334,1
12948,25,albrecht-durer,3,illustration,17,Northern_Renaissance,1382,1842,RGB,809fb31fc71896e8,335,1
55939,0,Unknown Artist,7,religious_painting,22,Rococo,1688,1382,RGB,9b93b446a339cc63,336,1
44010,0,Unknown Artist,7,religious_painting,13,Mannerism_Late_Renaissance,1382,2317,RGB,bb69e0b6b594128e,337,1
40712,24,leonardo-da-vinci,8,sketch_and_study,11,High_Renaissance,1382,1916,RGB,b8e7c758da133c06,338,1
81108,0,Unknown Artist,10,Unknown Genre,17,Northern_Renaissance,1382,1510,RGB,ab32b0a187d4973b,339,1
24065,0,Unknown Artist,7,religious_painting,17,Northern_Renaissance,1382,2792,RGB,c31e3c316cf827c6,340,1
48172,82,paolo-veronese,6,portrait,13,Mannerism_Late_Renaissance,1382,1640,RGB,cccc3036639bdb31,341,1
39483,0,Unknown Artist,6,portrait,13,Mannerism_Late_Renaissance,1382,1845,RGB,ad48b52373a7d84c,342,1
56967,0,Unknown Artist,7,religious_painting,8,Early_Renaissance,2133,1382,RGB,87b37074606bdad8,343,1
55854,0,Unknown Artist,7,religious_painting,8,Early_Renaissance,1382,2011,RGB,952f23789c3e832e,344,1
29749,0,Unknown Artist,7,religious_painting,17,Northern_Renaissance,2087,1382,RGB,a2b791329d4f0e27,345,1
77324,0,Unknown Artist,10,Unknown Genre,17,Northern_Renaissance,2040,1382,RGB,aa5ae539d984b668,346,1
658,20,rembrandt,8,sketch_and_study,4,Baroque,1382,1547,RGB,e9924649934e956f,347,1
47723,0,Unknown Artist,7,religious_painting,8,Early_Renaissance,1382,1794,RGB,98e3b698d98e464d,74,2
51292,0,Unknown Artist,6,portrait,17,Northern_Renaissance,1382,2043,RGB,95935ef80a3de129,348,1
65611,24,leonardo-da-vinci,6,portrait,8,Early_Renaissance,1382,1912,RGB,e9c21c95c6d2b52b,349,1
78480,0,Unknown Artist,10,Unknown Genre,13,Mannerism_Late_Renaissance,2874,1382,RGB,be81ab5cf099911b,350,1
32577,87,michelangelo,8,sketch_and_study,11,High_Renaissance,1961,1382,RGB,a378e5405e496aee,351,1
71841,0,Unknown Artist,10,Unknown Genre,17,Northern_Renaissance,1682,1382,RGB,ea69a6c695124aed,352,1
55720,0,Unknown Artist,7,religious_painting,8,Early_Renaissance,4162,1382,RGB,fef6e3088921f88a,353,1
56806,58,pietro-perugino,7,religious_painting,11,High_Renaissance,1382,2855,RGB,caca9bedfcb020b0,354,1
75637,0,Unknown Artist,10,Unknown Genre,17,Northern_Renaissance,1382,2677,RGB,9b7074c6938385f6,355,1
68150,0,Unknown Artist,10,Unknown Genre,13,Mannerism_Late_Renaissance,1382,1579,RGB,87b65b9e6349248e,356,1
54058,126,thomas-gainsborough,2,genre_painting,22,Rococo,1744,1382,RGB,81e07e7f8d46318d,357,1
55651,125,jacob-jordaens,7,religious_painting,4,Baroque,1382,2746,RGB,cd8e3a31e6dc9825,358,1
30695,126,thomas-gainsborough,6,portrait,22,Rococo,1382,2172,RGB,d971668614e3cf54,359,1
75819,0,Unknown Artist,10,Unknown Genre,22,Rococo,1891,1382,RGB,b13236d3c1986cf6,360,1
45347,0,Unknown Artist,6,portrait,13,Mannerism_Late_Renaissance,1382,1927,RGB,cfce247131324dd3,361,1
20808,0,Unknown Artist,2,genre_painting,4,Baroque,1382,1800,RGB,c4e43dde30d960cd,362,1
36635,23,hieronymus-bosch,7,religious_painting,17,Northern_Renaissance,1942,1382,RGB,8f83af9cb0317474,363,1
23336,0,Unknown Artist,6,portrait,4,Baroque,1382,2697,RGB,eaccd58192159a7b,364,1
71842,0,Unknown Artist,10,Unknown Genre,4,Baroque,2060,1382,RGB,9c9060693ec47fd6,365,1
38912,0,Unknown Artist,7,religious_painting,17,Northern_Renaissance,1382,1930,RGB,c0477cb51fb250e9,366,1
35442,0,Unknown Artist,7,religious_painting,17,Northern_Renaissance,1382,1844,RGB,fca2cab4876a6293,367,1
45272,0,Unknown Artist,7,religious_painting,11,High_Renaissance,1963,1382,RGB,cac0f15139389fab,368,1
56820,0,Unknown Artist,7,religious_painting,8,Early_Renaissance,1382,3457,RGB,b9e241ba418f0f9e,369,1
32812,0,Unknown Artist,7,religious_painting,11,High_Renaissance,1589,1382,RGB,929487a7e1717c36,370,1
21573,24,leonardo-da-vinci,7,religious_painting,11,High_Renaissance,1382,2169,RGB,d2451fd60cdbe0b2,371,1
78686,0,Unknown Artist,10,Unknown Genre,4,Baroque,1382,1545,RGB,a52a495439f56a6d,372,1
20075,67,tintoretto,7,religious_painting,13,Mannerism_Late_Renaissance,1382,2368,RGB,95b5325a4b466e6c,373,1
64509,0,Unknown Artist,6,portrait,22,Rococo,1382,1816,RGB,aa3c81e394d9c3b6,374,1
27814,0,Unknown Artist,2,genre_painting,22,Rococo,1791,1382,RGB,d7b30a6e38dcc611,375,1
28008,0,Unknown Artist,7,religious_painting,8,Early_Renaissance,1382,2010,RGB,d08e1f38e0e10f3f,376,1
41163,0,Unknown Artist,2,genre_painting,22,Rococo,1382,1771,RGB,c165368a8523d7db,377,1
5438,25,albrecht-durer,6,portrait,17,Northern_Renaissance,1382,2055,RGB,b57bce0c7a81e131,378,1
42344,0,Unknown Artist,7,religious_painting,8,Early_Renaissance,2450,1382,RGB,d10b4e3f7b6c302c,379,1
63555,0,Unknown Artist,6,portrait,13,Mannerism_Late_Renaissance,1382,1849,RGB,adea13335295c74a,380,1
75719,0,Unknown Artist,10,Unknown Genre,4,Baroque,2779,1382,RGB,d2c63dd84d6640f3,381,1
56061,0,Unknown Artist,7,religious_painting,11,High_Renaissance,1382,1409,RGB,e7e6b8184d4341f3,382,1
79378,0,Unknown Artist,10,Unknown Genre,11,High_Renaissance,1382,1811,RGB,c8d7f3aa851a09cd,383,1
40753,126,thomas-gainsborough,6,portrait,22,Rococo,1382,1680,RGB,cc1932e7377230c7,384,1
63950,0,Unknown Artist,6,portrait,11,High_Renaissance,1382,1673,RGB,aea6333a1883cfcc,385,1
81113,0,Unknown Artist,10,Unknown Genre,17,Northern_Renaissance,1382,2663,RGB,d91e2d21a665f352,386,1
61123,80,peter-paul-rubens,4,landscape,4,Baroque,2442,1382,RGB,c7dab03034a7c39d,387,1
2306,0,Unknown Artist,10,Unknown Genre,17,Northern_Renaissance,1382,2026,RGB,ba98d883873efc41,388,1
26849,0,Unknown Artist,6,portrait,22,Rococo,1382,1887,RGB,c6c9563f2d3a3c24,389,1
48203,0,Unknown Artist,7,religious_painting,8,Early_Renaissance,1382,1834,RGB,c90e3d307237ce33,390,1
25712,0,Unknown Artist,5,nude_painting,13,Mannerism_Late_Renaissance,1382,1828,RGB,c3253c19d33367c6,391,1
67811,0,Unknown Artist,10,Unknown Genre,13,Mannerism_Late_Renaissance,1850,1382,RGB,edb1a419b0dad0da,392,1
24305,0,Unknown Artist,6,portrait,13,Mannerism_Late_Renaissance,1382,1718,RGB,b4425a2d4b171e9f,393,1
52782,0,Unknown Artist,7,religious_painting,8,Early_Renaissance,1382,2075,RGB,bfe0a0afe0acf01c,394,1
40045,0,Unknown Artist,4,landscape,17,Northern_Renaissance,1722,1382,RGB,999d8f7355695403,395,1
37406,0,Unknown Artist,8,sketch_and_study,22,Rococo,1382,1907,RGB,8e32f0e5039d9e3c,396,1
46243,24,leonardo-da-vinci,7,religious_painting,8,Early_Renaissance,1382,1670,RGB,d5c27a3c3863e127,397,1
44951,126,thomas-gainsborough,2,genre_painting,22,Rococo,1804,1382,RGB,d6b10fbd1b60318e,398,1
30666,0,Unknown Artist,7,religious_painting,8,Early_Renaissance,1382,2093,RGB,bbe825fc8cc16433,399,1
32517,0,Unknown Artist,7,religious_painting,11,High_Renaissance,2182,1382,RGB,af85ab61c3549cc5,400,1
75548,0,Unknown Artist,10,Unknown Genre,11,High_Renaissance,1419,1382,RGB,97b991da585147a5,401,1
64805,0,Unknown Artist,6,portrait,22,Rococo,1382,1745,RGB,cc8c0ef6313a72e3,402,1
53802,0,Unknown Artist,2,genre_painting,4,Baroque,1382,1547,RGB,d9652648d9f8648f,403,1
80046,0,Unknown Artist,10,Unknown Genre,22,Rococo,2596,1382,RGB,95d16b6640bc366d,404,1
62176,24,leonardo-da-vinci,8,sketch_and_study,11,High_Renaissance,1382,1983,RGB,e5a23226d68f9bc1,405,1
34461,87,michelangelo,5,nude_painting,11,High_Renaissance,1382,2100,RGB,95f5c60ccbf33206,406,1
38339,0,Unknown Artist,7,religious_painting,8,Early_Renaissance,1382,1388,RGB,eb85b436d1cb928c,407,1
71838,0,Unknown Artist,10,Unknown Genre,13,Mannerism_Late_Renaissance,1638,1381,RGB,91e23ab9729a3dc2,408,1
56777,0,Unknown Artist,7,religious_painting,8,Early_Renaissance,1734,1382,RGB,fa6140b6c71d279c,409,1
49629,0,Unknown Artist,6,portrait,22,Rococo,1382,1770,RGB,ccdc633332c8cf98,410,1
48861,38,fra-angelico,7,religious_painting,8,Early_Renaissance,2474,1382,RGB,c9ce648703b3f899,411,1
56470,0,Unknown Artist,7,religious_painting,8,Early_Renaissance,1845,1382,RGB,d737980d7829f0c9,412,1
43305,0,Unknown Artist,7,religious_painting,17,Northern_Renaissance,2610,1382,RGB,f8b09b0f535c26e4,413,1
73933,0,Unknown Artist,10,Unknown Genre,22,Rococo,1382,1704,RGB,dc66331b69946a65,414,1
41136,0,Unknown Artist,6,portrait,22,Rococo,1382,1640,RGB,cc0e39d023f336f1,415,1
5503,20,rembrandt,6,portrait,4,Baroque,1382,1843,RGB,ee9cb1e3c43ec2c0,416,1
25311,0,Unknown Artist,7,religious_painting,11,High_Renaissance,2766,1382,RGB,ff78fc458239900e,417,1
22148,0,Unknown Artist,6,portrait,8,Early_Renaissance,1382,2145,RGB,bf94d04bd0c3d0d3,418,1
37027,0,Unknown Artist,7,religious_painting,22,Rococo,1382,1674,RGB,d3670c1cb8992fc6,419,1
46415,77,titian,6,portrait,11,High_Renaissance,1382,1519,RGB,b2f96d660a93b461,420,1
49358,0,Unknown Artist,7,religious_painting,17,Northern_Renaissance,1941,1382,RGB,982e45708f37ced8,421,1
80027,0,Unknown Artist,10,Unknown Genre,22,Rococo,1763,1382,RGB,c490362d3bdf207e,422,1
40978,67,tintoretto,7,religious_painting,13,Mannerism_Late_Renaissance,1382,2764,RGB,feeb70d861389861,423,1
37247,0,Unknown Artist,7,religious_painting,17,Northern_Renaissance,1382,1737,RGB,bea49d4f4e8381b1,424,1
32686,0,Unknown Artist,6,portrait,4,Baroque,1382,1782,RGB,905a77a55ea2037d,425,1
56623,0,Unknown Artist,7,religious_painting,8,Early_Renaissance,1695,1382,RGB,baea6217081e9e7c,426,1
56233,0,Unknown Artist,7,religious_painting,8,Early_Renaissance,1382,1763,RGB,fcfec0608756070f,427,1
81102,0,Unknown Artist,10,Unknown Genre,17,Northern_Renaissance,1382,1974,RGB,91ce7a112a6dd0cf,428,1
56158,38,fra-angelico,7,religious_painting,8,Early_Renaissance,1382,1567,RGB,fae5a4b0e742d213,429,1
55839,0,Unknown Artist,7,religious_painting,17,Northern_Renaissance,1382,1502,RGB,b98ec4f83d136364,430,1
65376,126,thomas-gainsborough,6,portrait,22,Rococo,1382,1864,RGB,cef539060279cd63,431,1
49829,125,jacob-jordaens,6,portrait,4,Baroque,1382,1698,RGB,aded12e0d10bcd8e,432,1
65613,0,Unknown Artist,6,portrait,22,Rococo,1382,1823,RGB,cc393fe0033e2fd0,433,1
42753,103,hans-memling,9,still_life,17,Northern_Renaissance,1382,1879,RGB,ff6e041f0bb17904,434,1
32161,80,peter-paul-rubens,6,portrait,4,Baroque,1382,2667,RGB,b583807fe3069e59,435,1
41184,0,Unknown Artist,7,religious_painting,17,Northern_Renaissance,1382,1719,RGB,99d886478f3607ab,436,1
63826,0,Unknown Artist,6,portrait,22,Rococo,1733,1382,RGB,84cb3b36995a8c3b,437,1
51062,0,Unknown Artist,6,portrait,13,Mannerism_Late_Renaissance,1382,1797,RGB,cc8c713397d83371,438,1
22248,69,raphael,7,religious_painting,11,High_Renaissance,1382,1869,RGB,873078075a1cb5fd,439,1
9996,25,albrecht-durer,7,religious_painting,17,Northern_Renaissance,1382,1902,RGB,9638b097474f9e2c,440,1
55470,0,Unknown Artist,2,genre_painting,22,Rococo,1634,1382,RGB,f870071bfaf400cf,441,1
57139,0,Unknown Artist,7,religious_painting,13,Mannerism_Late_Renaissance,1382,1749,RGB,b42f6a4685bc9e4a,442,1
80104,0,Unknown Artist,10,Unknown Genre,22,Rococo,1382,1492,RGB,c81d1fe032726767,443,1
35038,0,Unknown Artist,7,religious_painting,8,Early_Renaissance,1382,2056,RGB,bdeec8cb5218d390,444,1
69232,0,Unknown Artist,10,Unknown Genre,4,Baroque,1874,1382,RGB,94b30f4ce5696a3a,445,1
28179,0,Unknown Artist,6,portrait,22,Rococo,1382,1856,RGB,dd396726663221ce,446,1
40535,24,leonardo-da-vinci,8,sketch_and_study,8,Early_Renaissance,1777,1382,RGB,9b19f0e4e5df1b00,447,1
76795,0,Unknown Artist,10,Unknown Genre,22,Rococo,1711,1382,RGB,9fad3136d554a22c,448,1
43036,0,Unknown Artist,6,portrait,22,Rococo,1382,1785,RGB,cc3737c326b850ec,449,1
42411,0,Unknown Artist,2,genre_painting,22,Rococo,1608,1382,RGB,9997267090ce9f99,450,1
67975,0,Unknown Artist,10,Unknown Genre,17,Northern_Renaissance,1382,1964,RGB,bd6ab1944f803ec9,451,1
68503,0,Unknown Artist,10,Unknown Genre,22,Rococo,1849,1382,RGB,c7e04e1efd231839,452,1
56330,0,Unknown Artist,7,religious_painting,8,Early_Renaissance,1382,1392,RGB,84c44fd17b3b3a1c,453,1
75530,0,Unknown Artist,10,Unknown Genre,22,Rococo,1889,1382,RGB,c9c9c0344ddba6e6,454,1
56855,0,Unknown Artist,7,religious_painting,4,Baroque,1382,1557,RGB,d14bee58725464d3,455,1
77125,0,Unknown Artist,10,Unknown Genre,13,Mannerism_Late_Renaissance,1382,1686,RGB,f1240fda6d70e10f,456,1
48805,58,pietro-perugino,7,religious_painting,11,High_Renaissance,1382,2709,RGB,cf623d65b0afe005,457,1
37770,38,fra-angelico,7,religious_painting,8,Early_Renaissance,1382,1628,RGB,82b5590bf748b4a7,458,1
53780,0,Unknown Artist,2,genre_painting,4,Baroque,1382,1701,RGB,bf2ce993a4c6d130,459,1
71544,0,Unknown Artist,10,Unknown Genre,13,Mannerism_Late_Renaissance,1714,1382,RGB,946e7289614fd0be,460,1
76361,0,Unknown Artist,10,Unknown Genre,22,Rococo,1807,1382,RGB,c33c2c83903e3fe5,461,1
76949,0,Unknown Artist,10,Unknown Genre,22,Rococo,1382,1689,RGB,81956c3a956a3de3,462,1
33148,0,Unknown Artist,2,genre_painting,4,Baroque,1382,1586,RGB,9c35a5f609d8ce23,463,1
76114,0,Unknown Artist,10,Unknown Genre,4,Baroque,1382,1706,RGB,cc4466995e971ee1,464,1
56548,0,Unknown Artist,7,religious_painting,8,Early_Renaissance,1842,1382,RGB,f91b60e40e3f4e25,465,1
3709,25,albrecht-durer,7,religious_painting,17,Northern_Renaissance,1382,2026,RGB,a626059359d9c5d7,466,1
50654,69,raphael,8,sketch_and_study,11,High_Renaissance,1382,1641,RGB,d695cda82e8d0da9,467,1
62512,0,Unknown Artist,8,sketch_and_study,13,Mannerism_Late_Renaissance,2067,1382,RGB,b3e9ce8646b93990,468,1
62146,24,leonardo-da-vinci,8,sketch_and_study,11,High_Renaissance,1382,1763,RGB,b0778ece7723051c,469,1
46960,0,Unknown Artist,7,religious_painting,8,Early_Renaissance,2079,1382,RGB,c3432f7c3cd222f2,470,1
30850,0,Unknown Artist,7,religious_painting,17,Northern_Renaissance,2256,1382,RGB,c43bd9673d0c2d4c,471,1
45302,114,anthony-van-dyck,7,religious_painting,4,Baroque,1381,1800,RGB,d9093bf666648cc9,472,1
48958,67,tintoretto,7,religious_painting,13,Mannerism_Late_Renaissance,1382,1754,RGB,a4ec4f0715c8d657,473,1
56712,69,raphael,7,religious_painting,11,High_Renaissance,2072,1382,RGB,d52316e8691b9765,474,1
78499,0,Unknown Artist,10,Unknown Genre,13,Mannerism_Late_Renaissance,1753,1382,RGB,98adc9da86c9c35a,475,1
72848,0,Unknown Artist,10,Unknown Genre,11,High_Renaissance,1382,1945,RGB,d4d8eb743404daea,476,1
78521,0,Unknown Artist,10,Unknown Genre,13,Mannerism_Late_Renaissance,1535,1382,RGB,e0f81f07b48ec3e1,477,1
29181,0,Unknown Artist,6,portrait,22,Rococo,1382,1800,RGB,88869ddb69357239,478,1
23660,0,Unknown Artist,8,sketch_and_study,13,Mannerism_Late_Renaissance,1409,1382,RGB,afc0e59ed029833b,479,1
18182,25,albrecht-durer,2,genre_painting,17,Northern_Renaissance,2197,1382,RGB,ed6d93b20a83c46d,480,1
46666,83,joshua-reynolds,6,portrait,22,Rococo,1382,1653,RGB,92596ea6644b99e5,481,1
77245,0,Unknown Artist,10,Unknown Genre,4,Baroque,1951,1382,RGB,c5917a7e1fc74016,482,1
39229,0,Unknown Artist,7,religious_painting,13,Mannerism_Late_Renaissance,1382,1855,RGB,c7466df321cb384c,483,2
41564,38,fra-angelico,7,religious_painting,8,Early_Renaissance,1398,1382,RGB,ebb4ed1334cb9248,484,2
36095,0,Unknown Artist,6,portrait,4,Baroque,1382,1628,RGB,ccc43b3bf8e43438,485,1
23425,0,Unknown Artist,6,portrait,11,High_Renaissance,1382,1634,RGB,f0b00317b7c3c9dc,486,1
78462,0,Unknown Artist,10,Unknown Genre,13,Mannerism_Late_Renaissance,1382,1550,RGB,ff6b0ad59053e888,487,1
55656,0,Unknown Artist,7,religious_painting,13,Mannerism_Late_Renaissance,1382,2991,RGB,fba29431db0ece18,488,1
56811,0,Unknown Artist,7,religious_painting,17,Northern_Renaissance,1382,1869,RGB,9f7f68462428f11b,489,1
23421,0,Unknown Artist,6,portrait,4,Baroque,1382,1934,RGB,d0cc2bf20d3ec0f6,490,1
32678,61,bartolome-esteban-murillo,7,religious_painting,4,Baroque,1382,1738,RGB,d89736e06467ed84,491,1
38963,82,paolo-veronese,7,religious_painting,13,Mannerism_Late_Renaissance,1382,2356,RGB,b9b8d7d0988ba88e,492,1
60662,80,peter-paul-rubens,4,landscape,4,Baroque,2410,1382,RGB,b89dd3736346c08b,493,1
56457,0,Unknown Artist,7,religious_painting,8,Early_Renaissance,2193,1382,RGB,dca3a6cb71641b1c,494,1
55834,0,Unknown Artist,7,religious_painting,11,High_Renaissance,1777,1382,RGB,f9b604197c79e306,495,1
44914,0,Unknown Artist,6,portrait,22,Rococo,1381,1688,RGB,ce9c70323173e6d1,496,1
55969,77,titian,7,religious_painting,11,High_Renaissance,1382,1839,RGB,a85c3de217733cc4,497,1
80082,0,Unknown Artist,10,Unknown Genre,22,Rococo,1382,1949,RGB,eac0959394d9cb6c,498,1
43477,0,Unknown Artist,9,still_life,4,Baroque,2172,1382,RGB,91952eec534b643d,499,1
69191,0,Unknown Artist,10,Unknown Genre,11,High_Renaissance,1413,1382,RGB,e00b1cbea9522be7,500,1
39991,0,Unknown Artist,2,genre_painting,4,Baroque,1382,1646,RGB,c2383dcf3e607326,501,1
80533,0,Unknown Artist,10,Unknown Genre,8,Early_Renaissance,1382,1727,RGB,eb30ba6961c2ee23,502,1
46101,0,Unknown Artist,7,religious_painting,8,Early_Renaissance,3338,1382,RGB,95ff5880e7c812d9,503,1
37379,0,Unknown Artist,6,portrait,22,Rococo,1382,1770,RGB,ccce63333339324b,504,1
26732,0,Unknown Artist,1,cityscape,4,Baroque,3095,1382,RGB,e8e30e72b4532dd8,505,1
65812,0,Unknown Artist,6,portrait,17,Northern_Renaissance,1382,1800,RGB,e9a7d4fc92432915,506,1
51573,0,Unknown Artist,6,portrait,13,Mannerism_Late_Renaissance,1382,1987,RGB,bdbd6242c4b59e48,507,1
81123,0,Unknown Artist,10,Unknown Genre,17,Northern_Renaissance,1769,1382,RGB,c1e5b4ccdcd26998,508,1
32107,58,pietro-perugino,7,religious_painting,8,Early_Renaissance,1382,1903,RGB,cbbf1f62b020984f,509,1
38813,67,tintoretto,6,portrait,13,Mannerism_Late_Renaissance,1382,1642,RGB,cc8cb33331c73333,510,2
34887,0,Unknown Artist,6,portrait,13,Mannerism_Late_Renaissance,1382,1791,RGB,9c4a6ba5d39a2933,511,1
9407,25,albrecht-durer,4,landscape,17,Northern_Renaissance,2981,1382,RGB,98e32579c7c4631e,512,1
69290,0,Unknown Artist,10,Unknown Genre,8,Early_Renaissance,1382,1519,RGB,b27466c1c7879cb8,513,1
51186,0,Unknown Artist,6,portrait,4,Baroque,1381,1774,RGB,b3f3148d41987ee2,514,1
65117,0,Unknown Artist,6,portrait,13,Mannerism_Late_Renaissance,1382,1720,RGB,d9c926660b99d617,515,1
41501,24,leonardo-da-vinci,8,sketch_and_study,8,Early_Renaissance,1382,1665,RGB,c279d9a530b43b4b,516,1
5706,25,albrecht-durer,7,religious_painting,17,Northern_Renaissance,1886,1382,RGB,d7b3d34c6c15294a,517,1
56905,38,fra-angelico,7,religious_painting,8,Early_Renaissance,1462,1382,RGB,914c7a274e33cf2a,518,1
56057,0,Unknown Artist,7,religious_painting,8,Early_Renaissance,1382,2113,RGB,f2932d681d2f54e1,519,1
32493,0,Unknown Artist,6,portrait,13,Mannerism_Late_Renaissance,1382,1847,RGB,9d9e63393470c794,520,1
20687,0,Unknown Artist,6,portrait,22,Rococo,1382,1665,RGB,8e47332657b94cb1,521,1
46766,0,Unknown Artist,6,portrait,13,Mannerism_Late_Renaissance,1382,1863,RGB,8738ce47bc41b84f,522,1
47722,0,Unknown Artist,6,portrait,22,Rococo,1382,1738,RGB,c4037c6c27cfc971,523,1
49492,0,Unknown Artist,7,religious_painting,11,High_Renaissance,1382,1706,RGB,c7c2386d26171a7e,524,1
75036,0,Unknown Artist,10,Unknown Genre,11,High_Renaissance,1382,2695,RGB,c30f6431d23e3c79,525,1
27892,61,bartolome-esteban-murillo,7,religious_painting,4,Baroque,2006,1382,RGB,c82703bc67f0c7b8,526,1
30617,0,Unknown Artist,6,portrait,11,High_Renaissance,1382,1608,RGB,d8c9d6967ab2c0d2,527,1
55686,29,lucas-cranach-the-elder,7,religious_painting,17,Northern_Renaissance,1382,2034,RGB,ccf8330f2660f1f2,528,1
32906,0,Unknown Artist,7,religious_painting,8,Early_Renaissance,1382,1482,RGB,da484da67c963399,529,1
20933,0,Unknown Artist,3,illustration,4,Baroque,1382,1836,RGB,c776b221292546fe,530,1
10080,20,rembrandt,6,portrait,4,Baroque,1382,2238,RGB,e60eca703d7130f3,531,1
72163,0,Unknown Artist,10,Unknown Genre,17,Northern_Renaissance,1382,1920,RGB,eadbf0161c31f4b0,532,1
78519,0,Unknown Artist,10,Unknown Genre,13,Mannerism_Late_Renaissance,1382,1846,RGB,c79371186b473c2d,533,1
50730,58,pietro-perugino,7,religious_painting,11,High_Renaissance,1382,1701,RGB,fead29f0a494d780,534,1
44131,69,raphael,8,sketch_and_study,11,High_Renaissance,1544,1382,RGB,ed1e928df0a0f0e5,535,1
24579,114,anthony-van-dyck,6,portrait,4,Baroque,1382,1857,RGB,d93923c6ec10db1e,536,1
68944,0,Unknown Artist,10,Unknown Genre,11,High_Renaissance,1839,1382,RGB,b438cb4e32319bcb,537,1
43055,0,Unknown Artist,6,portrait,22,Rococo,1382,1647,RGB,cfd872668173b20d,538,1
40658,87,michelangelo,8,sketch_and_study,11,High_Renaissance,1382,1977,RGB,963fd3c10d5e1c8a,539,1
44773,0,Unknown Artist,6,portrait,22,Rococo,1382,2083,RGB,cd3132c65e08f937,540,1
24230,77,titian,6,portrait,13,Mannerism_Late_Renaissance,1382,1744,RGB,8d6c98e763336389,541,1
37252,0,Unknown Artist,6,portrait,22,Rococo,1382,1647,RGB,e6ccb932844ad33d,542,1
75149,0,Unknown Artist,10,Unknown Genre,13,Mannerism_Late_Renaissance,1382,2270,RGB,9996409b77dd6341,543,1
55608,58,pietro-perugino,7,religious_painting,11,High_Renaissance,1382,1990,RGB,b6e86de2c1d13683,544,1
21326,0,Unknown Artist,7,religious_painting,8,Early_Renaissance,1382,1657,RGB,ebcaa533d039d485,545,1
44164,23,hieronymus-bosch,7,religious_painting,17,Northern_Renaissance,1382,1763,RGB,a03c7ae1fcb8859c,546,1
55919,0,Unknown Artist,7,religious_painting,17,Northern_Renaissance,1842,1382,RGB,92498464ee9356fb,547,1
51409,0,Unknown Artist,7,religious_painting,8,Early_Renaissance,2831,1382,RGB,fab29161c38ec61e,548,1
73337,0,Unknown Artist,10,Unknown Genre,4,Baroque,1846,1382,RGB,d5f0382fc1f83685,549,1
47321,0,Unknown Artist,2,genre_painting,22,Rococo,1382,1693,RGB,c6d3f1bc68e20749,550,1
30504,0,Unknown Artist,4,landscape,4,Baroque,1382,1587,RGB,8ecca66337599296,551,1
44259,0,Unknown Artist,6,portrait,8,Early_Renaissance,1382,2067,RGB,8f966c79252b649c,552,1
56339,0,Unknown Artist,7,religious_painting,8,Early_Renaissance,2200,1382,RGB,95962d2d7e133683,553,1
41537,0,Unknown Artist,7,religious_painting,13,Mannerism_Late_Renaissance,1842,1382,RGB,91a1c65e873de839,554,1
76458,0,Unknown Artist,10,Unknown Genre,17,Northern_Renaissance,1665,1382,RGB,9d9d77123a333c30,555,1
25963,0,Unknown Artist,7,religious_painting,8,Early_Renaissance,1587,1382,RGB,da5f27660c5d3c30,556,1
74798,0,Unknown Artist,10,Unknown Genre,17,Northern_Renaissance,1382,1442,RGB,f3a3941acd3b8c49,557,1
71647,0,Unknown Artist,10,Unknown Genre,11,High_Renaissance,2664,1382,RGB,8dce9a6a6576a185,558,1
81077,0,Unknown Artist,10,Unknown Genre,17,Northern_Renaissance,1382,1895,RGB,82ab75d2c9ce90b5,559,1
50510,0,Unknown Artist,6,portrait,13,Mannerism_Late_Renaissance,1382,1736,RGB,cd30d6b923727623,560,1
32236,0,Unknown Artist,8,sketch_and_study,22,Rococo,1382,1953,RGB,c8933f3c6131c6c7,561,1
80103,0,Unknown Artist,10,Unknown Genre,22,Rococo,1919,1382,RGB,cdf379040ec3339c,562,1
56138,0,Unknown Artist,7,religious_painting,17,Northern_Renaissance,1382,1727,RGB,cc5b64642df31bb0,563,1
30047,0,Unknown Artist,7,religious_painting,11,High_Renaissance,2253,1382,RGB,ec8902143d1d7f6e,564,1
66190,0,Unknown Artist,6,portrait,22,Rococo,1382,1761,RGB,8ccf70333338b933,565,1
26040,0,Unknown Artist,7,religious_painting,8,Early_Renaissance,1759,1382,RGB,ad8dc8cc72d39692,566,1
30051,67,tintoretto,6,portrait,13,Mannerism_Late_Renaissance,1382,2266,RGB,89a91472757637a6,567,1
62460,0,Unknown Artist,8,sketch_and_study,8,Early_Renaissance,1382,1683,RGB,b5b2f0cfd39083c1,568,1
70798,0,Unknown Artist,10,Unknown Genre,13,Mannerism_Late_Renaissance,2065,1382,RGB,fec799e476194111,569,1
36901,67,tintoretto,6,portrait,13,Mannerism_Late_Renaissance,1382,1745,RGB,cccc31313133cecf,570,1
46000,69,raphael,7,religious_painting,11,High_Renaissance,1382,1645,RGB,bdbb322084179f69,571,1
39545,0,Unknown Artist,6,portrait,22,Rococo,1382,1985,RGB,c3f164c6bc3e9a82,572,1
62489,0,Unknown Artist,8,sketch_and_study,13,Mannerism_Late_Renaissance,1659,1382,RGB,8030f652f3738fcc,573,1
32940,0,Unknown Artist,4,landscape,4,Baroque,1382,1771,RGB,d9fda626d9c10c26,574,1
73641,0,Unknown Artist,10,Unknown Genre,4,Baroque,1382,1677,RGB,d4fa0b0c7e8d9836,575,1
24143,0,Unknown Artist,7,religious_painting,8,Early_Renaissance,1382,1808,RGB,c99716c823cba337,576,1
40761,121,el-greco,8,sketch_and_study,13,Mannerism_Late_Renaissance,1382,1612,RGB,bcc8114797d5ccac,577,1
43837,83,joshua-reynolds,6,portrait,22,Rococo,1382,1709,RGB,847c61975ba334cb,578,1
65081,0,Unknown Artist,6,portrait,22,Rococo,1382,1909,RGB,c22d3ce1268f6dd8,579,1
46369,69,raphael,7,religious_painting,11,High_Renaissance,1382,2298,RGB,8987d6a9d30a95ce,580,1
78454,0,Unknown Artist,10,Unknown Genre,13,Mannerism_Late_Renaissance,1382,2485,RGB,e66e5b3459078ce2,581,1
29660,0,Unknown Artist,8,sketch_and_study,8,Early_Renaissance,1382,1861,RGB,dfeb8698230e348d,582,1
3117,25,albrecht-durer,7,religious_painting,17,Northern_Renaissance,1382,2045,RGB,f5eca83b7a1a0cd0,583,1
68622,0,Unknown Artist,10,Unknown Genre,11,High_Renaissance,6617,1382,RGB,c1d2f51b2d2d6e84,584,1
75971,0,Unknown Artist,10,Unknown Genre,22,Rococo,2228,1382,RGB,d6d9710cf9a219e2,585,1
52870,121,el-greco,7,religious_painting,13,Mannerism_Late_Renaissance,1382,3369,RGB,8d9c5243bae83a73,586,1
29084,0,Unknown Artist,7,religious_painting,8,Early_Renaissance,1382,2709,RGB,bfececb8b070e044,587,1
23202,0,Unknown Artist,7,religious_painting,8,Early_Renaissance,1382,1876,RGB,ec8d1e40a3eb9953,588,1
46867,0,Unknown Artist,8,sketch_and_study,11,High_Renaissance,2507,1382,RGB,9682f0d53d20afdc,589,1
54202,0,Unknown Artist,2,genre_painting,4,Baroque,1382,1712,RGB,992df733c81c9931,590,1
44652,77,titian,7,religious_painting,11,High_Renaissance,1382,2148,RGB,c89156ced9592e36,591,1
71440,0,Unknown Artist,10,Unknown Genre,8,Early_Renaissance,1382,1835,RGB,9a99699285fc38e5,592,1
33055,125,jacob-jordaens,8,sketch_and_study,4,Baroque,1382,2423,RGB,e9bd94183b92994d,593,1
33197,0,Unknown Artist,7,religious_painting,8,Early_Renaissance,1382,1806,RGB,882c239765d63df8,594,1
66017,0,Unknown Artist,6,portrait,13,Mannerism_Late_Renaissance,1382,1660,RGB,899c33676638e6e1,595,1
8218,20,rembrandt,7,religious_painting,4,Baroque,1382,1813,RGB,e6bc9d716a4689c8,596,1
71749,0,Unknown Artist,10,Unknown Genre,11,High_Renaissance,1382,1946,RGB,af9153d8f560f890,597,1
69707,0,Unknown Artist,10,Unknown Genre,22,Rococo,2146,1382,RGB,8dcaf25652b529d4,598,1
43170,0,Unknown Artist,7,religious_painting,8,Early_Renaissance,1382,1957,RGB,947879e541833bd3,599,1
49789,103,hans-memling,7,religious_painting,17,Northern_Renaissance,1382,1750,RGB,a563bb4c0a5d8ef0,600,1
45101,0,Unknown Artist,7,religious_painting,17,Northern_Renaissance,2820,1382,RGB,e5f421c2d62178de,601,1
54769,0,Unknown Artist,2,genre_painting,4,Baroque,1382,1697,RGB,c5c889b71aa7866e,602,1
62986,83,joshua-reynolds,6,portrait,22,Rococo,1381,1516,RGB,e5425abda059ace6,603,1
66067,126,thomas-gainsborough,6,portrait,22,Rococo,1382,1588,RGB,bda56252d8a1656e,604,1
49105,38,fra-angelico,7,religious_painting,8,Early_Renaissance,1382,4039,RGB,ceb831c79ec21ae1,605,1
47420,87,michelangelo,5,nude_painting,11,High_Renaissance,1382,1751,RGB,eead24dc91e262c6,606,1
32795,0,Unknown Artist,7,religious_painting,11,High_Renaissance,3474,1382,RGB,9ded925a4b246c1d,607,1
21752,0,Unknown Artist,7,religious_painting,8,Early_Renaissance,1382,1899,RGB,e3e9ae24912c1de5,608,1
32931,61,bartolome-esteban-murillo,7,religious_painting,4,Baroque,1382,2046,RGB,c5a152171cf9639d,609,1
48080,0,Unknown Artist,7,religious_painting,11,High_Renaissance,1382,1814,RGB,ecccb02558d24d7d,610,1
75040,0,Unknown Artist,10,Unknown Genre,13,Mannerism_Late_Renaissance,1808,1382,RGB,8520380df65ccf3f,611,1
40420,0,Unknown Artist,6,portrait,22,Rococo,1382,1837,RGB,c8c31e4d193d373c,612,1
17769,20,rembrandt,2,genre_painting,4,Baroque,1382,2017,RGB,bb859c786366b21c,613,1
65821,0,Unknown Artist,6,portrait,11,High_Renaissance,1382,1788,RGB,bea5c5924b66b0c9,614,1
63094,0,Unknown Artist,6,portrait,11,High_Renaissance,1382,1717,RGB,f4334ee324d952b4,615,1
34303,0,Unknown Artist,7,religious_painting,8,Early_Renaissance,2064,1382,RGB,eea531d20e968e8b,616,1
32292,0,Unknown Artist,7,religious_painting,8,Early_Renaissance,1495,1382,RGB,9e665989667e49c1,617,1
41697,0,Unknown Artist,7,religious_painting,13,Mannerism_Late_Renaissance,1563,1382,RGB,ad562a9cf0c6952d,618,1
8064,20,rembrandt,6,portrait,4,Baroque,1382,1755,RGB,8eac31937388ce4f,619,1
56949,69,raphael,7,religious_painting,11,High_Renaissance,2264,1382,RGB,a4ab9df4d7885268,620,1
52407,0,Unknown Artist,7,religious_painting,8,Early_Renaissance,1382,1882,RGB,af34b04e9243d17b,621,1
863,20,rembrandt,2,genre_painting,4,Baroque,1382,2764,RGB,bfb3c0c8870ec99c,622,1
57138,61,bartolome-esteban-murillo,7,religious_painting,4,Baroque,1535,1382,RGB,c0e04b3b76cf1b15,623,1
42088,114,anthony-van-dyck,6,portrait,4,Baroque,1382,2204,RGB,d51972e5ee960534,624,1
23216,0,Unknown Artist,7,religious_painting,8,Early_Renaissance,2914,1382,RGB,dae5c3222909dfa6,625,1
56539,0,Unknown Artist,7,religious_painting,17,Northern_Renaissance,1382,1857,RGB,9ac049e67659b327,626,1
72375,0,Unknown Artist,10,Unknown Genre,8,Early_Renaissance,2373,1382,RGB,8d57d60cf04fea11,627,1
78463,0,Unknown Artist,10,Unknown Genre,13,Mannerism_Late_Renaissance,1731,1382,RGB,9de0f68418e77e18,628,1
56638,38,fra-angelico,7,religious_painting,8,Early_Renaissance,1382,1910,RGB,cb36687914ee0fa2,629,1
49658,0,Unknown Artist,8,sketch_and_study,8,Early_Renaissance,1382,1526,RGB,fcf4d35028191fa3,630,1
28723,87,michelangelo,8,sketch_and_study,11,High_Renaissance,1975,1382,RGB,e929cae443c9ccdc,631,1
58084,0,Unknown Artist,1,cityscape,22,Rococo,2476,1382,RGB,8ebff84170188f47,632,1
18025,25,albrecht-durer,7,religious_painting,17,Northern_Renaissance,1382,1960,RGB,9cb58fe592e2b340,633,1
24838,0,Unknown Artist,7,religious_painting,17,Northern_Renaissance,1382,1875,RGB,9185767a8369a87e,634,1
52687,23,hieronymus-bosch,7,religious_painting,17,Northern_Renaissance,1382,1965,RGB,b5babba59a8c094a,635,1
24741,87,michelangelo,8,sketch_and_study,11,High_Renaissance,1382,2330,RGB,a073d2951d3e19cd,636,1
48646,0,Unknown Artist,7,religious_painting,17,Northern_Renaissance,2720,1382,RGB,bcb7295f5e40a384,637,1
27307,29,lucas-cranach-the-elder,2,genre_painting,17,Northern_Renaissance,1382,1914,RGB,d982682d362e6ed9,638,1
20616,24,leonardo-da-vinci,6,portrait,11,High_Renaissance,1382,2007,RGB,cc4c6733b133cccc,639,1
2400,20,rembrandt,7,religious_painting,4,Baroque,1381,1571,RGB,fa37a4c4937ac10d,640,1
63033,114,anthony-van-dyck,6,portrait,4,Baroque,1382,1900,RGB,8e6c61969a636397,641,2
48586,69,raphael,6,portrait,11,High_Renaissance,1382,1839,RGB,8c1c6d37933863cd,642,1
56286,0,Unknown Artist,7,religious_painting,8,Early_Renaissance,2232,1382,RGB,aeb00e5781d5d936,643,1
25278,0,Unknown Artist,7,religious_painting,17,Northern_Renaissance,1382,3561,RGB,88337c33ce4c73a5,644,1
30704,0,Unknown Artist,2,genre_painting,22,Rococo,1382,1551,RGB,c0bd3369c9cb9616,645,1
53979,0,Unknown Artist,2,genre_painting,22,Rococo,1727,1382,RGB,ccb94e062186f1bf,646,1
75784,0,Unknown Artist,10,Unknown Genre,13,Mannerism_Late_Renaissance,1418,1382,RGB,e66c2cb11b4e9563,647,1
39055,0,Unknown Artist,7,religious_painting,11,High_Renaissance,1382,1767,RGB,a91bd66393548379,648,1
4314,20,rembrandt,6,portrait,4,Baroque,1382,1742,RGB,ba12cb69cd149357,649,1
39350,0,Unknown Artist,7,religious_painting,17,Northern_Renaissance,1382,1831,RGB,fa86474f92b9c4b0,650,1
71752,0,Unknown Artist,10,Unknown Genre,17,Northern_Renaissance,1382,2106,RGB,e58c93fbb9b89090,651,1
31201,0,Unknown Artist,8,sketch_and_study,13,Mannerism_Late_Renaissance,2243,1382,RGB,f52f4973d0491647,652,1
32528,0,Unknown Artist,7,religious_painting,8,Early_Renaissance,4965,1382,RGB,bb1a28253d76ce38,653,1
26544,114,anthony-van-dyck,6,portrait,4,Baroque,1382,1822,RGB,d8cc6663389bb32c,654,1
74922,0,Unknown Artist,10,Unknown Genre,4,Baroque,1382,3012,RGB,91a76b911c431f75,655,1
75212,0,Unknown Artist,10,Unknown Genre,4,Baroque,1685,1382,RGB,d7b32d48c3339cb0,656,1
34712,0,Unknown Artist,7,religious_painting,8,Early_Renaissance,1382,1921,RGB,f9d3d08e26b946a1,657,1
22603,0,Unknown Artist,7,religious_painting,8,Early_Renaissance,1382,1440,RGB,f7cca833cd528389,658,1
56290,0,Unknown Artist,7,religious_painting,8,Early_Renaissance,2064,1382,RGB,a3d637593a338661,659,1
51991,0,Unknown Artist,6,portrait,11,High_Renaissance,1382,1916,RGB,cf6368933e2c6394,660,1
17706,20,rembrandt,8,sketch_and_study,4,Baroque,1954,1382,RGB,b53c93c3c92465d9,661,1
55895,0,Unknown Artist,7,religious_painting,8,Early_Renaissance,1382,1564,RGB,c5eb2e1b492c2d33,662,1
19263,0,Unknown Artist,6,portrait,8,Early_Renaissance,1382,1951,RGB,f8a512d285dc07d7,663,1
43219,38,fra-angelico,7,religious_painting,8,Early_Renaissance,1767,1382,RGB,eb8f193617e0315c,664,1
63725,0,Unknown Artist,6,portrait,22,Rococo,1382,1778,RGB,9d0c66b3316c9997,665,1
78759,0,Unknown Artist,10,Unknown Genre,4,Baroque,1382,1624,RGB,80f33f4e47b4250f,666,1
56669,0,Unknown Artist,7,religious_painting,11,High_Renaissance,1382,1746,RGB,c9273c604ae15fb6,667,1
27162,80,peter-paul-rubens,6,portrait,4,Baroque,1382,2047,RGB,f88c06767331ab5c,668,1
23211,0,Unknown Artist,2,genre_painting,22,Rococo,1382,1683,RGB,cc33b1c4d039e37c,669,1
66140,114,anthony-van-dyck,6,portrait,4,Baroque,1382,1639,RGB,f8c97166661b9287,670,1
55636,0,Unknown Artist,7,religious_painting,8,Early_Renaissance,1401,1382,RGB,afb4ec1b30cb924c,484,2
50675,87,michelangelo,7,religious_painting,11,High_Renaissance,2179,1382,RGB,e2799ae6e1e1a0a6,671,2
26861,0,Unknown Artist,7,religious_painting,17,Northern_Renaissance,1382,1682,RGB,ad8750f09b4b523d,672,1
74547,0,Unknown Artist,10,Unknown Genre,4,Baroque,1382,1862,RGB,91b66c89b234d94f,673,1
79358,0,Unknown Artist,10,Unknown Genre,11,High_Renaissance,1382,2976,RGB,ffa535b610da90e0,674,1
56082,0,Unknown Artist,7,religious_painting,17,Northern_Renaissance,1382,1801,RGB,bd4dda2306365c8b,675,1
24440,0,Unknown Artist,9,still_life,11,High_Renaissance,1382,1673,RGB,c4d6b44b2c909f3d,676,1
44088,0,Unknown Artist,6,portrait,8,Early_Renaissance,1382,1819,RGB,c76a301fe8c0cfa3,677,1
50266,0,Unknown Artist,7,religious_painting,8,Early_Renaissance,1489,1382,RGB,91c565bb5a68e5d0,678,1
49434,0,Unknown Artist,7,religious_painting,17,Northern_Renaissance,1382,1924,RGB,cfb0904b3d31e54e,679,1
79997,0,Unknown Artist,10,Unknown Genre,22,Rococo,1382,1943,RGB,c0967f3865e131e5,680,1
27599,0,Unknown Artist,1,cityscape,22,Rococo,2446,1382,RGB,d1dc1f316a9b245a,681,1
37206,0,Unknown Artist,7,religious_painting,13,Mannerism_Late_Renaissance,1382,1834,RGB,b4ef6816213b2f1c,682,1
36090,23,hieronymus-bosch,7,religious_painting,17,Northern_Renaissance,1382,2627,RGB,eca9f295d28b640d,683,1
38563,80,peter-paul-rubens,6,portrait,4,Baroque,1382,1841,RGB,afb0b26ed0c08b9b,684,1
53779,0,Unknown Artist,2,genre_painting,22,Rococo,1382,2491,RGB,f3bd4c4a25591a65,685,1
75309,0,Unknown Artist,10,Unknown Genre,4,Baroque,1382,1681,RGB,d51d2ac317f1f206,686,1
64385,116,frans-hals,6,portrait,4,Baroque,1382,1642,RGB,8e843539c3e3371e,687,1
39598,0,Unknown Artist,6,portrait,11,High_Renaissance,1382,1693,RGB,e8b482435f737199,688,1
78566,0,Unknown Artist,10,Unknown Genre,4,Baroque,2249,1382,RGB,c0e87ffe8000fcec,689,1
30296,0,Unknown Artist,7,religious_painting,11,High_Renaissance,2802,1382,RGB,c9edd78c44b88d91,690,1
29979,0,Unknown Artist,7,religious_painting,8,Early_Renaissance,3324,1382,RGB,c77c2cd2d6e4e888,691,1
36618,0,Unknown Artist,6,portrait,22,Rococo,1382,1706,RGB,948c857372613fb6,692,1
56304,0,Unknown Artist,7,religious_painting,4,Baroque,1382,2065,RGB,b10d58711d7d4b3a,693,1
21145,103,hans-memling,7,religious_painting,17,Northern_Renaissance,1382,2274,RGB,c2e0e8e2c7c69b0f,694,1
36347,116,frans-hals,6,portrait,4,Baroque,1382,1628,RGB,8c9c733398c6673a,695,1
19108,23,hieronymus-bosch,7,religious_painting,17,Northern_Renaissance,1382,1684,RGB,95a5786b6c71e550,696,1
18049,0,Unknown Artist,10,Unknown Genre,17,Northern_Renaissance,1382,1713,RGB,caa4d1b9515cd276,697,1
49856,103,hans-memling,7,religious_painting,17,Northern_Renaissance,1382,1865,RGB,bce76b1c26d09165,698,1
42496,0,Unknown Artist,7,religious_painting,8,Early_Renaissance,1382,1968,RGB,9bc4ee1bb46ea04c,699,1
36570,0,Unknown Artist,7,religious_painting,4,Baroque,1382,1432,RGB,cd66379960871e39,700,1
55914,0,Unknown Artist,7,religious_painting,8,Early_Renaissance,1382,1383,RGB,b93b7442e68c7136,701,1
35856,77,titian,6,portrait,13,Mannerism_Late_Renaissance,1382,2450,RGB,9a31270ea176f61e,702,1
55644,0,Unknown Artist,7,religious_painting,13,Mannerism_Late_Renaissance,1382,1403,RGB,afa8b4c3968e8a39,703,1
523,25,albrecht-durer,8,sketch_and_study,17,Northern_Renaissance,2223,1381,RGB,9d2ba15474aa1ef8,704,1
38942,126,thomas-gainsborough,6,portrait,22,Rococo,1719,1382,RGB,d3e45c1bb4c49ae1,705,1
61966,0,Unknown Artist,8,sketch_and_study,22,Rococo,1382,1805,RGB,8a0d87ded1b2da83,706,1
32446,0,Unknown Artist,6,portrait,22,Rococo,1382,1798,RGB,897872e766a4c9d2,707,1
62058,87,michelangelo,8,sketch_and_study,11,High_Renaissance,1382,1861,RGB,a65f9982b1c126dd,708,1
24282,0,Unknown Artist,6,portrait,17,Northern_Renaissance,1382,1783,RGB,da4d32346736c8ce,709,1
56450,61,bartolome-esteban-murillo,7,religious_painting,4,Baroque,1467,1382,RGB,c970330f876edc19,710,1
35907,0,Unknown Artist,7,religious_painting,22,Rococo,1934,1382,RGB,e1d90d35a656525d,711,1
74491,0,Unknown Artist,10,Unknown Genre,11,High_Renaissance,1382,2100,RGB,c18d3cd267641bd9,712,1
73250,0,Unknown Artist,10,Unknown Genre,13,Mannerism_Late_Renaissance,1382,2416,RGB,d06b0d9e1f48c774,713,1
49853,0,Unknown Artist,7,religious_painting,4,Baroque,1382,1730,RGB,d197662f99b03478,714,1
56352,125,jacob-jordaens,7,religious_painting,4,Baroque,1382,1770,RGB,c73c38c3328cbbd8,715,1
61992,69,raphael,8,sketch_and_study,11,High_Renaissance,1382,1398,RGB,cac29929c97676b1,716,1
80530,0,Unknown Artist,10,Unknown Genre,8,Early_Renaissance,1382,2617,RGB,914d6792ec1e5e2a,717,1
43906,80,peter-paul-rubens,7,religious_painting,4,Baroque,1825,1382,RGB,b2d365aa55a55271,718,1
21477,0,Unknown Artist,7,religious_painting,11,High_Renaissance,1382,1861,RGB,8d4f3e30618b8a7e,719,1
22094,29,lucas-cranach-the-elder,6,portrait,17,Northern_Renaissance,1382,2146,RGB,c9e9a534f8538317,720,1
70562,0,Unknown Artist,10,Unknown Genre,4,Baroque,1382,1399,RGB,afba758460833b4e,721,1
4514,20,rembrandt,7,religious_painting,4,Baroque,1410,1382,RGB,ead29429ed26d989,722,1
55847,0,Unknown Artist,7,religious_painting,8,Early_Renaissance,1382,1748,RGB,9474c3867aa33c9d,723,1
19466,29,lucas-cranach-the-elder,6,portrait,17,Northern_Renaissance,1382,2056,RGB,8cd9332ca672e25b,724,1
32717,61,bartolome-esteban-murillo,7,religious_painting,4,Baroque,1621,1382,RGB,9b64359306fc49b6,725,1
26524,0,Unknown Artist,2,genre_painting,17,Northern_Renaissance,2087,1381,RGB,c34739399c3ebc11,726,1
62956,116,frans-hals,6,portrait,4,Baroque,1382,1797,RGB,cc89332e74d6d839,727,1
42363,0,Unknown Artist,2,genre_painting,13,Mannerism_Late_Renaissance,1749,1382,RGB,d0a2314d3fad8c3d,728,1
64551,126,thomas-gainsborough,6,portrait,22,Rococo,1382,1686,RGB,8d19366363a67a96,729,1
63841,83,joshua-reynolds,6,portrait,22,Rococo,1418,1382,RGB,d3716b08a4f1f25a,730,1
47005,121,el-greco,7,religious_painting,13,Mannerism_Late_Renaissance,1382,1716,RGB,8f95fe42e8c98872,731,1
75279,0,Unknown Artist,10,Unknown Genre,13,Mannerism_Late_Renaissance,1382,2499,RGB,ea9db4cc913cd087,732,1
37073,0,Unknown Artist,7,religious_painting,8,Early_Renaissance,1382,1965,RGB,b85a9726f2d1a5a8,733,1
55872,80,peter-paul-rubens,7,religious_painting,4,Baroque,1382,2071,RGB,83e0343f1ecbc978,734,1
32932,114,anthony-van-dyck,6,portrait,4,Baroque,1382,2389,RGB,cd7a6b4d24343672,735,1
56681,0,Unknown Artist,7,religious_painting,8,Early_Renaissance,1905,1382,RGB,c0993963f1f26a95,736,1
56657,0,Unknown Artist,7,religious_painting,17,Northern_Renaissance,1382,1880,RGB,95cc48978bcb9669,737,1
41269,0,Unknown Artist,6,portrait,22,Rococo,1382,1867,RGB,991b6e64e55e1ce0,738,1
36426,0,Unknown Artist,6,portrait,22,Rococo,1382,1934,RGB,953b7842449db967,739,1
21365,0,Unknown Artist,7,religious_painting,8,Early_Renaissance,1382,1443,RGB,9de1724ca61639da,740,1
75670,0,Unknown Artist,10,Unknown Genre,4,Baroque,1865,1382,RGB,cc9d2fe1821ee3b0,741,1
57013,0,Unknown Artist,7,religious_painting,8,Early_Renaissance,1382,4765,RGB,ffe14247f60e5038,742,1
77195,0,Unknown Artist,10,Unknown Genre,13,Mannerism_Late_Renaissance,2480,1382,RGB,e29dd9263f497421,743,1
17705,20,rembrandt,7,religious_painting,4,Baroque,1854,1382,RGB,fc7c0147970d30ee,744,1
56002,0,Unknown Artist,7,religious_painting,17,Northern_Renaissance,2602,1382,RGB,bf1ec02d83a0cfb4,745,1
22105,0,Unknown Artist,6,portrait,22,Rococo,1381,1696,RGB,c91d71c6267093cf,746,1
50990,58,pietro-perugino,7,religious_painting,11,High_Renaissance,2081,1382,RGB,aaadd0d28313ce5e,747,1
74625,0,Unknown Artist,10,Unknown Genre,4,Baroque,2215,1382,RGB,d3a52c739aa46b58,748,1
62383,24,leonardo-da-vinci,8,sketch_and_study,11,High_Renaissance,1382,1457,RGB,acb4d2d3a66ca543,749,1
19844,0,Unknown Artist,7,religious_painting,22,Rococo,1995,1382,RGB,d6873cbf0794f140,750,1
48672,0,Unknown Artist,7,religious_painting,8,Early_Renaissance,1382,2093,RGB,ede4127381dd1e8a,751,1
78528,0,Unknown Artist,10,Unknown Genre,13,Mannerism_Late_Renaissance,1382,1630,RGB,e8c09576ee433978,752,1
2012,25,albrecht-durer,6,portrait,17,Northern_Renaissance,1382,1876,RGB,bc30b304e7e243cf,753,1
34684,23,hieronymus-bosch,7,religious_painting,17,Northern_Renaissance,1382,1997,RGB,c4c13b6a2639f987,754,1
40885,0,Unknown Artist,6,portrait,22,Rococo,1382,1805,RGB,8ecea77139313a34,755,1
41322,67,tintoretto,7,religious_painting,13,Mannerism_Late_Renaissance,1382,1687,RGB,b1cdc6262e98964f,756,1
2798,25,albrecht-durer,8,sketch_and_study,17,Northern_Renaissance,1382,1722,RGB,ecccc3b196475872,757,1
21001,0,Unknown Artist,7,religious_painting,11,High_Renaissance,1382,1901,RGB,8cdac60a9dac6673,758,1
51589,0,Unknown Artist,7,religious_painting,11,High_Renaissance,1382,1676,RGB,8f3e64429865df1a,759,1
38975,0,Unknown Artist,7,religious_painting,8,Early_Renaissance,1382,2193,RGB,bfa87da5289461c6,760,1
51789,38,fra-angelico,7,religious_painting,8,Early_Renaissance,1382,1643,RGB,c0aa76d3768e219d,761,1
54638,29,lucas-cranach-the-elder,2,genre_painting,17,Northern_Renaissance,1382,1656,RGB,93166d2cb865e749,762,1
58277,0,Unknown Artist,1,cityscape,22,Rococo,2520,1382,RGB,8581a27f7d82726e,763,1
44333,0,Unknown Artist,6,portrait,11,High_Renaissance,1382,1667,RGB,ce3a33c938c6c699,764,1
79373,0,Unknown Artist,10,Unknown Genre,11,High_Renaissance,4341,1382,RGB,9c8a4cf2a6d5625d,765,1
19943,77,titian,6,portrait,11,High_Renaissance,1382,1616,RGB,e11f09e6f666060f,766,1
56029,0,Unknown Artist,7,religious_painting,8,Early_Renaissance,1762,1382,RGB,9bd44e6b760b3c09,767,1
55614,38,fra-angelico,7,religious_painting,8,Early_Renaissance,1382,1645,RGB,ce13642d93e89d5a,768,1
32256,0,Unknown Artist,7,religious_painting,17,Northern_Renaissance,1382,1993,RGB,87daba9df1840768,769,1
40266,0,Unknown Artist,6,portrait,11,High_Renaissance,1386,1382,RGB,87974a4c387dbe11,770,1
56421,0,Unknown Artist,7,religious_painting,8,Early_Renaissance,1382,1841,RGB,d96a4ec53892e1ce,771,1
27609,87,michelangelo,7,religious_painting,11,High_Renaissance,1956,1382,RGB,ca83ad4c87fc5233,772,1
56426,0,Unknown Artist,7,religious_painting,17,Northern_Renaissance,1382,3157,RGB,b815b50e4a79f81d,773,1
66273,67,tintoretto,6,portrait,13,Mannerism_Late_Renaissance,1382,1777,RGB,c4cc792633733761,774,1
70269,0,Unknown Artist,10,Unknown Genre,4,Baroque,1382,1815,RGB,839c648e7cd3336a,775,1
20201,38,fra-angelico,7,religious_painting,8,Early_Renaissance,1382,1528,RGB,f167c719c4744acc,776,1
56210,29,lucas-cranach-the-elder,7,religious_painting,17,Northern_Renaissance,1382,2002,RGB,daddf57089038a4b,777,1
47027,0,Unknown Artist,6,portrait,22,Rococo,1382,1893,RGB,e85831271a874fbe,778,1
56267,0,Unknown Artist,7,religious_painting,4,Baroque,1895,1382,RGB,e2e44f8b18f66cc1,779,1
29893,67,tintoretto,7,religious_painting,13,Mannerism_Late_Renaissance,1382,1980,RGB,916e4ab33b2c68f2,780,1
51504,0,Unknown Artist,7,religious_painting,11,High_Renaissance,1996,1382,RGB,cd8cf0c68e6193ba,781,1
56990,61,bartolome-esteban-murillo,7,religious_painting,4,Baroque,1506,1382,RGB,c2d0d84f962c3b5e,782,1
80000,0,Unknown Artist,10,Unknown Genre,22,Rococo,1382,1787,RGB,96bd53638da2436c,783,1
1935,25,albrecht-durer,7,religious_painting,17,Northern_Renaissance,1382,2147,RGB,bf6ec4191ad23c0e,784,1
56126,67,tintoretto,7,religious_painting,13,Mannerism_Late_Renaissance,1998,1382,RGB,9561ca3ecb949768,785,1
30619,126,thomas-gainsborough,6,portrait,22,Rococo,1382,2021,RGB,9cb0c963a64f16ce,786,1
30611,0,Unknown Artist,6,portrait,4,Baroque,1382,1646,RGB,d89b02eced6096dc,787,1
56725,0,Unknown Artist,7,religious_painting,8,Early_Renaissance,1382,1999,RGB,bcd84b9723b164aa,788,1
63863,0,Unknown Artist,6,portrait,11,High_Renaissance,1382,1870,RGB,b8f88307eda68cd8,789,1
48051,0,Unknown Artist,7,religious_painting,8,Early_Renaissance,1382,1759,RGB,aee1611a4b96f433,790,1
51197,0,Unknown Artist,6,portrait,13,Mannerism_Late_Renaissance,1382,1690,RGB,d80c6dd017f1332f,791,1
56797,0,Unknown Artist,7,religious_painting,8,Early_Renaissance,2413,1382,RGB,c3f065252f7e1a91,792,1
57116,82,paolo-veronese,7,religious_painting,13,Mannerism_Late_Renaissance,2961,1382,RGB,c40f1be1581afd4d,793,1
36978,38,fra-angelico,7,religious_painting,8,Early_Renaissance,1382,1411,RGB,83acd06f48b7e589,794,1
24818,0,Unknown Artist,7,religious_painting,8,Early_Renaissance,1382,2684,RGB,bbe2c48aa7e4b0d2,795,1
42576,0,Unknown Artist,7,religious_painting,8,Early_Renaissance,1382,1959,RGB,e5fd9848fc4880f3,796,1
30859,0,Unknown Artist,7,religious_painting,13,Mannerism_Late_Renaissance,1382,1769,RGB,f07f368114d7c32a,797,1
56780,0,Unknown Artist,7,religious_painting,8,Early_Renaissance,1382,1873,RGB,ccc65c0ebf18b748,798,1
56914,0,Unknown Artist,7,religious_painting,13,Mannerism_Late_Renaissance,1382,1898,RGB,bc8c6b33b2e08b1b,799,1
50976,0,Unknown Artist,4,landscape,17,Northern_Renaissance,1382,1873,RGB,dd9e999895c66486,800,1
75683,0,Unknown Artist,10,Unknown Genre,13,Mannerism_Late_Renaissance,1668,1382,RGB,9ac8d41ec534ec97,801,1
48889,0,Unknown Artist,7,religious_painting,17,Northern_Renaissance,1599,1382,RGB,8992b5c622e53757,802,1
27968,24,leonardo-da-vinci,7,religious_painting,11,High_Renaissance,1382,1914,RGB,fb73262e349790d0,803,1
64065,126,thomas-gainsborough,6,portrait,22,Rococo,1382,1645,RGB,ddd93726c2316692,804,1
31152,77,titian,7,religious_painting,11,High_Renaissance,1382,1394,RGB,999b59646e602e73,805,1
62484,24,leonardo-da-vinci,8,sketch_and_study,11,High_Renaissance,1446,1382,RGB,ef3690b1c3c3c2cc,806,1
70455,0,Unknown Artist,10,Unknown Genre,11,High_Renaissance,2205,1382,RGB,a3b864b9dc86c9c3,807,1
50951,0,Unknown Artist,2,genre_painting,17,Northern_Renaissance,2169,1382,RGB,9a8f879d0b48f236,808,1
56771,87,michelangelo,7,religious_painting,11,High_Renaissance,1382,1725,RGB,bcf8730fc620da1a,809,1
63167,80,peter-paul-rubens,6,portrait,4,Baroque,1382,1614,RGB,bc9c6562a6935336,810,1
62553,0,Unknown Artist,8,sketch_and_study,13,Mannerism_Late_Renaissance,1382,2215,RGB,eeb6b3e092e58889,811,1
25773,0,Unknown Artist,7,religious_painting,17,Northern_Renaissance,1382,1988,RGB,cc36229ef09132df,812,1
75009,0,Unknown Artist,10,Unknown Genre,11,High_Renaissance,1873,1382,RGB,bfae61a4f094c0d3,813,1
46683,29,lucas-cranach-the-elder,6,portrait,17,Northern_Renaissance,1382,1953,RGB,cda0075ea137cb99,814,1
59821,0,Unknown Artist,4,landscape,4,Baroque,2048,1382,RGB,cc8a3be49533c699,815,1
80023,0,Unknown Artist,10,Unknown Genre,22,Rococo,1382,1688,RGB,eac5b519c01fc33c,816,1
49364,0,Unknown Artist,6,portrait,17,Northern_Renaissance,1382,1645,RGB,f3e1e58b2e0c34e4,817,1
26578,0,Unknown Artist,7,religious_painting,17,Northern_Renaissance,2189,1382,RGB,f052466cf561556d,818,1
40354,0,Unknown Artist,6,portrait,17,Northern_Renaissance,1382,1919,RGB,8d955738f232893b,819,1
56062,29,lucas-cranach-the-elder,7,religious_painting,17,Northern_Renaissance,1382,2101,RGB,c2e0e9c39ef2097c,820,1
31617,0,Unknown Artist,7,religious_painting,8,Early_Renaissance,1382,5674,RGB,b9e8c7b5e0838c99,821,1
80043,0,Unknown Artist,10,Unknown Genre,22,Rococo,2027,1382,RGB,c1bdd267cc998453,822,1
49960,0,Unknown Artist,7,religious_painting,8,Early_Renaissance,1382,1946,RGB,feac8533920a9c6d,823,1
23625,0,Unknown Artist,6,portrait,11,High_Renaissance,1382,1581,RGB,ff6c327331462499,824,1
49042,87,michelangelo,8,sketch_and_study,11,High_Renaissance,1382,1782,RGB,bc3cc1e34d8ac26e,825,1
72498,0,Unknown Artist,10,Unknown Genre,13,Mannerism_Late_Renaissance,1843,1382,RGB,91874d983e63e578,826,1
18053,0,Unknown Artist,10,Unknown Genre,17,Northern_Renaissance,1382,1634,RGB,bfd193134a6ccc25,827,1
68410,0,Unknown Artist,10,Unknown Genre,13,Mannerism_Late_Renaissance,1842,1382,RGB,d1916d7b20cf071d,828,1
21151,0,Unknown Artist,7,religious_painting,17,Northern_Renaissance,1382,1882,RGB,8c6c63142d5f7279,829,1
44957,0,Unknown Artist,1,cityscape,22,Rococo,2185,1382,RGB,85bf6a640889757e,830,1
56991,69,raphael,7,religious_painting,11,High_Renaissance,1382,2057,RGB,d264ed52bc71866c,831,1
76488,0,Unknown Artist,10,Unknown Genre,8,Early_Renaissance,2566,1381,RGB,d4017a6d237d7b60,832,1
23223,23,hieronymus-bosch,7,religious_painting,17,Northern_Renaissance,1908,1382,RGB,d1aecaa4911578cf,833,1
29838,0,Unknown Artist,7,religious_painting,13,Mannerism_Late_Renaissance,1382,2033,RGB,c6d48a1b2fc935e4,834,1
28387,77,titian,8,sketch_and_study,11,High_Renaissance,1382,2237,RGB,af36d2c04e0d17ec,835,1
64431,0,Unknown Artist,6,portrait,22,Rococo,1382,1762,RGB,dccc3333cc862d99,836,1
53982,0,Unknown Artist,2,genre_painting,4,Baroque,1382,1770,RGB,c7b86be294612cdc,837,1
76716,0,Unknown Artist,10,Unknown Genre,4,Baroque,1382,1762,RGB,eb3e1c63890d53ca,838,1
75758,0,Unknown Artist,10,Unknown Genre,17,Northern_Renaissance,1382,2016,RGB,effbb9018046ca78,839,1
45582,0,Unknown Artist,7,religious_painting,17,Northern_Renaissance,1382,1896,RGB,ec7c7363860cc16b,840,1
56217,0,Unknown Artist,7,religious_painting,4,Baroque,2183,1382,RGB,f0750daa1b652c9e,841,1
22068,82,paolo-veronese,7,religious_painting,13,Mannerism_Late_Renaissance,3936,1382,RGB,fa94aec9e1528559,842,1
50594,116,frans-hals,6,portrait,4,Baroque,2652,1382,RGB,ab9c5b19acc11e2e,843,1
9833,25,albrecht-durer,6,portrait,17,Northern_Renaissance,1382,2144,RGB,daade7113016ce3a,844,1
21588,80,peter-paul-rubens,6,portrait,4,Baroque,1382,1683,RGB,d9b1673cb226c98c,845,1
60726,0,Unknown Artist,4,landscape,4,Baroque,2410,1382,RGB,9fda4e6ef2343060,846,1
31964,67,tintoretto,6,portrait,13,Mannerism_Late_Renaissance,1382,1770,RGB,d90d64740e667799,847,1
41381,0,Unknown Artist,6,portrait,22,Rococo,1382,1976,RGB,d6966c2625f15959,848,1
36653,0,Unknown Artist,7,religious_painting,8,Early_Renaissance,1382,3361,RGB,9fae7a6804d2e691,849,1
78525,0,Unknown Artist,10,Unknown Genre,13,Mannerism_Late_Renaissance,2000,1382,RGB,b9f4968d16c8c94b,850,1
31048,0,Unknown Artist,6,portrait,22,Rococo,1382,1730,RGB,cc386791336766c3,851,1
37223,23,hieronymus-bosch,7,religious_painting,17,Northern_Renaissance,1382,1688,RGB,e94e8d9a3aa122af,852,1
30482,0,Unknown Artist,2,genre_painting,22,Rococo,1894,1382,RGB,910b66a46d49f68f,853,1
39614,87,michelangelo,7,religious_painting,11,High_Renaissance,1796,1382,RGB,c4cfb4cf843b4075,854,1
18142,25,albrecht-durer,6,portrait,17,Northern_Renaissance,1382,1998,RGB,d4b81b9ac387741d,855,1
73755,0,Unknown Artist,10,Unknown Genre,4,Baroque,1382,1641,RGB,93926e6035b9da2e,856,1
35268,0,Unknown Artist,2,genre_painting,22,Rococo,1382,1720,RGB,9d633a8d61ce2572,857,1
65163,67,tintoretto,6,portrait,13,Mannerism_Late_Renaissance,1382,1619,RGB,cd0fb03ab5133bc4,858,1
27038,0,Unknown Artist,8,sketch_and_study,4,Baroque,1934,1382,RGB,ad9dc33693419c4e,859,1
30944,67,tintoretto,7,religious_painting,13,Mannerism_Late_Renaissance,1898,1382,RGB,84b872cf1e25e9e8,860,1
24299,0,Unknown Artist,6,portrait,8,Early_Renaissance,1382,1961,RGB,cf2ff01978612738,861,1
65768,0,Unknown Artist,6,portrait,22,Rococo,1382,1714,RGB,99b0639871cdccc7,862,1
68668,0,Unknown Artist,10,Unknown Genre,4,Baroque,2224,1382,RGB,80a5377896a5739e,243,2
76948,0,Unknown Artist,10,Unknown Genre,22,Rococo,1714,1382,RGB,d1e8268978e62db3,863,1
75143,0,Unknown Artist,10,Unknown Genre,8,Early_Renaissance,1382,2175,RGB,80479eb764ca4b4f,864,1
41761,0,Unknown Artist,6,portrait,17,Northern_Renaissance,1382,1876,RGB,8d4e543b33313dcc,865,1
70756,0,Unknown Artist,10,Unknown Genre,13,Mannerism_Late_Renaissance,3381,1381,RGB,d86f579ba2906136,866,1
52759,0,Unknown Artist,7,religious_painting,11,High_Renaissance,1382,1750,RGB,a285ac7ad93b5626,867,1
46545,0,Unknown Artist,8,sketch_and_study,13,Mannerism_Late_Renaissance,1382,2700,RGB,d5ed1ac6683bcd02,868,1
56115,0,Unknown Artist,7,religious_painting,8,Early_Renaissance,2538,1382,RGB,af9f340b6c70c5a4,869,1
37729,121,el-greco,7,religious_painting,13,Mannerism_Late_Renaissance,1382,1745,RGB,dd1c28a7726b3dc0,870,1
25990,0,Unknown Artist,2,genre_painting,22,Rococo,1382,1710,RGB,932d6213cd0cfe33,871,1
33075,0,Unknown Artist,7,religious_painting,8,Early_Renaissance,1382,1918,RGB,e5bca660516b9a36,872,1
34542,69,raphael,7,religious_painting,11,High_Renaissance,2147,1382,RGB,a66863b41d0fdc33,873,1
56818,0,Unknown Artist,7,religious_painting,11,High_Renaissance,1941,1382,RGB,cf12be28ba69a86c,874,1
56128,58,pietro-perugino,7,religious_painting,11,High_Renaissance,1382,1856,RGB,ceecb33633918839,875,1
71240,0,Unknown Artist,10,Unknown Genre,8,Early_Renaissance,1398,1382,RGB,fb48a497c591c363,876,1
28880,121,el-greco,7,religious_painting,13,Mannerism_Late_Renaissance,1382,1643,RGB,af20b317f8c2e361,877,2
64372,0,Unknown Artist,6,portrait,4,Baroque,1382,1747,RGB,dc097683396686de,878,1
49071,0,Unknown Artist,7,religious_painting,4,Baroque,1381,1724,RGB,f8f3243c3cc80f66,879,1
38083,80,peter-paul-rubens,6,portrait,4,Baroque,1842,1382,RGB,c061878cb587dc9f,880,1
17723,20,rembrandt,7,religious_painting,4,Baroque,1382,1744,RGB,dd6a6291484eb763,881,1
78502,0,Unknown Artist,10,Unknown Genre,13,Mannerism_Late_Renaissance,1382,2002,RGB,94ca6af5259b3649,882,1
56693,0,Unknown Artist,7,religious_painting,8,Early_Renaissance,1382,1530,RGB,b0d541291f364ecf,883,1
62303,0,Unknown Artist,8,sketch_and_study,13,Mannerism_Late_Renaissance,1382,1953,RGB,ef8d4e8164b6b382,884,1
56215,0,Unknown Artist,7,religious_painting,17,Northern_Renaissance,2368,1382,RGB,93929289a34d4dfd,885,1
69498,0,Unknown Artist,10,Unknown Genre,4,Baroque,1941,1382,RGB,964ad926ae419e3b,886,1
30235,0,Unknown Artist,7,religious_painting,4,Baroque,1382,2449,RGB,e0aceee1de82a01f,887,1
75331,0,Unknown Artist,10,Unknown Genre,13,Mannerism_Late_Renaissance,1382,1794,RGB,8e9b0c59f5859ba2,888,1
63534,67,tintoretto,6,portrait,13,Mannerism_Late_Renaissance,1382,1635,RGB,9d91a46666ccd999,889,1
81086,0,Unknown Artist,10,Unknown Genre,17,Northern_Renaissance,1382,2512,RGB,c5463d207b1f26ec,890,1
37222,77,titian,7,religious_painting,11,High_Renaissance,1901,1382,RGB,86969cbcc1a9adc6,891,1
76731,0,Unknown Artist,10,Unknown Genre,22,Rococo,1382,1846,RGB,aa4dc32a9c17e596,892,1
33236,0,Unknown Artist,6,portrait,22,Rococo,1382,1727,RGB,8c6867b33061b779,893,1
43994,38,fra-angelico,7,religious_painting,8,Early_Renaissance,1382,1893,RGB,f4c3c13e4c336a3c,894,1
66303,0,Unknown Artist,6,portrait,22,Rococo,1381,2270,RGB,c8bc3fc33119cc47,895,1
43030,0,Unknown Artist,9,still_life,4,Baroque,2152,1382,RGB,fbd3356c1833064e,896,1
26856,87,michelangelo,8,sketch_and_study,11,High_Renaissance,1382,2353,RGB,faf0c7875c5c4930,897,1
48110,0,Unknown Artist,6,portrait,13,Mannerism_Late_Renaissance,1382,1760,RGB,d21be86c39656566,898,1
44840,0,Unknown Artist,6,portrait,8,Early_Renaissance,1382,1715,RGB,8fe66039654ee338,899,1
78628,0,Unknown Artist,10,Unknown Genre,4,Baroque,3286,1382,RGB,8f954e37b25428e9,900,1
69797,0,Unknown Artist,10,Unknown Genre,17,Northern_Renaissance,1382,2534,RGB,d18563fd283229be,901,1
56992,0,Unknown Artist,7,religious_painting,8,Early_Renaissance,1382,2017,RGB,abac3ce3e1b484aa,902,1
38609,0,Unknown Artist,7,religious_painting,8,Early_Renaissance,1382,1939,RGB,cb321ec6f10798dc,903,1
30883,0,Unknown Artist,7,religious_painting,8,Early_Renaissance,1382,2318,RGB,c5480a5e39f16d6d,904,1
49930,0,Unknown Artist,7,religious_painting,8,Early_Renaissance,1382,1790,RGB,a952f52eda2ce603,905,1
57056,67,tintoretto,7,religious_painting,13,Mannerism_Late_Renaissance,1382,2837,RGB,fac264b69949a473,906,1
78479,0,Unknown Artist,10,Unknown Genre,13,Mannerism_Late_Renaissance,1382,1893,RGB,bc8fc731c90cf0f0,907,1
31863,0,Unknown Artist,7,religious_painting,11,High_Renaissance,1382,2203,RGB,bbb7647887a4e460,908,1
20667,82,paolo-veronese,6,portrait,13,Mannerism_Late_Renaissance,1382,1660,RGB,8fdc207630a3d3b9,909,1
81126,0,Unknown Artist,10,Unknown Genre,17,Northern_Renaissance,2471,1382,RGB,d1c5c682293733fa,910,1
32232,0,Unknown Artist,6,portrait,22,Rococo,1382,1655,RGB,8ccc733327339966,911,1
12837,25,albrecht-durer,7,religious_painting,17,Northern_Renaissance,1382,1963,RGB,b23d5ff23c030d2c,912,1
56197,0,Unknown Artist,7,religious_painting,8,Early_Renaissance,2392,1382,RGB,cd736a48d14b4a5e,913,1
62577,0,Unknown Artist,8,sketch_and_study,8,Early_Renaissance,3838,1382,RGB,c19677923f2a6703,914,1
71872,0,Unknown Artist,10,Unknown Genre,8,Early_Renaissance,1382,2171,RGB,ade14c6e3093929f,915,1
55622,58,pietro-perugino,7,religious_painting,8,Early_Renaissance,1382,1528,RGB,a756494451bf3c95,916,1
42943,0,Unknown Artist,6,portrait,13,Mannerism_Late_Renaissance,1382,1797,RGB,dcec61931371cc8e,917,1
20355,23,hieronymus-bosch,7,religious_painting,17,Northern_Renaissance,2376,1382,RGB,cd7aa647314cce31,918,1
44713,0,Unknown Artist,2,genre_painting,22,Rococo,1382,2225,RGB,ccba656a1b25daa1,919,1
28789,0,Unknown Artist,7,religious_painting,22,Rococo,1968,1382,RGB,b5cec3b1916e14f0,920,1
44535,82,paolo-veronese,8,sketch_and_study,13,Mannerism_Late_Renaissance,1382,1768,RGB,b3b941e299e6cc92,921,1
42532,77,titian,8,sketch_and_study,11,High_Renaissance,1382,1431,RGB,a29851bdce0cfc33,922,1
53500,0,Unknown Artist,2,genre_painting,22,Rococo,1381,2196,RGB,e4949a89537dcd2c,923,1
49464,0,Unknown Artist,7,religious_painting,8,Early_Renaissance,1382,2027,RGB,daaa26d0ca2addc5,924,1
45000,121,el-greco,7,religious_painting,13,Mannerism_Late_Renaissance,1914,1382,RGB,9805198be27f7d31,925,1
25046,0,Unknown Artist,7,religious_painting,17,Northern_Renaissance,1382,2293,RGB,c4913ab8b3f3e0cc,926,1
71585,0,Unknown Artist,10,Unknown Genre,22,Rococo,1906,1382,RGB,83b03c4bcd3433cf,927,1
27981,0,Unknown Artist,6,portrait,22,Rococo,1381,1727,RGB,f98d6c32334d2639,928,1
27940,0,Unknown Artist,7,religious_painting,8,Early_Renaissance,1382,1908,RGB,fa8658c475d6e03a,929,1
77034,0,Unknown Artist,10,Unknown Genre,11,High_Renaissance,1382,1655,RGB,90ed6632334c5b2f,930,1
56564,0,Unknown Artist,7,religious_painting,13,Mannerism_Late_Renaissance,5663,1382,RGB,944bab148e2ed93b,931,1
69185,0,Unknown Artist,10,Unknown Genre,17,Northern_Renaissance,1382,1842,RGB,a4afa9d562382753,932,1
65783,0,Unknown Artist,6,portrait,22,Rococo,1382,1689,RGB,d02f36f11b67cc90,933,1
21879,0,Unknown Artist,2,genre_painting,22,Rococo,1740,1382,RGB,ba2629d7a408f79c,934,1
49178,0,Unknown Artist,7,religious_painting,11,High_Renaissance,1382,1820,RGB,bca546d26bcdc446,935,1
50921,0,Unknown Artist,7,religious_painting,17,Northern_Renaissance,1382,2275,RGB,a48e7740d333f90d,936,1
74014,0,Unknown Artist,10,Unknown Genre,11,High_Renaissance,1382,2847,RGB,ce187327e179708e,937,1
18011,25,albrecht-durer,7,religious_painting,17,Northern_Renaissance,1382,2258,RGB,a5fed1841b1152de,938,1
20028,0,Unknown Artist,7,religious_painting,11,High_Renaissance,1382,1960,RGB,eade38422f49e531,939,1
23448,0,Unknown Artist,6,portrait,11,High_Renaissance,1687,1382,RGB,b5b47858e9939265,940,1
34694,61,bartolome-esteban-murillo,7,religious_painting,4,Baroque,1382,1679,RGB,aa81cd1ed22d3d6a,941,1
29159,0,Unknown Artist,7,religious_painting,8,Early_Renaissance,1382,2003,RGB,fdb427c09c15d626,942,1
42151,69,raphael,7,religious_painting,11,High_Renaissance,1382,1981,RGB,903e7f7024afc94a,943,1
49777,58,pietro-perugino,7,religious_painting,11,High_Renaissance,2903,1382,RGB,8f00a772e12fda27,944,1
13203,20,rembrandt,8,sketch_and_study,4,Baroque,1382,1998,RGB,b0c7cc2671c31dec,945,1
56390,0,Unknown Artist,7,religious_painting,11,High_Renaissance,1382,1900,RGB,beee11bde260c125,946,1
4720,20,rembrandt,7,religious_painting,4,Baroque,1821,1382,RGB,ca3ace0db1dc9465,947,1
34149,0,Unknown Artist,2,genre_painting,22,Rococo,1382,1738,RGB,c43f1be2872d7183,948,1
76762,0,Unknown Artist,10,Unknown Genre,22,Rococo,2140,1382,RGB,c1e81c17eeb42b33,949,1
79414,0,Unknown Artist,10,Unknown Genre,11,High_Renaissance,1492,1382,RGB,deb9634419c61c67,950,1
64734,114,anthony-van-dyck,6,portrait,4,Baroque,1382,1500,RGB,b999e4276a809ddc,951,1
56417,0,Unknown Artist,7,religious_painting,11,High_Renaissance,1382,1988,RGB,d7e28c2dc8c5f41c,952,1
66240,0,Unknown Artist,6,portrait,22,Rococo,1382,1723,RGB,c4997670877b6c70,953,2
33861,0,Unknown Artist,7,religious_painting,8,Early_Renaissance,1382,2068,RGB,d985441b4b7e2f4a,954,1
56685,38,fra-angelico,7,religious_painting,8,Early_Renaissance,1382,1861,RGB,84177be012b34ede,955,1
26736,23,hieronymus-bosch,7,religious_painting,17,Northern_Renaissance,1382,1680,RGB,94936b6825b798cb,956,1
56630,0,Unknown Artist,7,religious_painting,8,Early_Renaissance,2194,1382,RGB,bbe16497878aca4c,957,1
24643,103,hans-memling,7,religious_painting,17,Northern_Renaissance,1382,4256,RGB,ccb389e8e2dc3187,958,1
78498,0,Unknown Artist,10,Unknown Genre,13,Mannerism_Late_Renaissance,1382,2283,RGB,93adb1da24940ef9,959,1
65197,83,joshua-reynolds,6,portrait,22,Rococo,1381,1683,RGB,99da267233d9988d,960,1
8719,20,rembrandt,10,Unknown Genre,4,Baroque,1382,1841,RGB,acc57333c4ce3938,961,1
78561,0,Unknown Artist,10,Unknown Genre,4,Baroque,1382,1645,RGB,db592d86d67a22a2,962,1
22025,58,pietro-perugino,7,religious_painting,8,Early_Renaissance,1382,1410,RGB,802aff51cf35b24c,963,1
29928,0,Unknown Artist,6,portrait,11,High_Renaissance,1382,1613,RGB,ed24b3e01ec75a91,964,1
52023,23,hieronymus-bosch,7,religious_painting,17,Northern_Renaissance,1842,1382,RGB,976062994f3d6659,965,1
66129,121,el-greco,6,portrait,13,Mannerism_Late_Renaissance,1382,1855,RGB,ef9890673067c639,966,1
35728,0,Unknown Artist,1,cityscape,22,Rococo,1382,2440,RGB,97cc926f23547b81,967,2
31432,58,pietro-perugino,7,religious_painting,11,High_Renaissance,1382,2073,RGB,948c6ce3f3b1983c,968,1
6488,25,albrecht-durer,7,religious_painting,17,Northern_Renaissance,1382,2331,RGB,f496c3ce9c199949,969,1
12617,25,albrecht-durer,7,religious_painting,17,Northern_Renaissance,1382,1439,RGB,ea99f5c6c027961a,970,1
31386,128,canaletto,4,landscape,22,Rococo,2271,1382,RGB,c2f33936dc462333,971,1
78503,0,Unknown Artist,10,Unknown Genre,13,Mannerism_Late_Renaissance,1381,2358,RGB,fcd697913148ca4d,972,1
20908,0,Unknown Artist,7,religious_painting,8,Early_Renaissance,1382,1732,RGB,c0e61f1331fb271c,973,1
31955,0,Unknown Artist,7,religious_painting,17,Northern_Renaissance,1382,1720,RGB,80a647587f9d30cf,974,1
65250,0,Unknown Artist,6,portrait,4,Baroque,1382,1869,RGB,9973e62ce619c919,975,1
25363,0,Unknown Artist,6,portrait,13,Mannerism_Late_Renaissance,1842,1382,RGB,e11e18e518f398db,976,1
56108,0,Unknown Artist,7,religious_painting,11,High_Renaissance,1382,1903,RGB,a14e5eb9a1729c8d,977,1
40382,0,Unknown Artist,2,genre_painting,4,Baroque,1382,1547,RGB,9269b75ac0976c93,978,1
6021,25,albrecht-durer,8,sketch_and_study,17,Northern_Renaissance,2211,1382,RGB,f2258b8bcca9aca6,979,1
39075,0,Unknown Artist,7,religious_painting,8,Early_Renaissance,1382,2225,RGB,9c89076dce1573e8,980,1
25696,0,Unknown Artist,7,religious_painting,8,Early_Renaissance,1382,1809,RGB,d4602b1d8b3ebc4e,981,1
12418,25,albrecht-durer,2,genre_painting,17,Northern_Renaissance,1382,1927,RGB,eb33d4d8994b9415,982,1
3819,20,rembrandt,6,portrait,4,Baroque,1493,1382,RGB,9d3163cd3606f338,983,1
26349,0,Unknown Artist,7,religious_painting,13,Mannerism_Late_Renaissance,1382,2172,RGB,9b652c16e0d966c7,984,1
27852,121,el-greco,7,religious_painting,13,Mannerism_Late_Renaissance,1382,1786,RGB,ce643cd361073bd8,985,1
40741,0,Unknown Artist,6,portrait,22,Rococo,1382,1669,RGB,8d0e5d926e793662,986,1
20409,0,Unknown Artist,7,religious_painting,13,Mannerism_Late_Renaissance,1382,1641,RGB,a15e1ed3632c9b70,987,1
56387,0,Unknown Artist,7,religious_painting,11,High_Renaissance,1382,1645,RGB,c19c2c46b373f331,988,1
62443,24,leonardo-da-vinci,8,sketch_and_study,11,High_Renaissance,1382,1706,RGB,eb869539b232da46,989,1
25389,23,hieronymus-bosch,7,religious_painting,17,Northern_Renaissance,1382,4554,RGB,86ec45b21b9d607b,990,1
1734,25,albrecht-durer,7,religious_painting,17,Northern_Renaissance,1390,1382,RGB,a5a7ab09de9b1522,991,1
53797,0,Unknown Artist,2,genre_painting,4,Baroque,2573,1382,RGB,8a2f5ed87d841879,992,1
49775,58,pietro-perugino,7,religious_painting,8,Early_Renaissance,2250,1382,RGB,90a4cbda1c3d34bb,993,1
44544,0,Unknown Artist,6,portrait,4,Baroque,1382,1770,RGB,cf4e31309e637193,994,1
43952,0,Unknown Artist,7,religious_painting,8,Early_Renaissance,1382,1916,RGB,8ffcf924c035511b,995,1
21319,0,Unknown Artist,7,religious_painting,17,Northern_Renaissance,1382,1917,RGB,8dad3147761c64b3,996,1
1312,25,albrecht-durer,7,religious_painting,17,Northern_Renaissance,1382,2711,RGB,b12c9d1b8e9b93c2,997,1
49539,128,canaletto,1,cityscape,4,Baroque,2095,1382,RGB,dbc0f609508fc47b,998,1
70459,0,Unknown Artist,10,Unknown Genre,13,Mannerism_Late_Renaissance,1884,1382,RGB,960fe1917478f8a3,999,1
40149,0,Unknown Artist,7,religious_painting,8,Early_Renaissance,2062,1382,RGB,b7194ae669bc2782,1000,1
39493,67,tintoretto,7,religious_painting,13,Mannerism_Late_Renaissance,2420,1382,RGB,dccc3a99cd1d12e4,1001,1
37934,0,Unknown Artist,7,religious_painting,8,Early_Renaissance,2014,1382,RGB,c4667eed23299ae0,1002,1
43400,69,raphael,8,sketch_and_study,11,High_Renaissance,1441,1382,RGB,b8dfb5819cca7250,1003,1
44267,0,Unknown Artist,7,religious_painting,13,Mannerism_Late_Renaissance,1382,1941,RGB,90f372dcd42732e4,1004,1
30739,0,Unknown Artist,7,religious_painting,17,Northern_Renaissance,1842,1382,RGB,d110b167363f6e34,1005,1
41582,0,Unknown Artist,7,religious_painting,13,Mannerism_Late_Renaissance,1516,1382,RGB,9d68114661f9e6dc,1006,1
28421,0,Unknown Artist,6,portrait,22,Rococo,1382,1837,RGB,992966c51ee3a91e,1007,1
55367,0,Unknown Artist,2,genre_painting,4,Baroque,1382,1579,RGB,cbd429a7c80bd7e0,1008,1
76115,0,Unknown Artist,10,Unknown Genre,13,Mannerism_Late_Renaissance,1401,1382,RGB,bec7e18c95339298,1009,1
75186,0,Unknown Artist,10,Unknown Genre,22,Rococo,1382,1887,RGB,c09d3b600fed3c9a,1010,1
74272,0,Unknown Artist,10,Unknown Genre,13,Mannerism_Late_Renaissance,1630,1382,RGB,9f10319b4e67998e,1011,1
72926,0,Unknown Artist,10,Unknown Genre,11,High_Renaissance,3516,1382,RGB,8cb2928ee44fa567,1012,1
53183,0,Unknown Artist,2,genre_painting,22,Rococo,1382,1663,RGB,92a81fdd629e64d2,1013,1
56007,0,Unknown Artist,7,religious_painting,13,Mannerism_Late_Renaissance,1382,3794,RGB,8582a23bb91d9e5e,1014,1
61476,0,Unknown Artist,9,still_life,22,Rococo,1382,1740,RGB,c7463d39788c62b6,1015,1
22470,0,Unknown Artist,6,portrait,13,Mannerism_Late_Renaissance,1382,1598,RGB,9c4c659792636397,641,2
32005,0,Unknown Artist,6,portrait,22,Rococo,1382,1743,RGB,c1c07e334be6b652,1016,1
55996,0,Unknown Artist,7,religious_painting,8,Early_Renaissance,1692,1382,RGB,dffc1af03390249c,1017,1
63275,0,Unknown Artist,6,portrait,22,Rococo,1382,1727,RGB,ae6cf1339196c691,1018,1
68656,0,Unknown Artist,10,Unknown Genre,13,Mannerism_Late_Renaissance,1382,1979,RGB,a0f61bcd4c4d2d53,1019,1
39640,0,Unknown Artist,2,genre_painting,8,Early_Renaissance,3594,1382,RGB,bf51fea853888370,1020,1
21005,116,frans-hals,6,portrait,4,Baroque,1382,1625,RGB,ce853169c3338ece,1021,1
62312,0,Unknown Artist,8,sketch_and_study,8,Early_Renaissance,1382,2020,RGB,9192462f723975e6,1022,1
47805,0,Unknown Artist,6,portrait,4,Baroque,1382,1847,RGB,ce5827939b7025c7,1023,1
59762,0,Unknown Artist,4,landscape,4,Baroque,1903,1382,RGB,94c97777894c3193,1024,1
55907,0,Unknown Artist,7,religious_painting,4,Baroque,1382,2086,RGB,8c867279c61f9399,1025,1
46344,0,Unknown Artist,7,religious_painting,22,Rococo,1723,1382,RGB,99c6279dc865b34c,1026,1
51594,116,frans-hals,6,portrait,4,Baroque,2004,1382,RGB,99e70210fcb3a717,1027,1
40328,23,hieronymus-bosch,8,sketch_and_study,17,Northern_Renaissance,1425,1382,RGB,bf27da81f2ce3108,1028,1
24497,0,Unknown Artist,7,religious_painting,8,Early_Renaissance,1382,2044,RGB,ff2b680a2d61d472,1029,1
18173,25,albrecht-durer,7,religious_painting,17,Northern_Renaissance,1382,2190,RGB,faa4a456dc99a2a5,1030,1
65573,117,hans-holbein-the-younger,6,portrait,17,Northern_Renaissance,1382,1460,RGB,e9a506f2d3978c0e,1031,1
17678,20,rembrandt,8,sketch_and_study,4,Baroque,1381,2171,RGB,a79249649a6de553,1032,1
63639,0,Unknown Artist,6,portrait,22,Rococo,1382,2058,RGB,8c88739372658f7a,1033,1
27215,0,Unknown Artist,7,religious_painting,17,Northern_Renaissance,1382,2002,RGB,9caf7193e219cd84,1034,1
46763,82,paolo-veronese,7,religious_painting,13,Mannerism_Late_Renaissance,1382,2075,RGB,afb3f4eca0d091c2,1035,1
39732,126,thomas-gainsborough,6,portrait,22,Rococo,1382,1684,RGB,975a7b2524365a4b,1036,1
27965,0,Unknown Artist,7,religious_painting,8,Early_Renaissance,1382,2681,RGB,abf0eea6e1f98084,1037,1
56933,38,fra-angelico,7,religious_painting,8,Early_Renaissance,1382,2420,RGB,bed141438f1a6e4e,1038,1
25232,126,thomas-gainsborough,6,portrait,22,Rococo,1382,1654,RGB,8e8c7933663439c7,1039,1
27578,83,joshua-reynolds,6,portrait,22,Rococo,1381,1654,RGB,f0a50351f05fcb8e,1040,1
53496,0,Unknown Artist,2,genre_painting,4,Baroque,1454,1382,RGB,966d9932c50bb44f,1041,1
69574,0,Unknown Artist,10,Unknown Genre,22,Rococo,2214,1382,RGB,fa684c91b3451d9b,1042,1
64581,0,Unknown Artist,6,portrait,4,Baroque,1382,2426,RGB,862a1db8354bc767,1043,1
23940,0,Unknown Artist,7,religious_painting,13,Mannerism_Late_Renaissance,1381,2042,RGB,eb7e689bb6029829,1044,1
38747,0,Unknown Artist,6,portrait,13,Mannerism_Late_Renaissance,1382,1700,RGB,cd117af2642ed4a3,1045,1
48067,0,Unknown Artist,2,genre_painting,22,Rococo,1382,1670,RGB,994c66d9ec32d03e,1046,1
56028,0,Unknown Artist,7,religious_painting,8,Early_Renaissance,1768,1382,RGB,ca2392483f977897,1047,1
72427,0,Unknown Artist,10,Unknown Genre,4,Baroque,2940,1382,RGB,f62dc92d8f4b6092,1048,1
52800,0,Unknown Artist,7,religious_painting,8,Early_Renaissance,1382,1915,RGB,aef969b1c224f283,1049,1
32870,0,Unknown Artist,7,religious_painting,17,Northern_Renaissance,1382,2109,RGB,863abbeee0c0a197,1050,1
37094,0,Unknown Artist,8,sketch_and_study,11,High_Renaissance,1382,1808,RGB,bf43c26491e8cf8c,1051,1
56037,0,Unknown Artist,7,religious_painting,8,Early_Renaissance,1382,2479,RGB,ff4c1235c899b3c4,1052,1
44470,0,Unknown Artist,6,portrait,22,Rococo,1384,1382,RGB,cd4c35c33d28f42b,1053,1
23708,117,hans-holbein-the-younger,6,portrait,17,Northern_Renaissance,1382,1813,RGB,9a6f30636de4c694,1054,1
64415,110,joseph-wright,6,portrait,22,Rococo,1382,1749,RGB,8db25a25a1d25cbd,1055,1
23253,0,Unknown Artist,7,religious_painting,8,Early_Renaissance,1382,1810,RGB,ece4b8b6c125c276,1056,1
23303,103,hans-memling,7,religious_painting,17,Northern_Renaissance,1987,1382,RGB,e4bc0f79ac4f0531,1057,1
65605,0,Unknown Artist,6,portrait,11,High_Renaissance,1382,2097,RGB,e4f5731e870f0f02,1058,1
34033,0,Unknown Artist,8,sketch_and_study,22,Rococo,1382,1391,RGB,c5d86e3d78783149,1059,1
41224,0,Unknown Artist,2,genre_painting,4,Baroque,1382,1867,RGB,8e94315b5ce913d6,1060,1
32980,0,Unknown Artist,6,portrait,22,Rococo,1382,1638,RGB,cc8c5b7131367363,1061,1
30452,0,Unknown Artist,7,religious_painting,8,Early_Renaissance,1382,1914,RGB,cc8dbde10f0e4336,1062,1
27917,0,Unknown Artist,7,religious_painting,11,High_Renaissance,1382,1747,RGB,f1b16a6e1d43362c,1063,1
78512,0,Unknown Artist,10,Unknown Genre,13,Mannerism_Late_Renaissance,3559,1382,RGB,c08e0ec7b27d7919,1064,1
18146,25,albrecht-durer,7,religious_painting,17,Northern_Renaissance,1382,2139,RGB,e8b25a8df49c85cc,1065,1
46523,0,Unknown Artist,7,religious_painting,8,Early_Renaissance,1382,1768,RGB,b0e94d16fe660e19,1066,1
19676,58,pietro-perugino,6,portrait,11,High_Renaissance,1382,1441,RGB,c9c36d3c3e307436,1067,1
23881,0,Unknown Artist,6,portrait,13,Mannerism_Late_Renaissance,1382,2642,RGB,f01d9fd218e20f36,1068,1
64906,69,raphael,6,portrait,11,High_Renaissance,1382,1811,RGB,cc4d30636776649b,1069,1
49250,0,Unknown Artist,7,religious_painting,8,Early_Renaissance,1382,1500,RGB,ebb88de2d386528c,1070,1
1120,25,albrecht-durer,6,portrait,17,Northern_Renaissance,1382,1968,RGB,b4745a909b99959b,1071,1
21244,0,Unknown Artist,7,religious_painting,11,High_Renaissance,1382,1877,RGB,fe843e2b8049a8f7,1072,1
48191,0,Unknown Artist,6,portrait,22,Rococo,1382,2072,RGB,cd61cf3202cd799c,1073,1
18079,25,albrecht-durer,7,religious_painting,17,Northern_Renaissance,1382,2207,RGB,99b392919b79625c,1074,1
50166,0,Unknown Artist,6,portrait,13,Mannerism_Late_Renaissance,1382,2069,RGB,c6cece313943398b,1075,1
63937,0,Unknown Artist,6,portrait,22,Rococo,1382,1705,RGB,c99d117e64673662,1076,1
43524,83,joshua-reynolds,6,portrait,22,Rococo,1750,1382,RGB,9d666c583a99cc4b,1077,1
55784,67,tintoretto,7,religious_painting,13,Mannerism_Late_Renaissance,1382,2044,RGB,944c0f34e45b33b7,1078,1
58122,128,canaletto,1,cityscape,4,Baroque,2037,1382,RGB,cfb984123c649bae,1079,1
8510,25,albrecht-durer,8,sketch_and_study,17,Northern_Renaissance,1382,1899,RGB,fe9124c89225cb77,1080,1
25024,83,joshua-reynolds,6,portrait,22,Rococo,1382,1721,RGB,c93ec0276ecd1b89,1081,1
9538,0,Unknown Artist,10,Unknown Genre,17,Northern_Renaissance,2097,1382,RGB,e4a5c118cb7f9962,1082,1
30954,0,Unknown Artist,7,religious_painting,8,Early_Renaissance,1913,1382,RGB,89e3646a3edc4e64,1083,1
20123,38,fra-angelico,7,religious_painting,8,Early_Renaissance,1408,1382,RGB,9bade09b54d4d06c,1084,1
41270,0,Unknown Artist,7,religious_painting,8,Early_Renaissance,2031,1382,RGB,f6e38257851c896d,1085,1
34025,0,Unknown Artist,7,religious_painting,17,Northern_Renaissance,1382,1671,RGB,8943a729ec2cf2bc,1086,1
29067,82,paolo-veronese,7,religious_painting,13,Mannerism_Late_Renaissance,1402,1382,RGB,834576bc58ba564e,1087,1
36387,0,Unknown Artist,7,religious_painting,17,Northern_Renaissance,1744,1382,RGB,be169448a565c76e,1088,1
20603,67,tintoretto,7,religious_painting,13,Mannerism_Late_Renaissance,2020,1382,RGB,f09beae03d3a9518,1089,1
62246,0,Unknown Artist,8,sketch_and_study,8,Early_Renaissance,1985,1382,RGB,b21f8d2f924195d6,1090,1
65289,80,peter-paul-rubens,6,portrait,4,Baroque,1382,3969,RGB,d9da233ee4654ac8,1091,1
56238,77,titian,7,religious_painting,13,Mannerism_Late_Renaissance,1382,1551,RGB,d1d04dc336e6c92d,1092,1
27395,0,Unknown Artist,7,religious_painting,17,Northern_Renaissance,3378,1382,RGB,de0a0b75e4d03b56,1093,1
71757,0,Unknown Artist,10,Unknown Genre,22,Rococo,1382,1746,RGB,bbdb98918090b4fe,1094,1
34309,77,titian,7,religious_painting,11,High_Renaissance,1382,2297,RGB,e8a37aefb5b16010,1095,1
46,25,albrecht-durer,6,portrait,17,Northern_Renaissance,1382,2062,RGB,c54bb8b10f2fb452,1096,1
13151,25,albrecht-durer,7,religious_painting,17,Northern_Renaissance,1382,2066,RGB,8651790b5e989d37,1097,1
34819,0,Unknown Artist,8,sketch_and_study,13,Mannerism_Late_Renaissance,2086,1382,RGB,bc3cd48464c9cfc6,1098,1
51039,0,Unknown Artist,6,portrait,22,Rococo,1382,1834,RGB,dc2d33a25669bd42,1099,1
42546,0,Unknown Artist,7,religious_painting,13,Mannerism_Late_Renaissance,1382,1805,RGB,fdf78ac4ab109229,1100,1
34171,0,Unknown Artist,6,portrait,4,Baroque,1382,1823,RGB,cecc3b3261c3863b,1101,1
75081,0,Unknown Artist,10,Unknown Genre,13,Mannerism_Late_Renaissance,2230,1382,RGB,c283086d6e3e1b6f,1102,1
22991,0,Unknown Artist,7,religious_painting,11,High_Renaissance,2063,1382,RGB,fe3ce1163a1d0a33,1103,1
3578,25,albrecht-durer,8,sketch_and_study,17,Northern_Renaissance,2206,1382,RGB,c4af129674aee6c1,1104,1
64957,0,Unknown Artist,6,portrait,17,Northern_Renaissance,1382,2177,RGB,bcdea16240d6de89,1105,1
66206,0,Unknown Artist,6,portrait,13,Mannerism_Late_Renaissance,1382,1889,RGB,cc0d3ef308e666b8,1106,2
49472,61,bartolome-esteban-murillo,7,religious_painting,4,Baroque,1382,1714,RGB,8c8d973732f0e1c3,1107,1
68802,0,Unknown Artist,10,Unknown Genre,8,Early_Renaissance,1842,1382,RGB,8a76342ed92597d8,1108,1
48053,0,Unknown Artist,7,religious_painting,17,Northern_Renaissance,1382,2368,RGB,9dc7b1342069c3db,1109,1
78735,0,Unknown Artist,10,Unknown Genre,4,Baroque,1382,1963,RGB,9d4e676632739438,1110,1
59987,0,Unknown Artist,4,landscape,4,Baroque,2355,1382,RGB,a6f9426639d659a4,1111,1
31868,0,Unknown Artist,6,portrait,11,High_Renaissance,1382,1826,RGB,ee2fb1708cc6c32c,1112,1
80024,0,Unknown Artist,10,Unknown Genre,22,Rococo,1382,2206,RGB,d0f6afe5610a7294,1113,1
56480,0,Unknown Artist,7,religious_painting,11,High_Renaissance,1610,1382,RGB,c96093df0c1e6e2b,1114,1
22955,82,paolo-veronese,7,religious_painting,13,Mannerism_Late_Renaissance,1936,1382,RGB,939454ba2df44e93,1115,1
78520,0,Unknown Artist,10,Unknown Genre,13,Mannerism_Late_Renaissance,1382,1504,RGB,8f9c307363674c59,1116,1
76979,0,Unknown Artist,10,Unknown Genre,11,High_Renaissance,1513,1382,RGB,df69e58603835627,1117,2
64240,0,Unknown Artist,6,portrait,13,Mannerism_Late_Renaissance,1382,1768,RGB,cc8c733371133be1,1118,1
127,20,rembrandt,8,sketch_and_study,4,Baroque,1381,1682,RGB,bb94c0e3a34c5c3e,1119,1
37732,110,joseph-wright,6,portrait,22,Rococo,1382,1759,RGB,ad88c3557963b345,1120,1
32295,0,Unknown Artist,7,religious_painting,13,Mannerism_Late_Renaissance,1382,1817,RGB,cfa5c1a999ee9c08,1121,1
35557,0,Unknown Artist,2,genre_painting,4,Baroque,1798,1382,RGB,e163c41d9f2ed146,1122,1
6072,25,albrecht-durer,6,portrait,17,Northern_Renaissance,1382,1842,RGB,dca41f588a5f81d6,1123,1
5212,20,rembrandt,8,sketch_and_study,4,Baroque,1382,1534,RGB,bf23cc3c69c4a558,1124,1
37776,77,titian,6,portrait,13,Mannerism_Late_Renaissance,1676,1382,RGB,b3b2444419abafb9,1125,1
41205,0,Unknown Artist,6,portrait,17,Northern_Renaissance,1382,1891,RGB,b4bcec0a6b1be134,1126,1
46926,0,Unknown Artist,7,religious_painting,17,Northern_Renaissance,1382,1673,RGB,a6a4217b43c53fc6,1127,1
32849,0,Unknown Artist,6,portrait,11,High_Renaissance,1382,1858,RGB,ccc43233cbc98d3e,1128,1
37541,0,Unknown Artist,7,religious_painting,8,Early_Renaissance,1382,3300,RGB,fae1877f84368492,1129,1
50665,0,Unknown Artist,6,portrait,22,Rococo,1382,1669,RGB,c8bf704e87601bcb,1130,1
23869,29,lucas-cranach-the-elder,7,religious_painting,17,Northern_Renaissance,1382,1967,RGB,db6c6c519692c56c,1131,1
35910,126,thomas-gainsborough,6,portrait,22,Rococo,1382,2276,RGB,86cf4a37297894b5,1132,1
44431,0,Unknown Artist,7,religious_painting,8,Early_Renaissance,2144,1382,RGB,fe42b8b176e0ed10,1133,1
36175,0,Unknown Artist,7,religious_painting,8,Early_Renaissance,1382,1942,RGB,eb97f4e0c51c90e4,1134,1
62394,0,Unknown Artist,8,sketch_and_study,13,Mannerism_Late_Renaissance,1381,1765,RGB,bf3852f247ad5052,1135,1
55400,0,Unknown Artist,2,genre_painting,4,Baroque,1862,1382,RGB,93b1ad6dd4d2c24c,1136,1
24183,67,tintoretto,7,religious_painting,13,Mannerism_Late_Renaissance,1382,1887,RGB,c6cc3c273adf84d0,1137,1
56753,0,Unknown Artist,7,religious_painting,8,Early_Renaissance,1382,1725,RGB,c0cc4d4f96b3595c,1138,1
56437,0,Unknown Artist,7,religious_painting,8,Early_Renaissance,1382,1887,RGB,eaebaab1a494e194,1139,1
59584,0,Unknown Artist,4,landscape,4,Baroque,1922,1382,RGB,95d8c91d495f4a4e,1140,1
64594,0,Unknown Artist,6,portrait,4,Baroque,1382,1686,RGB,86c63b393838c7b9,1141,1
47189,77,titian,6,portrait,11,High_Renaissance,1949,1382,RGB,b050a57b71a15fa5,1142,1
42018,0,Unknown Artist,7,religious_painting,8,Early_Renaissance,1396,1382,RGB,ee93f0e29468b13c,1143,1
73376,0,Unknown Artist,10,Unknown Genre,8,Early_Renaissance,1382,1625,RGB,fad16a63678d0474,1144,1
7424,20,rembrandt,2,genre_painting,4,Baroque,1382,1746,RGB,bf85d278c1439c63,1145,1
17627,20,rembrandt,6,portrait,4,Baroque,1382,1654,RGB,8c283372b399decc,1146,1
46975,121,el-greco,7,religious_painting,13,Mannerism_Late_Renaissance,1787,1382,RGB,c6466f213b53ab45,1147,1
26337,0,Unknown Artist,7,religious_painting,17,Northern_Renaissance,1382,1729,RGB,f8dcfce057222361,1148,1
43869,0,Unknown Artist,7,religious_painting,11,High_Renaissance,1382,1882,RGB,83b2a066d67e5969,1149,1
17986,25,albrecht-durer,6,portrait,17,Northern_Renaissance,1382,1924,RGB,be9cc0e18d87b25a,1150,1
1294,20,rembrandt,1,cityscape,4,Baroque,1848,1382,RGB,bec13a5ae51ae720,1151,1
24928,0,Unknown Artist,2,genre_painting,22,Rococo,1382,1736,RGB,9d6763c8a51d5a32,1152,1
80009,0,Unknown Artist,10,Unknown Genre,22,Rococo,1855,1382,RGB,e8f73406d89a770a,1153,1
55900,0,Unknown Artist,7,religious_painting,8,Early_Renaissance,1723,1382,RGB,ccdf88a3b2b02cce,1154,1
74596,0,Unknown Artist,10,Unknown Genre,4,Baroque,1619,1382,RGB,b0e722d82f25db26,1155,1
45305,0,Unknown Artist,7,religious_painting,8,Early_Renaissance,1382,1603,RGB,87631e0fe1360f1d,1156,1
55269,0,Unknown Artist,2,genre_painting,4,Baroque,1382,1669,RGB,83cf9cb0a0c978be,1157,1
43856,0,Unknown Artist,6,portrait,22,Rococo,1382,1655,RGB,d9db260e61f28c99,1158,1
33945,0,Unknown Artist,6,portrait,22,Rococo,1382,1899,RGB,cd2f3352858e7878,1159,1
76511,0,Unknown Artist,10,Unknown Genre,22,Rococo,1842,1382,RGB,83cc4ca7716d9b70,1160,1
63839,0,Unknown Artist,6,portrait,8,Early_Renaissance,1382,2000,RGB,c063ce9f1b646ca5,1161,1
42607,0,Unknown Artist,7,religious_painting,8,Early_Renaissance,1382,1723,RGB,f8f2317c840f3cd4,1162,1
24137,69,raphael,7,religious_painting,11,High_Renaissance,1382,1819,RGB,87cde9b22c2d52c3,1163,1
1816,25,albrecht-durer,7,religious_painting,17,Northern_Renaissance,1382,2641,RGB,908b1fd115570e3f,1164,1
42476,0,Unknown Artist,7,religious_painting,11,High_Renaissance,1382,1985,RGB,d805579c4b2b536e,1165,1
21055,69,raphael,7,religious_painting,11,High_Renaissance,2582,1382,RGB,cd32ed32360bf04e,1166,1
71894,0,Unknown Artist,10,Unknown Genre,22,Rococo,1967,1382,RGB,c527381c65d963d3,1167,1
38976,125,jacob-jordaens,8,sketch_and_study,4,Baroque,1382,2116,RGB,cfe5d09827185a2f,1168,1
45651,77,titian,6,portrait,13,Mannerism_Late_Renaissance,1382,1614,RGB,cccccc7133333363,1169,1
24696,0,Unknown Artist,7,religious_painting,8,Early_Renaissance,1622,1382,RGB,980d717207ed0f8f,1170,1
40607,0,Unknown Artist,6,portrait,11,High_Renaissance,1382,1614,RGB,fcf0f4d0076f1e02,1171,1
37736,83,joshua-reynolds,6,portrait,22,Rococo,1381,1766,RGB,c8263741c9ec87be,1172,1
22428,82,paolo-veronese,2,genre_painting,13,Mannerism_Late_Renaissance,1382,2569,RGB,fec5b135c11a84e9,1173,1
71810,0,Unknown Artist,10,Unknown Genre,4,Baroque,2064,1382,RGB,c9f30cbd6203be64,1174,1
20708,67,tintoretto,7,religious_painting,13,Mannerism_Late_Renaissance,1594,1382,RGB,c67a932dc578e381,1175,1
62166,24,leonardo-da-vinci,8,sketch_and_study,11,High_Renaissance,1643,1382,RGB,ab62f89ca711bc64,1176,1
41113,117,hans-holbein-the-younger,6,portrait,17,Northern_Renaissance,1382,1955,RGB,e8bcd133a391a5cc,1177,1
80524,0,Unknown Artist,10,Unknown Genre,8,Early_Renaissance,2123,1382,RGB,fa52949d2b656585,1178,1
29250,0,Unknown Artist,4,landscape,4,Baroque,2248,1382,RGB,85f9a67830972f61,1179,1
55899,29,lucas-cranach-the-elder,7,religious_painting,17,Northern_Renaissance,1382,1965,RGB,9b8535b4e8c6c56a,1180,1
62133,0,Unknown Artist,8,sketch_and_study,8,Early_Renaissance,1382,2035,RGB,91c6c679966c71ca,1181,1
27725,0,Unknown Artist,6,portrait,13,Mannerism_Late_Renaissance,1382,1861,RGB,c41e6a95f31a6553,1182,1
23409,83,joshua-reynolds,6,portrait,22,Rococo,1382,2273,RGB,92a46c036d66bdd9,1183,1
41593,0,Unknown Artist,7,religious_painting,17,Northern_Renaissance,1382,1893,RGB,bc9c8783a16dd652,1184,1
12945,20,rembrandt,6,portrait,4,Baroque,1382,1640,RGB,f9f1062ec99b1934,1185,1
19309,0,Unknown Artist,8,sketch_and_study,22,Rococo,1382,1761,RGB,c8c76598b63735c8,1186,1
22758,67,tintoretto,6,portrait,13,Mannerism_Late_Renaissance,1382,1586,RGB,cc8cdcde33232333,1187,1
65825,0,Unknown Artist,6,portrait,8,Early_Renaissance,1382,2062,RGB,9e956430315a6b6f,1188,1
57080,103,hans-memling,7,religious_painting,17,Northern_Renaissance,1393,1382,RGB,ef9cb8699122c699,1189,1
42994,0,Unknown Artist,6,portrait,13,Mannerism_Late_Renaissance,2270,1382,RGB,b8c0c59a87743ecd,1190,1
77150,0,Unknown Artist,10,Unknown Genre,13,Mannerism_Late_Renaissance,2145,1382,RGB,81b81dcae0977e8e,1191,1
70469,0,Unknown Artist,10,Unknown Genre,13,Mannerism_Late_Renaissance,3156,1382,RGB,fad416a5ac1be258,1192,1
34264,0,Unknown Artist,1,cityscape,22,Rococo,1911,1382,RGB,89894e5a3bb7708e,1193,1
75192,0,Unknown Artist,10,Unknown Genre,4,Baroque,1382,1895,RGB,ccc872738f8dcc98,1194,1
66174,0,Unknown Artist,6,portrait,22,Rococo,1382,1883,RGB,c81d7367e41e93d0,1195,1
21469,67,tintoretto,7,religious_painting,13,Mannerism_Late_Renaissance,1382,1405,RGB,b3b64ac96cc99991,1196,1
77181,0,Unknown Artist,10,Unknown Genre,17,Northern_Renaissance,1382,3936,RGB,968dac9cc8637369,1197,1
50341,77,titian,7,religious_painting,13,Mannerism_Late_Renaissance,1382,1435,RGB,dc272cd9137cc926,1198,1
64375,83,joshua-reynolds,6,portrait,22,Rococo,1382,2260,RGB,ad8dcc72726131b6,1199,1
29930,0,Unknown Artist,7,religious_painting,13,Mannerism_Late_Renaissance,1382,1535,RGB,8794c18bbc6e1b39,1200,1
43136,24,leonardo-da-vinci,7,religious_painting,11,High_Renaissance,1382,1857,RGB,eaa09440c71fdcdb,1201,1
46263,117,hans-holbein-the-younger,6,portrait,17,Northern_Renaissance,1382,1405,RGB,a9f3d30865866ec3,1202,1
40618,126,thomas-gainsborough,4,landscape,22,Rococo,1946,1382,RGB,c0c6a2b799c9b699,1203,1
35483,0,Unknown Artist,7,religious_painting,8,Early_Renaissance,1382,1688,RGB,ea93b5c49c954a8d,1204,1
48216,125,jacob-jordaens,7,religious_painting,4,Baroque,2617,1382,RGB,c4fd1e1290b1b67c,1205,1
63090,0,Unknown Artist,6,portrait,22,Rococo,1382,1790,RGB,c9ef20928623de9b,1206,1
38062,67,tintoretto,7,religious_painting,13,Mannerism_Late_Renaissance,1382,1983,RGB,a18b524e6e2cadb3,1207,1
56648,0,Unknown Artist,7,religious_painting,11,High_Renaissance,1382,4025,RGB,cfcb3031275c0f66,1208,1
64500,0,Unknown Artist,6,portrait,22,Rococo,1382,2163,RGB,c04a72352e5addbc,1209,1
51950,0,Unknown Artist,6,portrait,22,Rococo,1382,1641,RGB,a48c4b317bcbb4cc,1210,1
81078,0,Unknown Artist,10,Unknown Genre,17,Northern_Renaissance,1382,2021,RGB,da0a292da53d97d2,1211,1
25952,0,Unknown Artist,7,religious_painting,17,Northern_Renaissance,1382,2353,RGB,a9d57462633cc6c3,1212,1
65718,0,Unknown Artist,6,portrait,22,Rococo,1382,1840,RGB,cb13343db760bac8,1213,1
30759,23,hieronymus-bosch,7,religious_painting,17,Northern_Renaissance,1382,4456,RGB,cb9ce9be12434cb1,1214,1
39395,0,Unknown Artist,7,religious_painting,11,High_Renaissance,1381,1807,RGB,f887065f9b3e6580,1215,1
72935,0,Unknown Artist,10,Unknown Genre,22,Rococo,1969,1382,RGB,c5e91a76429d67c8,1216,1
20905,87,michelangelo,7,religious_painting,11,High_Renaissance,2026,1382,RGB,d8734d21ce4eb05d,1217,1
23858,0,Unknown Artist,6,portrait,22,Rococo,1382,1708,RGB,cd3c33c76438c3cc,1218,2
47852,0,Unknown Artist,6,portrait,13,Mannerism_Late_Renaissance,1382,1907,RGB,84ad389f3572c378,1219,1
70796,0,Unknown Artist,10,Unknown Genre,13,Mannerism_Late_Renaissance,2299,1382,RGB,b4ad67721917b4b0,1220,1
44421,29,lucas-cranach-the-elder,6,portrait,17,Northern_Renaissance,1382,1550,RGB,945608126f93fda7,1221,1
20685,80,peter-paul-rubens,6,portrait,4,Baroque,1382,1816,RGB,9c386924aed3333b,1222,1
55645,67,tintoretto,7,religious_painting,13,Mannerism_Late_Renaissance,1382,1977,RGB,abd75693606858b3,1223,1
45657,87,michelangelo,8,sketch_and_study,11,High_Renaissance,1382,2879,RGB,d06c27351f7a29e1,1224,1
5271,20,rembrandt,6,portrait,4,Baroque,1382,1641,RGB,cc6c33c33333cccc,1225,2
63056,82,paolo-veronese,6,portrait,13,Mannerism_Late_Renaissance,1382,1652,RGB,a48d1d33f2c64d39,1226,1
63072,83,joshua-reynolds,6,portrait,22,Rococo,1382,1864,RGB,d135c86ecf97241a,1227,1
19717,67,tintoretto,7,religious_painting,13,Mannerism_Late_Renaissance,3338,1382,RGB,d4b28bb0497b5536,1228,1
32315,38,fra-angelico,7,religious_painting,8,Early_Renaissance,1382,4014,RGB,9ee1e0d2cb9eac24,1229,1
79370,0,Unknown Artist,10,Unknown Genre,11,High_Renaissance,1382,2395,RGB,9a4969356c3c66ce,1230,1
74442,0,Unknown Artist,10,Unknown Genre,11,High_Renaissance,1382,2512,RGB,955b62e0633d3c65,1231,1
64468,0,Unknown Artist,6,portrait,22,Rococo,1382,1649,RGB,ce3873a18ed9cc26,1232,1
56117,58,pietro-perugino,7,religious_painting,11,High_Renaissance,1382,1636,RGB,e4a73b9c5a619748,1233,1
37764,58,pietro-perugino,7,religious_painting,11,High_Renaissance,1382,1823,RGB,efec3db08025f096,1234,1
21893,38,fra-angelico,7,religious_painting,8,Early_Renaissance,1382,1653,RGB,cce392453b6fc630,1235,1
69564,0,Unknown Artist,10,Unknown Genre,17,Northern_Renaissance,1808,1382,RGB,eeecac7ad210f141,1236,1
57083,0,Unknown Artist,7,religious_painting,8,Early_Renaissance,1388,1382,RGB,b4e8d25743990d4f,1237,1
72904,0,Unknown Artist,10,Unknown Genre,17,Northern_Renaissance,1382,1847,RGB,c4ecf9b1094cbd43,1238,1
80102,0,Unknown Artist,10,Unknown Genre,22,Rococo,1765,1382,RGB,c76f74adb91260e0,1239,1
2963,25,albrecht-durer,8,sketch_and_study,17,Northern_Renaissance,1413,1382,RGB,c713a47ae860f4ec,1240,1
50176,83,joshua-reynolds,6,portrait,22,Rococo,1381,1426,RGB,872b706699c752cd,1241,1
61147,61,bartolome-esteban-murillo,4,landscape,4,Baroque,1382,2089,RGB,c3c3dcbcc9c26c2c,1242,1
32831,0,Unknown Artist,9,still_life,4,Baroque,1382,1930,RGB,8b29dc39c4c67897,1243,1
22100,0,Unknown Artist,1,cityscape,4,Baroque,2139,1382,RGB,d6db0d217e0f00fc,1244,1
56318,0,Unknown Artist,7,religious_painting,17,Northern_Renaissance,1382,1949,RGB,ecb832e959535b06,1245,1
30825,0,Unknown Artist,6,portrait,13,Mannerism_Late_Renaissance,1382,2224,RGB,feb8eb259045907a,1246,1
49702,0,Unknown Artist,4,landscape,4,Baroque,2397,1382,RGB,91996c56b18b69b3,1247,1
42915,0,Unknown Artist,7,religious_painting,17,Northern_Renaissance,1382,1392,RGB,fbe99fb38d24100c,1248,1
25475,24,leonardo-da-vinci,4,landscape,8,Early_Renaissance,2000,1382,RGB,a4cadb4997342637,1249,1
687,25,albrecht-durer,8,sketch_and_study,17,Northern_Renaissance,1382,1823,RGB,bb1e989fe4a1cca0,1250,1
55877,82,paolo-veronese,7,religious_painting,13,Mannerism_Late_Renaissance,2685,1382,RGB,e487f3c1c923a3f0,1251,1
33084,103,hans-memling,7,religious_painting,17,Northern_Renaissance,1414,1382,RGB,dd83df1f003121fc,1252,1
62362,0,Unknown Artist,8,sketch_and_study,4,Baroque,2404,1382,RGB,b972e7c58818e333,1253,1
33200,0,Unknown Artist,7,religious_painting,8,Early_Renaissance,1444,1382,RGB,e4ef38b0c5b09713,1254,1
41975,0,Unknown Artist,7,religious_painting,11,High_Renaissance,1614,1382,RGB,8c4ab62c73b52973,1255,1
63750,67,tintoretto,6,portrait,13,Mannerism_Late_Renaissance,1382,1948,RGB,d9c90c267764da99,1256,1
38791,23,hieronymus-bosch,7,religious_painting,17,Northern_Renaissance,1588,1382,RGB,a691f0c2e146f3da,1257,1
24291,0,Unknown Artist,7,religious_painting,11,High_Renaissance,1504,1382,RGB,eae4d252bd3e160a,1258,1
44499,0,Unknown Artist,7,religious_painting,13,Mannerism_Late_Renaissance,1842,1382,RGB,d53d882f0e8f2fc0,1259,1
47296,0,Unknown Artist,4,landscape,22,Rococo,1779,1382,RGB,c08e3b6d7e215ed0,1260,1
56942,0,Unknown Artist,7,religious_painting,4,Baroque,1382,2182,RGB,decee6920b36824d,1261,1
26658,82,paolo-veronese,7,religious_painting,13,Mannerism_Late_Renaissance,1382,2308,RGB,ddb0bbbba6b0e080,1262,1
69439,0,Unknown Artist,10,Unknown Genre,8,Early_Renaissance,1382,1973,RGB,954a78977287633c,1263,2
22460,0,Unknown Artist,6,portrait,22,Rococo,1382,1758,RGB,ce3873b7253832c5,1264,1
35474,0,Unknown Artist,6,portrait,22,Rococo,1382,1847,RGB,8c9c636633333373,1265,1
55864,0,Unknown Artist,7,religious_painting,11,High_Renaissance,1382,3486,RGB,8de63232e61993cd,1266,1
10502,25,albrecht-durer,8,sketch_and_study,17,Northern_Renaissance,1382,1787,RGB,ffb2808de758b02a,1267,1
17566,20,rembrandt,8,sketch_and_study,4,Baroque,2244,1382,RGB,d4a32c53a51ec1be,1268,1
40320,29,lucas-cranach-the-elder,7,religious_painting,17,Northern_Renaissance,1382,1625,RGB,8fae244b5859b59c,1269,1
41888,80,peter-paul-rubens,7,religious_painting,4,Baroque,1382,3578,RGB,9c13676cb366859c,1270,1
56742,23,hieronymus-bosch,7,religious_painting,17,Northern_Renaissance,1382,1742,RGB,ec81037e9d495337,1271,1
5518,20,rembrandt,7,religious_painting,4,Baroque,1813,1382,RGB,c6e06d1d31665ab5,1272,1
53066,114,anthony-van-dyck,6,portrait,4,Baroque,1382,1924,RGB,fe99c4273266998c,1273,1
55685,121,el-greco,7,religious_painting,13,Mannerism_Late_Renaissance,1382,2366,RGB,fce2b3cd20b99095,1274,1
42001,0,Unknown Artist,7,religious_painting,8,Early_Renaissance,1744,1382,RGB,99ca46cd65961b17,1275,1
21331,77,titian,6,portrait,13,Mannerism_Late_Renaissance,1382,1713,RGB,f8c9c8166f362663,1276,1
42454,0,Unknown Artist,6,portrait,22,Rococo,1382,1951,RGB,92397d46ed0cd0e3,1277,1
60859,0,Unknown Artist,4,landscape,4,Baroque,2176,1382,RGB,9595f4d073ce8165,1278,1
43806,0,Unknown Artist,7,religious_painting,8,Early_Renaissance,1961,1382,RGB,9c74ed0e8359e24b,1279,1
63550,67,tintoretto,6,portrait,13,Mannerism_Late_Renaissance,1382,1725,RGB,cecc333338c73133,510,2
48173,0,Unknown Artist,6,portrait,13,Mannerism_Late_Renaissance,1382,1736,RGB,96ae0fd068639b33,1280,1
21728,77,titian,7,religious_painting,13,Mannerism_Late_Renaissance,1382,1649,RGB,c02f74e31b30f94b,1281,1
72294,0,Unknown Artist,10,Unknown Genre,8,Early_Renaissance,1551,1382,RGB,83d3e594dc85e598,1282,1
39373,0,Unknown Artist,6,portrait,13,Mannerism_Late_Renaissance,1382,1758,RGB,9e649c768cd36893,1283,1
78483,0,Unknown Artist,10,Unknown Genre,13,Mannerism_Late_Renaissance,2209,1382,RGB,f4c7c399f510964c,1284,1
7423,0,Unknown Artist,10,Unknown Genre,17,Northern_Renaissance,1382,1919,RGB,ed50d26bcb3e2d01,1285,1
33049,0,Unknown Artist,7,religious_painting,11,High_Renaissance,1382,1952,RGB,ceefb57018127998,1286,1
52461,0,Unknown Artist,7,religious_painting,8,Early_Renaissance,1382,1424,RGB,994d94726f70730e,1287,1
35396,0,Unknown Artist,1,cityscape,22,Rococo,2536,1382,RGB,81e23e15c9e69d5a,1288,1
26595,0,Unknown Artist,8,sketch_and_study,13,Mannerism_Late_Renaissance,3338,1382,RGB,b7b3c0d8c98c1cdc,1289,1
31828,0,Unknown Artist,2,genre_painting,4,Baroque,1382,2026,RGB,ce1c7163676625d2,1290,1
56071,0,Unknown Artist,7,religious_painting,11,High_Renaissance,1858,1382,RGB,d7c42cf938946996,1291,1
78673,0,Unknown Artist,10,Unknown Genre,4,Baroque,2245,1382,RGB,93ad5239e699605b,1292,1
64631,0,Unknown Artist,6,portrait,13,Mannerism_Late_Renaissance,1382,1753,RGB,e881be5ac39e942b,1293,1
44205,0,Unknown Artist,7,religious_painting,11,High_Renaissance,1804,1382,RGB,d74b08b06cce93e6,1294,2
28265,0,Unknown Artist,4,landscape,22,Rococo,1743,1382,RGB,d6ae1073638cbf50,1295,1
39277,0,Unknown Artist,6,portrait,22,Rococo,1382,1879,RGB,9b6cb478e02137d3,1296,1
56778,117,hans-holbein-the-younger,7,religious_painting,17,Northern_Renaissance,1382,2918,RGB,eac7c9c813f91d82,1297,1
54234,0,Unknown Artist,2,genre_painting,22,Rococo,1382,1727,RGB,da60719165ce39e3,1298,1
24147,69,raphael,7,religious_painting,11,High_Renaissance,1382,2142,RGB,d08514514f36ebcf,1299,1
29148,82,paolo-veronese,7,religious_painting,13,Mannerism_Late_Renaissance,1382,2377,RGB,d5f43b1334edc00b,1300,1
64398,80,peter-paul-rubens,6,portrait,4,Baroque,1382,1881,RGB,bdad723363958c03,1301,1
12232,25,albrecht-durer,5,nude_painting,17,Northern_Renaissance,1382,1762,RGB,a2fec515ec7148e4,1302,1
19806,0,Unknown Artist,7,religious_painting,8,Early_Renaissance,1382,1942,RGB,e3547c6abd2c0c63,1303,1
21613,67,tintoretto,7,religious_painting,13,Mannerism_Late_Renaissance,2071,1382,RGB,cd381917db6366c8,1304,1
64508,83,joshua-reynolds,6,portrait,22,Rococo,1382,1753,RGB,c83c33b3518fbc70,1305,1
75714,0,Unknown Artist,10,Unknown Genre,13,Mannerism_Late_Renaissance,2215,1382,RGB,c79f906cc03fc986,1306,1
47307,0,Unknown Artist,7,religious_painting,13,Mannerism_Late_Renaissance,1382,1606,RGB,93b54e4a75626af0,1307,1
68831,0,Unknown Artist,10,Unknown Genre,11,High_Renaissance,1382,1716,RGB,8c1c6ff0933f7842,1308,1
24725,0,Unknown Artist,7,religious_painting,8,Early_Renaissance,1382,2915,RGB,aefe6033b720c985,1309,1
55883,0,Unknown Artist,7,religious_painting,4,Baroque,1382,2024,RGB,d46c439a196e7971,1310,1
49507,0,Unknown Artist,6,portrait,22,Rococo,1382,1878,RGB,952cc012f9cbeb9c,1311,1
49208,0,Unknown Artist,6,portrait,13,Mannerism_Late_Renaissance,1382,1866,RGB,ccb4668b39f3120f,1312,1
31275,0,Unknown Artist,7,religious_painting,11,High_Renaissance,1842,1382,RGB,d556fe24c61a816d,1313,1
50434,0,Unknown Artist,7,religious_painting,11,High_Renaissance,1382,2081,RGB,ae4899b7e05ba42d,1314,1
47206,0,Unknown Artist,7,religious_painting,8,Early_Renaissance,1382,2385,RGB,9d635aa543689d66,1315,1
73947,0,Unknown Artist,10,Unknown Genre,11,High_Renaissance,2843,1382,RGB,c08d2c73d3d6d2c3,1316,1
17628,20,rembrandt,6,portrait,4,Baroque,1382,1658,RGB,f1871e688b35616b,1317,1
39683,114,anthony-van-dyck,6,portrait,4,Baroque,1382,1651,RGB,b56b4bb558f2481c,1318,1
64141,0,Unknown Artist,6,portrait,13,Mannerism_Late_Renaissance,1382,1840,RGB,b484870d9737b731,1319,1
64195,126,thomas-gainsborough,6,portrait,22,Rococo,1382,1960,RGB,dd183fa6346720e5,1320,1
31599,0,Unknown Artist,6,portrait,13,Mannerism_Late_Renaissance,1382,2151,RGB,cf663c39c3a4c866,1321,1
32523,83,joshua-reynolds,6,portrait,22,Rococo,1382,1753,RGB,9dd94a372462f685,1322,1
62398,0,Unknown Artist,8,sketch_and_study,8,Early_Renaissance,1382,1866,RGB,b8c85fa605bc76c1,1323,1
22046,29,lucas-cranach-the-elder,7,religious_painting,17,Northern_Renaissance,1382,2166,RGB,86a6494a6da5b65b,1324,1
27487,0,Unknown Artist,7,religious_painting,8,Early_Renaissance,3735,1382,RGB,b998db6d4086f334,1325,1
24288,58,pietro-perugino,7,religious_painting,11,High_Renaissance,1944,1382,RGB,b4af87cddad0c904,1326,1
42202,67,tintoretto,6,portrait,13,Mannerism_Late_Renaissance,1382,1653,RGB,a8faf2a60f193662,1327,1
35065,0,Unknown Artist,6,portrait,22,Rococo,1382,1688,RGB,c03e39c16f96d8c9,1328,1
79391,0,Unknown Artist,10,Unknown Genre,11,High_Renaissance,1382,1930,RGB,f498a14ecfa06ac7,1329,1
30838,58,pietro-perugino,7,religious_painting,11,High_Renaissance,1382,1846,RGB,c66439bf698b2370,1330,1
39895,0,Unknown Artist,7,religious_painting,8,Early_Renaissance,1382,1733,RGB,859da26f2c690fc6,1331,1
49249,0,Unknown Artist,9,still_life,4,Baroque,1382,1799,RGB,c73d2cc233e1983e,1332,1
22572,0,Unknown Artist,2,genre_painting,8,Early_Renaissance,1382,1851,RGB,9b35657a4c636d44,1333,1
11645,20,rembrandt,6,portrait,4,Baroque,1382,1956,RGB,e60ceb49b131974e,1334,1
75265,0,Unknown Artist,10,Unknown Genre,4,Baroque,2403,1382,RGB,ddb322c25d088bfc,1335,1
53229,0,Unknown Artist,2,genre_painting,22,Rococo,1883,1382,RGB,82f97d0e81307eab,1336,1
36439,0,Unknown Artist,7,religious_painting,13,Mannerism_Late_Renaissance,1382,1593,RGB,94b33a1cb5e6883d,1337,1
25956,0,Unknown Artist,2,genre_painting,4,Baroque,1382,1640,RGB,83979a53dc69a526,1338,1
36105,0,Unknown Artist,6,portrait,8,Early_Renaissance,1382,2098,RGB,97f668c59730c28d,1339,1
78473,0,Unknown Artist,10,Unknown Genre,13,Mannerism_Late_Renaissance,2887,1382,RGB,af92ebc4e0a4f01b,1340,1
53423,0,Unknown Artist,2,genre_painting,4,Baroque,3433,1382,RGB,c1c9f53f310d03d9,1341,1
53416,0,Unknown Artist,2,genre_painting,17,Northern_Renaissance,1382,1989,RGB,9f865c640fd98137,1342,1
33911,0,Unknown Artist,6,portrait,22,Rococo,1382,1872,RGB,c82e3e91334b2cde,1343,1
57016,0,Unknown Artist,7,religious_painting,8,Early_Renaissance,1382,1899,RGB,84cb7a0dbf68123b,1344,1
64709,0,Unknown Artist,6,portrait,22,Rococo,1382,1808,RGB,854a3aa59b7837cc,1345,1
21142,29,lucas-cranach-the-elder,6,portrait,17,Northern_Renaissance,1382,2037,RGB,aebef27049898353,1346,1
27720,0,Unknown Artist,7,religious_painting,8,Early_Renaissance,1382,2107,RGB,8c1f565ac2ac3957,1347,1
57035,0,Unknown Artist,7,religious_painting,17,Northern_Renaissance,1382,1847,RGB,d21c0c4b52633fe7,1348,1
72595,0,Unknown Artist,10,Unknown Genre,11,High_Renaissance,1382,1869,RGB,c6c4e72c326d9ac5,1349,1
34312,80,peter-paul-rubens,6,portrait,4,Baroque,1382,1941,RGB,dc84b7d949902773,1350,1
17784,20,rembrandt,6,portrait,4,Baroque,1382,1828,RGB,bf95e663c8c88c26,1351,1
36416,121,el-greco,6,portrait,13,Mannerism_Late_Renaissance,1382,1773,RGB,cc31cfc6217b94c9,1352,1
23399,0,Unknown Artist,7,religious_painting,8,Early_Renaissance,1382,1681,RGB,cfe1b8b4d1c04b8e,1353,1
51822,0,Unknown Artist,2,genre_painting,4,Baroque,1382,1709,RGB,c11f3ef030479f62,1354,1
35979,67,tintoretto,7,religious_painting,13,Mannerism_Late_Renaissance,2033,1382,RGB,f8a00726d619dbec,1355,1
35476,0,Unknown Artist,4,landscape,22,Rococo,1887,1382,RGB,a37c3c2f7aca1524,1356,1
4882,25,albrecht-durer,8,sketch_and_study,17,Northern_Renaissance,1759,1382,RGB,be2ce1f0c912dc9c,1357,1
67868,0,Unknown Artist,10,Unknown Genre,4,Baroque,1431,1382,RGB,e045b7381ec659c7,1358,1
17572,20,rembrandt,6,portrait,4,Baroque,1382,1689,RGB,a9e495969a59a969,1359,1
25533,0,Unknown Artist,6,portrait,11,High_Renaissance,1382,1592,RGB,cee73c38b01833c7,1360,1
56884,0,Unknown Artist,7,religious_painting,8,Early_Renaissance,2236,1382,RGB,d5988e2bf034e467,1361,1
45156,0,Unknown Artist,7,religious_painting,11,High_Renaissance,1382,1698,RGB,879b194c6776382d,1362,1
21007,87,michelangelo,7,religious_painting,11,High_Renaissance,1382,1657,RGB,b9b2608dcbc33d1c,1363,1
56833,23,hieronymus-bosch,7,religious_painting,17,Northern_Renaissance,1382,1798,RGB,c9623699d363ac3a,1364,1
78492,0,Unknown Artist,10,Unknown Genre,13,Mannerism_Late_Renaissance,1458,1382,RGB,94734d6eb4c71172,1365,1
64857,0,Unknown Artist,6,portrait,22,Rococo,1382,1652,RGB,884d33366567366d,1366,1
26036,0,Unknown Artist,6,portrait,22,Rococo,1382,1870,RGB,bc29e1b6b4d8c538,1367,1
80085,0,Unknown Artist,10,Unknown Genre,22,Rococo,2191,1382,RGB,9fa4e07f119ce542,1368,2
26482,24,leonardo-da-vinci,8,sketch_and_study,11,High_Renaissance,1382,2107,RGB,f7ea88678cc98d18,1369,1
47089,67,tintoretto,6,portrait,13,Mannerism_Late_Renaissance,1382,1764,RGB,d0e3ecec849d321b,1370,1
51642,0,Unknown Artist,7,religious_painting,13,Mannerism_Late_Renaissance,1977,1382,RGB,97f090c7a39c89ec,1371,1
17966,0,Unknown Artist,10,Unknown Genre,17,Northern_Renaissance,2037,1382,RGB,e86596c7a6a6a4b4,1372,1
231,0,Unknown Artist,10,Unknown Genre,17,Northern_Renaissance,1826,1382,RGB,d3b7622196d988dc,1373,1
42185,0,Unknown Artist,6,portrait,11,High_Renaissance,1382,1946,RGB,9b9966666d366492,1374,1
21304,0,Unknown Artist,6,portrait,22,Rococo,1382,1845,RGB,bbb1963e816993c2,1375,1
7656,25,albrecht-durer,2,genre_painting,17,Northern_Renaissance,1382,1867,RGB,81763e1b9725f924,1376,1
43198,0,Unknown Artist,7,religious_painting,11,High_Renaissance,1511,1382,RGB,ccef85a9135b3614,1377,1
57957,0,Unknown Artist,1,cityscape,22,Rococo,1716,1381,RGB,819c9e6340d9f8f6,1378,1
23937,87,michelangelo,7,religious_painting,11,High_Renaissance,1828,1382,RGB,9a73ed0e373c12b0,1379,1
47567,0,Unknown Artist,7,religious_painting,4,Baroque,1382,1934,RGB,c8192f463426f33f,1380,1
56922,0,Unknown Artist,7,religious_painting,8,Early_Renaissance,1382,1846,RGB,9ec6dab43130e559,1381,1
80075,0,Unknown Artist,10,Unknown Genre,22,Rococo,1382,1714,RGB,bfc5ea1ee04e809c,1382,1
37766,61,bartolome-esteban-murillo,2,genre_painting,4,Baroque,1382,1709,RGB,f78129fc3c80e297,1383,1
43177,29,lucas-cranach-the-elder,6,portrait,17,Northern_Renaissance,1382,2233,RGB,a1a1e26a7f5e3c28,1384,1
41772,0,Unknown Artist,8,sketch_and_study,22,Rococo,1382,1859,RGB,d90a276d3a663678,1385,1
29952,0,Unknown Artist,7,religious_painting,4,Baroque,1382,3622,RGB,c09f74c09bf0c1f3,1386,1
8533,25,albrecht-durer,7,religious_painting,17,Northern_Renaissance,1382,2061,RGB,c7737291062e99ce,1387,1
21013,23,hieronymus-bosch,7,religious_painting,17,Northern_Renaissance,1382,1667,RGB,ed7e12cde030d433,1388,1
21662,0,Unknown Artist,7,religious_painting,4,Baroque,1382,2377,RGB,dab1efe0f00cb494,1389,1
36024,0,Unknown Artist,6,portrait,22,Rococo,1382,1661,RGB,8f33606fe69899c2,1390,1
57054,58,pietro-perugino,7,religious_painting,11,High_Renaissance,1382,2019,RGB,bbb0c44b0967c36b,1391,1
21057,0,Unknown Artist,2,genre_painting,4,Baroque,1700,1382,RGB,ce8b3326a672e319,1392,1
20133,0,Unknown Artist,1,cityscape,13,Mannerism_Late_Renaissance,1882,1382,RGB,f8b958ce2523633a,1393,1
26552,0,Unknown Artist,6,portrait,11,High_Renaissance,1382,1818,RGB,a5a47acb8396c1c7,1394,1
34062,0,Unknown Artist,2,genre_painting,4,Baroque,2121,1382,RGB,d2d66d2328de6709,1395,1
56918,69,raphael,7,religious_painting,11,High_Renaissance,1382,1801,RGB,abf40d21d0c573ce,1396,1
27121,0,Unknown Artist,9,still_life,22,Rococo,1382,1755,RGB,eaa1b7159752d942,1397,1
78539,0,Unknown Artist,10,Unknown Genre,4,Baroque,1805,1382,RGB,b914c663b19ccea6,1398,1
62101,0,Unknown Artist,8,sketch_and_study,13,Mannerism_Late_Renaissance,1382,1539,RGB,a232c98d369fc93c,1399,1
34285,0,Unknown Artist,5,nude_painting,4,Baroque,1382,1842,RGB,c14b36e01db14edb,1400,1
8525,25,albrecht-durer,6,portrait,17,Northern_Renaissance,1502,1382,RGB,fb0983ede4569292,1401,1
30564,0,Unknown Artist,7,religious_painting,8,Early_Renaissance,1382,1566,RGB,a61dcdc6782cf621,1402,1
27893,0,Unknown Artist,6,portrait,22,Rococo,1382,1891,RGB,803b7ef42bc4d3a1,1403,1
25056,0,Unknown Artist,6,portrait,13,Mannerism_Late_Renaissance,1382,1771,RGB,fc8ce11e50e323f1,1404,1
38446,0,Unknown Artist,6,portrait,22,Rococo,1382,1727,RGB,d12b04f46f843b3b,1405,1
48394,58,pietro-perugino,7,religious_painting,11,High_Renaissance,1942,1382,RGB,bfa8f1f4c087064e,1406,1
32585,82,paolo-veronese,6,portrait,13,Mannerism_Late_Renaissance,1382,2319,RGB,fcd8012f7542ae5c,1407,1
53035,58,pietro-perugino,7,religious_painting,8,Early_Renaissance,1778,1382,RGB,d58f64701b8f44f1,1408,1
26497,0,Unknown Artist,9,still_life,22,Rococo,2033,1382,RGB,d7ae18956b8324cb,1409,1
46765,0,Unknown Artist,8,sketch_and_study,22,Rococo,1382,1765,RGB,c993353a63cd8633,1410,1
20758,69,raphael,7,religious_painting,11,High_Renaissance,1382,1857,RGB,c9b41a4173d9b173,1411,1
38467,0,Unknown Artist,2,genre_painting,4,Baroque,1382,1382,RGB,833c3c43daf829b5,1412,1
21754,0,Unknown Artist,6,portrait,17,Northern_Renaissance,1382,1838,RGB,c64f3132b8399ce6,1413,1
36076,83,joshua-reynolds,7,religious_painting,22,Rococo,1382,2073,RGB,946ae5b3de2b098c,1414,1
23112,58,pietro-perugino,7,religious_painting,8,Early_Renaissance,1382,3525,RGB,abc49425d56ad32b,1415,1
24799,67,tintoretto,7,religious_painting,13,Mannerism_Late_Renaissance,1382,1526,RGB,b4a1015b369f5e6c,1416,1
79404,0,Unknown Artist,10,Unknown Genre,11,High_Renaissance,1923,1382,RGB,bb700cc77278dc07,1417,1
48846,82,paolo-veronese,6,portrait,13,Mannerism_Late_Renaissance,1382,1742,RGB,c98c663179c39e63,1418,1
62419,0,Unknown Artist,8,sketch_and_study,4,Baroque,1382,1974,RGB,b07dc34e5d663898,1419,1
25782,0,Unknown Artist,7,religious_painting,8,Early_Renaissance,1842,1382,RGB,c33cb5d4c29aca4b,1420,1
55783,0,Unknown Artist,7,religious_painting,11,High_Renaissance,1842,1382,RGB,daafa5baf4c002ca,1421,1
37701,0,Unknown Artist,6,portrait,22,Rococo,1382,1740,RGB,d8ed328e46319967,1422,1
48545,0,Unknown Artist,7,religious_painting,8,Early_Renaissance,1382,3295,RGB,83393625c0dbcae7,1423,1
18052,25,albrecht-durer,6,portrait,17,Northern_Renaissance,1382,1886,RGB,b0319306e7e3c4cf,1424,1
72269,0,Unknown Artist,10,Unknown Genre,11,High_Renaissance,1382,2049,RGB,b9e763820f9e1ce0,1425,1
62160,0,Unknown Artist,8,sketch_and_study,17,Northern_Renaissance,1382,1993,RGB,d0676b192f9127f0,1426,1
29579,23,hieronymus-bosch,7,religious_painting,17,Northern_Renaissance,1382,1839,RGB,b093cd0c4d6cdc76,1427,1
47386,0,Unknown Artist,7,religious_painting,17,Northern_Renaissance,1382,2377,RGB,b6eecb60b4b0b8e0,1428,1
43120,0,Unknown Artist,6,portrait,22,Rococo,1382,1896,RGB,cf30363679639364,1429,1
30530,77,titian,7,religious_painting,13,Mannerism_Late_Renaissance,1382,2372,RGB,fc71134c011b6cdf,1430,1
56532,80,peter-paul-rubens,7,religious_painting,4,Baroque,1382,2463,RGB,852878c5d3de8b63,1431,1
30676,0,Unknown Artist,4,landscape,22,Rococo,2167,1382,RGB,ded761280ff56540,1432,1
39783,77,titian,7,religious_painting,11,High_Renaissance,1382,2068,RGB,fbc18692d10fca1b,1433,1
70603,0,Unknown Artist,10,Unknown Genre,11,High_Renaissance,1382,1583,RGB,d598b62a996dac49,1434,1
22041,0,Unknown Artist,7,religious_painting,8,Early_Renaissance,1382,5670,RGB,fff82aaa2ca4e0a1,1435,1
48204,0,Unknown Artist,7,religious_painting,11,High_Renaissance,1382,3992,RGB,efb918c47752023b,1436,1
53274,0,Unknown Artist,2,genre_painting,11,High_Renaissance,1382,1515,RGB,9aca386561dab46b,1437,1
50467,0,Unknown Artist,8,sketch_and_study,8,Early_Renaissance,1382,2361,RGB,be0f043d53da49c3,1438,1
2141,20,rembrandt,4,landscape,4,Baroque,2340,1382,RGB,a7856ab7ec03f02c,1439,1
24793,61,bartolome-esteban-murillo,7,religious_painting,4,Baroque,1382,1687,RGB,c48c1ef3334c4cbb,1440,1
22676,0,Unknown Artist,7,religious_painting,8,Early_Renaissance,2236,1382,RGB,fae9ae15a514f083,1441,1
79374,0,Unknown Artist,10,Unknown Genre,11,High_Renaissance,1382,1417,RGB,cd85f4b2604dd0bb,1442,1
73702,0,Unknown Artist,10,Unknown Genre,4,Baroque,2139,1382,RGB,80a7d3730ae6752d,1443,1
39569,29,lucas-cranach-the-elder,6,portrait,17,Northern_Renaissance,1382,1487,RGB,cfe7301863cd2746,1444,1
54716,0,Unknown Artist,2,genre_painting,22,Rococo,1382,1770,RGB,fee00b8f88fb088e,1445,1
43082,61,bartolome-esteban-murillo,7,religious_painting,4,Baroque,1382,2011,RGB,c826b3d94c4e665b,1446,1
28539,83,joshua-reynolds,6,portrait,22,Rococo,1382,2332,RGB,843f7e49ba44991e,1447,1
55799,0,Unknown Artist,7,religious_painting,17,Northern_Renaissance,1382,1660,RGB,842c99e7bfd061c3,1448,1
62203,61,bartolome-esteban-murillo,8,sketch_and_study,4,Baroque,1382,2075,RGB,bec4c23ecdb0b047,1449,1
30737,0,Unknown Artist,6,portrait,8,Early_Renaissance,1382,1842,RGB,d6f2f39819878259,1450,2
21214,80,peter-paul-rubens,7,religious_painting,4,Baroque,1996,1382,RGB,98646733ecceb912,1451,1
21407,0,Unknown Artist,6,portrait,13,Mannerism_Late_Renaissance,1382,1408,RGB,d3642c1b6bf33906,1452,1
34960,0,Unknown Artist,7,religious_painting,13,Mannerism_Late_Renaissance,1382,2574,RGB,b6ac154a6193bd96,1453,1
65674,77,titian,6,portrait,11,High_Renaissance,1382,1680,RGB,cc1af339c6f00ef0,1454,1
34989,0,Unknown Artist,7,religious_painting,8,Early_Renaissance,2128,1382,RGB,969e896d6353f122,1455,1
50890,0,Unknown Artist,7,religious_painting,8,Early_Renaissance,1382,3590,RGB,fa9c256394b187c6,1456,1
67933,0,Unknown Artist,10,Unknown Genre,4,Baroque,2278,1382,RGB,81f0fa3f8332d847,1457,1
50967,121,el-greco,7,religious_painting,13,Mannerism_Late_Renaissance,1382,1774,RGB,c84c3f78e4336333,1458,1
27250,87,michelangelo,8,sketch_and_study,11,High_Renaissance,1382,1551,RGB,e0b7944d19d3ca4d,1459,1
30577,24,leonardo-da-vinci,8,sketch_and_study,8,Early_Renaissance,1382,1582,RGB,e4ad18db77905c64,1460,1
19983,24,leonardo-da-vinci,6,portrait,8,Early_Renaissance,1382,1982,RGB,955a9c65704be1b5,1461,1
80006,0,Unknown Artist,10,Unknown Genre,22,Rococo,1830,1382,RGB,95bac675b80e026f,1462,2
48702,0,Unknown Artist,7,religious_painting,17,Northern_Renaissance,2246,1382,RGB,d7e84a5fa123aa13,1463,1
3772,25,albrecht-durer,7,religious_painting,17,Northern_Renaissance,1382,1902,RGB,88bca663d970e3a3,1464,1
61547,0,Unknown Artist,9,still_life,4,Baroque,2624,1382,RGB,d5d20aa51a7ee4ca,1465,1
72605,0,Unknown Artist,10,Unknown Genre,22,Rococo,1686,1382,RGB,cc8e93372848f1ed,1466,1
43094,0,Unknown Artist,7,religious_painting,8,Early_Renaissance,2239,1382,RGB,d89866666161dbcb,1467,1
57009,0,Unknown Artist,7,religious_painting,11,High_Renaissance,1382,1757,RGB,c00e3b3137774ec9,1468,1
42192,0,Unknown Artist,7,religious_painting,13,Mannerism_Late_Renaissance,1930,1382,RGB,aad17f074c89d631,1469,1
55932,67,tintoretto,7,religious_painting,13,Mannerism_Late_Renaissance,1382,2933,RGB,aaa0f5c497d193d2,1470,1
50895,0,Unknown Artist,2,genre_painting,22,Rococo,1382,1718,RGB,99037e25c15aa776,1471,1
78477,0,Unknown Artist,10,Unknown Genre,13,Mannerism_Late_Renaissance,1382,1382,RGB,a88415b64f0cf9be,1472,1
78524,0,Unknown Artist,10,Unknown Genre,13,Mannerism_Late_Renaissance,1494,1382,RGB,ccb919877378a683,1473,1
26400,24,leonardo-da-vinci,8,sketch_and_study,11,High_Renaissance,1382,1887,RGB,caf2b52d68965368,1474,1
10441,20,rembrandt,6,portrait,4,Baroque,1382,1710,RGB,feeaabb1e0c4c490,1475,1
62285,0,Unknown Artist,8,sketch_and_study,22,Rococo,1382,1997,RGB,ce91a87e3761d0c5,1476,1
72962,0,Unknown Artist,10,Unknown Genre,8,Early_Renaissance,1382,1842,RGB,b368f86a78786c8c,1477,1
50133,0,Unknown Artist,7,religious_painting,13,Mannerism_Late_Renaissance,1382,2109,RGB,cc5b5a702184f3cf,1478,1
29951,0,Unknown Artist,6,portrait,13,Mannerism_Late_Renaissance,1382,1750,RGB,959c7663c19b6331,1479,2
39768,0,Unknown Artist,7,religious_painting,17,Northern_Renaissance,1382,1867,RGB,cc321fc1837d468f,1480,1
74449,0,Unknown Artist,10,Unknown Genre,13,Mannerism_Late_Renaissance,2849,1382,RGB,c0d71fac2761e81e,1481,1
1299,20,rembrandt,7,religious_painting,4,Baroque,1833,1382,RGB,ca65730cdc33cf90,1482,1
56587,114,anthony-van-dyck,7,religious_painting,4,Baroque,2450,1382,RGB,8e7cb31b7da44289,1483,1
38269,0,Unknown Artist,7,religious_painting,11,High_Renaissance,1382,1733,RGB,aec5b5b4d192960e,1484,1
10886,20,rembrandt,6,portrait,4,Baroque,1382,1774,RGB,d316ac6d83728c73,1485,1
76027,0,Unknown Artist,10,Unknown Genre,11,High_Renaissance,1382,1420,RGB,fb9ca043a59b9694,1486,1
29287,67,tintoretto,6,portrait,13,Mannerism_Late_Renaissance,1382,1730,RGB,f8b7f4e64b040c1e,1487,1
55055,0,Unknown Artist,2,genre_painting,22,Rococo,1960,1382,RGB,c73a18464b55cc3f,1488,1
56558,0,Unknown Artist,7,religious_painting,13,Mannerism_Late_Renaissance,1842,1382,RGB,f183263545372e79,1489,1
51392,0,Unknown Artist,6,portrait,22,Rococo,1382,1719,RGB,899f772c36623964,1490,1
12221,25,albrecht-durer,7,religious_painting,17,Northern_Renaissance,1382,1876,RGB,f0bf9647096cc85a,1491,1
33191,58,pietro-perugino,7,religious_painting,8,Early_Renaissance,1767,1382,RGB,d7834179dc7c4652,1492,1
49696,0,Unknown Artist,7,religious_painting,8,Early_Renaissance,1842,1382,RGB,d5726b2d2422b71b,1493,1
5376,25,albrecht-durer,7,religious_painting,17,Northern_Renaissance,1382,1844,RGB,ea5325e41b728b1d,1494,1
73465,0,Unknown Artist,10,Unknown Genre,4,Baroque,1867,1382,RGB,86b27963cc3c71c3,1495,1
31987,0,Unknown Artist,6,portrait,22,Rococo,1382,1690,RGB,9d0879a616796597,1496,1
47636,0,Unknown Artist,6,portrait,22,Rococo,1382,1837,RGB,d81a7266657927e4,1497,1
62102,87,michelangelo,8,sketch_and_study,11,High_Renaissance,1382,1824,RGB,f6d789a06c8d3662,1498,1
55957,38,fra-angelico,7,religious_painting,8,Early_Renaissance,1382,1715,RGB,f0b74f4a1be1344c,1499,1
36884,24,leonardo-da-vinci,4,landscape,11,High_Renaissance,2070,1382,RGB,ddf035fd0034e683,1500,1
43009,0,Unknown Artist,6,portrait,22,Rococo,1382,2037,RGB,996c66932c6a9b99,1501,1
13274,20,rembrandt,6,portrait,4,Baroque,1382,1832,RGB,8cd873337286c66b,1502,1
39758,0,Unknown Artist,7,religious_painting,8,Early_Renaissance,1382,1683,RGB,f6bbe060a407b1d6,1503,1
79360,0,Unknown Artist,10,Unknown Genre,11,High_Renaissance,1382,1505,RGB,994b668d76688d93,1504,1
42304,80,peter-paul-rubens,7,religious_painting,4,Baroque,1382,1810,RGB,83dc435a3f8dd223,1505,1
17992,25,albrecht-durer,7,religious_painting,17,Northern_Renaissance,1382,1753,RGB,eff296a503c1cc51,1506,1
44618,0,Unknown Artist,1,cityscape,4,Baroque,1830,1382,RGB,f2f8957609c29f09,1507,1
37216,0,Unknown Artist,7,religious_painting,8,Early_Renaissance,1382,3325,RGB,8a3430c3a577d31f,1508,1
30334,0,Unknown Artist,6,portrait,22,Rococo,1382,1737,RGB,9367653c7c9868c3,1509,1
40412,0,Unknown Artist,7,religious_painting,8,Early_Renaissance,1382,4110,RGB,80e3ff18978a81fc,1510,1
19174,0,Unknown Artist,7,religious_painting,8,Early_Renaissance,1811,1382,RGB,d108abf5c67472b2,1511,1
20597,29,lucas-cranach-the-elder,6,portrait,17,Northern_Renaissance,1382,1790,RGB,e9ac863ee2079792,1512,1
38441,58,pietro-perugino,7,religious_painting,11,High_Renaissance,1382,1593,RGB,86d093e53a6c731e,1513,1
31371,0,Unknown Artist,8,sketch_and_study,4,Baroque,1382,1769,RGB,de3c214a2469b5f3,1514,1
23329,0,Unknown Artist,7,religious_painting,11,High_Renaissance,1773,1382,RGB,c8f46fe66649441e,1515,1
36069,0,Unknown Artist,6,portrait,13,Mannerism_Late_Renaissance,1382,1867,RGB,914e6e9160da8fb3,1516,1
20090,0,Unknown Artist,7,religious_painting,8,Early_Renaissance,1995,1382,RGB,9683bb5b8e748c19,1517,1
21769,0,Unknown Artist,8,sketch_and_study,22,Rococo,2094,1382,RGB,a34bda7e81809ef4,1518,1
36234,38,fra-angelico,7,religious_painting,8,Early_Renaissance,1842,1382,RGB,9a9833666d6d2965,1519,1
42991,0,Unknown Artist,6,portrait,22,Rococo,1382,1788,RGB,ad3ef0d3a470c32c,1520,1
45961,38,fra-angelico,7,religious_painting,8,Early_Renaissance,1916,1382,RGB,813ad2c4694deeb3,1521,1
70313,0,Unknown Artist,10,Unknown Genre,8,Early_Renaissance,1382,2061,RGB,b065ccb8929fcc72,1522,1
65258,0,Unknown Artist,6,portrait,4,Baroque,1382,2489,RGB,e738c8c7316c3366,1523,1
49406,82,paolo-veronese,7,religious_painting,13,Mannerism_Late_Renaissance,3268,1382,RGB,a687a081757d7527,1524,1
36490,0,Unknown Artist,6,portrait,4,Baroque,1382,1919,RGB,991bb4e4a69cd199,1525,1
24695,0,Unknown Artist,7,religious_painting,11,High_Renaissance,1790,1382,RGB,c3693d73366c191a,1526,1
79410,0,Unknown Artist,10,Unknown Genre,11,High_Renaissance,1382,1412,RGB,fef3438ca0d605e1,1527,2
31788,0,Unknown Artist,7,religious_painting,8,Early_Renaissance,1382,2669,RGB,b3bafee181c485c4,1528,1
56066,0,Unknown Artist,7,religious_painting,8,Early_Renaissance,3213,1382,RGB,bbe48493c6c792ca,1529,1
76011,0,Unknown Artist,10,Unknown Genre,22,Rococo,1629,1382,RGB,9b646c9926f2ac69,1530,1
47922,0,Unknown Artist,7,religious_painting,8,Early_Renaissance,1382,2010,RGB,83b06c4d2f777033,1531,1
76337,0,Unknown Artist,10,Unknown Genre,8,Early_Renaissance,1382,2133,RGB,a8a99797959494dc,1532,1
76786,0,Unknown Artist,10,Unknown Genre,11,High_Renaissance,2224,1382,RGB,ca2f50bb37e00fa4,1533,1
75183,0,Unknown Artist,10,Unknown Genre,13,Mannerism_Late_Renaissance,1382,1610,RGB,a5f273edc80d098d,1534,1
9150,25,albrecht-durer,7,religious_painting,17,Northern_Renaissance,1382,1963,RGB,b1198ae3ccd4c69e,1535,1
28127,110,joseph-wright,2,genre_painting,4,Baroque,1382,1736,RGB,c4333984e338cf67,1536,1
18005,25,albrecht-durer,4,landscape,17,Northern_Renaissance,1760,1382,RGB,d858a5c0df276a27,1537,1
1543,25,albrecht-durer,7,religious_painting,17,Northern_Renaissance,1382,2273,RGB,e9e732a64cac4ba2,1538,1
69405,0,Unknown Artist,10,Unknown Genre,4,Baroque,1457,1382,RGB,af8810477f25c6f4,1539,1
71419,0,Unknown Artist,10,Unknown Genre,11,High_Renaissance,1382,1701,RGB,d076e26dc933e298,1540,1
42841,69,raphael,7,religious_painting,11,High_Renaissance,1382,1414,RGB,c5851a1f6b798d25,1541,1
33666,0,Unknown Artist,4,landscape,4,Baroque,2506,1382,RGB,cd873b6270e17478,1542,1
76279,0,Unknown Artist,10,Unknown Genre,22,Rococo,1382,1616,RGB,bdd0cc2a33956a87,1543,1
46384,0,Unknown Artist,8,sketch_and_study,13,Mannerism_Late_Renaissance,1841,1381,RGB,fd4d8436e7d23424,1544,1
46027,0,Unknown Artist,8,sketch_and_study,8,Early_Renaissance,1793,1382,RGB,d00affc721759195,1545,1
35947,0,Unknown Artist,2,genre_painting,22,Rococo,1382,1714,RGB,9863b7dc2993cc4c,1546,1
63925,83,joshua-reynolds,6,portrait,22,Rococo,1382,1805,RGB,e10d5fe300553db6,1547,1
21854,0,Unknown Artist,7,religious_painting,4,Baroque,1382,1863,RGB,98d660a65f7a0ce5,1548,1
21661,77,titian,2,genre_painting,11,High_Renaissance,1382,1963,RGB,e9ad1c679950e646,1549,1
32916,0,Unknown Artist,7,religious_painting,8,Early_Renaissance,1382,1882,RGB,f88a86e593d221d7,1550,1
20435,0,Unknown Artist,7,religious_painting,8,Early_Renaissance,1382,1750,RGB,b11ee526d8719e25,1551,1
22757,0,Unknown Artist,2,genre_painting,22,Rococo,1690,1382,RGB,8041c5323e799fe7,1552,1
46747,0,Unknown Artist,6,portrait,13,Mannerism_Late_Renaissance,1382,1767,RGB,8d4d66b66d329b81,1553,1
33545,121,el-greco,7,religious_painting,13,Mannerism_Late_Renaissance,1382,1795,RGB,869c3868e7273af8,1554,1
21912,0,Unknown Artist,6,portrait,13,Mannerism_Late_Renaissance,1382,2022,RGB,84e41b9f6c31fc4a,1555,1
6635,25,albrecht-durer,7,religious_painting,17,Northern_Renaissance,1382,1930,RGB,cf76ca3d1a25e424,1556,1
56738,0,Unknown Artist,7,religious_painting,11,High_Renaissance,1382,1943,RGB,ecb49333936298ec,1557,1
69682,0,Unknown Artist,10,Unknown Genre,13,Mannerism_Late_Renaissance,1382,1963,RGB,dc182767f139c09d,1558,1
35949,0,Unknown Artist,2,genre_painting,4,Baroque,1660,1382,RGB,ea7ad3579c21442b,1559,1
49043,58,pietro-perugino,6,portrait,11,High_Renaissance,1382,1681,RGB,e5a5fb121732c368,1560,1
46018,0,Unknown Artist,7,religious_painting,8,Early_Renaissance,1382,2075,RGB,db9918600b5e27f9,1561,1
37466,0,Unknown Artist,7,religious_painting,22,Rococo,1798,1382,RGB,9ac42173f69d7264,1562,1
54692,0,Unknown Artist,2,genre_painting,4,Baroque,1912,1382,RGB,87963b61602cef4e,1563,1
54861,0,Unknown Artist,2,genre_painting,22,Rococo,1664,1382,RGB,93256c99b356cb62,1564,1
51354,0,Unknown Artist,6,portrait,4,Baroque,1382,2468,RGB,b0e94fb6046bfa0c,1565,1
26835,0,Unknown Artist,7,religious_painting,13,Mannerism_Late_Renaissance,1382,1565,RGB,c49b366c79336790,1566,1
24940,29,lucas-cranach-the-elder,6,portrait,17,Northern_Renaissance,1382,2055,RGB,c2fa4632e9db0565,1567,1
22469,0,Unknown Artist,6,portrait,4,Baroque,1382,1818,RGB,a99cd13b722576c2,1568,1
48622,0,Unknown Artist,7,religious_painting,11,High_Renaissance,1382,2062,RGB,ad32940dde189779,1569,1
56123,58,pietro-perugino,7,religious_painting,8,Early_Renaissance,1382,1985,RGB,abd0f524b5bb3700,1570,1
62473,0,Unknown Artist,8,sketch_and_study,8,Early_Renaissance,1382,2075,RGB,9fc5d599c14ec039,1571,1
56209,0,Unknown Artist,7,religious_painting,8,Early_Renaissance,1672,1382,RGB,ea68b937d4c8c1b1,1572,1
62570,0,Unknown Artist,8,sketch_and_study,8,Early_Renaissance,1382,1917,RGB,b571c4c48d990f1f,1573,1
42420,0,Unknown Artist,7,religious_painting,8,Early_Renaissance,1382,1914,RGB,d0ab1f6c5961641f,1574,1
78527,0,Unknown Artist,10,Unknown Genre,13,Mannerism_Late_Renaissance,2170,1382,RGB,fedda208598d89a5,1575,1
6055,25,albrecht-durer,7,religious_painting,17,Northern_Renaissance,1382,2254,RGB,d1c56c63193e2769,1576,1
80520,0,Unknown Artist,10,Unknown Genre,8,Early_Renaissance,1991,1382,RGB,9c92297d45ab92ad,1577,1
9015,25,albrecht-durer,7,religious_painting,17,Northern_Renaissance,1382,1896,RGB,cdfea02d0b68c26b,1578,1
18062,25,albrecht-durer,8,sketch_and_study,17,Northern_Renaissance,1382,2236,RGB,e88d16629d3566b3,1579,1
53736,0,Unknown Artist,2,genre_painting,22,Rococo,1382,1849,RGB,800f3ff0999aaf25,1580,1
71473,0,Unknown Artist,10,Unknown Genre,4,Baroque,1382,1818,RGB,e4fc5b80ecfd2061,1581,1
57151,58,pietro-perugino,7,religious_painting,11,High_Renaissance,1382,1817,RGB,e8bd1f50124bf9a1,1582,1
72258,0,Unknown Artist,10,Unknown Genre,13,Mannerism_Late_Renaissance,1382,1842,RGB,e13e1f9d36f0ce00,1583,1
78474,0,Unknown Artist,10,Unknown Genre,13,Mannerism_Late_Renaissance,2306,1382,RGB,91a2279b9b3c3e4c,1584,1
30307,0,Unknown Artist,6,portrait,22,Rococo,1382,1753,RGB,8be1241f8d39f166,1585,1
45639,0,Unknown Artist,7,religious_painting,17,Northern_Renaissance,1794,1382,RGB,e094b4617f4b1e4b,1586,1
20241,0,Unknown Artist,7,religious_painting,8,Early_Renaissance,1671,1382,RGB,ab964a1c9707b4f1,1587,1
7890,25,albrecht-durer,7,religious_painting,17,Northern_Renaissance,1381,1960,RGB,dfb0c55cb98509aa,1588,1
24752,0,Unknown Artist,7,religious_painting,8,Early_Renaissance,1382,2126,RGB,b9ef60b8b03425f8,1589,1
56378,0,Unknown Artist,7,religious_painting,11,High_Renaissance,1382,1785,RGB,c63c35b393cc2cc6,1590,1
56982,0,Unknown Artist,7,religious_painting,8,Early_Renaissance,1382,1782,RGB,987671e9f00565f1,1591,1
35177,69,raphael,7,religious_painting,11,High_Renaissance,1382,1692,RGB,94cfe0bd5872ad84,1592,1
22824,0,Unknown Artist,7,religious_painting,8,Early_Renaissance,1382,1779,RGB,cb3f354903b29517,1593,1
49682,110,joseph-wright,6,portrait,4,Baroque,1382,1740,RGB,894c3b31e21f9ee4,1594,1
29782,0,Unknown Artist,7,religious_painting,17,Northern_Renaissance,1382,2048,RGB,92e0e497af4b8e1a,1595,1
39407,0,Unknown Artist,6,portrait,4,Baroque,1381,1627,RGB,8bbadc62d30ce03d,1596,1
41217,0,Unknown Artist,7,religious_painting,13,Mannerism_Late_Renaissance,1382,1677,RGB,c74e7c9930e2b51a,1597,1
19242,29,lucas-cranach-the-elder,6,portrait,17,Northern_Renaissance,1382,1928,RGB,bcfcd26123a5d289,1598,1
47713,83,joshua-reynolds,6,portrait,22,Rococo,1382,1739,RGB,955a6c2592b26dad,1599,1
62523,0,Unknown Artist,8,sketch_and_study,13,Mannerism_Late_Renaissance,1382,1775,RGB,b9e34fd046b6129c,1600,1
80071,0,Unknown Artist,10,Unknown Genre,22,Rococo,1645,1382,RGB,c1909e6c6c6b6739,1601,1
45865,87,michelangelo,5,nude_painting,11,High_Renaissance,1382,2126,RGB,aab9c5ca3986c29d,1602,1
51452,0,Unknown Artist,7,religious_painting,8,Early_Renaissance,1382,1983,RGB,a6e745a5d1599d18,1603,1
17752,20,rembrandt,6,portrait,4,Baroque,1382,1787,RGB,af85c24a953cb96a,1604,1
21791,0,Unknown Artist,7,religious_painting,11,High_Renaissance,1382,1641,RGB,e9a1365e4e6c2725,1605,1
44787,0,Unknown Artist,6,portrait,4,Baroque,1382,1621,RGB,9f653cda619c3681,1606,1
56279,0,Unknown Artist,7,religious_painting,8,Early_Renaissance,1382,2272,RGB,9facb4b2e1e41cc2,1607,1
62694,0,Unknown Artist,3,illustration,4,Baroque,1382,1792,RGB,aa8dfcba8d46d821,1608,1
76557,0,Unknown Artist,10,Unknown Genre,4,Baroque,2073,1382,RGB,cdcb276200b87f27,1609,1
26706,23,hieronymus-bosch,7,religious_painting,17,Northern_Renaissance,1382,1691,RGB,edb314734b0db294,1610,1
23711,82,paolo-veronese,7,religious_painting,13,Mannerism_Late_Renaissance,2693,1382,RGB,c9c61eddac06f30c,1611,1
36455,67,tintoretto,7,religious_painting,13,Mannerism_Late_Renaissance,2828,1382,RGB,8d765a13446c95f3,1612,1
19732,0,Unknown Artist,2,genre_painting,4,Baroque,1382,1819,RGB,f9b974c6849b126c,1613,1
78733,0,Unknown Artist,10,Unknown Genre,4,Baroque,1382,2731,RGB,c11e37359cc0bd78,1614,1
69384,0,Unknown Artist,10,Unknown Genre,11,High_Renaissance,1382,1649,RGB,a7f099967d62c09c,1615,1
9832,20,rembrandt,6,portrait,4,Baroque,1382,1832,RGB,ccccf333313223ce,1616,1
76706,0,Unknown Artist,10,Unknown Genre,11,High_Renaissance,1488,1382,RGB,944f793c6f129266,1617,1
34815,0,Unknown Artist,7,religious_painting,17,Northern_Renaissance,1382,2176,RGB,8d3f3338c6c7f050,1618,1
19982,0,Unknown Artist,2,genre_painting,4,Baroque,1382,1834,RGB,a9bee6f891a4e091,1619,1
37452,0,Unknown Artist,7,religious_painting,17,Northern_Renaissance,1382,1921,RGB,da2d65ed12f94e20,1620,1
65222,0,Unknown Artist,6,portrait,22,Rococo,1382,1731,RGB,ccec73933066cc99,1621,1
64810,0,Unknown Artist,6,portrait,22,Rococo,1382,2103,RGB,e6a8d354a95a9c4d,1622,1
69747,0,Unknown Artist,10,Unknown Genre,11,High_Renaissance,2046,1382,RGB,8469669d8b6c735a,1623,1
21376,0,Unknown Artist,6,portrait,22,Rococo,1382,1808,RGB,8d7e32558d6296d4,1624,1
57017,121,el-greco,7,religious_painting,13,Mannerism_Late_Renaissance,1382,1793,RGB,9ee2a175b7428758,1625,1
21902,0,Unknown Artist,2,genre_painting,11,High_Renaissance,1382,1622,RGB,d1340edb2fd2629c,1626,1
39070,87,michelangelo,7,religious_painting,11,High_Renaissance,1382,1517,RGB,a8d9c3c0bcb76345,1627,1
17957,25,albrecht-durer,7,religious_painting,17,Northern_Renaissance,1382,1902,RGB,9d2bc3f1e44c7906,1628,1
29289,69,raphael,2,genre_painting,11,High_Renaissance,1911,1382,RGB,91c654901b5b3fcd,1629,1
39920,69,raphael,7,religious_painting,11,High_Renaissance,2253,1382,RGB,a921ec0aa33dd379,1630,1
24286,0,Unknown Artist,2,genre_painting,4,Baroque,1982,1382,RGB,80bcb1272f521bbd,1631,1
55683,0,Unknown Artist,7,religious_painting,13,Mannerism_Late_Renaissance,1382,1818,RGB,c4ca1b1fd86867f0,1632,1
17673,20,rembrandt,7,religious_painting,4,Baroque,1810,1382,RGB,fcf83e664a0b1703,1633,1
27008,0,Unknown Artist,6,portrait,4,Baroque,1382,1681,RGB,836718c42fce639b,1634,1
36768,0,Unknown Artist,6,portrait,11,High_Renaissance,1382,1545,RGB,9f5ba3996a658825,1635,1
51453,0,Unknown Artist,6,portrait,11,High_Renaissance,1382,1896,RGB,916b3e656136c792,1636,1
51778,24,leonardo-da-vinci,7,religious_painting,11,High_Renaissance,1382,1845,RGB,b0b1e9cf564c4c33,1637,1
34666,0,Unknown Artist,7,religious_painting,8,Early_Renaissance,3032,1382,RGB,aafee4a18786c293,1638,1
32141,0,Unknown Artist,6,portrait,4,Baroque,1382,2100,RGB,acd9dc23672634c6,1639,1
73409,0,Unknown Artist,10,Unknown Genre,11,High_Renaissance,1382,2878,RGB,ac42a7bc8c69e786,1640,1
64780,77,titian,6,portrait,13,Mannerism_Late_Renaissance,1382,1741,RGB,c9399df022c736c6,1641,1
30750,0,Unknown Artist,6,portrait,13,Mannerism_Late_Renaissance,1382,1932,RGB,ce0ce3327136b1e3,1642,1
56523,77,titian,7,religious_painting,13,Mannerism_Late_Renaissance,1382,2539,RGB,cc8d737221fc03da,1643,1
57032,0,Unknown Artist,7,religious_painting,11,High_Renaissance,1954,1382,RGB,d5686a7ec12778a4,1644,1
26130,38,fra-angelico,7,religious_painting,8,Early_Renaissance,1382,1440,RGB,91c3c632bdb2b1e4,1645,1
39971,0,Unknown Artist,7,religious_painting,8,Early_Renaissance,2245,1382,RGB,db244f31f4b0bc1c,1646,1
36772,0,Unknown Artist,2,genre_painting,4,Baroque,1382,1683,RGB,e3b51cc04a8dfc78,1647,1
31810,0,Unknown Artist,6,portrait,13,Mannerism_Late_Renaissance,1382,1600,RGB,eabfc66ab668c208,1648,1
62329,24,leonardo-da-vinci,8,sketch_and_study,8,Early_Renaissance,1382,2157,RGB,ae8bc0f47f030cf2,1649,1
45186,38,fra-angelico,7,religious_painting,8,Early_Renaissance,1382,4064,RGB,eb949687155a1b8d,1650,1
25694,0,Unknown Artist,7,religious_painting,8,Early_Renaissance,1993,1382,RGB,e8378b9481a7e978,1651,1
64762,117,hans-holbein-the-younger,6,portrait,17,Northern_Renaissance,1382,1721,RGB,f3e0251aad316e9c,1652,1
5605,25,albrecht-durer,8,sketch_and_study,17,Northern_Renaissance,1382,1747,RGB,e06d8d6d949b1b32,1653,1
65195,0,Unknown Artist,6,portrait,22,Rococo,1382,1785,RGB,8c4d3233313ec3cf,1654,1
59052,121,el-greco,4,landscape,13,Mannerism_Late_Renaissance,2408,1382,RGB,92a917de694595a5,1655,1
46043,0,Unknown Artist,6,portrait,13,Mannerism_Late_Renaissance,2288,1382,RGB,efe2f0c8d8728c0d,1656,1
23324,0,Unknown Artist,6,portrait,22,Rococo,1382,1897,RGB,ef1cf1e3b4308643,1657,1
22682,0,Unknown Artist,6,portrait,22,Rococo,1382,2204,RGB,a5a4d617db1a590d,1658,1
22161,77,titian,7,religious_painting,13,Mannerism_Late_Renaissance,1382,2309,RGB,9d6622d9c5629f94,1659,1
70100,0,Unknown Artist,10,Unknown Genre,8,Early_Renaissance,1382,3639,RGB,f88287991b3965a7,1660,1
58190,0,Unknown Artist,1,cityscape,22,Rococo,2566,1382,RGB,80f23f4fa01a35f3,1661,1
35863,0,Unknown Artist,7,religious_painting,4,Baroque,1382,1842,RGB,c72970d662d90cf3,1662,1
22074,38,fra-angelico,7,religious_painting,8,Early_Renaissance,2254,1382,RGB,b239b404c9c79ecd,1663,1
71788,0,Unknown Artist,10,Unknown Genre,13,Mannerism_Late_Renaissance,1685,1382,RGB,dda1a9b63494c5c9,1664,1
25128,0,Unknown Artist,6,portrait,8,Early_Renaissance,1382,1859,RGB,fc0d0a5a72e08fd9,1665,1
57466,87,michelangelo,5,nude_painting,11,High_Renaissance,1382,2117,RGB,f5ea26128b9b9a38,1666,1
33864,23,hieronymus-bosch,7,religious_painting,17,Northern_Renaissance,1382,4148,RGB,84bc9a8c493f3dc9,1667,1
69894,0,Unknown Artist,10,Unknown Genre,11,High_Renaissance,1382,2034,RGB,ffce40d431c26137,1668,1
38134,0,Unknown Artist,6,portrait,22,Rococo,1382,1787,RGB,ee1de630a14697c6,1669,1
36074,0,Unknown Artist,7,religious_painting,8,Early_Renaissance,1382,2046,RGB,bf9c88a1d9694173,1670,1
64591,121,el-greco,6,portrait,13,Mannerism_Late_Renaissance,1382,1707,RGB,ea9ef16530d286d2,1671,1
35588,0,Unknown Artist,6,portrait,22,Rococo,1382,1667,RGB,99cc265ea367a05b,1672,1
61525,0,Unknown Artist,9,still_life,22,Rococo,1697,1382,RGB,be017f8259ce01dd,1673,1
4906,25,albrecht-durer,6,portrait,17,Northern_Renaissance,1382,1844,RGB,e5259a9b6b641678,1674,1
58236,0,Unknown Artist,1,cityscape,22,Rococo,1881,1382,RGB,9fe0693d0d92663c,1675,2
32622,83,joshua-reynolds,6,portrait,22,Rococo,1382,1716,RGB,828f2fde52a533a4,1676,1
34721,0,Unknown Artist,6,portrait,13,Mannerism_Late_Renaissance,1382,1964,RGB,94481a9464ddf677,1677,1
6379,20,rembrandt,10,Unknown Genre,4,Baroque,1382,1718,RGB,cc9633e38eccc839,1678,1
56719,0,Unknown Artist,7,religious_painting,17,Northern_Renaissance,1382,1757,RGB,ee6cb33384c98ccc,1679,1
5882,0,Unknown Artist,10,Unknown Genre,17,Northern_Renaissance,1382,1827,RGB,afec90ca6233d839,1680,1
57111,0,Unknown Artist,7,religious_painting,8,Early_Renaissance,1842,1382,RGB,d13dc5e3129a343b,1681,1
45965,0,Unknown Artist,6,portrait,4,Baroque,1382,1935,RGB,8ccd7666733911c9,1682,1
27130,0,Unknown Artist,4,landscape,4,Baroque,1804,1382,RGB,adfed242f4e8c301,1683,1
48753,121,el-greco,6,portrait,13,Mannerism_Late_Renaissance,1382,1916,RGB,d5c17a1a84e5d99a,1684,1
73373,0,Unknown Artist,10,Unknown Genre,22,Rococo,2049,1382,RGB,fefd80c07e1f20e0,1685,1
70762,0,Unknown Artist,10,Unknown Genre,22,Rococo,1382,2820,RGB,c5fa14e32c597385,1686,1
56703,0,Unknown Artist,7,religious_painting,8,Early_Renaissance,1382,1609,RGB,ab10be3d576ad0a2,1687,1
56242,0,Unknown Artist,7,religious_painting,13,Mannerism_Late_Renaissance,1645,1382,RGB,8af5930f8d09a97c,1688,1
23117,77,titian,7,religious_painting,11,High_Renaissance,1382,1730,RGB,cc7c7ca633136d18,1689,1
47763,0,Unknown Artist,6,portrait,4,Baroque,1382,1756,RGB,cd1a33315a8d5b2e,1690,1
35737,0,Unknown Artist,6,portrait,8,Early_Renaissance,1382,2082,RGB,8be03c9cc338af63,1691,1
71628,0,Unknown Artist,10,Unknown Genre,13,Mannerism_Late_Renaissance,1382,1737,RGB,8ccc72333371c99b,1692,1
18176,25,albrecht-durer,6,portrait,17,Northern_Renaissance,1382,1727,RGB,dcb76893780bad03,1693,1
52655,0,Unknown Artist,7,religious_painting,8,Early_Renaissance,1733,1382,RGB,d95aba1684b456b5,1694,1
70723,0,Unknown Artist,10,Unknown Genre,4,Baroque,1382,1547,RGB,c0a77c78d36749c1,1695,1
44404,0,Unknown Artist,2,genre_painting,4,Baroque,1382,1529,RGB,bcbd6362a0115a3f,1696,1
70726,0,Unknown Artist,10,Unknown Genre,8,Early_Renaissance,1382,2236,RGB,e1b416e7b4661a2d,1697,1
78620,0,Unknown Artist,10,Unknown Genre,4,Baroque,2149,1382,RGB,8f9f5d047012c779,1698,1
79387,0,Unknown Artist,10,Unknown Genre,11,High_Renaissance,1733,1382,RGB,b8741b0f0af4f2f0,1699,1
76843,0,Unknown Artist,10,Unknown Genre,4,Baroque,1864,1382,RGB,f4839534cd7a4cf0,1700,1
20977,0,Unknown Artist,9,still_life,4,Baroque,2087,1382,RGB,b2404db552e92f5e,1701,1
51797,29,lucas-cranach-the-elder,7,religious_painting,17,Northern_Renaissance,1382,1832,RGB,889d37427a633b66,1702,1
36643,0,Unknown Artist,6,portrait,8,Early_Renaissance,1382,1742,RGB,ef9932661bc944d4,1703,1
46459,0,Unknown Artist,2,genre_painting,4,Baroque,1382,1725,RGB,869b1e8ab1c8f636,1704,1
30031,38,fra-angelico,7,religious_painting,8,Early_Renaissance,2204,1382,RGB,8f2b06c217da5ae9,1705,1
56055,0,Unknown Artist,7,religious_painting,4,Baroque,1382,1685,RGB,f9be1d0123ec6e03,1706,1
23823,29,lucas-cranach-the-elder,6,portrait,17,Northern_Renaissance,1382,1855,RGB,b1eb244eb5909ab9,1707,1
80008,0,Unknown Artist,10,Unknown Genre,22,Rococo,1382,3142,RGB,b7e04036b561d2b7,1708,1
11786,0,Unknown Artist,10,Unknown Genre,17,Northern_Renaissance,1382,1788,RGB,edbaba968441c696,1709,1
42645,0,Unknown Artist,6,portrait,22,Rococo,1534,1382,RGB,93e6288dd23d0fe1,1710,1
52344,0,Unknown Artist,7,religious_painting,13,Mannerism_Late_Renaissance,1382,1867,RGB,ea227182dbbdc61c,1711,1
56045,0,Unknown Artist,7,religious_painting,8,Early_Renaissance,1740,1382,RGB,eed1940dc96ee226,1712,1
30018,58,pietro-perugino,7,religious_painting,8,Early_Renaissance,2302,1382,RGB,d8343f63a24a991f,1713,1
45857,87,michelangelo,8,sketch_and_study,11,High_Renaissance,1382,1720,RGB,ed6c929661790ecc,1714,1
19628,87,michelangelo,7,religious_painting,11,High_Renaissance,2400,1382,RGB,d04a2f4f3e52ad1c,1715,1
30616,0,Unknown Artist,6,portrait,22,Rococo,1382,1748,RGB,ef36b8c3c53c8189,1716,1
30650,0,Unknown Artist,6,portrait,17,Northern_Renaissance,1382,1466,RGB,ab99f462c48e9a99,1717,1
46971,0,Unknown Artist,8,sketch_and_study,22,Rococo,1382,1766,RGB,cb5bb43c3361c896,1718,1
63378,0,Unknown Artist,6,portrait,13,Mannerism_Late_Renaissance,1382,1888,RGB,cc1f73263fc20c78,1719,1
35638,38,fra-angelico,7,religious_painting,8,Early_Renaissance,1983,1382,RGB,93e90c5e695d6e18,1720,1
76368,0,Unknown Artist,10,Unknown Genre,11,High_Renaissance,1433,1382,RGB,d09f1b700e676d38,1721,1
38936,0,Unknown Artist,6,portrait,22,Rococo,1382,1816,RGB,8cd5736ab033d8c9,1722,1
55991,58,pietro-perugino,7,religious_painting,11,High_Renaissance,1382,2378,RGB,b7c17a3ec530a4b4,1723,1
30707,0,Unknown Artist,9,still_life,22,Rococo,1382,1691,RGB,e2b61ccc6930cec7,1724,1
33628,0,Unknown Artist,7,religious_painting,11,High_Renaissance,1719,1382,RGB,c0592e6fd93cb131,1725,1
641,25,albrecht-durer,8,sketch_and_study,17,Northern_Renaissance,1382,1816,RGB,9c876332474daeb2,1726,1
30167,0,Unknown Artist,2,genre_painting,17,Northern_Renaissance,2140,1382,RGB,c48f2b3e8318f333,1727,1
79367,0,Unknown Artist,10,Unknown Genre,11,High_Renaissance,2017,1382,RGB,ccc567e30b1b1cc5,1728,1
48225,69,raphael,8,sketch_and_study,11,High_Renaissance,1382,1957,RGB,f56d9c9987c21171,1729,1
32034,0,Unknown Artist,7,religious_painting,17,Northern_Renaissance,1382,1769,RGB,ede0a67b590c3632,1730,1
45203,82,paolo-veronese,7,religious_painting,13,Mannerism_Late_Renaissance,1382,2364,RGB,91c947521baf1e1e,1731,1
30968,0,Unknown Artist,7,religious_painting,17,Northern_Renaissance,1382,1896,RGB,c81cb373ec263764,1732,1
69842,0,Unknown Artist,10,Unknown Genre,4,Baroque,1382,1963,RGB,a4b4c14bafd6f203,1733,1
42314,0,Unknown Artist,7,religious_painting,17,Northern_Renaissance,1381,1830,RGB,85d1ee471b32fc03,1734,1
35927,0,Unknown Artist,6,portrait,17,Northern_Renaissance,1382,1806,RGB,c76c33306f876c86,1735,1
63696,0,Unknown Artist,6,portrait,22,Rococo,1382,1860,RGB,cc8c73623619cd67,1736,1
28867,0,Unknown Artist,6,portrait,13,Mannerism_Late_Renaissance,1382,1869,RGB,f0168fe90d05dd36,1737,1
34462,0,Unknown Artist,7,religious_painting,11,High_Renaissance,1382,1885,RGB,c04d3eb151b267ce,1738,1
39489,0,Unknown Artist,6,portrait,22,Rococo,1382,1900,RGB,9d952366ee7b0948,1739,1
30459,0,Unknown Artist,7,religious_painting,22,Rococo,1382,1940,RGB,c0313dd88f8ef133,1740,1
24554,77,titian,8,sketch_and_study,11,High_Renaissance,1382,1634,RGB,f87186aee195e02e,1741,1
6924,20,rembrandt,6,portrait,4,Baroque,1382,1744,RGB,eca4337383cccc6c,1742,1
27364,0,Unknown Artist,2,genre_painting,17,Northern_Renaissance,1828,1382,RGB,be489207ef3cc46a,1743,1
21610,61,bartolome-esteban-murillo,7,religious_painting,4,Baroque,1382,1955,RGB,8dd872b5ce0e81c7,1744,1
25430,0,Unknown Artist,7,religious_painting,11,High_Renaissance,1382,1896,RGB,c39cb6c25c491bcd,1745,1
44399,23,hieronymus-bosch,7,religious_painting,17,Northern_Renaissance,1382,1391,RGB,ef98b330d04fe0e1,1746,1
65133,77,titian,6,portrait,13,Mannerism_Late_Renaissance,1382,1735,RGB,c3a138794e9aa3e6,1747,1
8921,25,albrecht-durer,8,sketch_and_study,17,Northern_Renaissance,1790,1382,RGB,f3610c9637795887,1748,1
63515,0,Unknown Artist,6,portrait,22,Rococo,1382,1679,RGB,893e35e09b695cc5,1749,1
29261,103,hans-memling,6,portrait,17,Northern_Renaissance,1382,1698,RGB,d3dc6aa8253b0f19,1750,1
24275,0,Unknown Artist,7,religious_painting,8,Early_Renaissance,1382,2153,RGB,ecaeb3d8a5c5b084,1751,1
70381,0,Unknown Artist,10,Unknown Genre,22,Rococo,1414,1382,RGB,91c4461b5ae66b79,1752,1
25719,82,paolo-veronese,7,religious_painting,13,Mannerism_Late_Renaissance,1382,1604,RGB,c5655b5eb6c1609a,1753,1
53210,0,Unknown Artist,2,genre_painting,4,Baroque,1890,1382,RGB,9c984b6577137958,1754,1
17607,20,rembrandt,2,genre_painting,4,Baroque,1382,1679,RGB,e6c4991e516b9e62,1755,1
56848,0,Unknown Artist,7,religious_painting,8,Early_Renaissance,1733,1382,RGB,91cf4e70a63be470,1756,1
51437,0,Unknown Artist,7,religious_painting,8,Early_Renaissance,3882,1382,RGB,c2609d1b9c6dd0bb,1757,1
69596,0,Unknown Artist,10,Unknown Genre,13,Mannerism_Late_Renaissance,1382,1477,RGB,d0e05aca2da7e4b9,1758,1
9400,25,albrecht-durer,4,landscape,17,Northern_Renaissance,1387,1382,RGB,bab0c0cb4daf3662,1759,1
73882,0,Unknown Artist,10,Unknown Genre,17,Northern_Renaissance,1382,1581,RGB,f3e4d305151d2f49,1760,1
69071,0,Unknown Artist,10,Unknown Genre,17,Northern_Renaissance,1382,1999,RGB,c14c3e03de73fa18,1761,1
32281,0,Unknown Artist,7,religious_painting,13,Mannerism_Late_Renaissance,1382,1642,RGB,f62519f227c03b36,1762,1
64791,67,tintoretto,6,portrait,13,Mannerism_Late_Renaissance,1382,1836,RGB,cec6ce5131397139,1763,1
28224,0,Unknown Artist,2,genre_painting,4,Baroque,1617,1382,RGB,927c494dbd0346fa,1764,1
79376,0,Unknown Artist,10,Unknown Genre,11,High_Renaissance,1382,2903,RGB,ee19977749262658,1765,1
41065,0,Unknown Artist,7,religious_painting,8,Early_Renaissance,2481,1382,RGB,d6d43038393e991f,1766,1
70810,0,Unknown Artist,10,Unknown Genre,22,Rococo,2461,1382,RGB,928d3d3e948b2d56,1767,1
68572,0,Unknown Artist,10,Unknown Genre,4,Baroque,1382,2008,RGB,bf6ab0a5c437c0b1,1768,1
24314,0,Unknown Artist,6,portrait,8,Early_Renaissance,1382,1804,RGB,cb63341cc9e73493,1769,1
80536,0,Unknown Artist,10,Unknown Genre,8,Early_Renaissance,1382,3050,RGB,90dc0f0dbc06a7f6,1770,1
74510,0,Unknown Artist,10,Unknown Genre,4,Baroque,1382,1642,RGB,8ecc7333217393cc,1771,1
27315,67,tintoretto,7,religious_painting,13,Mannerism_Late_Renaissance,1382,2749,RGB,fe8550f2c30b82bb,1772,1
10893,20,rembrandt,10,Unknown Genre,4,Baroque,1382,1531,RGB,8b582cb3f3089d37,1773,1
56873,0,Unknown Artist,7,religious_painting,17,Northern_Renaissance,1382,3550,RGB,97de6298692534e6,1774,1
50124,67,tintoretto,6,portrait,13,Mannerism_Late_Renaissance,1382,1735,RGB,94ac584b677271b5,1775,1
73419,0,Unknown Artist,10,Unknown Genre,17,Northern_Renaissance,2045,1382,RGB,ba59332c57e60d45,1776,1
20623,0,Unknown Artist,6,portrait,22,Rococo,1643,1382,RGB,c5373b580c4d7a95,1777,1
38972,0,Unknown Artist,9,still_life,4,Baroque,1414,1382,RGB,cf5720e01fa1563b,1778,1
44083,69,raphael,7,religious_painting,11,High_Renaissance,1382,1697,RGB,f1c2438f6e50d39a,1779,1
17691,20,rembrandt,7,religious_painting,4,Baroque,1598,1382,RGB,96c998996136b537,1780,1
67971,0,Unknown Artist,10,Unknown Genre,13,Mannerism_Late_Renaissance,1382,1382,RGB,f31364658acd3cc3,1781,1
66020,80,peter-paul-rubens,6,portrait,4,Baroque,1843,1382,RGB,d1154d6ca8dad6c5,1782,1
53691,0,Unknown Artist,2,genre_painting,4,Baroque,1382,1745,RGB,982d2fd09e6f60d2,1783,1
51766,0,Unknown Artist,7,religious_painting,8,Early_Renaissance,1382,1596,RGB,f2a387e672862798,1784,1
46473,0,Unknown Artist,6,portrait,22,Rococo,1382,1834,RGB,80ecf2632f85178f,1785,1
43652,0,Unknown Artist,2,genre_painting,22,Rococo,2037,1382,RGB,8bfad440cd07f133,1786,1
44769,0,Unknown Artist,7,religious_painting,8,Early_Renaissance,1842,1382,RGB,891c4e745acd75ca,1787,1
32710,0,Unknown Artist,6,portrait,8,Early_Renaissance,1382,2106,RGB,9b9b6367c48c3465,1788,1
44369,38,fra-angelico,7,religious_painting,8,Early_Renaissance,1382,3145,RGB,9c414f9eed347470,1789,1
78460,0,Unknown Artist,10,Unknown Genre,13,Mannerism_Late_Renaissance,1382,1991,RGB,92e723b8741b8ad6,1790,1
32171,0,Unknown Artist,7,religious_painting,8,Early_Renaissance,1991,1382,RGB,b428aab6616fcd32,1791,1
21397,0,Unknown Artist,7,religious_painting,11,High_Renaissance,1961,1382,RGB,81a4c35ad63cb979,1792,1
33966,0,Unknown Artist,4,landscape,22,Rococo,1382,1733,RGB,c4ce1a3763899ea6,1793,1
50849,0,Unknown Artist,6,portrait,22,Rococo,1382,1710,RGB,9e2d61db98b42791,1794,1
48085,0,Unknown Artist,8,sketch_and_study,13,Mannerism_Late_Renaissance,1382,2259,RGB,f1385e1b353d068e,1795,1
75161,0,Unknown Artist,10,Unknown Genre,22,Rococo,1382,1795,RGB,bf3dc1c2d04ac1cd,1796,1
33893,0,Unknown Artist,6,portrait,8,Early_Renaissance,1382,2038,RGB,92036dca2d736b3c,1797,1
52264,0,Unknown Artist,4,landscape,22,Rococo,1848,1382,RGB,c3ee9eb9b1910d81,1798,1
55666,0,Unknown Artist,7,religious_painting,8,Early_Renaissance,1382,2484,RGB,c28a59647259de37,1799,1
74038,0,Unknown Artist,10,Unknown Genre,4,Baroque,1382,1776,RGB,82b325692d4e399f,1800,1
47495,121,el-greco,2,genre_painting,13,Mannerism_Late_Renaissance,1382,1633,RGB,8d5a22a55a3ce7c9,1801,1
78481,0,Unknown Artist,10,Unknown Genre,13,Mannerism_Late_Renaissance,1382,1617,RGB,811742c68dfba56d,1802,1
56350,38,fra-angelico,7,religious_painting,8,Early_Renaissance,1382,1467,RGB,aea2e213131d7d5a,1803,1
23506,0,Unknown Artist,7,religious_painting,4,Baroque,1382,1868,RGB,d38e6c3930656d3a,1804,1
1141,20,rembrandt,8,sketch_and_study,4,Baroque,1382,1836,RGB,fe90e027c5da8768,1805,1
19310,80,peter-paul-rubens,7,religious_painting,4,Baroque,1382,2001,RGB,e17a4d352673c662,1806,1
4862,20,rembrandt,6,portrait,4,Baroque,1382,1750,RGB,cce1a3c68cdedc11,1807,2
73675,0,Unknown Artist,10,Unknown Genre,8,Early_Renaissance,1494,1382,RGB,f665cdb08a0e9387,1808,1
36632,0,Unknown Artist,7,religious_painting,8,Early_Renaissance,1382,4034,RGB,aafafea0c2c600ee,1809,1
26204,77,titian,6,portrait,13,Mannerism_Late_Renaissance,1382,1917,RGB,8d9c636139c33ce3,1810,1
56311,67,tintoretto,7,religious_painting,13,Mannerism_Late_Renaissance,1382,1859,RGB,e8f80d37024d87ee,1811,1
69846,0,Unknown Artist,10,Unknown Genre,4,Baroque,1382,1706,RGB,9d7122c7cc9c6399,1812,1
38141,0,Unknown Artist,3,illustration,8,Early_Renaissance,2113,1382,RGB,bbcf2dd2902fc980,1813,1
24634,0,Unknown Artist,2,genre_painting,22,Rococo,1660,1382,RGB,ceb12118e4a779f8,1814,1
64370,125,jacob-jordaens,6,portrait,4,Baroque,1382,1846,RGB,92c9ed665b981a6c,1815,1
50785,126,thomas-gainsborough,4,landscape,22,Rococo,1477,1382,RGB,c769b81da56bd224,1816,1
29820,0,Unknown Artist,8,sketch_and_study,8,Early_Renaissance,1382,1881,RGB,b06e4c984fb82bc7,1817,1
44442,58,pietro-perugino,7,religious_painting,11,High_Renaissance,1382,1671,RGB,9e6a3456a391cf45,1818,1
49970,0,Unknown Artist,7,religious_painting,22,Rococo,1382,1801,RGB,cc92165c39a5d99d,1819,1
25240,0,Unknown Artist,8,sketch_and_study,8,Early_Renaissance,1382,2077,RGB,fa8594cbfcf89044,1820,1
78489,0,Unknown Artist,10,Unknown Genre,13,Mannerism_Late_Renaissance,1382,1614,RGB,b4c91b5af08d7a32,1821,1
72409,0,Unknown Artist,10,Unknown Genre,22,Rococo,1382,1730,RGB,cb117e6c31cf83b0,1822,1
40369,83,joshua-reynolds,6,portrait,22,Rococo,1382,1790,RGB,8cb631cd0ada7ee0,1823,1
36683,116,frans-hals,6,portrait,4,Baroque,1382,1818,RGB,ae94c26b397a9683,1824,1
50429,77,titian,6,portrait,13,Mannerism_Late_Renaissance,1382,1676,RGB,bda999164b632647,1825,1
57001,0,Unknown Artist,7,religious_painting,22,Rococo,1883,1382,RGB,d84f31744b720ee3,1826,1
45323,0,Unknown Artist,2,genre_painting,22,Rococo,1382,1736,RGB,9c6327c831a747bc,1827,1
23857,0,Unknown Artist,6,portrait,22,Rococo,1382,1703,RGB,9d6a239738c59c78,1828,1
52995,0,Unknown Artist,8,sketch_and_study,8,Early_Renaissance,2026,1382,RGB,80ef165311ff087e,1829,1
45462,87,michelangelo,7,religious_painting,11,High_Renaissance,2450,1382,RGB,d0090f6e296d757c,1830,1
56208,58,pietro-perugino,7,religious_painting,8,Early_Renaissance,1382,2010,RGB,8e1923c57ff02c99,1831,1
25897,0,Unknown Artist,7,religious_painting,13,Mannerism_Late_Renaissance,1382,2212,RGB,bdaab2e035f1c4c4,1832,1
32412,0,Unknown Artist,6,portrait,13,Mannerism_Late_Renaissance,1382,1581,RGB,8c7133863fd8dc61,1833,1
19597,0,Unknown Artist,7,religious_painting,11,High_Renaissance,1382,1965,RGB,e6b5da658d36c105,1834,1
26976,0,Unknown Artist,7,religious_painting,11,High_Renaissance,1382,1744,RGB,f8f74688c280edf2,1835,1
25471,0,Unknown Artist,7,religious_painting,8,Early_Renaissance,1738,1382,RGB,d1060d6b6e2d3ab9,1836,1
31194,0,Unknown Artist,7,religious_painting,17,Northern_Renaissance,1382,1508,RGB,eb8dcdb8c8730343,1837,1
71942,0,Unknown Artist,10,Unknown Genre,4,Baroque,1993,1382,RGB,9c9332a6ed2d21e5,1838,1
34562,0,Unknown Artist,6,portrait,11,High_Renaissance,1382,1924,RGB,916ae8b3676a8d94,1839,1
32090,121,el-greco,7,religious_painting,13,Mannerism_Late_Renaissance,1382,1830,RGB,e2f9df58cacc2405,1840,1
56655,0,Unknown Artist,7,religious_painting,8,Early_Renaissance,1382,1525,RGB,85a1aa9679d8745d,1841,1
74965,0,Unknown Artist,10,Unknown Genre,22,Rococo,1382,1727,RGB,bd5743b4596a9461,1842,1
4321,25,albrecht-durer,7,religious_painting,17,Northern_Renaissance,1382,1838,RGB,d70e6ff0382f10f0,1843,1
29127,0,Unknown Artist,6,portrait,22,Rococo,1382,1693,RGB,e66692d96d9813cc,1844,1
80011,0,Unknown Artist,10,Unknown Genre,22,Rococo,1382,1528,RGB,f2c83b25f746a12a,1845,1
32701,77,titian,6,portrait,13,Mannerism_Late_Renaissance,1382,1705,RGB,9c9934636692b973,1846,1
43153,0,Unknown Artist,6,portrait,13,Mannerism_Late_Renaissance,1382,1647,RGB,adac85879399a6c6,1847,1
56112,82,paolo-veronese,7,religious_painting,13,Mannerism_Late_Renaissance,1382,1738,RGB,d1066d79b2e4267c,1848,1
39430,0,Unknown Artist,6,portrait,13,Mannerism_Late_Renaissance,1382,1810,RGB,aca7f033a9f185d0,1849,1
37486,77,titian,7,religious_painting,11,High_Renaissance,1842,1382,RGB,919b37c41d7a5a1a,1850,1
41953,121,el-greco,7,religious_painting,13,Mannerism_Late_Renaissance,1382,2008,RGB,8c8da676c69ccc95,1851,1
47974,0,Unknown Artist,2,genre_painting,4,Baroque,1601,1382,RGB,8de6325dd8723d0c,1852,1
68987,0,Unknown Artist,10,Unknown Genre,13,Mannerism_Late_Renaissance,1381,1830,RGB,dc683372a1b1991f,1853,1
6118,20,rembrandt,6,portrait,4,Baroque,1382,1746,RGB,fb2e24f0c14ef861,1854,1
37634,0,Unknown Artist,2,genre_painting,4,Baroque,1382,1710,RGB,bb256691629cbc63,1855,1
65130,0,Unknown Artist,6,portrait,13,Mannerism_Late_Renaissance,1382,1770,RGB,d4097af027fa203f,1856,1
56131,58,pietro-perugino,7,religious_painting,11,High_Renaissance,1382,1582,RGB,baa5f43181c6c5da,1857,1
19482,103,hans-memling,6,portrait,17,Northern_Renaissance,1382,1888,RGB,996a218ee6355a97,1858,1
51970,0,Unknown Artist,7,religious_painting,17,Northern_Renaissance,1382,2108,RGB,a1b87784ca6738d9,1859,1
75148,0,Unknown Artist,10,Unknown Genre,13,Mannerism_Late_Renaissance,1382,1942,RGB,d02f74c223fc38c7,1860,1
78682,0,Unknown Artist,10,Unknown Genre,4,Baroque,1382,1610,RGB,aa52498d69f90d6d,1861,1
23457,0,Unknown Artist,7,religious_painting,4,Baroque,1382,2187,RGB,9795385a677398a4,1862,1
9000,25,albrecht-durer,8,sketch_and_study,17,Northern_Renaissance,1382,1621,RGB,ec2d3dbc5a1a9292,1863,1
2339,20,rembrandt,10,Unknown Genre,4,Baroque,2010,1382,RGB,aec2d8b231c7d919,1864,1
76507,0,Unknown Artist,10,Unknown Genre,11,High_Renaissance,1382,1450,RGB,a26cc98e1931c7f3,1865,1
44758,67,tintoretto,6,portrait,13,Mannerism_Late_Renaissance,1382,1816,RGB,8d8c34333272b3db,1866,1
45421,0,Unknown Artist,6,portrait,4,Baroque,1382,2786,RGB,ad9cd05acf712a62,1867,1
78559,0,Unknown Artist,10,Unknown Genre,4,Baroque,1832,1382,RGB,bdce40de9321c475,1868,1
67838,0,Unknown Artist,10,Unknown Genre,8,Early_Renaissance,1878,1382,RGB,e733990dac6ca60d,1869,1
56361,0,Unknown Artist,7,religious_painting,11,High_Renaissance,1381,1413,RGB,b079172e39f81b26,1870,1
33243,0,Unknown Artist,7,religious_painting,17,Northern_Renaissance,1382,1794,RGB,fcb52bc50aa9528b,1871,1
57095,0,Unknown Artist,7,religious_painting,4,Baroque,1382,1554,RGB,c96f32bc68c338a5,1872,1
20088,58,pietro-perugino,7,religious_painting,11,High_Renaissance,1498,1382,RGB,a7b3071ace43cacc,1873,1
78523,0,Unknown Artist,10,Unknown Genre,13,Mannerism_Late_Renaissance,1407,1382,RGB,eed1b09ed168865a,1874,1
36850,0,Unknown Artist,7,religious_painting,8,Early_Renaissance,1680,1382,RGB,d26f9848860ffa72,1875,1
19995,0,Unknown Artist,8,sketch_and_study,8,Early_Renaissance,1452,1382,RGB,a9a38e9cd2693966,1876,1
33541,80,peter-paul-rubens,7,religious_painting,4,Baroque,1382,1853,RGB,b45a0b0f7a54d1ba,1877,1
24510,77,titian,6,portrait,13,Mannerism_Late_Renaissance,1382,1760,RGB,8efcab2235237662,1878,1
8805,25,albrecht-durer,5,nude_painting,17,Northern_Renaissance,1382,2549,RGB,b131c7c385cd8c5e,1879,1
30020,0,Unknown Artist,7,religious_painting,8,Early_Renaissance,3529,1382,RGB,d43f3b48cec3283c,1880,1
43734,0,Unknown Artist,6,portrait,22,Rococo,1382,1800,RGB,98e4a64f9b69cc32,1881,1
62270,0,Unknown Artist,8,sketch_and_study,11,High_Renaissance,1382,2231,RGB,a6065a5b1e5a6979,1882,1
56230,0,Unknown Artist,7,religious_painting,8,Early_Renaissance,1382,2707,RGB,c51a53f3b2a50976,1883,1
52366,0,Unknown Artist,7,religious_painting,13,Mannerism_Late_Renaissance,1842,1382,RGB,947c5ca5538c4eba,1884,1
75413,0,Unknown Artist,10,Unknown Genre,4,Baroque,1935,1382,RGB,d32c6e931d68c31e,1885,1
37534,0,Unknown Artist,6,portrait,22,Rococo,1382,1765,RGB,ce0f33f19136d289,1886,1
40276,121,el-greco,7,religious_painting,13,Mannerism_Late_Renaissance,1382,2496,RGB,95b55e5a4b637098,1887,1
26525,77,titian,6,portrait,11,High_Renaissance,1382,1742,RGB,e10c1ce01b7fe237,1888,1
33407,0,Unknown Artist,7,religious_painting,8,Early_Renaissance,1382,1825,RGB,ac6991a256ee36e1,1889,1
3993,25,albrecht-durer,7,religious_painting,17,Northern_Renaissance,1382,1755,RGB,ea0acd71c276e199,1890,1
46214,0,Unknown Artist,7,religious_painting,8,Early_Renaissance,2115,1382,RGB,86f36ce437360b89,1891,1
63504,0,Unknown Artist,6,portrait,22,Rococo,1382,1871,RGB,d93c66673132c699,1892,1
44319,38,fra-angelico,7,religious_painting,8,Early_Renaissance,3617,1382,RGB,aba73538381ce347,1893,1
64980,83,joshua-reynolds,6,portrait,22,Rococo,1598,1382,RGB,9762cd3c32c4d993,1894,1
43111,0,Unknown Artist,6,portrait,22,Rococo,1382,1657,RGB,cd7067db4c15098f,1895,1
52547,38,fra-angelico,7,religious_painting,8,Early_Renaissance,1382,1399,RGB,bee3c41fc41cf038,1896,1
68630,0,Unknown Artist,10,Unknown Genre,11,High_Renaissance,1382,1692,RGB,dfb1b2cfa0225507,1897,1
33854,0,Unknown Artist,2,genre_painting,17,Northern_Renaissance,2047,1382,RGB,dde9e12878b54a07,1898,1
5035,25,albrecht-durer,7,religious_painting,17,Northern_Renaissance,1883,1382,RGB,eab4914b17a6f249,1899,1
64814,117,hans-holbein-the-younger,6,portrait,17,Northern_Renaissance,1382,1712,RGB,99b16666cdd886d1,1900,1
68612,0,Unknown Artist,10,Unknown Genre,13,Mannerism_Late_Renaissance,1438,1382,RGB,8dbc39c71ec4c64a,1901,1
26827,77,titian,7,religious_painting,11,High_Renaissance,1875,1382,RGB,ca9213283c77b3f8,1902,1
70083,0,Unknown Artist,10,Unknown Genre,17,Northern_Renaissance,3848,1382,RGB,dbf0302e951f83c9,1903,1
63764,117,hans-holbein-the-younger,6,portrait,17,Northern_Renaissance,1382,1884,RGB,9dcc6333ca9a24ad,1904,1
57136,0,Unknown Artist,7,religious_painting,17,Northern_Renaissance,1382,1856,RGB,8d5a34a64b5f8ea2,1905,1
28999,58,pietro-perugino,7,religious_painting,11,High_Renaissance,1382,1502,RGB,b74a6979962ca4c3,1906,1
25463,0,Unknown Artist,7,religious_painting,8,Early_Renaissance,1382,1771,RGB,e3f315ac2bcc5832,1907,1
74187,0,Unknown Artist,10,Unknown Genre,22,Rococo,1382,1572,RGB,c5e87838839791f5,1908,1
33387,0,Unknown Artist,2,genre_painting,4,Baroque,1382,1832,RGB,c63b11a7ceb125d2,1909,1
36289,0,Unknown Artist,7,religious_painting,8,Early_Renaissance,1571,1382,RGB,926bed3d1d42f00e,1910,1
31074,0,Unknown Artist,6,portrait,22,Rococo,1382,1844,RGB,885d6336732637c6,1911,1
28036,0,Unknown Artist,6,portrait,22,Rococo,1382,1699,RGB,d9752c9636c918d9,1912,1
76472,0,Unknown Artist,10,Unknown Genre,11,High_Renaissance,1382,2267,RGB,9cb4634b5dd11996,1913,1
42100,0,Unknown Artist,6,portrait,22,Rococo,1382,1750,RGB,86ce593c6c593176,1914,1
39080,0,Unknown Artist,7,religious_painting,8,Early_Renaissance,3199,1382,RGB,c9499f6476907b70,1915,1
17644,20,rembrandt,8,sketch_and_study,4,Baroque,2019,1382,RGB,a7df160cc5390769,1916,1
70330,0,Unknown Artist,10,Unknown Genre,11,High_Renaissance,1729,1382,RGB,84ca603fda793999,1917,1
78577,0,Unknown Artist,10,Unknown Genre,4,Baroque,1870,1382,RGB,c0361fcc66c3399e,1918,1
70777,0,Unknown Artist,10,Unknown Genre,11,High_Renaissance,1382,1432,RGB,82b87f56218b7cd1,1919,1
38241,0,Unknown Artist,7,religious_painting,11,High_Renaissance,1382,1393,RGB,bcf4526b53ad6940,1920,1
23493,0,Unknown Artist,6,portrait,17,Northern_Renaissance,1382,1841,RGB,840f7e319979e04f,1921,1
31758,0,Unknown Artist,6,portrait,4,Baroque,1382,2706,RGB,b507db09957a8b70,1922,1
28633,0,Unknown Artist,6,portrait,22,Rococo,1381,1703,RGB,d83a656d326764d2,1923,1
45994,0,Unknown Artist,6,portrait,22,Rococo,1382,1754,RGB,88dc79e336336326,1924,1
40344,121,el-greco,6,portrait,13,Mannerism_Late_Renaissance,1382,1981,RGB,cace1e703c0de393,1925,1
56162,103,hans-memling,7,religious_painting,17,Northern_Renaissance,1382,1977,RGB,84c4d2d2d9cec676,1926,1
49963,0,Unknown Artist,6,portrait,11,High_Renaissance,1382,1773,RGB,cc0d36e31976239d,1927,1
64684,121,el-greco,6,portrait,13,Mannerism_Late_Renaissance,1382,1785,RGB,9b2738e61a91713e,1928,1
62963,83,joshua-reynolds,6,portrait,4,Baroque,1382,1757,RGB,8c8c683373733373,1929,1
79401,0,Unknown Artist,10,Unknown Genre,11,High_Renaissance,1382,1597,RGB,a6e4a51ed272d919,1930,1
45419,80,peter-paul-rubens,6,portrait,4,Baroque,1381,1948,RGB,8fcc363332916ecc,1931,2
19492,0,Unknown Artist,6,portrait,17,Northern_Renaissance,1382,2003,RGB,abbb426875f0c0c7,1932,1
35923,0,Unknown Artist,7,religious_painting,13,Mannerism_Late_Renaissance,1658,1382,RGB,8cdb2073cd9c1f1a,1933,1
48729,0,Unknown Artist,7,religious_painting,8,Early_Renaissance,1382,3275,RGB,adf2d72c3a27900e,1934,1
73236,0,Unknown Artist,10,Unknown Genre,13,Mannerism_Late_Renaissance,1382,1825,RGB,ce8c754bfa457482,1935,1
48727,87,michelangelo,7,religious_painting,11,High_Renaissance,2439,1382,RGB,d55d6023373cfc48,1936,1
30768,116,frans-hals,6,portrait,4,Baroque,1382,1689,RGB,96e9399bc7321cc4,1937,1
51758,126,thomas-gainsborough,6,portrait,22,Rococo,1382,1711,RGB,cc993fe4612738c6,1938,1
69294,0,Unknown Artist,10,Unknown Genre,11,High_Renaissance,1673,1382,RGB,9dd2d4c1f37224d8,1939,1
70525,0,Unknown Artist,10,Unknown Genre,17,Northern_Renaissance,1935,1382,RGB,8049695e9ddbe2e4,1940,1
3588,20,rembrandt,6,portrait,4,Baroque,1382,1794,RGB,8ec6783931c3c72d,1941,1
41273,0,Unknown Artist,6,portrait,13,Mannerism_Late_Renaissance,1382,2014,RGB,cc88ff237301b333,1942,1
41571,126,thomas-gainsborough,6,portrait,22,Rococo,1382,2136,RGB,d80c337a6fc7911c,1943,1
35741,82,paolo-veronese,6,portrait,13,Mannerism_Late_Renaissance,1382,1575,RGB,bddb85344aa54696,1944,1
32251,0,Unknown Artist,2,genre_painting,4,Baroque,1751,1382,RGB,c46ebf69c9248c74,1945,1
32258,24,leonardo-da-vinci,8,sketch_and_study,11,High_Renaissance,1951,1382,RGB,eac8c73d84c60f78,1946,1
10773,0,Unknown Artist,10,Unknown Genre,17,Northern_Renaissance,1382,1941,RGB,be37c0d58fc0e08b,1947,1
64987,0,Unknown Artist,6,portrait,17,Northern_Renaissance,1382,1925,RGB,843e7b51e3079c4d,1948,1
45259,0,Unknown Artist,7,religious_painting,22,Rococo,1382,2066,RGB,fd7432dad0cac1c8,1949,1
38019,23,hieronymus-bosch,7,religious_painting,17,Northern_Renaissance,1382,1663,RGB,9efe58f148e30925,1950,1
74395,0,Unknown Artist,10,Unknown Genre,4,Baroque,1885,1382,RGB,ce591086cf1a35f5,1951,1
45671,0,Unknown Artist,8,sketch_and_study,8,Early_Renaissance,1990,1382,RGB,811a04df25fd589f,1952,1
22891,77,titian,7,religious_painting,11,High_Renaissance,2021,1382,RGB,86ce65c92c27b279,1953,1
41659,0,Unknown Artist,6,portrait,22,Rococo,1382,1672,RGB,da652f9671430c9b,1954,1
48397,87,michelangelo,7,religious_painting,11,High_Renaissance,1660,1382,RGB,9fb0cd24564b33b1,1955,1
19222,0,Unknown Artist,2,genre_painting,22,Rococo,1382,1783,RGB,cf347089f68fc944,1956,1
20019,0,Unknown Artist,7,religious_painting,4,Baroque,1382,1753,RGB,c04f3638c9926ff1,1957,1
34428,24,leonardo-da-vinci,8,sketch_and_study,11,High_Renaissance,1382,1724,RGB,a7369f9cd88848f2,1958,1
10362,25,albrecht-durer,6,portrait,17,Northern_Renaissance,1381,1988,RGB,cdcd3230f89313da,1959,1
56875,58,pietro-perugino,7,religious_painting,11,High_Renaissance,1382,1643,RGB,efe8b07682d19196,1960,1
26814,117,hans-holbein-the-younger,6,portrait,17,Northern_Renaissance,1382,1699,RGB,bb9965366664968c,1961,1
45604,0,Unknown Artist,7,religious_painting,8,Early_Renaissance,1842,1382,RGB,a1f3b70cb4c8984f,1962,1
38461,0,Unknown Artist,7,religious_painting,8,Early_Renaissance,1736,1382,RGB,823704c93bebc9dc,1963,1
73252,0,Unknown Artist,10,Unknown Genre,4,Baroque,1626,1382,RGB,cc36c0c1b5e8fe4a,1964,1
29045,126,thomas-gainsborough,6,portrait,22,Rococo,1382,1829,RGB,ee13b88d91d895c3,1965,1
54691,82,paolo-veronese,2,genre_painting,13,Mannerism_Late_Renaissance,1382,1956,RGB,af8b422942f1dac7,1966,1
56207,0,Unknown Artist,7,religious_painting,11,High_Renaissance,1570,1382,RGB,a8d075b547f51742,1967,1
21963,121,el-greco,7,religious_painting,13,Mannerism_Late_Renaissance,1382,1872,RGB,dc13f666299dca21,1968,1
39152,0,Unknown Artist,7,religious_painting,17,Northern_Renaissance,1382,1957,RGB,d7d0b4ce6c3b4126,1969,1
20580,38,fra-angelico,7,religious_painting,8,Early_Renaissance,1382,1645,RGB,bf2166a6e145c2b5,1970,1
47249,0,Unknown Artist,2,genre_painting,22,Rococo,1685,1382,RGB,b2bc9f4fc026d628,1971,1
50094,0,Unknown Artist,7,religious_painting,8,Early_Renaissance,1382,1877,RGB,c71f6961364c4ae3,1972,1
46806,0,Unknown Artist,7,religious_painting,17,Northern_Renaissance,1672,1382,RGB,fba344d1e6c84ccc,1973,1
63041,0,Unknown Artist,6,portrait,22,Rococo,1382,1753,RGB,cc1b23c23ee13acd,1974,1
56659,80,peter-paul-rubens,7,religious_painting,4,Baroque,1382,1469,RGB,c3602c2b9f76b03d,1975,1
19420,83,joshua-reynolds,6,portrait,22,Rococo,1382,1745,RGB,8b2678bdc3ab7015,1976,1
21160,0,Unknown Artist,7,religious_painting,11,High_Renaissance,1382,1645,RGB,949b9eb521c472c7,1977,1
38162,0,Unknown Artist,1,cityscape,13,Mannerism_Late_Renaissance,1976,1382,RGB,f7b299d94e8c848c,1978,1
51369,0,Unknown Artist,2,genre_painting,22,Rococo,1734,1382,RGB,cd367a1cb6495a62,1979,1
29901,0,Unknown Artist,7,religious_painting,8,Early_Renaissance,1382,2056,RGB,9cb3dbcfc4ae1018,1980,1
36971,0,Unknown Artist,6,portrait,22,Rococo,1382,1731,RGB,d99d36622f34664a,1981,1
11222,25,albrecht-durer,7,religious_painting,17,Northern_Renaissance,1382,2245,RGB,ee3b0760b988b743,1982,1
20692,69,raphael,7,religious_painting,11,High_Renaissance,1382,2043,RGB,aee8b4a19346c39b,1983,1
69440,0,Unknown Artist,10,Unknown Genre,22,Rococo,1382,1690,RGB,ebe446825b3de4c1,1984,1
66022,117,hans-holbein-the-younger,6,portrait,17,Northern_Renaissance,1382,2042,RGB,8dda3d36622762cc,1985,1
56886,23,hieronymus-bosch,7,religious_painting,17,Northern_Renaissance,1382,1698,RGB,9eebd411b0850bbe,1986,1
36461,0,Unknown Artist,7,religious_painting,13,Mannerism_Late_Renaissance,1382,2508,RGB,bc1813acda97d8d2,1987,1
54650,0,Unknown Artist,2,genre_painting,4,Baroque,1382,1820,RGB,af8ad861efcc9830,1988,1
53282,0,Unknown Artist,2,genre_painting,22,Rococo,1382,1735,RGB,cc3631ab9e4d4ca3,1989,1
78729,0,Unknown Artist,10,Unknown Genre,4,Baroque,1382,1606,RGB,d03b706928db65ec,1990,1
32227,121,el-greco,6,portrait,13,Mannerism_Late_Renaissance,1381,1963,RGB,de843868c3b3b78c,1991,1
51722,77,titian,6,portrait,11,High_Renaissance,1382,1692,RGB,8e8e79293131ee39,1992,1
75590,0,Unknown Artist,10,Unknown Genre,8,Early_Renaissance,1382,1784,RGB,fa38d0a434ea9f4a,1993,1
56475,69,raphael,7,religious_painting,11,High_Renaissance,1382,1722,RGB,e15b370cc86ec3d2,1994,1
32488,77,titian,7,religious_painting,11,High_Renaissance,1802,1382,RGB,d74b08b06cce93e6,1294,2
27314,0,Unknown Artist,7,religious_painting,4,Baroque,2239,1382,RGB,c1eeb6468c7839c3,1995,1
56687,0,Unknown Artist,7,religious_painting,17,Northern_Renaissance,1382,3228,RGB,8db53a2d637260e3,1996,1
36887,0,Unknown Artist,6,portrait,4,Baroque,1382,1634,RGB,9c727a31666c654e,1997,1
80523,0,Unknown Artist,10,Unknown Genre,8,Early_Renaissance,1382,1744,RGB,e564961a9d996969,1998,1
76553,0,Unknown Artist,10,Unknown Genre,11,High_Renaissance,1382,1659,RGB,988d2e76b1037f70,1999,1
27764,0,Unknown Artist,2,genre_painting,11,High_Renaissance,1721,1382,RGB,da10bc9ec187632f,2000,1
68337,0,Unknown Artist,10,Unknown Genre,22,Rococo,1382,1676,RGB,8c887773becc8c32,2001,1
36556,0,Unknown Artist,7,religious_painting,11,High_Renaissance,1382,2587,RGB,eb6a131d85c239e6,2002,1
19458,0,Unknown Artist,6,portrait,22,Rococo,1382,1910,RGB,d7fbc90ca592211e,2003,1
63339,0,Unknown Artist,6,portrait,4,Baroque,1382,1638,RGB,98cc6c33b3656633,2004,1
18069,25,albrecht-durer,7,religious_painting,17,Northern_Renaissance,1948,1382,RGB,d9c8cb3b08a8f5a6,2005,1
25233,82,paolo-veronese,7,religious_painting,13,Mannerism_Late_Renaissance,2812,1382,RGB,c199fa0af126f22d,2006,1
62965,0,Unknown Artist,6,portrait,22,Rococo,1382,1716,RGB,cd3d234639628ed9,2007,1
63135,0,Unknown Artist,6,portrait,22,Rococo,1382,1750,RGB,ef3ce1d3b0e08788,2008,1
48678,0,Unknown Artist,6,portrait,22,Rococo,1382,1661,RGB,d3732d6c7d306864,2009,1
55731,77,titian,7,religious_painting,11,High_Renaissance,1408,1382,RGB,997c4b323a6721ce,2010,1
56769,0,Unknown Artist,7,religious_painting,17,Northern_Renaissance,1382,2748,RGB,c36e365369066739,2011,1
63560,0,Unknown Artist,6,portrait,22,Rococo,1382,1710,RGB,ee61f493913483cb,2012,1
54974,0,Unknown Artist,2,genre_painting,22,Rococo,1712,1382,RGB,807e7833cdccce4c,2013,1
42894,58,pietro-perugino,7,religious_painting,8,Early_Renaissance,1382,1920,RGB,c4f035d6599d431d,2014,1
29645,83,joshua-reynolds,6,portrait,22,Rococo,1382,1768,RGB,946c3c93671b71e4,2015,1
55936,0,Unknown Artist,7,religious_painting,8,Early_Renaissance,1631,1382,RGB,d0c7317206b59d9b,2016,1
10092,20,rembrandt,2,genre_painting,4,Baroque,1686,1382,RGB,bf3fd012c4f07a84,2017,1
33031,121,el-greco,7,religious_painting,13,Mannerism_Late_Renaissance,1382,1624,RGB,ffa0b581c358fa18,2018,1
18196,25,albrecht-durer,4,landscape,17,Northern_Renaissance,2082,1382,RGB,eacfb6a84c314939,2019,1
56041,0,Unknown Artist,7,religious_painting,8,Early_Renaissance,1986,1382,RGB,cb47383889cdf643,2020,1
49258,0,Unknown Artist,6,portrait,17,Northern_Renaissance,1382,1909,RGB,cec33138cecf2370,2021,1
40287,0,Unknown Artist,6,portrait,22,Rococo,1382,1791,RGB,9c68669371678e71,2022,1
35058,83,joshua-reynolds,6,portrait,22,Rococo,1382,2280,RGB,c68d78f08fe244bc,2023,1
20879,0,Unknown Artist,9,still_life,22,Rococo,1382,2234,RGB,eee099b1e5b4e094,2024,1
19094,0,Unknown Artist,7,religious_painting,11,High_Renaissance,1382,1967,RGB,9a9bc8636cb1f2c4,2025,1
6436,25,albrecht-durer,7,religious_painting,17,Northern_Renaissance,1382,2236,RGB,f41b83c978850fce,2026,1
39551,0,Unknown Artist,6,portrait,8,Early_Renaissance,1382,2159,RGB,fb9b116e843a8339,2027,1
78514,0,Unknown Artist,10,Unknown Genre,13,Mannerism_Late_Renaissance,1382,1791,RGB,bee08356d1936e0e,2028,1
7092,25,albrecht-durer,2,genre_painting,17,Northern_Renaissance,1406,1382,RGB,ee4aa5bd94c049b3,2029,1
28677,80,peter-paul-rubens,6,portrait,4,Baroque,1382,1946,RGB,d8481b2727f2c8f6,2030,1
38990,77,titian,7,religious_painting,11,High_Renaissance,1382,1642,RGB,836f30318e68e3e7,2031,1
56531,0,Unknown Artist,7,religious_painting,22,Rococo,2066,1382,RGB,de28a1e7801dcbcb,2032,1
75647,0,Unknown Artist,10,Unknown Genre,17,Northern_Renaissance,1382,2146,RGB,8ca93374c626b35d,2033,1
33676,24,leonardo-da-vinci,8,sketch_and_study,11,High_Renaissance,1382,1386,RGB,f39c2972d825a669,2034,1
22656,0,Unknown Artist,7,religious_painting,17,Northern_Renaissance,1382,1658,RGB,958ac5e56a756352,2035,1
33624,0,Unknown Artist,7,religious_painting,11,High_Renaissance,1382,2020,RGB,f1bebc51ca21ad41,2036,1
6265,20,rembrandt,7,religious_painting,4,Baroque,1685,1382,RGB,97956a5af863b068,2037,1
20596,0,Unknown Artist,7,religious_painting,4,Baroque,1382,1685,RGB,d8a779f9875a2c80,2038,1
55690,0,Unknown Artist,7,religious_painting,11,High_Renaissance,1733,1382,RGB,c0e1a0e59d6bdca6,2039,1
37791,61,bartolome-esteban-murillo,7,religious_painting,4,Baroque,1382,1968,RGB,8c1ec83d9ccb8fc4,2040,1
51187,0,Unknown Artist,1,cityscape,22,Rococo,1943,1382,RGB,d0f8ad866ad816b6,2041,1
81155,0,Unknown Artist,10,Unknown Genre,17,Northern_Renaissance,1494,1382,RGB,96958c64e2cb9736,2042,1
36703,0,Unknown Artist,6,portrait,22,Rococo,1382,1753,RGB,881b7935e6a63a71,2043,1
30010,121,el-greco,7,religious_painting,13,Mannerism_Late_Renaissance,1382,1898,RGB,916966b45c9279dc,2044,1
8221,20,rembrandt,10,Unknown Genre,4,Baroque,1382,1875,RGB,bfb0964cc80aecf1,2045,1
21959,0,Unknown Artist,2,genre_painting,22,Rococo,1382,1703,RGB,8b6497596e9ab162,2046,1
56320,69,raphael,7,religious_painting,11,High_Renaissance,1382,1962,RGB,c5b1bcc75a4c3199,2047,1
19177,58,pietro-perugino,7,religious_painting,11,High_Renaissance,1581,1382,RGB,9b79e446b50afc0c,2048,1
76036,0,Unknown Artist,10,Unknown Genre,13,Mannerism_Late_Renaissance,1398,1382,RGB,faccad1395e1c44c,2049,1
55449,0,Unknown Artist,2,genre_painting,22,Rococo,1822,1382,RGB,d43a3fe11b03da64,2050,1
47921,0,Unknown Artist,7,religious_painting,17,Northern_Renaissance,1382,2056,RGB,abf0945cdb49c91a,2051,1
31952,0,Unknown Artist,7,religious_painting,11,High_Renaissance,1382,1900,RGB,906ce25f0fc437e1,2052,1
29746,126,thomas-gainsborough,6,portrait,22,Rococo,1382,1699,RGB,b54bb5694a246d1e,2053,1
38021,0,Unknown Artist,2,genre_painting,22,Rococo,1873,1382,RGB,b0ba5ede09a4f4c8,2054,1
21570,67,tintoretto,6,portrait,13,Mannerism_Late_Renaissance,1382,2059,RGB,93b2d24f6e4f4950,2055,1
69238,0,Unknown Artist,10,Unknown Genre,13,Mannerism_Late_Renaissance,1382,1405,RGB,b8ad1640374cc9df,2056,1
67957,0,Unknown Artist,10,Unknown Genre,13,Mannerism_Late_Renaissance,1382,1929,RGB,c51f7619ca125bb2,2057,1
28722,103,hans-memling,7,religious_painting,17,Northern_Renaissance,1382,1897,RGB,c46b3b7a2a94b493,2058,1
47915,0,Unknown Artist,8,sketch_and_study,17,Northern_Renaissance,1382,1987,RGB,fd43d338c51cc507,2059,1
48322,29,lucas-cranach-the-elder,6,portrait,17,Northern_Renaissance,1382,2112,RGB,dcb24897a17962a7,2060,1
56839,0,Unknown Artist,7,religious_painting,11,High_Renaissance,1382,1835,RGB,94325fd01a6f6a2d,2061,1
43611,82,paolo-veronese,6,portrait,13,Mannerism_Late_Renaissance,1382,2374,RGB,9f98c1672563e21e,2062,1
6925,0,Unknown Artist,10,Unknown Genre,17,Northern_Renaissance,1382,1816,RGB,b363cf8c3832c6c5,2063,1
25344,77,titian,6,portrait,11,High_Renaissance,1382,1712,RGB,cc1d7306cc337366,2064,1
18131,25,albrecht-durer,7,religious_painting,17,Northern_Renaissance,1382,2050,RGB,afb4d89169c9b4d0,2065,1
65072,29,lucas-cranach-the-elder,6,portrait,17,Northern_Renaissance,1398,1382,RGB,ee33b03991c687cc,2066,1
42250,121,el-greco,7,religious_painting,13,Mannerism_Late_Renaissance,1382,2111,RGB,e5f276854c3a094f,2067,1
30585,0,Unknown Artist,7,religious_painting,4,Baroque,1382,2066,RGB,c61a38b42f6f2669,2068,1
25063,23,hieronymus-bosch,7,religious_painting,17,Northern_Renaissance,1382,1677,RGB,c14f27def130741a,2069,1
55846,0,Unknown Artist,7,religious_painting,17,Northern_Renaissance,1382,1947,RGB,fff13485414b4d25,2070,1
35551,0,Unknown Artist,7,religious_painting,17,Northern_Renaissance,1382,3692,RGB,a5764c32c5b96b58,2071,1
63780,83,joshua-reynolds,6,portrait,22,Rococo,1382,1454,RGB,c41e7b23d3b19c38,2072,1
36499,61,bartolome-esteban-murillo,8,sketch_and_study,4,Baroque,1382,2075,RGB,ae964b6c3733c981,2073,1
51182,0,Unknown Artist,7,religious_painting,4,Baroque,1382,2093,RGB,bbefaaf0a1e4c090,2074,1
39460,0,Unknown Artist,7,religious_painting,8,Early_Renaissance,1382,1570,RGB,8c93d0ef933c9668,2075,1
81158,0,Unknown Artist,10,Unknown Genre,17,Northern_Renaissance,1382,1838,RGB,863c2541fd5e6aa6,2076,1
43099,117,hans-holbein-the-younger,6,portrait,17,Northern_Renaissance,1382,1809,RGB,94692bf2a11fb64c,2077,1
35148,67,tintoretto,6,portrait,13,Mannerism_Late_Renaissance,1382,1649,RGB,921f68a457d67263,2078,1
32322,0,Unknown Artist,6,portrait,22,Rococo,1382,1765,RGB,942f71036bb4cd4d,2079,1
42368,0,Unknown Artist,7,religious_painting,8,Early_Renaissance,1598,1382,RGB,ebb68472d9c3ce80,2080,1
7823,20,rembrandt,6,portrait,4,Baroque,1382,1484,RGB,ea69b4d28b9c859a,2081,2
39859,24,leonardo-da-vinci,8,sketch_and_study,11,High_Renaissance,1486,1382,RGB,eba5364a949e5836,2082,1
22877,29,lucas-cranach-the-elder,6,portrait,17,Northern_Renaissance,1382,2497,RGB,a49ca23fa35d8ccc,2083,1
30148,24,leonardo-da-vinci,8,sketch_and_study,11,High_Renaissance,1920,1382,RGB,f7e4c0311fcce033,2084,1
8068,20,rembrandt,6,portrait,4,Baroque,1382,1848,RGB,cf9c3860c73266cb,2085,1
19068,0,Unknown Artist,2,genre_painting,4,Baroque,1963,1382,RGB,c9e63591cb641bc9,2086,1
51235,0,Unknown Artist,7,religious_painting,13,Mannerism_Late_Renaissance,1981,1382,RGB,db8ee474888bcc66,2087,1
27759,0,Unknown Artist,7,religious_painting,8,Early_Renaissance,1382,1818,RGB,a66c17939b3149dc,2088,1
61594,0,Unknown Artist,9,still_life,4,Baroque,2675,1382,RGB,d1063f1976e6c989,2089,1
37484,0,Unknown Artist,1,cityscape,22,Rococo,1887,1382,RGB,80805f3bbf5265d9,2090,1
80518,0,Unknown Artist,10,Unknown Genre,8,Early_Renaissance,1618,1382,RGB,90fa8524b39c73ce,2091,1
78452,0,Unknown Artist,10,Unknown Genre,13,Mannerism_Late_Renaissance,1382,1792,RGB,9e8d25316dd36a64,2092,1
27226,58,pietro-perugino,7,religious_painting,8,Early_Renaissance,3026,1382,RGB,e661d11f945e9299,2093,1
63414,69,raphael,6,portrait,11,High_Renaissance,1382,1859,RGB,acac337352d69692,2094,1
56952,0,Unknown Artist,7,religious_painting,8,Early_Renaissance,1382,2279,RGB,c1ce1fa671f06c58,2095,1
51516,82,paolo-veronese,6,portrait,13,Mannerism_Late_Renaissance,1382,1675,RGB,b95981d866a67c66,2096,1
64454,126,thomas-gainsborough,6,portrait,22,Rococo,1382,2135,RGB,c75a39255e73d10a,2097,1
45583,126,thomas-gainsborough,8,sketch_and_study,22,Rococo,1663,1382,RGB,feb5c296c0c98d4c,2098,1
52918,0,Unknown Artist,7,religious_painting,11,High_Renaissance,1382,1887,RGB,e483922c317d66db,2099,1
76952,0,Unknown Artist,10,Unknown Genre,11,High_Renaissance,1382,1683,RGB,cb3827936464db93,2100,1
48320,24,leonardo-da-vinci,8,sketch_and_study,11,High_Renaissance,1382,1768,RGB,9058d1679d1d63f8,2101,1
23264,0,Unknown Artist,7,religious_painting,17,Northern_Renaissance,1382,2055,RGB,bb14446f9153de68,2102,1
17703,20,rembrandt,7,religious_painting,4,Baroque,1382,1746,RGB,af629485c39de8d1,2103,1
23928,87,michelangelo,8,sketch_and_study,11,High_Renaissance,1382,2124,RGB,b15acce6938c8a5b,2104,1
55730,87,michelangelo,7,religious_painting,11,High_Renaissance,1382,1636,RGB,b2a58d5e48d987c9,2105,1
44720,0,Unknown Artist,4,landscape,17,Northern_Renaissance,1713,1382,RGB,fea1efc8242a0a97,2106,1
32134,0,Unknown Artist,9,still_life,4,Baroque,1382,1681,RGB,8c73338c4f709bc5,2107,1
25309,0,Unknown Artist,7,religious_painting,8,Early_Renaissance,1382,2065,RGB,de856d5bb224c6b0,2108,1
31497,0,Unknown Artist,7,religious_painting,17,Northern_Renaissance,1382,1878,RGB,9ae57113670e66d8,2109,1
49672,0,Unknown Artist,8,sketch_and_study,22,Rococo,1382,2104,RGB,ca76bfe8b2c1c803,2110,1
39875,0,Unknown Artist,6,portrait,13,Mannerism_Late_Renaissance,1382,1884,RGB,ec18b299cecd95a4,2111,1
55896,0,Unknown Artist,7,religious_painting,11,High_Renaissance,1382,1960,RGB,e3851ed4297b498d,2112,1
42414,0,Unknown Artist,2,genre_painting,4,Baroque,1750,1382,RGB,94fecc729a70135c,2113,1
50411,0,Unknown Artist,3,illustration,22,Rococo,1382,2511,RGB,8f0d6172fa5196a6,2114,1
19598,24,leonardo-da-vinci,8,sketch_and_study,11,High_Renaissance,1423,1382,RGB,db4b6375b48c0c4b,2115,1
9285,25,albrecht-durer,6,portrait,17,Northern_Renaissance,1382,3064,RGB,dc2916bfe7223149,2116,1
51425,58,pietro-perugino,7,religious_painting,8,Early_Renaissance,1382,1876,RGB,cb15446c964f9f1a,2117,2
21688,126,thomas-gainsborough,2,genre_painting,22,Rococo,1382,1720,RGB,85b9d8e2af2d90d2,2118,1
56510,0,Unknown Artist,7,religious_painting,13,Mannerism_Late_Renaissance,1382,1614,RGB,b4770b10f729c43d,2119,1
8981,25,albrecht-durer,2,genre_painting,17,Northern_Renaissance,1382,1947,RGB,a606985e56f26dc9,2120,1
76395,0,Unknown Artist,10,Unknown Genre,13,Mannerism_Late_Renaissance,1382,1799,RGB,bcccc731e09b9ec0,2121,1
56503,0,Unknown Artist,7,religious_painting,11,High_Renaissance,1382,1540,RGB,aad5ca742e133b19,2122,1
43505,0,Unknown Artist,7,religious_painting,11,High_Renaissance,1488,1382,RGB,ab7e64f591c47092,2123,1
914,0,Unknown Artist,10,Unknown Genre,17,Northern_Renaissance,1382,1937,RGB,eb3a95e0d2859b0d,2124,1
8732,20,rembrandt,4,landscape,4,Baroque,1790,1382,RGB,ea859536e31d9c62,2125,1
69186,0,Unknown Artist,10,Unknown Genre,11,High_Renaissance,4021,1382,RGB,83b93d181c467e1f,2126,1
63526,0,Unknown Artist,6,portrait,22,Rococo,1382,2261,RGB,99e3645c69bd461a,2127,1
6510,0,Unknown Artist,10,Unknown Genre,17,Northern_Renaissance,1382,1971,RGB,84bedb80993907db,2128,1
48041,0,Unknown Artist,7,religious_painting,17,Northern_Renaissance,1382,1738,RGB,9f70c91e839c6867,2129,1
47065,23,hieronymus-bosch,8,sketch_and_study,17,Northern_Renaissance,1382,1969,RGB,e40f1b2c6c883bdd,2130,1
51094,0,Unknown Artist,2,genre_painting,8,Early_Renaissance,1382,2412,RGB,afc2d83a6143ef0c,2131,1
65327,83,joshua-reynolds,6,portrait,22,Rococo,1382,2168,RGB,adda43a4d6533d88,2132,1
56795,0,Unknown Artist,7,religious_painting,13,Mannerism_Late_Renaissance,2683,1382,RGB,d08ddf227d41962b,2133,1
79354,0,Unknown Artist,10,Unknown Genre,11,High_Renaissance,1382,1901,RGB,bf3f68a0d4c2c5c8,2134,1
68531,0,Unknown Artist,10,Unknown Genre,22,Rococo,1910,1382,RGB,90836d1c1fafcea8,2135,1
56741,0,Unknown Artist,7,religious_painting,8,Early_Renaissance,1382,1914,RGB,db02551c806b9e7f,2136,1
73790,0,Unknown Artist,10,Unknown Genre,22,Rococo,1708,1381,RGB,893832d5da61b5da,2137,1
64829,0,Unknown Artist,6,portrait,17,Northern_Renaissance,1387,1382,RGB,cd38e632936135c7,2138,1
33132,83,joshua-reynolds,6,portrait,22,Rococo,1382,1715,RGB,9cea679339259cc8,2139,1
55626,0,Unknown Artist,7,religious_painting,4,Baroque,1799,1382,RGB,eb0c54f7b3b38b00,2140,1
48904,0,Unknown Artist,7,religious_painting,8,Early_Renaissance,1382,1744,RGB,97e4483362d8a7da,2141,1
23201,0,Unknown Artist,7,religious_painting,8,Early_Renaissance,1582,1382,RGB,daf4a18f25633d48,2142,1
65277,126,thomas-gainsborough,6,portrait,22,Rococo,1382,2124,RGB,92ac6772d3119dac,2143,1
44368,58,pietro-perugino,7,religious_painting,11,High_Renaissance,1382,1773,RGB,98ac6f52726a9365,2144,1
25946,125,jacob-jordaens,2,genre_painting,4,Baroque,1894,1382,RGB,936d74a2d2e63c1c,2145,1
21652,77,titian,7,religious_painting,13,Mannerism_Late_Renaissance,1382,1796,RGB,c3263e4fb0b14b4e,224,2
31887,0,Unknown Artist,7,religious_painting,11,High_Renaissance,1382,1896,RGB,f16c0f78f01fa470,2146,1
56803,77,titian,7,religious_painting,13,Mannerism_Late_Renaissance,1382,2432,RGB,909f1f694762b463,2147,1
50169,121,el-greco,7,religious_painting,13,Mannerism_Late_Renaissance,1758,1382,RGB,eef3178e60854936,2148,1
34217,67,tintoretto,6,portrait,13,Mannerism_Late_Renaissance,1382,2084,RGB,8c9ddc4c23662773,2149,1
30497,0,Unknown Artist,4,landscape,4,Baroque,1847,1382,RGB,d2d06e4d0f872c9b,2150,1
54295,0,Unknown Artist,2,genre_painting,22,Rococo,1382,1716,RGB,e38e1e385a63d21b,2151,1
78661,0,Unknown Artist,10,Unknown Genre,4,Baroque,1382,1869,RGB,ea4b95959468937a,2152,1
42953,0,Unknown Artist,7,religious_painting,8,Early_Renaissance,1382,1382,RGB,eb9cb9e0b4b1e206,2153,1
70158,0,Unknown Artist,10,Unknown Genre,4,Baroque,1974,1382,RGB,d39c6c56c889671e,2154,1
38644,0,Unknown Artist,7,religious_painting,8,Early_Renaissance,1415,1382,RGB,c4c612b82f635be9,2155,1
65645,0,Unknown Artist,6,portrait,22,Rococo,1382,1719,RGB,cd891f7067317662,2156,1
23716,77,titian,7,religious_painting,11,High_Renaissance,1985,1382,RGB,bd68da724415d91d,2157,1
21881,0,Unknown Artist,7,religious_painting,8,Early_Renaissance,1382,1766,RGB,9162d527353e99c5,2158,1
42811,116,frans-hals,6,portrait,4,Baroque,1382,1905,RGB,9a0d6823a7966bf2,2159,1
70590,0,Unknown Artist,10,Unknown Genre,11,High_Renaissance,1382,1790,RGB,f699b5cca9630346,2160,1
57109,0,Unknown Artist,7,religious_painting,8,Early_Renaissance,1382,2924,RGB,c9ce1045663a93fb,2161,1
2434,20,rembrandt,8,sketch_and_study,4,Baroque,1382,1572,RGB,bb3895c2cacd8cc6,2162,1
30380,0,Unknown Artist,7,religious_painting,13,Mannerism_Late_Renaissance,1382,1752,RGB,c98d3464553f664e,2163,1
70257,0,Unknown Artist,10,Unknown Genre,22,Rococo,1382,1756,RGB,8f48302573dfe19c,2164,1
76273,0,Unknown Artist,10,Unknown Genre,22,Rococo,2910,1382,RGB,9a3865cf796726c0,2165,1
75082,0,Unknown Artist,10,Unknown Genre,4,Baroque,1382,2219,RGB,9b6e65d84c90d2ab,2166,1
71874,0,Unknown Artist,10,Unknown Genre,17,Northern_Renaissance,1998,1382,RGB,bb9cb4cfc892c063,2167,1
63482,0,Unknown Artist,6,portrait,22,Rococo,1382,1824,RGB,9d666a851ad9876c,2168,1
44531,0,Unknown Artist,7,religious_painting,8,Early_Renaissance,1382,1736,RGB,83a4f8dbad58ac98,2169,1
25450,0,Unknown Artist,2,genre_painting,22,Rococo,1382,1769,RGB,d2dfe66ea900e630,2170,1
25496,0,Unknown Artist,7,religious_painting,8,Early_Renaissance,2529,1382,RGB,8e9b4e49799482e7,2171,1
49370,121,el-greco,7,religious_painting,13,Mannerism_Late_Renaissance,1382,1815,RGB,dfa332d672c56a10,2172,1
48950,0,Unknown Artist,2,genre_painting,22,Rococo,1442,1382,RGB,91d67e0935a1f42d,2173,1
30943,0,Unknown Artist,6,portrait,22,Rococo,1382,1948,RGB,c6cf3239393839c6,2174,1
34024,121,el-greco,6,portrait,13,Mannerism_Late_Renaissance,1382,1981,RGB,870c7a72653b966c,2175,1
10920,25,albrecht-durer,7,religious_painting,17,Northern_Renaissance,1382,1787,RGB,ede8e317a312a24b,2176,1
32196,61,bartolome-esteban-murillo,7,religious_painting,4,Baroque,1382,1708,RGB,93b39e60684f70a7,2177,1
56995,0,Unknown Artist,7,religious_painting,8,Early_Renaissance,1382,1799,RGB,c73a692f1cc3e2e0,2178,1
63196,0,Unknown Artist,6,portrait,17,Northern_Renaissance,1382,1896,RGB,85957e1ae0699ba3,2179,1
56940,38,fra-angelico,7,religious_painting,8,Early_Renaissance,1382,1908,RGB,faaebd96c125c260,2180,1
9582,0,Unknown Artist,10,Unknown Genre,17,Northern_Renaissance,2770,1382,RGB,9efda7a2c0919295,2181,1
64911,103,hans-memling,6,portrait,17,Northern_Renaissance,1382,1705,RGB,90a1264bce4f5dd9,2182,1
52854,87,michelangelo,7,religious_painting,11,High_Renaissance,2405,1382,RGB,92c8277e7929bc61,2183,1
34487,0,Unknown Artist,7,religious_painting,8,Early_Renaissance,1382,1542,RGB,ade412995b9f198c,2184,1
45769,0,Unknown Artist,2,genre_painting,4,Baroque,1382,1608,RGB,83c3653092cd6d3f,2185,1
30787,0,Unknown Artist,6,portrait,22,Rococo,1382,1779,RGB,8c8c6d3333393ce3,2186,1
32808,0,Unknown Artist,5,nude_painting,13,Mannerism_Late_Renaissance,1382,2467,RGB,b4bb1f9c06265ad8,2187,1
43315,87,michelangelo,6,portrait,11,High_Renaissance,1382,1777,RGB,e46d33c296c65969,2188,1
56015,0,Unknown Artist,7,religious_painting,11,High_Renaissance,1382,2109,RGB,b8f8d703ad7e0c09,2189,1
56603,61,bartolome-esteban-murillo,7,religious_painting,4,Baroque,1414,1382,RGB,964c69b3c93836cd,2190,1
45817,0,Unknown Artist,9,still_life,4,Baroque,1382,1527,RGB,99f7648a72996964,2191,1
36961,0,Unknown Artist,7,religious_painting,11,High_Renaissance,2824,1382,RGB,992d1f736cc8255a,2192,1
32485,0,Unknown Artist,7,religious_painting,13,Mannerism_Late_Renaissance,1382,1582,RGB,f2cbce481df418a6,2193,1
62269,128,canaletto,8,sketch_and_study,4,Baroque,1925,1382,RGB,c0b1126d975a6d1f,2194,1
49195,58,pietro-perugino,7,religious_painting,8,Early_Renaissance,1382,1436,RGB,fa89b172c626d2b4,2195,1
23665,24,leonardo-da-vinci,6,portrait,11,High_Renaissance,1382,1946,RGB,aa9fe5e89c439047,2196,1
46689,0,Unknown Artist,7,religious_painting,17,Northern_Renaissance,1382,1735,RGB,d89e9669c6c2b4c9,2197,1
28524,0,Unknown Artist,6,portrait,22,Rococo,1382,1747,RGB,9c69679221dcb999,2198,1
44581,87,michelangelo,8,sketch_and_study,11,High_Renaissance,1382,1382,RGB,ef3c929029cbd991,2199,1
44441,0,Unknown Artist,6,portrait,22,Rococo,1382,1741,RGB,cd116f4e327e6c44,2200,1
27058,0,Unknown Artist,7,religious_painting,8,Early_Renaissance,1382,1518,RGB,99b1b3438c3de998,2201,1
30076,69,raphael,7,religious_painting,11,High_Renaissance,1382,1782,RGB,e08eebf0147f1513,2202,1
43296,82,paolo-veronese,7,religious_painting,13,Mannerism_Late_Renaissance,2086,1382,RGB,d1d3103e7b96ca64,2203,1
34969,29,lucas-cranach-the-elder,6,portrait,17,Northern_Renaissance,1382,2325,RGB,c91df806e607e31b,2204,1
51286,0,Unknown Artist,7,religious_painting,8,Early_Renaissance,1382,2797,RGB,bee10a3e61dac4c5,2205,1
56602,69,raphael,7,religious_painting,11,High_Renaissance,1923,1382,RGB,d44e5898946b9cf6,2206,1
72559,0,Unknown Artist,10,Unknown Genre,4,Baroque,1381,1993,RGB,925d2e23d1f66938,2207,1
69871,0,Unknown Artist,10,Unknown Genre,13,Mannerism_Late_Renaissance,1382,3199,RGB,88576cc9b7384739,2208,1
323,25,albrecht-durer,7,religious_painting,17,Northern_Renaissance,1922,1382,RGB,d322ace51a36a5d9,2209,1
44469,24,leonardo-da-vinci,7,religious_painting,8,Early_Renaissance,1382,2174,RGB,baeefbb084d1e084,2210,1
29359,38,fra-angelico,7,religious_painting,8,Early_Renaissance,1382,1948,RGB,aaa3959acacdc5c4,2211,1
64039,0,Unknown Artist,6,portrait,22,Rococo,1382,1779,RGB,c80e77d1277f1861,2212,1
36093,77,titian,7,religious_painting,11,High_Renaissance,1382,1857,RGB,cc0d3ef2233b33c1,2213,1
27974,87,michelangelo,8,sketch_and_study,11,High_Renaissance,1382,2001,RGB,eab585d2926991e6,2214,1
35431,29,lucas-cranach-the-elder,7,religious_painting,17,Northern_Renaissance,1382,1919,RGB,8d4a365263a67a3d,2215,1
25227,0,Unknown Artist,7,religious_painting,8,Early_Renaissance,1382,1976,RGB,92275b474d994d96,2216,1
51421,0,Unknown Artist,6,portrait,22,Rococo,1382,1701,RGB,d89933662e22fe0e,2217,1
56923,0,Unknown Artist,7,religious_painting,8,Early_Renaissance,1382,1839,RGB,fba143922c9c66e5,2218,1
46854,114,anthony-van-dyck,6,portrait,4,Baroque,1382,2418,RGB,98ac2516d84ff339,2219,1
32975,0,Unknown Artist,7,religious_painting,17,Northern_Renaissance,1382,2001,RGB,eaaab6cba18da944,2220,1
56130,67,tintoretto,7,religious_painting,13,Mannerism_Late_Renaissance,1796,1382,RGB,98ede5d4cae08b07,2221,1
73804,0,Unknown Artist,10,Unknown Genre,22,Rococo,1382,1728,RGB,d0cf6136323c33b9,2222,1
34379,0,Unknown Artist,7,religious_painting,8,Early_Renaissance,1382,1706,RGB,d80b8674c5359d1f,2223,1
22663,67,tintoretto,7,religious_painting,13,Mannerism_Late_Renaissance,1382,2288,RGB,e2a2795f4492dba4,2224,1
22404,38,fra-angelico,7,religious_painting,8,Early_Renaissance,1382,1920,RGB,92c145561d59de6b,2225,1
74079,0,Unknown Artist,10,Unknown Genre,17,Northern_Renaissance,1382,1995,RGB,99ccfc919f027562,2226,1
56329,0,Unknown Artist,7,religious_painting,8,Early_Renaissance,1382,2724,RGB,9e4e651097419f1f,2227,1
51721,61,bartolome-esteban-murillo,7,religious_painting,4,Baroque,1382,1990,RGB,f8e487030f3cb978,2228,1
48565,0,Unknown Artist,9,still_life,22,Rococo,1382,1737,RGB,c79b30b60ecc1b8b,2229,1
67866,0,Unknown Artist,10,Unknown Genre,22,Rococo,1920,1382,RGB,8bf0b4869a25ea75,2230,1
23161,121,el-greco,7,religious_painting,13,Mannerism_Late_Renaissance,1382,1799,RGB,c89d33a244663ef3,2231,1
30636,125,jacob-jordaens,6,portrait,4,Baroque,1382,1826,RGB,ef8e02393276c5c3,2232,1
47350,0,Unknown Artist,7,religious_painting,11,High_Renaissance,1382,1603,RGB,c25586422f2ecdbd,2233,1
18018,0,Unknown Artist,10,Unknown Genre,17,Northern_Renaissance,1382,1637,RGB,91b596937b9314e8,2234,1
50396,0,Unknown Artist,7,religious_painting,8,Early_Renaissance,1382,1382,RGB,8e6d0db2b7c189e1,2235,1
28231,0,Unknown Artist,8,sketch_and_study,22,Rococo,2086,1382,RGB,dfc9276c722e9023,2236,1
17716,20,rembrandt,6,portrait,4,Baroque,1382,1778,RGB,8ecc3c716997c332,2237,1
41661,77,titian,6,portrait,11,High_Renaissance,1382,1794,RGB,a98d89946f6b3661,2238,1
55655,0,Unknown Artist,7,religious_painting,8,Early_Renaissance,1382,2335,RGB,ebe4a4b193c68693,2239,1
79383,0,Unknown Artist,10,Unknown Genre,11,High_Renaissance,1382,1559,RGB,e772631c388c3ae3,2240,1
46330,0,Unknown Artist,2,genre_painting,4,Baroque,1967,1382,RGB,dad1d2cecc2e8631,2241,1
55855,67,tintoretto,7,religious_painting,13,Mannerism_Late_Renaissance,1805,1382,RGB,d5d5161866e4dce4,2242,1
45963,0,Unknown Artist,7,religious_painting,8,Early_Renaissance,2594,1382,RGB,b3722896c76d4ae1,2243,1
78699,0,Unknown Artist,10,Unknown Genre,4,Baroque,1834,1382,RGB,cdaa4d0f50b58adc,2244,1
52661,69,raphael,7,religious_painting,11,High_Renaissance,1382,1411,RGB,c183a2c1ef307b6e,2245,2
57077,67,tintoretto,7,religious_painting,13,Mannerism_Late_Renaissance,1382,2823,RGB,98f26934c3d9e49a,2246,1
22285,0,Unknown Artist,6,portrait,17,Northern_Renaissance,1382,1957,RGB,884e73275a8fec0d,2247,1
76230,0,Unknown Artist,10,Unknown Genre,13,Mannerism_Late_Renaissance,1471,1382,RGB,c8c64e19604f27bf,2248,1
72268,0,Unknown Artist,10,Unknown Genre,17,Northern_Renaissance,1382,2141,RGB,fe6680b457c44a9e,2249,1
26778,0,Unknown Artist,7,religious_painting,8,Early_Renaissance,1382,5185,RGB,bea8f8b7ca2484b4,2250,1
39993,0,Unknown Artist,6,portrait,13,Mannerism_Late_Renaissance,1382,1763,RGB,8d857230b87372bd,2251,1
41093,58,pietro-perugino,7,religious_painting,11,High_Renaissance,1382,1657,RGB,bef0e92596529592,2252,1
56091,67,tintoretto,7,religious_painting,13,Mannerism_Late_Renaissance,1382,3480,RGB,fbc5ac3ae038b0f0,2253,1
80021,0,Unknown Artist,10,Unknown Genre,22,Rococo,1751,1382,RGB,8c3fea4afb0195b0,2254,1
3203,25,albrecht-durer,7,religious_painting,17,Northern_Renaissance,1382,1875,RGB,fb1a84668698b597,2255,1
42084,0,Unknown Artist,6,portrait,13,Mannerism_Late_Renaissance,1382,1946,RGB,dc09306623d3bbba,2256,1
68001,0,Unknown Artist,10,Unknown Genre,4,Baroque,2144,1382,RGB,91fad087346a6a9d,2257,1
56904,0,Unknown Artist,7,religious_painting,4,Baroque,1570,1382,RGB,ab89e95de146c5e0,2258,1
53748,0,Unknown Artist,2,genre_painting,22,Rococo,1671,1382,RGB,b6ea6b80b567522c,2259,1
65782,0,Unknown Artist,6,portrait,13,Mannerism_Late_Renaissance,1382,2477,RGB,e88dd670a3362e33,2260,1
40560,0,Unknown Artist,6,portrait,8,Early_Renaissance,1382,2165,RGB,be7071ce6093d2c6,2261,1
29617,0,Unknown Artist,7,religious_painting,8,Early_Renaissance,1382,1667,RGB,ac83c3c09d78b27b,2262,1
60504,0,Unknown Artist,4,landscape,17,Northern_Renaissance,1808,1382,RGB,da9ce74aa91eb031,2263,1
72262,0,Unknown Artist,10,Unknown Genre,22,Rococo,2079,1382,RGB,9aaa257596e93d0a,2264,1
55988,0,Unknown Artist,7,religious_painting,11,High_Renaissance,1995,1382,RGB,b1cd041a5b6d3637,2265,1
71825,0,Unknown Artist,10,Unknown Genre,13,Mannerism_Late_Renaissance,1767,1382,RGB,94cf8fa0961e92dc,2266,1
41103,0,Unknown Artist,6,portrait,22,Rococo,1382,2105,RGB,d9332e0ee4811b5f,2267,1
55624,0,Unknown Artist,7,religious_painting,8,Early_Renaissance,1382,1831,RGB,bbeaf0b185c5c984,2268,1
26938,0,Unknown Artist,8,sketch_and_study,8,Early_Renaissance,1381,1983,RGB,b28e45a935e4c771,2269,1
56913,77,titian,7,religious_painting,11,High_Renaissance,1397,1382,RGB,d0d0438f2f3fec60,2270,1
56522,0,Unknown Artist,7,religious_painting,13,Mannerism_Late_Renaissance,1382,1842,RGB,95336bc65e8c1879,2271,1
34272,0,Unknown Artist,7,religious_painting,11,High_Renaissance,1382,1796,RGB,a45ba895ca2d79b4,2272,1
11990,20,rembrandt,4,landscape,4,Baroque,2115,1382,RGB,abd8d0064e3b3cf8,2273,1
43517,0,Unknown Artist,7,religious_painting,8,Early_Renaissance,1679,1382,RGB,9096561f393df930,2274,1
66179,0,Unknown Artist,6,portrait,13,Mannerism_Late_Renaissance,1382,2125,RGB,8f09735a6ce28d96,2275,1
40802,0,Unknown Artist,7,religious_painting,17,Northern_Renaissance,1382,1609,RGB,f8879fe063700769,2276,1
6696,25,albrecht-durer,7,religious_painting,17,Northern_Renaissance,1382,2126,RGB,c00f3f7021b3f387,2277,1
61397,116,frans-hals,9,still_life,4,Baroque,1382,1812,RGB,db102cee309a65db,2278,1
22519,0,Unknown Artist,7,religious_painting,8,Early_Renaissance,1382,2273,RGB,949b6ef3688b8156,2279,1
78511,0,Unknown Artist,10,Unknown Genre,13,Mannerism_Late_Renaissance,1382,2565,RGB,a3524a6dbcb07559,2280,1
51554,77,titian,7,religious_painting,11,High_Renaissance,1382,1762,RGB,c5b6c7686b3c1c15,2281,1
79388,0,Unknown Artist,10,Unknown Genre,11,High_Renaissance,1382,1899,RGB,eec19153d26c9633,2282,1
56300,67,tintoretto,7,religious_painting,13,Mannerism_Late_Renaissance,1786,1382,RGB,9fb2b9a986163c70,2283,1
20137,0,Unknown Artist,6,portrait,22,Rococo,1382,1660,RGB,b559f8e46cb042b6,2284,1
57033,29,lucas-cranach-the-elder,7,religious_painting,17,Northern_Renaissance,2022,1382,RGB,8779249a69cd3b83,2285,1
19882,116,frans-hals,6,portrait,4,Baroque,1979,1382,RGB,94332f7fc4c27c48,2286,1
42497,77,titian,7,religious_painting,13,Mannerism_Late_Renaissance,1382,2031,RGB,de8999b6027be621,2287,1
43172,87,michelangelo,8,sketch_and_study,11,High_Renaissance,1382,1425,RGB,e9c4963b6598867a,2288,1
76556,0,Unknown Artist,10,Unknown Genre,4,Baroque,1982,1382,RGB,d1972cd802ae65dd,2289,1
44321,0,Unknown Artist,2,genre_painting,4,Baroque,1774,1382,RGB,c534623fc8e33ce1,2290,1
40342,0,Unknown Artist,7,religious_painting,17,Northern_Renaissance,1382,1647,RGB,e79c1803c2972f4f,2291,1
55053,0,Unknown Artist,2,genre_painting,4,Baroque,1382,1535,RGB,c33d3cc3c3271ee0,2292,1
64789,77,titian,6,portrait,11,High_Renaissance,1382,1665,RGB,8867b7384807ce7b,2293,1
3942,20,rembrandt,7,religious_painting,4,Baroque,1382,1725,RGB,c93ee3b1376294c1,2294,1
69796,0,Unknown Artist,10,Unknown Genre,22,Rococo,2098,1382,RGB,8999bae0e0b1b5ce,2295,1
78482,0,Unknown Artist,10,Unknown Genre,13,Mannerism_Late_Renaissance,1382,1728,RGB,a3b4f163f0386b64,2296,1
51010,69,raphael,6,portrait,11,High_Renaissance,1382,1884,RGB,cc9d3b62628e9cc9,2297,1
70215,0,Unknown Artist,10,Unknown Genre,11,High_Renaissance,1382,1843,RGB,cfcd3420ca5333b9,2298,1
69722,0,Unknown Artist,10,Unknown Genre,22,Rococo,2071,1382,RGB,c8c693f13ed02799,2299,1
55794,0,Unknown Artist,7,religious_painting,22,Rococo,1381,1666,RGB,cac0373351f62667,2300,1
32814,0,Unknown Artist,7,religious_painting,13,Mannerism_Late_Renaissance,1382,1801,RGB,c70e7e3770c53a60,2301,1
25851,0,Unknown Artist,7,religious_painting,8,Early_Renaissance,1641,1382,RGB,bea4c1868f999c4d,2302,1
80042,0,Unknown Artist,10,Unknown Genre,22,Rococo,1382,1567,RGB,daa769e22499654e,2303,1
17688,20,rembrandt,8,sketch_and_study,4,Baroque,1382,1772,RGB,e3b39cc84934c772,2304,1
37853,0,Unknown Artist,8,sketch_and_study,22,Rococo,1382,2017,RGB,cbd22c3f326427c9,2305,1
53063,0,Unknown Artist,7,religious_painting,11,High_Renaissance,2216,1382,RGB,d6f9c72c69498986,2306,1
32165,87,michelangelo,7,religious_painting,11,High_Renaissance,2062,1382,RGB,c98fca2d7938234e,2307,1
41490,0,Unknown Artist,6,portrait,11,High_Renaissance,1382,1821,RGB,caa4649b3371999b,2308,1
21058,0,Unknown Artist,7,religious_painting,8,Early_Renaissance,2034,1382,RGB,ecb3b3c4b528394c,2309,1
55601,0,Unknown Artist,7,religious_painting,4,Baroque,1382,1771,RGB,d0df35682d70332b,2310,1
10581,25,albrecht-durer,8,sketch_and_study,17,Northern_Renaissance,2146,1382,RGB,ee6b953d52261649,2311,1
30572,0,Unknown Artist,7,religious_painting,13,Mannerism_Late_Renaissance,1382,1658,RGB,c34e0d4c4d6956f5,2312,1
42421,0,Unknown Artist,7,religious_painting,11,High_Renaissance,1382,1842,RGB,cd3c1a83711a376d,2313,1
80100,0,Unknown Artist,10,Unknown Genre,22,Rococo,1827,1382,RGB,8b66f1cb64599265,2314,1
56413,0,Unknown Artist,7,religious_painting,11,High_Renaissance,1382,1749,RGB,b0ff4b1336ac0b16,2315,1
57028,0,Unknown Artist,7,religious_painting,8,Early_Renaissance,1382,2037,RGB,eb1e90304d6e93cd,2316,1
31568,38,fra-angelico,7,religious_painting,8,Early_Renaissance,1382,2651,RGB,d00e4f1b3e6c6935,2317,1
65592,0,Unknown Artist,6,portrait,22,Rococo,1382,1741,RGB,dc8d2af8614b3f21,2318,1
66053,0,Unknown Artist,6,portrait,8,Early_Renaissance,1382,1673,RGB,efc5905a87c6c43c,2319,1
80107,0,Unknown Artist,10,Unknown Genre,22,Rococo,1638,1382,RGB,8f4d73a8d9322cc5,2320,1
9202,25,albrecht-durer,4,landscape,17,Northern_Renaissance,1382,1756,RGB,f4a1d29319c9875d,2321,2
20987,0,Unknown Artist,6,portrait,17,Northern_Renaissance,1824,1382,RGB,c5378654d93cb4b4,2322,1
70328,0,Unknown Artist,10,Unknown Genre,13,Mannerism_Late_Renaissance,2000,1382,RGB,f2d28ce4fe619909,2323,1
63803,0,Unknown Artist,6,portrait,11,High_Renaissance,1382,1610,RGB,c5dce2a339c0aadc,2324,1
26484,29,lucas-cranach-the-elder,2,genre_painting,17,Northern_Renaissance,1382,1903,RGB,83e2682d8f6d789a,2325,1
48254,0,Unknown Artist,7,religious_painting,11,High_Renaissance,1382,1710,RGB,9494939f9cca6a6a,2326,1
56832,61,bartolome-esteban-murillo,7,religious_painting,4,Baroque,1382,1648,RGB,8e253cde41b92b63,2327,1
27948,0,Unknown Artist,7,religious_painting,11,High_Renaissance,1808,1382,RGB,957666ad1aca7941,2328,1
32530,128,canaletto,1,cityscape,22,Rococo,1520,1382,RGB,90bc3b6f1c813f43,2329,1
32406,0,Unknown Artist,6,portrait,22,Rococo,1382,1648,RGB,cc1c633b33643a73,2330,1
36726,0,Unknown Artist,7,religious_painting,8,Early_Renaissance,3084,1382,RGB,8f4b46ee68783313,2331,1
53199,0,Unknown Artist,2,genre_painting,8,Early_Renaissance,1382,1648,RGB,9d83a27c0b0eacb7,2332,1
27774,0,Unknown Artist,6,portrait,22,Rococo,1382,1720,RGB,9993666c4d7326cc,2333,1
44826,0,Unknown Artist,9,still_life,22,Rococo,1807,1381,RGB,eef0b1ce9067c238,2334,1
56087,23,hieronymus-bosch,7,religious_painting,17,Northern_Renaissance,1382,1694,RGB,9d570cc6ba24b197,2335,1
72582,0,Unknown Artist,10,Unknown Genre,22,Rococo,1725,1382,RGB,ae09f14ed03b9527,2336,1
22690,0,Unknown Artist,1,cityscape,22,Rococo,2418,1382,RGB,83a35c642b9c6bc7,2337,1
56173,0,Unknown Artist,7,religious_painting,8,Early_Renaissance,1381,1623,RGB,bdc6ca71a39d05c4,2338,1
65634,114,anthony-van-dyck,6,portrait,4,Baroque,1715,1382,RGB,b4424bbd681eb2e5,2339,1
78531,0,Unknown Artist,10,Unknown Genre,13,Mannerism_Late_Renaissance,1382,1818,RGB,9e9f76b0f3634014,2340,1
79356,0,Unknown Artist,10,Unknown Genre,11,High_Renaissance,1382,1853,RGB,ac5775878bb0634a,2341,1
37234,0,Unknown Artist,2,genre_painting,4,Baroque,1382,1638,RGB,8878c73ed2c539c5,2342,1
19375,82,paolo-veronese,7,religious_painting,13,Mannerism_Late_Renaissance,2138,1382,RGB,e8de5b608cc35ba8,2343,1
3856,20,rembrandt,4,landscape,4,Baroque,3248,1382,RGB,f28d4b328649bf64,2344,1
55966,0,Unknown Artist,7,religious_painting,4,Baroque,1382,1701,RGB,ca72584f393c479c,2345,1
57154,0,Unknown Artist,7,religious_painting,4,Baroque,2197,1382,RGB,db76696990a8c96a,2346,1
43422,87,michelangelo,8,sketch_and_study,11,High_Renaissance,1382,2027,RGB,e2e687d518ca369a,2347,1
38590,0,Unknown Artist,2,genre_painting,22,Rococo,1382,1746,RGB,c13f3ec631c96896,2348,1
66298,0,Unknown Artist,6,portrait,11,High_Renaissance,1382,1902,RGB,ccd973730c2c3633,2349,1
76163,0,Unknown Artist,10,Unknown Genre,4,Baroque,1935,1382,RGB,f50d0f4b4c6ac2da,2350,1
51423,0,Unknown Artist,2,genre_painting,22,Rococo,1700,1382,RGB,849b6fd52a98a56a,2351,1
28346,0,Unknown Artist,7,religious_painting,17,Northern_Renaissance,1617,1382,RGB,8e84a359696777b0,2352,1
33922,114,anthony-van-dyck,7,religious_painting,4,Baroque,1382,1717,RGB,85c63b706b82c5db,2353,1
35096,0,Unknown Artist,9,still_life,4,Baroque,2064,1382,RGB,d69929ed70c0df12,2354,1
58809,0,Unknown Artist,4,landscape,22,Rococo,1705,1382,RGB,d3ec0633754d12b3,2355,1
19437,87,michelangelo,7,religious_painting,11,High_Renaissance,1382,1720,RGB,ebc216e909531c7e,2356,1
20368,0,Unknown Artist,7,religious_painting,11,High_Renaissance,1382,1595,RGB,f02f5e1880f9cf1c,2357,1
24553,82,paolo-veronese,6,portrait,13,Mannerism_Late_Renaissance,1382,2511,RGB,aab384a6938bd1d3,2358,1
42877,0,Unknown Artist,6,portrait,8,Early_Renaissance,1382,2458,RGB,9f3a654c39216f46,2359,1
74223,0,Unknown Artist,10,Unknown Genre,4,Baroque,1812,1382,RGB,97ed38f4730025d9,2360,1
80091,0,Unknown Artist,10,Unknown Genre,22,Rococo,1870,1382,RGB,cd397281671ec9c9,2361,1
80031,0,Unknown Artist,10,Unknown Genre,22,Rococo,1382,2037,RGB,c59c1b6b3e392564,2362,1
44118,67,tintoretto,7,religious_painting,13,Mannerism_Late_Renaissance,1824,1382,RGB,95535b292627717a,2363,1
70032,0,Unknown Artist,10,Unknown Genre,22,Rococo,2215,1382,RGB,89317164736cf399,2364,1
29079,0,Unknown Artist,7,religious_painting,17,Northern_Renaissance,1382,1651,RGB,cbcae078b41b1765,2365,1
54954,125,jacob-jordaens,2,genre_painting,4,Baroque,1550,1382,RGB,d2da6d6cb43c8a89,2366,1
56179,0,Unknown Artist,7,religious_painting,11,High_Renaissance,1382,1794,RGB,c2ddec63323225cd,2367,1
31142,121,el-greco,7,religious_painting,13,Mannerism_Late_Renaissance,1382,1816,RGB,d1e60d5af80c63e3,2368,1
20076,121,el-greco,7,religious_painting,13,Mannerism_Late_Renaissance,1382,1657,RGB,c77a19b59a2049b7,2369,1
56159,69,raphael,7,religious_painting,11,High_Renaissance,1382,1626,RGB,c5b416e23b0979e9,2370,1
50534,0,Unknown Artist,2,genre_painting,22,Rococo,1726,1382,RGB,d1e64cb1c265cb1e,2371,1
51420,0,Unknown Artist,6,portrait,22,Rococo,1382,1723,RGB,c4997670877b6c70,953,2
30013,0,Unknown Artist,6,portrait,22,Rococo,1578,1382,RGB,8cd848b773733472,2372,1
62401,87,michelangelo,8,sketch_and_study,11,High_Renaissance,1382,1955,RGB,94e6cc0dc9d327c9,2373,1
12388,25,albrecht-durer,7,religious_painting,17,Northern_Renaissance,1382,1771,RGB,ad515452d336e92d,2374,1
47702,0,Unknown Artist,2,genre_painting,22,Rococo,1842,1382,RGB,f7ff404293e40d61,2375,1
2501,0,Unknown Artist,10,Unknown Genre,17,Northern_Renaissance,1382,2549,RGB,f0e5a393935949b4,2376,1
26451,0,Unknown Artist,7,religious_painting,4,Baroque,1951,1382,RGB,9563479f33945839,2377,1
48891,38,fra-angelico,7,religious_painting,8,Early_Renaissance,1674,1382,RGB,d0bb2ed750f421aa,2378,1
64505,0,Unknown Artist,6,portrait,22,Rococo,1382,1784,RGB,988f607037726f69,2379,1
30240,0,Unknown Artist,2,genre_painting,11,High_Renaissance,1405,1382,RGB,ea91b01e16cf89d6,2380,1
78500,0,Unknown Artist,10,Unknown Genre,13,Mannerism_Late_Renaissance,2167,1382,RGB,c9ad9548bc6fa1c8,2381,1
62477,0,Unknown Artist,8,sketch_and_study,8,Early_Renaissance,1382,1822,RGB,e699d9c62768315a,2382,1
41235,0,Unknown Artist,8,sketch_and_study,17,Northern_Renaissance,1382,1807,RGB,fcd8c866432f1363,2383,1
77280,0,Unknown Artist,10,Unknown Genre,11,High_Renaissance,1382,1807,RGB,ad989be2e529ca85,2384,1
22389,0,Unknown Artist,2,genre_painting,4,Baroque,2441,1382,RGB,94b65e49649c527b,2385,1
48285,38,fra-angelico,7,religious_painting,8,Early_Renaissance,1762,1382,RGB,8d92376d7a744385,2386,1
74948,0,Unknown Artist,10,Unknown Genre,22,Rococo,1850,1382,RGB,87911c7cd2a3c3ce,2387,1
65305,0,Unknown Artist,6,portrait,22,Rococo,1382,1734,RGB,8c8f3073656526f6,2388,1
39421,77,titian,6,portrait,11,High_Renaissance,1382,1668,RGB,980df26793348bec,2389,1
46299,0,Unknown Artist,7,religious_painting,13,Mannerism_Late_Renaissance,1389,1382,RGB,bbfba1848748962d,2390,1
11206,0,Unknown Artist,10,Unknown Genre,17,Northern_Renaissance,1382,1794,RGB,eca5935ae156a459,2391,1
41712,69,raphael,6,portrait,11,High_Renaissance,1382,1961,RGB,ede08712d37ba056,2392,1
64466,83,joshua-reynolds,6,portrait,22,Rococo,1435,1382,RGB,ce3335c56bcc3c48,2393,1
56981,0,Unknown Artist,7,religious_painting,8,Early_Renaissance,1382,1727,RGB,f3f00de9a0cfd094,2394,1
34719,67,tintoretto,8,sketch_and_study,13,Mannerism_Late_Renaissance,1916,1382,RGB,eec3a5cb943872a4,2395,1
50688,0,Unknown Artist,7,religious_painting,8,Early_Renaissance,1382,1764,RGB,86587b6e5136e41b,2396,1
56533,0,Unknown Artist,7,religious_painting,11,High_Renaissance,2215,1382,RGB,9832476b6899e9d9,2397,1
43941,0,Unknown Artist,6,portrait,22,Rococo,1382,1938,RGB,c64f78346f393036,2398,1
81130,0,Unknown Artist,10,Unknown Genre,17,Northern_Renaissance,2125,1382,RGB,96369dcfe34804e3,2399,1
31805,0,Unknown Artist,7,religious_painting,13,Mannerism_Late_Renaissance,1382,2204,RGB,82d3c6d26d0c1b5f,2400,1
50385,0,Unknown Artist,2,genre_painting,8,Early_Renaissance,1382,1392,RGB,aae1f596948d9239,2401,1
69572,0,Unknown Artist,10,Unknown Genre,13,Mannerism_Late_Renaissance,1381,1741,RGB,bc1fc7e0e0cc3c83,2402,1
62982,0,Unknown Artist,6,portrait,13,Mannerism_Late_Renaissance,1382,1767,RGB,cc8c7c333333b323,2403,1
40818,0,Unknown Artist,7,religious_painting,11,High_Renaissance,1458,1382,RGB,c1f47a23d17b8a45,2404,1
17960,25,albrecht-durer,7,religious_painting,17,Northern_Renaissance,1382,1788,RGB,97cc87868d932d72,2405,1
30839,0,Unknown Artist,6,portrait,22,Rococo,1382,1675,RGB,8c4c33a37332e997,2406,1
43204,0,Unknown Artist,7,religious_painting,8,Early_Renaissance,1382,2593,RGB,b4619f8796cc3c64,2407,1
9375,25,albrecht-durer,7,religious_painting,17,Northern_Renaissance,1382,1792,RGB,ea5398c785b8e2d2,2408,1
37964,0,Unknown Artist,7,religious_painting,17,Northern_Renaissance,1382,1401,RGB,a3c0dad03d8f362b,2409,1
37511,58,pietro-perugino,7,religious_painting,11,High_Renaissance,1382,2459,RGB,beb0e8c5a53692d1,2410,1
56161,38,fra-angelico,7,religious_painting,8,Early_Renaissance,1382,2177,RGB,ccae91dd925615ca,2411,1
74990,0,Unknown Artist,10,Unknown Genre,22,Rococo,1381,1633,RGB,c0c4174b6f3c4b1f,2412,1
56592,0,Unknown Artist,7,religious_painting,8,Early_Renaissance,1889,1382,RGB,dd3428c4e19fb6c1,2413,1
19314,82,paolo-veronese,6,portrait,13,Mannerism_Late_Renaissance,1382,2253,RGB,ffb592d8e386c042,2414,1
55865,0,Unknown Artist,7,religious_painting,8,Early_Renaissance,3379,1382,RGB,975ec823b67a68c1,2415,1
56481,0,Unknown Artist,7,religious_painting,8,Early_Renaissance,1654,1382,RGB,8c3a690de33cca37,2416,1
39021,0,Unknown Artist,7,religious_painting,8,Early_Renaissance,1381,2008,RGB,d81d37f026e225dc,2417,1
76704,0,Unknown Artist,10,Unknown Genre,22,Rococo,1382,1717,RGB,c7c2732c38b39e38,2418,1
13133,20,rembrandt,5,nude_painting,4,Baroque,2616,1382,RGB,ba7cc4b9da86a590,2419,1
66096,0,Unknown Artist,6,portrait,22,Rococo,1382,1775,RGB,926d2dd2e61a25e9,2420,1
50325,0,Unknown Artist,7,religious_painting,17,Northern_Renaissance,1382,1702,RGB,ab2856560e45afd3,2421,1
56147,0,Unknown Artist,7,religious_painting,17,Northern_Renaissance,1382,1817,RGB,f69f4b62c44811f6,2422,1
52920,80,peter-paul-rubens,2,genre_painting,4,Baroque,1689,1382,RGB,b12daf827813d2ad,2423,1
48796,0,Unknown Artist,6,portrait,13,Mannerism_Late_Renaissance,1647,1382,RGB,9cbef025015387ee,2424,1
28360,77,titian,8,sketch_and_study,11,High_Renaissance,1953,1382,RGB,ed923ae959e06b03,2425,1
69785,0,Unknown Artist,10,Unknown Genre,11,High_Renaissance,1382,1714,RGB,ce8b1938fd830379,2426,1
34127,0,Unknown Artist,7,religious_painting,11,High_Renaissance,2884,1382,RGB,d66c3169d0a8d69e,2427,1
46559,58,pietro-perugino,7,religious_painting,11,High_Renaissance,1382,1679,RGB,f6cbc08dc3c6cb90,2428,1
24721,121,el-greco,7,religious_painting,13,Mannerism_Late_Renaissance,1382,1848,RGB,d58d0fbb6850a666,2429,1
33066,0,Unknown Artist,6,portrait,22,Rococo,1382,1731,RGB,c8cd60333334f373,2430,1
28713,0,Unknown Artist,7,religious_painting,4,Baroque,1382,1898,RGB,bf714c82752c1bd4,2431,1
49066,0,Unknown Artist,2,genre_painting,22,Rococo,1720,1382,RGB,c3e3bdc5538418d6,2432,1
21470,0,Unknown Artist,7,religious_painting,17,Northern_Renaissance,1382,1903,RGB,d8c343cc2e63257e,2433,1
38687,67,tintoretto,7,religious_painting,13,Mannerism_Late_Renaissance,1382,2411,RGB,c1705b95661b4de9,2434,1
25907,114,anthony-van-dyck,6,portrait,4,Baroque,1382,2467,RGB,8ebc757470d3234c,2435,1
32581,0,Unknown Artist,7,religious_painting,17,Northern_Renaissance,1382,1794,RGB,b0995929c4ce873f,2436,1
30064,114,anthony-van-dyck,6,portrait,4,Baroque,1382,1718,RGB,d9990cecb2367722,2437,1
56524,82,paolo-veronese,7,religious_painting,13,Mannerism_Late_Renaissance,3649,1382,RGB,c8b723a45f2d9323,2438,1
56751,0,Unknown Artist,7,religious_painting,17,Northern_Renaissance,1382,1427,RGB,ea4aed07b0b9d431,2439,1
21233,77,titian,7,religious_painting,11,High_Renaissance,1382,2676,RGB,f2ab6caa3d30b194,2440,1
56287,0,Unknown Artist,7,religious_painting,17,Northern_Renaissance,1846,1382,RGB,cce999cbc6135358,2441,1
659,25,albrecht-durer,7,religious_painting,17,Northern_Renaissance,1382,3833,RGB,954d885d9c5cb378,2442,1
21368,0,Unknown Artist,4,landscape,17,Northern_Renaissance,2636,1382,RGB,b090495f5ba9b23b,2443,1
51395,0,Unknown Artist,7,religious_painting,11,High_Renaissance,1381,1555,RGB,c864373b8c9b6c36,2444,1
60026,0,Unknown Artist,4,landscape,4,Baroque,1857,1382,RGB,c1c326cc99b36e66,2445,1
30894,121,el-greco,7,religious_painting,13,Mannerism_Late_Renaissance,1382,2105,RGB,a0adbdc253d22a5b,2446,1
31934,69,raphael,6,portrait,11,High_Renaissance,1382,1950,RGB,ecec3132faa1818f,2447,1
65646,117,hans-holbein-the-younger,6,portrait,17,Northern_Renaissance,1382,1684,RGB,db7b1c64608e3399,2448,1
39126,0,Unknown Artist,7,religious_painting,13,Mannerism_Late_Renaissance,1382,1403,RGB,ee9ab165c4b492d2,2449,1
75139,0,Unknown Artist,10,Unknown Genre,13,Mannerism_Late_Renaissance,1568,1382,RGB,c83bc14cd5e1b791,2450,1
57127,0,Unknown Artist,7,religious_painting,8,Early_Renaissance,2077,1382,RGB,addace89bbb49042,2451,1
11193,25,albrecht-durer,2,genre_painting,17,Northern_Renaissance,1985,1382,RGB,ab8bdcb4c6349c49,2452,1
33460,0,Unknown Artist,4,landscape,22,Rococo,1791,1382,RGB,c7f5300a4fcf4cd0,2453,1
65120,0,Unknown Artist,6,portrait,22,Rococo,1382,1758,RGB,aecc5331b04ac7b5,2454,1
37284,0,Unknown Artist,8,sketch_and_study,22,Rococo,1381,1939,RGB,df10fa3f316230e8,2455,1
63017,0,Unknown Artist,6,portrait,8,Early_Renaissance,1382,2090,RGB,9f56b9981b69882e,2456,1
34287,0,Unknown Artist,7,religious_painting,4,Baroque,1681,1382,RGB,8c597bb1a4663366,2457,1
37329,58,pietro-perugino,7,religious_painting,11,High_Renaissance,1420,1382,RGB,c6f69b394803c6e5,2458,1
74991,0,Unknown Artist,10,Unknown Genre,4,Baroque,2048,1382,RGB,cccda973264d7036,2459,1
65588,29,lucas-cranach-the-elder,6,portrait,17,Northern_Renaissance,1382,1785,RGB,bafb6a20a0c9a5b5,2460,1
35421,0,Unknown Artist,7,religious_painting,22,Rococo,1382,1820,RGB,c0c83b1776314f67,2461,1
26027,0,Unknown Artist,6,portrait,22,Rococo,1382,1673,RGB,8d9cdc1173616d33,2462,1
76070,0,Unknown Artist,10,Unknown Genre,4,Baroque,2266,1382,RGB,c9ba366d815ef805,2463,1
57147,0,Unknown Artist,7,religious_painting,8,Early_Renaissance,1914,1382,RGB,92ca4b67ac2cc747,2464,1
32986,0,Unknown Artist,7,religious_painting,11,High_Renaissance,3037,1382,RGB,93ef8d51d6917086,2465,1
62135,77,titian,8,sketch_and_study,13,Mannerism_Late_Renaissance,1382,1718,RGB,ec17c9589d5870f2,2466,1
11060,20,rembrandt,10,Unknown Genre,4,Baroque,1382,1842,RGB,937a2d8c70b36e85,2467,1
73139,0,Unknown Artist,10,Unknown Genre,22,Rococo,1382,1645,RGB,fa9ce133e425b162,2468,1
65731,0,Unknown Artist,6,portrait,22,Rococo,1382,1767,RGB,8fcbf4244a3a3336,2469,1
36903,0,Unknown Artist,7,religious_painting,8,Early_Renaissance,1382,1714,RGB,e81713821f8f2d79,2470,1
72251,0,Unknown Artist,10,Unknown Genre,17,Northern_Renaissance,1382,1790,RGB,9ae4f35e2923644b,2471,1
22600,38,fra-angelico,7,religious_painting,8,Early_Renaissance,1382,1683,RGB,98c0fecf0369643e,2472,1
64387,67,tintoretto,6,portrait,13,Mannerism_Late_Renaissance,1382,1746,RGB,cccc833b7338a333,2473,1
30521,67,tintoretto,7,religious_painting,13,Mannerism_Late_Renaissance,1827,1382,RGB,94c45c3f6b635259,2474,1
50044,67,tintoretto,7,religious_painting,13,Mannerism_Late_Renaissance,1382,1904,RGB,92a7794e1b94e18d,2475,1
41037,87,michelangelo,8,sketch_and_study,11,High_Renaissance,1382,1819,RGB,aeadf056999ac50c,2476,1
36625,83,joshua-reynolds,6,portrait,22,Rococo,1382,1706,RGB,812e7933ccb374c9,2477,1
20853,0,Unknown Artist,6,portrait,22,Rococo,1382,1776,RGB,9423438f3c7263e7,2478,1
44748,0,Unknown Artist,7,religious_painting,11,High_Renaissance,1948,1382,RGB,d12d0729c4f75a96,2479,1
6422,25,albrecht-durer,7,religious_painting,17,Northern_Renaissance,1382,1386,RGB,aca3f1461c89c79b,2480,1
40664,0,Unknown Artist,7,religious_painting,11,High_Renaissance,1842,1382,RGB,bd73c69e51496889,2481,1
18175,0,Unknown Artist,10,Unknown Genre,17,Northern_Renaissance,1382,1886,RGB,b4c7c338cd9c31c6,2482,1
47802,0,Unknown Artist,7,religious_painting,4,Baroque,1382,1492,RGB,dd800bfb35e1e066,2483,1
10713,20,rembrandt,8,sketch_and_study,4,Baroque,1850,1382,RGB,f887c778954ac531,2484,1
19853,58,pietro-perugino,7,religious_painting,11,High_Renaissance,1382,1841,RGB,e7fc4c4b9c666806,2485,1
53288,0,Unknown Artist,2,genre_painting,22,Rococo,1382,1684,RGB,8e08797621f6ce63,2486,1
5995,0,Unknown Artist,10,Unknown Genre,17,Northern_Renaissance,1382,1554,RGB,a2e7d09693cc2cec,2487,1
43494,0,Unknown Artist,7,religious_painting,8,Early_Renaissance,1903,1382,RGB,8e8a4d23f18657cd,2488,1
56720,0,Unknown Artist,7,religious_painting,17,Northern_Renaissance,2715,1382,RGB,d8a5a194f2f28c9b,2489,1
57075,0,Unknown Artist,7,religious_painting,8,Early_Renaissance,1382,2011,RGB,9965f17bca360833,2490,1
1344,25,albrecht-durer,6,portrait,17,Northern_Renaissance,1382,1921,RGB,f9c59e61468a3317,2491,1
46076,69,raphael,2,genre_painting,11,High_Renaissance,1384,1382,RGB,9790fa65cd27052d,2492,1
1249,25,albrecht-durer,2,genre_painting,17,Northern_Renaissance,1382,2229,RGB,ea9387cb1c8970e6,2493,1
36367,0,Unknown Artist,7,religious_painting,17,Northern_Renaissance,1382,3361,RGB,8d6f3033c3a45bc3,2494,1
65965,0,Unknown Artist,6,portrait,22,Rococo,1382,1838,RGB,bb6de0bac5218e91,2495,1
80081,0,Unknown Artist,10,Unknown Genre,22,Rococo,1438,1382,RGB,e5d21a4f35643633,2496,1
26725,0,Unknown Artist,7,religious_painting,11,High_Renaissance,2101,1382,RGB,c298c427a6771b6e,2497,1
48312,103,hans-memling,7,religious_painting,17,Northern_Renaissance,2415,1382,RGB,87975ee058d5438b,2498,1
28770,126,thomas-gainsborough,6,portrait,22,Rococo,1382,2294,RGB,86b03b5951f4871f,2499,1
72652,0,Unknown Artist,10,Unknown Genre,22,Rococo,1382,1754,RGB,fb6aa09d97c6c0c2,2500,1
34526,0,Unknown Artist,6,portrait,22,Rococo,1382,1922,RGB,becee9a1915a8685,2501,1
51519,0,Unknown Artist,7,religious_painting,8,Early_Renaissance,1399,1382,RGB,9e422bb565a72bc1,2502,1
28565,69,raphael,7,religious_painting,11,High_Renaissance,1382,1881,RGB,e8a446523cc9b3f5,2503,1
43921,0,Unknown Artist,2,genre_painting,4,Baroque,1600,1382,RGB,ba6ad874956ab0b1,2504,1
5432,20,rembrandt,6,portrait,4,Baroque,1382,1842,RGB,eec40931f22335db,2505,1
64267,0,Unknown Artist,6,portrait,13,Mannerism_Late_Renaissance,1382,1386,RGB,9991272666f8f899,2506,1
65504,0,Unknown Artist,6,portrait,22,Rococo,1382,1859,RGB,916a1cf7469999c5,2507,1
75213,0,Unknown Artist,10,Unknown Genre,11,High_Renaissance,1382,2124,RGB,89e9cc482b179bcb,2508,1
64514,117,hans-holbein-the-younger,6,portrait,17,Northern_Renaissance,1382,1911,RGB,9c3f738d2c26b350,2509,1
17728,20,rembrandt,2,genre_painting,4,Baroque,1381,1509,RGB,be278530c9d0cee5,2510,1
65215,0,Unknown Artist,6,portrait,8,Early_Renaissance,1382,1383,RGB,ca9d5073cbec0e98,2511,1
39149,0,Unknown Artist,7,religious_painting,4,Baroque,2038,1382,RGB,958b4a753d86c66c,2512,1
65436,116,frans-hals,6,portrait,4,Baroque,2342,1381,RGB,f2a0090bf3475797,2513,1
55935,0,Unknown Artist,7,religious_painting,8,Early_Renaissance,1382,1436,RGB,df0b9247e393a44c,2514,1
47924,24,leonardo-da-vinci,8,sketch_and_study,11,High_Renaissance,1382,1884,RGB,f5f7a99816466684,2515,1
48659,83,joshua-reynolds,6,portrait,22,Rococo,1382,1776,RGB,92c44b5337adbc64,2516,1
49579,0,Unknown Artist,6,portrait,8,Early_Renaissance,1382,2568,RGB,e98e30333e194ee3,2517,1
64327,67,tintoretto,6,portrait,13,Mannerism_Late_Renaissance,1382,1799,RGB,f999d8f326666604,2518,1
44590,0,Unknown Artist,6,portrait,22,Rococo,1924,1382,RGB,cab2b54d3989c635,2519,1
47187,0,Unknown Artist,7,religious_painting,13,Mannerism_Late_Renaissance,1382,1832,RGB,f4837b0d8cf28bc8,2520,1
6950,25,albrecht-durer,7,religious_painting,17,Northern_Renaissance,1382,1909,RGB,c8d0beba962d3316,2521,1
41203,0,Unknown Artist,2,genre_painting,4,Baroque,1382,1736,RGB,cc5ea3c08e987ab5,2522,1
77124,0,Unknown Artist,10,Unknown Genre,4,Baroque,1382,2032,RGB,c6961d64cc1bcbd1,2523,1
68566,0,Unknown Artist,10,Unknown Genre,8,Early_Renaissance,2359,1382,RGB,ac26f5619bd90a2d,2524,1
48715,0,Unknown Artist,7,religious_painting,8,Early_Renaissance,1821,1382,RGB,af9894a7d02dcd0b,2525,1
78599,0,Unknown Artist,10,Unknown Genre,4,Baroque,1382,1577,RGB,e8a596919bce4f88,2526,1
20195,29,lucas-cranach-the-elder,7,religious_painting,17,Northern_Renaissance,1382,2023,RGB,dc2dda1a63629647,2527,1
49830,0,Unknown Artist,8,sketch_and_study,17,Northern_Renaissance,1382,2220,RGB,a89d1dce16b3b630,2528,1
56829,0,Unknown Artist,7,religious_painting,13,Mannerism_Late_Renaissance,1382,1623,RGB,eb8f74e0087db360,2529,1
61546,0,Unknown Artist,9,still_life,4,Baroque,1382,2096,RGB,de2234d9c336dcc2,2530,1
31181,23,hieronymus-bosch,7,religious_painting,17,Northern_Renaissance,1382,1688,RGB,f2c241b34c59e71d,2531,1
57515,87,michelangelo,5,nude_painting,11,High_Renaissance,1382,2334,RGB,d6267ad443e59c89,2532,1
51111,0,Unknown Artist,7,religious_painting,8,Early_Renaissance,1606,1382,RGB,99a8182399537f8f,2533,1
36996,0,Unknown Artist,6,portrait,22,Rococo,1382,1713,RGB,d93126d63c61bcc9,2534,1
49481,0,Unknown Artist,7,religious_painting,17,Northern_Renaissance,1382,1782,RGB,99d8667b4c078bb1,2535,1
42200,0,Unknown Artist,7,religious_painting,11,High_Renaissance,2119,1382,RGB,9d8e89b3a5666239,2536,1
56077,0,Unknown Artist,7,religious_painting,17,Northern_Renaissance,1382,1771,RGB,9fcf59b476283121,2537,1
74266,0,Unknown Artist,10,Unknown Genre,17,Northern_Renaissance,2316,1381,RGB,afcfc009d634c1f2,2538,1
21360,0,Unknown Artist,7,religious_painting,13,Mannerism_Late_Renaissance,1382,1606,RGB,d4f62b276d23301e,2539,1
20554,0,Unknown Artist,8,sketch_and_study,17,Northern_Renaissance,1382,1848,RGB,c5921b4d6e643e8d,2540,1
36368,0,Unknown Artist,7,religious_painting,8,Early_Renaissance,1382,1872,RGB,ecf92448ba86cd1e,2541,1
28903,0,Unknown Artist,7,religious_painting,8,Early_Renaissance,2235,1382,RGB,de4ba51ea59d8381,2542,1
30730,0,Unknown Artist,7,religious_painting,8,Early_Renaissance,2840,1382,RGB,c685495266df71d2,2543,1
20567,0,Unknown Artist,6,portrait,22,Rococo,1382,1675,RGB,cc3826c1377c31e7,2544,1
72686,0,Unknown Artist,10,Unknown Genre,17,Northern_Renaissance,1382,1548,RGB,a5f8ebb259463a84,2545,1
67951,0,Unknown Artist,10,Unknown Genre,8,Early_Renaissance,2452,1382,RGB,ad046eb946a79176,2546,1
50243,114,anthony-van-dyck,7,religious_painting,4,Baroque,1382,1481,RGB,92d21fcce7c0926e,2547,1
24428,0,Unknown Artist,7,religious_painting,17,Northern_Renaissance,1382,1675,RGB,a669ba34c63bf980,2548,1
22664,58,pietro-perugino,7,religious_painting,11,High_Renaissance,2927,1382,RGB,a3535c2f983fd206,2549,1
50106,0,Unknown Artist,7,religious_painting,13,Mannerism_Late_Renaissance,1382,1717,RGB,c364b0db4f4e0c9b,2550,1
19414,23,hieronymus-bosch,7,religious_painting,17,Northern_Renaissance,2315,1382,RGB,d4e593424f330f33,2551,1
53068,0,Unknown Artist,6,portrait,8,Early_Renaissance,1382,2122,RGB,d06ee49b950f340f,2552,1
8771,20,rembrandt,6,portrait,4,Baroque,1382,1767,RGB,8eeebab9e8b0e480,2553,1
43726,0,Unknown Artist,7,religious_painting,8,Early_Renaissance,1382,1968,RGB,acbf174071ad3616,2554,1
6075,25,albrecht-durer,6,portrait,17,Northern_Renaissance,1382,2115,RGB,e4929a4d9b769169,2555,1
57064,0,Unknown Artist,7,religious_painting,8,Early_Renaissance,1382,1984,RGB,beb1c1c69c4bc84b,2556,1
68554,0,Unknown Artist,10,Unknown Genre,22,Rococo,1382,2423,RGB,97c8926f23d47985,967,2
56667,67,tintoretto,7,religious_painting,13,Mannerism_Late_Renaissance,1991,1382,RGB,e1464479ab16d46f,2557,1
44835,0,Unknown Artist,2,genre_painting,22,Rococo,1988,1382,RGB,94fbb70788304f8b,2558,1
985,25,albrecht-durer,8,sketch_and_study,17,Northern_Renaissance,1980,1382,RGB,deb3242ed3d0073c,2559,1
56220,0,Unknown Artist,7,religious_painting,8,Early_Renaissance,1382,2556,RGB,9d4e6470696939e9,2560,1
39983,0,Unknown Artist,7,religious_painting,8,Early_Renaissance,1681,1382,RGB,d896641f0fc997b0,2561,1
65667,0,Unknown Artist,6,portrait,13,Mannerism_Late_Renaissance,1382,1698,RGB,f4b4e41f630bc70c,2562,1
27911,0,Unknown Artist,7,religious_painting,13,Mannerism_Late_Renaissance,1490,1382,RGB,d6c89e64d073bb60,2563,1
17677,20,rembrandt,7,religious_painting,4,Baroque,1382,1649,RGB,fbede4445312a4ac,2564,1
64322,0,Unknown Artist,6,portrait,4,Baroque,1382,1750,RGB,cc1c31e33071e773,2565,1
22301,23,hieronymus-bosch,7,religious_painting,17,Northern_Renaissance,1382,1802,RGB,91e23997d44e2d99,2566,1
41863,0,Unknown Artist,6,portrait,11,High_Renaissance,1382,1808,RGB,8d6837d66c38cab1,2567,1
24031,0,Unknown Artist,7,religious_painting,17,Northern_Renaissance,2914,1382,RGB,97fcb30f0a234cf0,2568,2
52278,0,Unknown Artist,7,religious_painting,22,Rococo,1625,1382,RGB,987993137a55a7a4,2569,1
56429,24,leonardo-da-vinci,7,religious_painting,8,Early_Renaissance,1431,1382,RGB,e0af64416ba74ad6,2570,1
6775,25,albrecht-durer,7,religious_painting,17,Northern_Renaissance,1600,1382,RGB,ddeafa880c358f11,2571,1
70114,0,Unknown Artist,10,Unknown Genre,13,Mannerism_Late_Renaissance,2622,1382,RGB,d0e761ce3980355f,2572,1
34489,69,raphael,7,religious_painting,11,High_Renaissance,1382,1557,RGB,d74258392da3e4e6,2573,1
61737,0,Unknown Artist,9,still_life,22,Rococo,1382,1727,RGB,d68779f00bfd6048,2574,1
56234,0,Unknown Artist,7,religious_painting,8,Early_Renaissance,1382,2205,RGB,faabb4d1818dc2c5,2575,1
27675,0,Unknown Artist,2,genre_painting,22,Rococo,1382,1715,RGB,a2d95d0759b065e3,2576,1
44498,29,lucas-cranach-the-elder,7,religious_painting,17,Northern_Renaissance,1382,1915,RGB,90536d5ea37c329a,2577,1
32733,0,Unknown Artist,7,religious_painting,4,Baroque,1382,1830,RGB,c42793383fe52e70,2578,1
29531,0,Unknown Artist,6,portrait,8,Early_Renaissance,1951,1382,RGB,ebcb3095b61a02f5,2579,1
43963,0,Unknown Artist,6,portrait,22,Rococo,1382,1708,RGB,982ced43fe192366,2580,1
32204,121,el-greco,7,religious_painting,13,Mannerism_Late_Renaissance,1382,1799,RGB,dbe826b169565cc2,2581,1
9083,25,albrecht-durer,2,genre_painting,17,Northern_Renaissance,1382,1824,RGB,bf6593523864364d,2582,1
29634,0,Unknown Artist,2,genre_painting,22,Rococo,1785,1382,RGB,94e87837b7986e41,2583,1
46342,0,Unknown Artist,7,religious_painting,11,High_Renaissance,1842,1382,RGB,dad7698c0d897459,2584,1
32226,0,Unknown Artist,7,religious_painting,8,Early_Renaissance,1382,1857,RGB,cecf33383c317119,2585,1
42068,0,Unknown Artist,2,genre_painting,17,Northern_Renaissance,1897,1382,RGB,eee4e71f9409a00f,2586,1
71158,0,Unknown Artist,10,Unknown Genre,11,High_Renaissance,1382,2222,RGB,891f7370603f5cf0,2587,1
22150,116,frans-hals,6,portrait,4,Baroque,1382,1919,RGB,cccd2131774e868f,2588,1
65086,121,el-greco,6,portrait,13,Mannerism_Late_Renaissance,1382,1714,RGB,ccd8332666633376,2589,1
36855,80,peter-paul-rubens,2,genre_painting,4,Baroque,2007,1382,RGB,c5e07b9d027b4a63,2590,1
56323,0,Unknown Artist,7,religious_painting,11,High_Renaissance,1382,1692,RGB,d9ddf5c4c6f30108,2591,1
53386,0,Unknown Artist,2,genre_painting,4,Baroque,1382,1557,RGB,f11d0773b264239e,2592,1
49671,0,Unknown Artist,7,religious_painting,11,High_Renaissance,1382,1713,RGB,cdbaf1c0c4c495d3,2593,1
66279,29,lucas-cranach-the-elder,6,portrait,17,Northern_Renaissance,2075,1382,RGB,8af9e70d1f84f1c0,2594,1
38226,23,hieronymus-bosch,7,religious_painting,17,Northern_Renaissance,2726,1382,RGB,d052ffd0eef82540,2595,1
55836,0,Unknown Artist,7,religious_painting,4,Baroque,1944,1382,RGB,dd226779c2077938,2596,1
76620,0,Unknown Artist,10,Unknown Genre,11,High_Renaissance,1382,1853,RGB,dc7c7463193087d9,2597,1
41936,0,Unknown Artist,7,religious_painting,8,Early_Renaissance,1382,2524,RGB,efcd3060c7a4d0b5,2598,1
17574,20,rembrandt,7,religious_painting,4,Baroque,2010,1382,RGB,a42ee8e8afacf085,2599,1
80069,0,Unknown Artist,10,Unknown Genre,22,Rococo,1436,1382,RGB,9429278ce33b66b6,2600,1
18192,0,Unknown Artist,10,Unknown Genre,17,Northern_Renaissance,1465,1382,RGB,bf0294e9dbc078d8,2601,1
64279,0,Unknown Artist,6,portrait,11,High_Renaissance,2256,1382,RGB,90d03867369fa6b9,2602,1
32296,80,peter-paul-rubens,4,landscape,4,Baroque,2028,1382,RGB,f4f4c0c162c7b07e,2603,1
78459,0,Unknown Artist,10,Unknown Genre,13,Mannerism_Late_Renaissance,1382,1977,RGB,d57e21c9b19266cc,2604,1
56467,0,Unknown Artist,7,religious_painting,8,Early_Renaissance,1382,2201,RGB,8cae215c43bdf863,2605,1
36833,103,hans-memling,6,portrait,17,Northern_Renaissance,1382,1945,RGB,e8b56bcb2c183c63,2606,1
61838,0,Unknown Artist,9,still_life,13,Mannerism_Late_Renaissance,1382,1780,RGB,c84c37c666c5d3d2,2607,1
42258,0,Unknown Artist,2,genre_painting,4,Baroque,1382,1759,RGB,c27d1cc4e35a3c63,2608,1
32279,125,jacob-jordaens,7,religious_painting,4,Baroque,1922,1382,RGB,8c3b73a9166e0b5a,2609,1
44725,24,leonardo-da-vinci,8,sketch_and_study,11,High_Renaissance,1382,2074,RGB,bee995d6f02a1924,2610,1
48084,0,Unknown Artist,7,religious_painting,13,Mannerism_Late_Renaissance,1842,1382,RGB,f5aa898b92b48bb2,2611,1
1703,25,albrecht-durer,6,portrait,17,Northern_Renaissance,1382,2134,RGB,bebcc1c2b9f80703,2612,1
76341,0,Unknown Artist,10,Unknown Genre,13,Mannerism_Late_Renaissance,1382,1837,RGB,bb1c9ce3e2b8c246,2613,1
38996,77,titian,2,genre_painting,11,High_Renaissance,1382,1911,RGB,c49199cb3e1c653d,2614,1
77076,0,Unknown Artist,10,Unknown Genre,22,Rococo,3743,1382,RGB,9cbcde3a2926e4c2,2615,1
78455,0,Unknown Artist,10,Unknown Genre,13,Mannerism_Late_Renaissance,1984,1382,RGB,fd3e1ec971240659,2616,1
50128,61,bartolome-esteban-murillo,2,genre_painting,4,Baroque,1382,1701,RGB,c7ee9c614887393c,2617,1
5071,25,albrecht-durer,6,portrait,17,Northern_Renaissance,1382,2155,RGB,eea596d398929156,2618,1
47080,83,joshua-reynolds,6,portrait,22,Rococo,1382,1658,RGB,994966f627730396,2619,1
56907,0,Unknown Artist,7,religious_painting,8,Early_Renaissance,1390,1382,RGB,9feef2a0c581e186,2620,1
56386,0,Unknown Artist,7,religious_painting,13,Mannerism_Late_Renaissance,1382,1842,RGB,b42a4f9d25c13de4,2621,1
19227,69,raphael,7,religious_painting,11,High_Renaissance,1382,1595,RGB,88ac27b3bd4c86e3,2622,1
25069,0,Unknown Artist,7,religious_painting,11,High_Renaissance,2582,1382,RGB,d2c9ad5bc83740b5,2623,1
45464,0,Unknown Artist,7,religious_painting,8,Early_Renaissance,1382,2016,RGB,aaed6db0b1b1c530,2624,1
56915,58,pietro-perugino,7,religious_painting,11,High_Renaissance,1381,1578,RGB,ee134c70a3df834c,2625,1
56116,0,Unknown Artist,7,religious_painting,13,Mannerism_Late_Renaissance,1382,1949,RGB,dcae93a5249047ed,2626,1
29246,128,canaletto,1,cityscape,4,Baroque,1560,1382,RGB,dbd2195a30c9f61c,2627,1
5836,25,albrecht-durer,7,religious_painting,17,Northern_Renaissance,1382,2042,RGB,b7a38697ce08d1f0,2628,1
63039,0,Unknown Artist,6,portrait,22,Rococo,1382,1767,RGB,cb703743a61c593b,2629,1
45503,0,Unknown Artist,2,genre_painting,22,Rococo,1527,1382,RGB,ba6b8750c80ef49e,2630,1
2886,25,albrecht-durer,7,religious_painting,17,Northern_Renaissance,1382,1963,RGB,d2ada5361372b88b,2631,1
36779,0,Unknown Artist,6,portrait,13,Mannerism_Late_Renaissance,1382,1652,RGB,c839c5d66926cb78,2632,1
42704,82,paolo-veronese,7,religious_painting,13,Mannerism_Late_Renaissance,1382,1583,RGB,ba1ad5ea6897f401,2633,1
24586,0,Unknown Artist,6,portrait,22,Rococo,1934,1382,RGB,94954e3e6b09c979,2634,1
38940,0,Unknown Artist,2,genre_painting,22,Rococo,1382,1623,RGB,c7c6cbb1003962fd,2635,1
57141,23,hieronymus-bosch,7,religious_painting,17,Northern_Renaissance,1382,1677,RGB,82fe6b19c9c9a135,2636,1
12177,0,Unknown Artist,10,Unknown Genre,17,Northern_Renaissance,1382,1876,RGB,ac66926b8f986939,2637,1
53731,0,Unknown Artist,2,genre_painting,4,Baroque,1864,1382,RGB,d66e89f3614c1c33,2638,1
28143,0,Unknown Artist,2,genre_painting,4,Baroque,1382,1634,RGB,cd3966c631cd1966,2639,1
34470,24,leonardo-da-vinci,8,sketch_and_study,11,High_Renaissance,1382,1987,RGB,cd8e9518d3d29734,2640,1
22245,29,lucas-cranach-the-elder,6,portrait,17,Northern_Renaissance,1382,1862,RGB,9ca7322b1d4cb2d9,2641,1
65495,0,Unknown Artist,6,portrait,4,Baroque,1741,1382,RGB,a48e8cac0fcbf21b,2642,1
73922,0,Unknown Artist,10,Unknown Genre,4,Baroque,1382,1385,RGB,a9bf764804b711dc,2643,1
55262,0,Unknown Artist,2,genre_painting,4,Baroque,1859,1382,RGB,faf2958599c823ca,2644,1
56906,0,Unknown Artist,7,religious_painting,4,Baroque,1857,1382,RGB,a17c13213d4f873e,2645,1
63353,0,Unknown Artist,6,portrait,11,High_Renaissance,1382,1633,RGB,d91b66e438d3c239,2646,1
55808,0,Unknown Artist,7,religious_painting,11,High_Renaissance,1382,1655,RGB,d2e839131e99f227,2647,1
55897,0,Unknown Artist,7,religious_painting,13,Mannerism_Late_Renaissance,1382,1736,RGB,897c726835936736,2648,1
43239,0,Unknown Artist,7,religious_painting,13,Mannerism_Late_Renaissance,1382,1655,RGB,9e673039e4b2699c,2649,1
6564,25,albrecht-durer,8,sketch_and_study,17,Northern_Renaissance,1878,1382,RGB,bef09c236e89f106,2650,1
47445,0,Unknown Artist,7,religious_painting,4,Baroque,1381,1850,RGB,c44e3b784bc78636,2651,1
6607,0,Unknown Artist,10,Unknown Genre,17,Northern_Renaissance,1382,2052,RGB,a6c8a5734893adcd,2652,1
42689,0,Unknown Artist,6,portrait,4,Baroque,1382,1729,RGB,b981776266989979,2653,1
55752,58,pietro-perugino,7,religious_painting,8,Early_Renaissance,1382,2954,RGB,edb21785b63a184d,2654,1
47372,0,Unknown Artist,7,religious_painting,8,Early_Renaissance,1462,1382,RGB,f40d7a22615a83f7,2655,1
26417,69,raphael,7,religious_painting,11,High_Renaissance,1382,2075,RGB,bbf0a166c535d464,2656,1
56341,0,Unknown Artist,7,religious_painting,8,Early_Renaissance,1732,1382,RGB,98a7552bcff22229,2657,1
56626,0,Unknown Artist,7,religious_painting,17,Northern_Renaissance,1382,1997,RGB,8cc8f2e7a726b232,2658,1
19848,82,paolo-veronese,7,religious_painting,13,Mannerism_Late_Renaissance,3816,1382,RGB,b99ceac59626c06b,2659,1
55606,0,Unknown Artist,7,religious_painting,11,High_Renaissance,1382,1697,RGB,91beb3766a50cc89,2660,1
26137,0,Unknown Artist,6,portrait,22,Rococo,1382,1584,RGB,c39e3d2924ccb9c3,2661,1
50099,38,fra-angelico,7,religious_painting,8,Early_Renaissance,1382,1766,RGB,9f5b580a36d78e60,2662,1
55682,0,Unknown Artist,7,religious_painting,11,High_Renaissance,1382,3322,RGB,afa9c07ee8e9b880,2663,1
47787,0,Unknown Artist,4,landscape,4,Baroque,1818,1382,RGB,87f83e42708fb463,2664,1
56921,0,Unknown Artist,7,religious_painting,8,Early_Renaissance,1382,1850,RGB,a292eb2d683a5cd3,2665,1
70865,0,Unknown Artist,10,Unknown Genre,22,Rococo,1382,1725,RGB,9b8c5872656b26e9,2666,1
44806,0,Unknown Artist,2,genre_painting,11,High_Renaissance,1382,1712,RGB,f0855b6e9913857a,2667,1
20038,0,Unknown Artist,6,portrait,11,High_Renaissance,1382,1736,RGB,8c47bbb570982778,2668,1
71771,0,Unknown Artist,10,Unknown Genre,17,Northern_Renaissance,2561,1382,RGB,ca5cb9ce4c20d3ce,2669,1
70424,0,Unknown Artist,10,Unknown Genre,4,Baroque,2179,1382,RGB,85b34a553d76cc51,2670,1
35204,0,Unknown Artist,7,religious_painting,11,High_Renaissance,1382,2077,RGB,92a55d1e9a4b586b,2671,1
63585,0,Unknown Artist,6,portrait,22,Rococo,1382,2305,RGB,f2e96b2464d6491b,2672,1
34221,58,pietro-perugino,7,religious_painting,8,Early_Renaissance,2308,1382,RGB,8903b66ff7506465,2673,1
23365,82,paolo-veronese,7,religious_painting,13,Mannerism_Late_Renaissance,1382,2166,RGB,ffca49b5966a2160,2674,1
62237,24,leonardo-da-vinci,8,sketch_and_study,8,Early_Renaissance,1904,1382,RGB,956b66e1c1159d1e,2675,1
61954,0,Unknown Artist,8,sketch_and_study,8,Early_Renaissance,2075,1382,RGB,faa58516955bc561,2676,1
17741,20,rembrandt,6,portrait,4,Baroque,1382,1749,RGB,ccce33701ce66633,2677,1
63194,0,Unknown Artist,6,portrait,22,Rococo,1382,1608,RGB,cd3834e7929e8999,2678,1
48967,0,Unknown Artist,2,genre_painting,4,Baroque,1382,1783,RGB,cc93a324cc799b66,2679,1
64738,0,Unknown Artist,6,portrait,22,Rococo,1382,1774,RGB,cc8c3331716d7363,2680,1
39755,0,Unknown Artist,7,religious_painting,8,Early_Renaissance,1382,1857,RGB,d215e8d225e529eb,2681,1
39630,58,pietro-perugino,7,religious_painting,8,Early_Renaissance,2250,1382,RGB,d1841bda1e35b4b9,2682,1
29599,24,leonardo-da-vinci,7,religious_painting,11,High_Renaissance,1382,1770,RGB,951639e869379b68,2683,1
79999,0,Unknown Artist,10,Unknown Genre,22,Rococo,1382,1824,RGB,cad64e4b736c1d41,2684,1
47075,0,Unknown Artist,7,religious_painting,8,Early_Renaissance,1382,1873,RGB,aff1c5e294699618,2685,1
26549,103,hans-memling,7,religious_painting,17,Northern_Renaissance,1382,2095,RGB,e9c803e354d96c1f,2686,1
52038,126,thomas-gainsborough,4,landscape,22,Rococo,1802,1382,RGB,c7e9189d279a9b21,2687,1
20952,82,paolo-veronese,7,religious_painting,13,Mannerism_Late_Renaissance,2020,1382,RGB,e5f3184d0ab4a5e9,2688,1
29797,0,Unknown Artist,7,religious_painting,8,Early_Renaissance,1382,2798,RGB,ed90123bbb798d84,2689,1
53884,0,Unknown Artist,2,genre_painting,4,Baroque,1678,1382,RGB,c41f6be096ce3c31,2690,1
18102,25,albrecht-durer,6,portrait,17,Northern_Renaissance,1382,1965,RGB,cc376318e307cd33,2691,1
47382,87,michelangelo,8,sketch_and_study,11,High_Renaissance,1382,1934,RGB,a7f619d94981c6e4,2692,1
50349,0,Unknown Artist,7,religious_painting,8,Early_Renaissance,2007,1382,RGB,c9fd5b09a29296c3,2693,1
5419,20,rembrandt,2,genre_painting,4,Baroque,1960,1382,RGB,c29e33f13de16c0c,2694,1
78726,0,Unknown Artist,10,Unknown Genre,4,Baroque,1681,1382,RGB,901c6563c96f2eb6,2695,1
28689,0,Unknown Artist,8,sketch_and_study,17,Northern_Renaissance,1382,2152,RGB,b0b19fd0d249ad2d,2696,1
49379,0,Unknown Artist,7,religious_painting,22,Rococo,1382,2572,RGB,ecc812975c69a7b2,2697,1
78688,0,Unknown Artist,10,Unknown Genre,4,Baroque,2183,1382,RGB,80e4f2f8ee9f9301,2698,1
36970,0,Unknown Artist,7,religious_painting,13,Mannerism_Late_Renaissance,1842,1382,RGB,9cc1725a629bab8d,2699,1
24907,0,Unknown Artist,7,religious_painting,8,Early_Renaissance,1382,1581,RGB,b9ccd49ac48ae695,2700,1
27682,103,hans-memling,6,portrait,17,Northern_Renaissance,1382,1926,RGB,adfc70408fdb8ac4,2701,1
65084,0,Unknown Artist,6,portrait,22,Rococo,1382,1712,RGB,ecdc1a78732230f3,2702,1
23656,0,Unknown Artist,6,portrait,22,Rococo,1382,1667,RGB,c81d66733e86c99c,2703,1
47071,0,Unknown Artist,7,religious_painting,8,Early_Renaissance,1382,2223,RGB,a8fb3684c5a5d2b4,2704,1
9947,25,albrecht-durer,7,religious_painting,17,Northern_Renaissance,1382,2004,RGB,cc6cb59e92834b78,2705,1
26935,0,Unknown Artist,2,genre_painting,4,Baroque,1382,1927,RGB,afba78a0a3e4b0d1,2706,1
30328,0,Unknown Artist,2,genre_painting,22,Rococo,1382,1846,RGB,dec6d0384c365b93,2707,1
23342,126,thomas-gainsborough,6,portrait,22,Rococo,1382,1746,RGB,9c6c389767433371,2708,1
19910,117,hans-holbein-the-younger,8,sketch_and_study,17,Northern_Renaissance,1382,1982,RGB,f86165a7571ae883,2709,1
65813,117,hans-holbein-the-younger,6,portrait,17,Northern_Renaissance,1382,1896,RGB,88de69c668973671,2710,1
33897,0,Unknown Artist,2,genre_painting,4,Baroque,1382,1780,RGB,e4320bedfe24e843,2711,1
56911,0,Unknown Artist,7,religious_painting,8,Early_Renaissance,1883,1382,RGB,80af7df530d242d3,2712,1
39508,121,el-greco,6,portrait,13,Mannerism_Late_Renaissance,1382,1678,RGB,cb19c13ec4768766,2713,1
56039,0,Unknown Artist,7,religious_painting,17,Northern_Renaissance,1382,2597,RGB,d195170552774b5e,2714,1
56326,58,pietro-perugino,7,religious_painting,8,Early_Renaissance,1382,3370,RGB,8b2416cd363e61f9,2715,1
26231,0,Unknown Artist,2,genre_painting,22,Rococo,2189,1382,RGB,c8cbbf7d69e82024,2716,1
65754,0,Unknown Artist,6,portrait,22,Rococo,1382,1749,RGB,c2b63d41b7c96499,2717,1
42406,0,Unknown Artist,7,religious_painting,4,Baroque,1382,2186,RGB,cc61f2c3b65a29b2,2718,1
76590,0,Unknown Artist,10,Unknown Genre,22,Rococo,2288,1382,RGB,a3d55836b78960bc,2719,1
55747,24,leonardo-da-vinci,7,religious_painting,11,High_Renaissance,2554,1382,RGB,95357e8349cc8b6a,2720,1
79394,0,Unknown Artist,10,Unknown Genre,11,High_Renaissance,1932,1382,RGB,b9fcb41ad0c68783,2721,1
68672,0,Unknown Artist,10,Unknown Genre,11,High_Renaissance,2073,1382,RGB,bbb340445f9974d2,2722,1
7642,20,rembrandt,6,portrait,4,Baroque,1382,1594,RGB,c80d3263cfcc35d9,2723,1
41654,82,paolo-veronese,7,religious_painting,13,Mannerism_Late_Renaissance,1382,2707,RGB,9185126f6e99669b,2724,1
80066,0,Unknown Artist,10,Unknown Genre,22,Rococo,1382,1513,RGB,853a5ac737b1e8c1,2725,1
76630,0,Unknown Artist,10,Unknown Genre,17,Northern_Renaissance,1382,2093,RGB,c9c4ca3735183bb5,2726,1
26188,117,hans-holbein-the-younger,6,portrait,17,Northern_Renaissance,1396,1382,RGB,e3c2ec68b8e1c1e6,2727,1
44804,0,Unknown Artist,7,religious_painting,13,Mannerism_Late_Renaissance,1382,2250,RGB,ebe484deca1a1b51,2728,1
50068,61,bartolome-esteban-murillo,7,religious_painting,4,Baroque,1382,2110,RGB,cfcb696c243033e3,2729,1
56459,82,paolo-veronese,7,religious_painting,13,Mannerism_Late_Renaissance,2198,1382,RGB,919873b768cd0e4b,2730,1
46913,0,Unknown Artist,4,landscape,4,Baroque,2218,1382,RGB,81c96e39d96d348b,2731,1
56265,38,fra-angelico,7,religious_painting,8,Early_Renaissance,1382,1831,RGB,aac15cae6d1839f1,2732,1
29122,0,Unknown Artist,7,religious_painting,8,Early_Renaissance,1382,2799,RGB,a47c73337491a38e,2733,1
31393,0,Unknown Artist,8,sketch_and_study,13,Mannerism_Late_Renaissance,1382,1654,RGB,d5a462723cc9657a,2734,1
71413,0,Unknown Artist,10,Unknown Genre,17,Northern_Renaissance,1382,1888,RGB,faca816529b7c13a,2735,1
78723,0,Unknown Artist,10,Unknown Genre,4,Baroque,2432,1382,RGB,bd414a96353565b9,2736,1
36589,38,fra-angelico,7,religious_painting,8,Early_Renaissance,1665,1382,RGB,d1047e2b7fc9a226,2737,1
24087,103,hans-memling,7,religious_painting,17,Northern_Renaissance,1382,1976,RGB,946b4b24f1bb2716,2738,1
68033,0,Unknown Artist,10,Unknown Genre,11,High_Renaissance,1748,1382,RGB,aeb4121d5d9e4276,2739,1
50629,0,Unknown Artist,7,religious_painting,8,Early_Renaissance,1842,1382,RGB,862fad4e55a256b4,2740,1
80539,0,Unknown Artist,10,Unknown Genre,8,Early_Renaissance,1451,1382,RGB,9f047a3a68c74f4c,2741,1
76291,0,Unknown Artist,10,Unknown Genre,17,Northern_Renaissance,1382,1965,RGB,b7c8c7b76c082f18,2742,1
25215,67,tintoretto,6,portrait,13,Mannerism_Late_Renaissance,1382,1628,RGB,cc0cb9f225cb3563,2743,1
36915,0,Unknown Artist,7,religious_painting,13,Mannerism_Late_Renaissance,1382,1899,RGB,b46cbce1639c466c,2744,1
7683,20,rembrandt,7,religious_painting,4,Baroque,1382,1869,RGB,c99c3ed3f06c4c23,2745,1
57316,0,Unknown Artist,5,nude_painting,4,Baroque,1382,1842,RGB,be2e856b9137e181,2746,1
61749,0,Unknown Artist,9,still_life,4,Baroque,1382,1906,RGB,a72d735ae0867839,2747,1
79402,0,Unknown Artist,10,Unknown Genre,11,High_Renaissance,1640,1382,RGB,83d8510f0ffe2d34,2748,1
24781,0,Unknown Artist,7,religious_painting,4,Baroque,1382,1735,RGB,cc0c13737ba6c99c,2749,1
19404,0,Unknown Artist,7,religious_painting,8,Early_Renaissance,1824,1382,RGB,c0538bbca8f387ca,2750,1
31003,103,hans-memling,7,religious_painting,17,Northern_Renaissance,1629,1382,RGB,c799986636763326,2751,1
48603,87,michelangelo,7,religious_painting,11,High_Renaissance,2382,1382,RGB,8559326e2d78f165,2752,1
52349,0,Unknown Artist,8,sketch_and_study,17,Northern_Renaissance,1382,1993,RGB,82686dbc3c953dc3,2753,1
37417,0,Unknown Artist,7,religious_painting,11,High_Renaissance,1382,1770,RGB,9f624935f18d8e49,2754,1
11998,25,albrecht-durer,7,religious_painting,17,Northern_Renaissance,1381,2041,RGB,b2e106e7719ab48e,2755,1
6234,0,Unknown Artist,10,Unknown Genre,17,Northern_Renaissance,2263,1382,RGB,ae86957a52c92b36,2756,1
19403,0,Unknown Artist,7,religious_painting,8,Early_Renaissance,1556,1382,RGB,c7b17a980487771b,2757,1
45288,116,frans-hals,6,portrait,4,Baroque,2006,1382,RGB,d3e6280f80e3bf98,2758,1
69805,0,Unknown Artist,10,Unknown Genre,4,Baroque,1382,1781,RGB,d9db26662626e09b,2759,1
35534,67,tintoretto,6,portrait,13,Mannerism_Late_Renaissance,1382,1768,RGB,ce9cdc0739633331,2760,1
20553,0,Unknown Artist,6,portrait,22,Rococo,1382,1758,RGB,cc9c5373211fd0cd,2761,1
23153,0,Unknown Artist,8,sketch_and_study,8,Early_Renaissance,2159,1382,RGB,af95c082c7b1d27a,2762,1
50225,69,raphael,7,religious_painting,11,High_Renaissance,1382,1412,RGB,ea97b54ad45904bc,2763,1
24426,0,Unknown Artist,7,religious_painting,8,Early_Renaissance,1382,1465,RGB,daa4c1aae8cda4d9,2764,1
68376,0,Unknown Artist,10,Unknown Genre,11,High_Renaissance,1435,1382,RGB,9e10b69de5614da9,2765,1
9507,25,albrecht-durer,6,portrait,17,Northern_Renaissance,1382,2027,RGB,851df2b278f8e2a1,2766,1
50374,0,Unknown Artist,1,cityscape,22,Rococo,2189,1382,RGB,82f92f2cc1bc6c56,2767,2
50646,23,hieronymus-bosch,7,religious_painting,17,Northern_Renaissance,1382,1889,RGB,c29a43cb8b36d89b,2768,1
80051,0,Unknown Artist,10,Unknown Genre,22,Rococo,2071,1382,RGB,97a848370b9e6d96,2769,1
55193,0,Unknown Artist,2,genre_painting,22,Rococo,1382,1722,RGB,936b6c94624b91f5,2770,1
56944,0,Unknown Artist,7,religious_painting,8,Early_Renaissance,1718,1382,RGB,906736439f6c6b38,2771,1
24660,0,Unknown Artist,2,genre_painting,4,Baroque,1986,1382,RGB,f3f28e0c83969d23,2772,1
81085,0,Unknown Artist,10,Unknown Genre,17,Northern_Renaissance,1382,2020,RGB,eb79de4a2453b640,2773,1
48457,0,Unknown Artist,7,religious_painting,8,Early_Renaissance,1382,2545,RGB,9534e34b941ce9cd,2774,1
44952,82,paolo-veronese,6,portrait,13,Mannerism_Late_Renaissance,1382,1780,RGB,d58663b1cf999a24,2775,1
63065,67,tintoretto,6,portrait,13,Mannerism_Late_Renaissance,1382,1865,RGB,eec4964b1f613331,2776,1
31106,82,paolo-veronese,7,religious_painting,13,Mannerism_Late_Renaissance,1382,2207,RGB,b0a2232c9b7e3f86,2777,1
49966,0,Unknown Artist,7,religious_painting,8,Early_Renaissance,1382,1710,RGB,eea93eb6f2c61104,2778,1
17584,20,rembrandt,6,portrait,4,Baroque,1382,1842,RGB,9c6c61933768c69d,2779,1
3637,25,albrecht-durer,7,religious_painting,17,Northern_Renaissance,1382,1749,RGB,d8fa43972ccc2335,2780,1
8791,25,albrecht-durer,1,cityscape,17,Northern_Renaissance,2008,1382,RGB,fee29905668a9935,2781,1
33641,0,Unknown Artist,6,portrait,13,Mannerism_Late_Renaissance,1382,1696,RGB,944e2db263a3366b,2782,1
25758,0,Unknown Artist,7,religious_painting,8,Early_Renaissance,1382,1995,RGB,cc7eb1a17ec2854a,2783,1
47291,58,pietro-perugino,7,religious_painting,11,High_Renaissance,3030,1382,RGB,8b9437292e1ec9e5,2784,1
31980,0,Unknown Artist,6,portrait,22,Rococo,1382,1875,RGB,e1999eef26c832c4,2785,1
70830,0,Unknown Artist,10,Unknown Genre,13,Mannerism_Late_Renaissance,1922,1382,RGB,c03d8fc8f132d9b4,2786,1
49238,0,Unknown Artist,7,religious_painting,8,Early_Renaissance,1778,1382,RGB,92e76b3a4607da4a,2787,1
46718,0,Unknown Artist,2,genre_painting,22,Rococo,1521,1382,RGB,86163c59e9798f4a,2788,1
69420,0,Unknown Artist,10,Unknown Genre,4,Baroque,1658,1382,RGB,9093cc78765f7922,2789,1
50009,77,titian,6,portrait,11,High_Renaissance,1382,1785,RGB,8c4c3377cc193373,2790,1
21548,38,fra-angelico,7,religious_painting,8,Early_Renaissance,1382,1426,RGB,ce3ebce061e37032,2791,1
50567,0,Unknown Artist,1,cityscape,22,Rococo,1863,1382,RGB,c1c0fe1f2f22b84e,2792,1
57067,0,Unknown Artist,7,religious_painting,8,Early_Renaissance,1382,1867,RGB,c0943f396a363e4b,2793,1
55798,87,michelangelo,7,religious_painting,11,High_Renaissance,2187,1382,RGB,e2791ee6e1e0aaa2,671,2
9717,25,albrecht-durer,7,religious_painting,17,Northern_Renaissance,1382,1932,RGB,eecf88818b1cb9b1,2794,1
56070,103,hans-memling,7,religious_painting,17,Northern_Renaissance,1382,3120,RGB,bd93108fcc348fca,2795,1
38000,126,thomas-gainsborough,6,portrait,22,Rococo,1382,2183,RGB,cd7c5242b1af6893,2796,1
71077,0,Unknown Artist,10,Unknown Genre,4,Baroque,1382,1627,RGB,c3934dac1d7ad0a3,2797,1
79377,0,Unknown Artist,10,Unknown Genre,11,High_Renaissance,1382,3349,RGB,ebb437b5909485ca,2798,1
67855,0,Unknown Artist,10,Unknown Genre,11,High_Renaissance,1382,1967,RGB,f5c7ba2989096d26,2799,1
3953,25,albrecht-durer,7,religious_painting,17,Northern_Renaissance,1382,2113,RGB,aecff09e21d800db,2800,1
39928,0,Unknown Artist,8,sketch_and_study,17,Northern_Renaissance,1382,1915,RGB,fa3d1d0a1752a6b1,2801,1
58502,0,Unknown Artist,1,cityscape,4,Baroque,1692,1382,RGB,9fc5531c1b4648b7,2802,1
55997,0,Unknown Artist,7,religious_painting,8,Early_Renaissance,1382,1948,RGB,955f8b96133c682b,2803,1
62051,0,Unknown Artist,8,sketch_and_study,22,Rococo,1382,2005,RGB,8fc5383a63e487c3,2804,1
47347,0,Unknown Artist,7,religious_painting,8,Early_Renaissance,1382,1895,RGB,c9793f403c66e30b,2805,1
38298,67,tintoretto,6,portrait,13,Mannerism_Late_Renaissance,1382,1896,RGB,c91deba4522cf661,2806,1
32241,77,titian,7,religious_painting,11,High_Renaissance,1820,1382,RGB,809c8e2773768b67,2807,1
44668,0,Unknown Artist,7,religious_painting,8,Early_Renaissance,3103,1382,RGB,9ae9a59146c732d6,2808,1
48652,0,Unknown Artist,6,portrait,13,Mannerism_Late_Renaissance,1382,1760,RGB,93e7926d383c3895,2809,1
769,20,rembrandt,6,portrait,4,Baroque,1382,1770,RGB,ae4af1b7d06c84ca,2810,1
52404,77,titian,7,religious_painting,11,High_Renaissance,1679,1382,RGB,c9cc13c3ecfd2431,2811,1
78670,0,Unknown Artist,10,Unknown Genre,4,Baroque,1382,1944,RGB,9b1b94b56319987a,2812,1
56793,125,jacob-jordaens,7,religious_painting,4,Baroque,1382,1842,RGB,f1656c92764d3d24,2813,1
9537,25,albrecht-durer,6,portrait,17,Northern_Renaissance,1946,1382,RGB,fad8a5cac805b327,2814,1
34525,125,jacob-jordaens,2,genre_painting,4,Baroque,1914,1382,RGB,bc5703a9f9a68a8a,2815,1
29916,0,Unknown Artist,6,portrait,8,Early_Renaissance,1382,2106,RGB,da8965c9658787a6,2816,1
65608,126,thomas-gainsborough,6,portrait,22,Rococo,1382,2157,RGB,ce397297e884c3c3,2817,1
56093,0,Unknown Artist,7,religious_painting,4,Baroque,1755,1382,RGB,d26b1e6f5c1e62c0,2818,1
74487,0,Unknown Artist,10,Unknown Genre,13,Mannerism_Late_Renaissance,1382,1831,RGB,c23ef06d1e983d32,2819,1
54742,0,Unknown Artist,2,genre_painting,4,Baroque,2030,1382,RGB,cccfa31a5a215f68,2820,1
23282,87,michelangelo,8,sketch_and_study,11,High_Renaissance,1382,1900,RGB,fce4ca98e30fc470,2821,1
50426,0,Unknown Artist,7,religious_painting,4,Baroque,1382,1518,RGB,c03b384dccb63b78,2822,1
36868,0,Unknown Artist,7,religious_painting,8,Early_Renaissance,1382,4730,RGB,aba3d0f0f7408e27,2823,1
71127,0,Unknown Artist,10,Unknown Genre,4,Baroque,2021,1382,RGB,e1783c2ed023de0f,2824,1
44039,0,Unknown Artist,7,religious_painting,8,Early_Renaissance,1382,1669,RGB,f805433b35e613b9,2825,1
73487,0,Unknown Artist,10,Unknown Genre,13,Mannerism_Late_Renaissance,2238,1382,RGB,aa6d4a92e50df171,2826,1
34822,0,Unknown Artist,7,religious_painting,17,Northern_Renaissance,1382,1976,RGB,fb3ec0a2c49ce199,2827,1
17958,25,albrecht-durer,6,portrait,17,Northern_Renaissance,1382,2223,RGB,e5921ac96c6e934d,2828,1
26144,0,Unknown Artist,7,religious_painting,8,Early_Renaissance,1792,1382,RGB,972d1452c3ce6739,2829,1
42712,38,fra-angelico,7,religious_painting,8,Early_Renaissance,1382,1410,RGB,affaf175d024c203,2830,1
20494,77,titian,7,religious_painting,13,Mannerism_Late_Renaissance,1382,2128,RGB,d83437cb36f0d24a,2831,1
48752,83,joshua-reynolds,6,portrait,22,Rococo,1382,1695,RGB,d47f241be96532c8,2832,1
56184,0,Unknown Artist,7,religious_painting,13,Mannerism_Late_Renaissance,1382,1813,RGB,d0c62d29d22e6b73,2833,1
37458,0,Unknown Artist,7,religious_painting,8,Early_Renaissance,1382,1954,RGB,9b587ae2e2af2161,2834,1
52518,38,fra-angelico,8,sketch_and_study,8,Early_Renaissance,1851,1382,RGB,98cfc266413df21b,2835,1
41453,77,titian,2,genre_painting,13,Mannerism_Late_Renaissance,1998,1382,RGB,d7f499612e484c9b,2836,1
50949,24,leonardo-da-vinci,8,sketch_and_study,11,High_Renaissance,1382,1651,RGB,e972c1c5b63c8687,2837,1
46966,58,pietro-perugino,7,religious_painting,11,High_Renaissance,1382,1671,RGB,ef9be1bc2358083c,2838,1
32132,0,Unknown Artist,2,genre_painting,22,Rococo,1742,1382,RGB,dbf360d8d006d07e,2839,1
36286,0,Unknown Artist,8,sketch_and_study,13,Mannerism_Late_Renaissance,1382,2021,RGB,fd17b07e41916dc0,2840,1
71566,0,Unknown Artist,10,Unknown Genre,13,Mannerism_Late_Renaissance,2055,1382,RGB,e78ed4902b58f2c9,2841,1
79411,0,Unknown Artist,10,Unknown Genre,11,High_Renaissance,1412,1382,RGB,989731217a3f17f0,2842,1
30342,0,Unknown Artist,2,genre_painting,4,Baroque,1993,1382,RGB,d0f2f87f6ce040e1,2843,1
47059,0,Unknown Artist,7,religious_painting,13,Mannerism_Late_Renaissance,1831,1382,RGB,b3270c4a1f996da5,2844,1
27204,0,Unknown Artist,5,nude_painting,4,Baroque,1382,1843,RGB,af27913bd4c4e4a4,2845,1
50696,0,Unknown Artist,2,genre_painting,22,Rococo,1691,1382,RGB,a1e068b93f4ba365,2846,1
62238,114,anthony-van-dyck,8,sketch_and_study,4,Baroque,1382,1822,RGB,8b1acc6cc09c97f3,2847,1
56821,67,tintoretto,7,religious_painting,13,Mannerism_Late_Renaissance,2143,1382,RGB,c13be3ac6f208b35,2848,1
22310,0,Unknown Artist,7,religious_painting,22,Rococo,1680,1382,RGB,86ec6997764833e4,2849,1
32325,0,Unknown Artist,6,portrait,22,Rococo,1382,1758,RGB,cc1d33e1973c30cb,2850,1
50129,0,Unknown Artist,2,genre_painting,4,Baroque,1562,1382,RGB,a371d847c63c3c87,2851,1
49003,83,joshua-reynolds,6,portrait,22,Rococo,1382,1723,RGB,8d6930d666ad3663,2852,1
30587,0,Unknown Artist,7,religious_painting,8,Early_Renaissance,1382,3455,RGB,be61c77ce86e800b,2853,1
56277,0,Unknown Artist,7,religious_painting,11,High_Renaissance,1382,1952,RGB,a475c84a7552bbe1,2854,1
78448,0,Unknown Artist,10,Unknown Genre,13,Mannerism_Late_Renaissance,1382,1677,RGB,c9e872605cd37a36,2855,1
27755,0,Unknown Artist,4,landscape,4,Baroque,1731,1382,RGB,d4dc1d0de7eb6880,2856,1
63458,0,Unknown Artist,6,portrait,8,Early_Renaissance,1382,1997,RGB,9483b92d4d0e1fd6,2857,1
23518,0,Unknown Artist,2,genre_painting,4,Baroque,1596,1382,RGB,8ac5d52a1a2dba76,2858,1
31143,0,Unknown Artist,6,portrait,22,Rococo,1382,1813,RGB,c59c387a23337366,2859,1
33443,0,Unknown Artist,7,religious_painting,8,Early_Renaissance,1382,1418,RGB,d972356d1689e463,2860,1
20728,58,pietro-perugino,7,religious_painting,11,High_Renaissance,2591,1382,RGB,8eb68f681d291bc6,2861,1
9506,25,albrecht-durer,2,genre_painting,17,Northern_Renaissance,1382,2006,RGB,fec112958639cace,2862,1
37242,116,frans-hals,6,portrait,4,Baroque,1382,1901,RGB,834bf8343f51363c,2863,1
30549,0,Unknown Artist,4,landscape,4,Baroque,2088,1381,RGB,c5b80fd43a473c27,2864,1
56936,0,Unknown Artist,7,religious_painting,8,Early_Renaissance,1382,1745,RGB,fbb1e1cc9483c326,2865,1
56838,87,michelangelo,7,religious_painting,11,High_Renaissance,1433,1382,RGB,923964669ecc6d78,2866,1
26256,67,tintoretto,7,religious_painting,13,Mannerism_Late_Renaissance,3600,1382,RGB,c16acf300f17669b,2867,1
45700,0,Unknown Artist,2,genre_painting,8,Early_Renaissance,1382,1736,RGB,bbba66c6188d4a47,2868,1
56519,77,titian,7,religious_painting,11,High_Renaissance,2268,1382,RGB,c9c1e56bb438394e,2869,1
23853,0,Unknown Artist,7,religious_painting,8,Early_Renaissance,3796,1382,RGB,f5398e24cb659866,2870,1
20617,0,Unknown Artist,6,portrait,13,Mannerism_Late_Renaissance,1382,1749,RGB,cb433c3e73345cc1,2871,1
11661,0,Unknown Artist,10,Unknown Genre,17,Northern_Renaissance,1382,1905,RGB,b286cd393cc8e6a3,2872,1
50712,0,Unknown Artist,7,religious_painting,17,Northern_Renaissance,1382,1914,RGB,8594726b0fcd8576,2873,1
56171,38,fra-angelico,7,religious_painting,8,Early_Renaissance,1382,1952,RGB,9ee11d95975a4968,2874,1
31796,0,Unknown Artist,2,genre_painting,4,Baroque,1820,1382,RGB,caee3160f669c346,2875,1
56353,69,raphael,7,religious_painting,11,High_Renaissance,1382,1578,RGB,92f26c2d9f4b6413,2876,2
81115,0,Unknown Artist,10,Unknown Genre,17,Northern_Renaissance,2209,1382,RGB,903796fa6eccc1a4,2877,1
52669,67,tintoretto,6,portrait,13,Mannerism_Late_Renaissance,1677,1382,RGB,d3d2929c3c782d65,2878,1
51270,117,hans-holbein-the-younger,8,sketch_and_study,17,Northern_Renaissance,1382,1844,RGB,993d46c7a4b8f8b0,2879,1
56665,0,Unknown Artist,7,religious_painting,8,Early_Renaissance,1382,1847,RGB,af56508d6de13b90,2880,1
44859,77,titian,6,portrait,11,High_Renaissance,1382,1605,RGB,83c738393c5ac397,2881,1
55918,0,Unknown Artist,7,religious_painting,11,High_Renaissance,1382,1994,RGB,e2039dec3193f4ac,2882,1
56392,23,hieronymus-bosch,7,religious_painting,17,Northern_Renaissance,1614,1382,RGB,e4b187c5586d9987,2883,1
50134,0,Unknown Artist,6,portrait,17,Northern_Renaissance,1382,1906,RGB,ce8d3132dac5cc9a,2884,1
36535,0,Unknown Artist,7,religious_painting,17,Northern_Renaissance,1382,1794,RGB,cfb820c5b127f0dc,2885,1
51923,0,Unknown Artist,2,genre_painting,4,Baroque,2202,1382,RGB,8cee51292c7ce783,2886,1
50766,126,thomas-gainsborough,6,portrait,22,Rococo,1382,1785,RGB,8dac72c71932699b,2887,1
57146,69,raphael,7,religious_painting,11,High_Renaissance,1382,1411,RGB,c183a2c1ef307b6e,2245,2
38490,67,tintoretto,6,portrait,13,Mannerism_Late_Renaissance,1382,2932,RGB,cea7b098b2c8cec5,2888,1
81153,0,Unknown Artist,10,Unknown Genre,17,Northern_Renaissance,1510,1382,RGB,b4f3e385170b4a78,2889,1
36805,126,thomas-gainsborough,6,portrait,22,Rococo,1382,1754,RGB,8f38316763946e63,2890,1
22468,0,Unknown Artist,2,genre_painting,22,Rococo,2292,1382,RGB,93b6cf20c937219b,2891,1
36230,0,Unknown Artist,6,portrait,13,Mannerism_Late_Renaissance,1382,1776,RGB,e086303f73c08fcf,2892,1
1907,20,rembrandt,6,portrait,4,Baroque,1382,1823,RGB,be64c3936c0df03c,2893,1
21992,80,peter-paul-rubens,6,portrait,4,Baroque,1382,1731,RGB,ea1eb561c9a586ca,2894,1
20579,0,Unknown Artist,7,religious_painting,11,High_Renaissance,1382,1856,RGB,c7076c5a3595e20f,2895,1
52493,0,Unknown Artist,1,cityscape,22,Rococo,1382,1438,RGB,84a1727cbd2f4b51,2896,1
4150,25,albrecht-durer,6,portrait,17,Northern_Renaissance,1382,1997,RGB,ed6c1992379494cb,2897,1
52548,0,Unknown Artist,7,religious_painting,11,High_Renaissance,1382,1657,RGB,bcbf2249335911b6,2898,1
77054,0,Unknown Artist,10,Unknown Genre,13,Mannerism_Late_Renaissance,1382,1862,RGB,aca3724b19bcc6e1,2899,1
1950,20,rembrandt,7,religious_painting,4,Baroque,2189,1382,RGB,e1dd5f6aa8905a26,2900,1
76554,0,Unknown Artist,10,Unknown Genre,17,Northern_Renaissance,1382,1743,RGB,b4363d4e4b89726a,2901,1
29290,0,Unknown Artist,6,portrait,22,Rococo,1382,1849,RGB,8c626abd334a9bac,2902,1
35054,0,Unknown Artist,7,religious_painting,17,Northern_Renaissance,1382,1574,RGB,a6e133ea059c9367,2903,1
11094,25,albrecht-durer,8,sketch_and_study,17,Northern_Renaissance,1382,1914,RGB,e6b3d9d6216c06b2,2904,1
26008,61,bartolome-esteban-murillo,7,religious_painting,4,Baroque,1812,1381,RGB,d425927c8d4aff0a,2905,1
55995,0,Unknown Artist,7,religious_painting,11,High_Renaissance,1382,2039,RGB,fea8a1a1af8c81c7,2906,1
74386,0,Unknown Artist,10,Unknown Genre,22,Rococo,1706,1382,RGB,c72c39b94ca7934c,2907,1
70803,0,Unknown Artist,10,Unknown Genre,13,Mannerism_Late_Renaissance,1689,1382,RGB,83eb4f87983ae074,2908,1
47109,121,el-greco,7,religious_painting,13,Mannerism_Late_Renaissance,1382,2129,RGB,f88df314d40f292d,2909,1
69676,0,Unknown Artist,10,Unknown Genre,22,Rococo,1382,1795,RGB,9dd84e26275ac6a3,2910,1
41455,0,Unknown Artist,7,religious_painting,11,High_Renaissance,2067,1382,RGB,813bc23d6a867d6c,2911,1
20963,0,Unknown Artist,7,religious_painting,8,Early_Renaissance,1382,1955,RGB,beaac0d133c3e295,2912,1
49969,38,fra-angelico,7,religious_painting,8,Early_Renaissance,1382,1620,RGB,8a278f788105b5fe,2913,1
25139,0,Unknown Artist,6,portrait,4,Baroque,1382,1756,RGB,d39c6da33e689087,2914,1
62300,23,hieronymus-bosch,8,sketch_and_study,17,Northern_Renaissance,1382,2209,RGB,e96a78731010cf7e,2915,1
40740,0,Unknown Artist,4,landscape,4,Baroque,2885,1382,RGB,d0874d6abc9f2784,2916,1
70443,0,Unknown Artist,10,Unknown Genre,17,Northern_Renaissance,1919,1382,RGB,c7a686b5f258187a,2917,1
29379,0,Unknown Artist,6,portrait,4,Baroque,1382,1826,RGB,9959466666a67653,2918,1
57757,0,Unknown Artist,1,cityscape,22,Rococo,1881,1382,RGB,9fe0693d0d92663c,1675,2
56240,0,Unknown Artist,7,religious_painting,11,High_Renaissance,1382,3240,RGB,9a9e6b48a533acd1,2919,1
41404,0,Unknown Artist,8,sketch_and_study,17,Northern_Renaissance,1382,1782,RGB,e6b51b0fe19ac071,2920,1
80010,0,Unknown Artist,10,Unknown Genre,22,Rococo,1640,1382,RGB,fdf4422a9894b45b,2921,1
42034,0,Unknown Artist,2,genre_painting,4,Baroque,1382,1839,RGB,ee3a81e4b4a5e5c4,2922,1
19930,0,Unknown Artist,7,religious_painting,17,Northern_Renaissance,1382,1572,RGB,87a42f29293f56c6,2923,1
17778,20,rembrandt,5,nude_painting,4,Baroque,1382,2229,RGB,ee2a633791638791,2924,1
26437,67,tintoretto,6,portrait,13,Mannerism_Late_Renaissance,1382,1736,RGB,dc99636664ccd893,2925,1
80025,0,Unknown Artist,10,Unknown Genre,22,Rococo,1381,2187,RGB,d21f6d9117663865,2926,1
56094,0,Unknown Artist,7,religious_painting,13,Mannerism_Late_Renaissance,1382,1928,RGB,fd2d1e42915e0b8d,2927,1
79998,0,Unknown Artist,10,Unknown Genre,22,Rococo,1382,1605,RGB,ff3ad0c42638e989,2928,1
28504,0,Unknown Artist,6,portrait,4,Baroque,1382,1794,RGB,f44c07e132936d9e,2929,1
56068,67,tintoretto,7,religious_painting,13,Mannerism_Late_Renaissance,4973,1382,RGB,83a824fdd90f7079,2930,1
40190,0,Unknown Artist,3,illustration,8,Early_Renaissance,2407,1382,RGB,d90d4f701ec889cf,2931,1
24449,61,bartolome-esteban-murillo,7,religious_painting,4,Baroque,1382,2075,RGB,edc993a4c0399cce,2932,1
20804,0,Unknown Artist,4,landscape,4,Baroque,1767,1382,RGB,d4c9860aea762d9b,2933,1
20423,103,hans-memling,7,religious_painting,17,Northern_Renaissance,1382,1858,RGB,ccb4331f4f46f091,2934,1
50747,0,Unknown Artist,7,religious_painting,11,High_Renaissance,1382,2000,RGB,9febfeac30c18540,2935,1
56456,0,Unknown Artist,7,religious_painting,17,Northern_Renaissance,2367,1382,RGB,d0fae4d6cd0f2a28,2936,1
24609,0,Unknown Artist,7,religious_painting,4,Baroque,2567,1382,RGB,852dad19ba4ba31d,2937,1
50571,77,titian,7,religious_painting,11,High_Renaissance,1382,1718,RGB,ac3b44739924b6cb,2938,1
30678,0,Unknown Artist,7,religious_painting,13,Mannerism_Late_Renaissance,2099,1382,RGB,c11c4f3b0c643f67,2939,1
28286,23,hieronymus-bosch,7,religious_painting,17,Northern_Renaissance,1382,1578,RGB,a1f483297ec79964,2940,1
72921,0,Unknown Artist,10,Unknown Genre,4,Baroque,1382,1843,RGB,ea4a953bc09792b5,2941,1
29029,0,Unknown Artist,1,cityscape,17,Northern_Renaissance,1382,1727,RGB,9887a178dab62579,2942,1
20374,0,Unknown Artist,2,genre_painting,4,Baroque,2038,1382,RGB,c37f9c40f025d39c,2943,1
77002,0,Unknown Artist,10,Unknown Genre,11,High_Renaissance,1382,2010,RGB,f86a159f419612eb,2944,1
73700,0,Unknown Artist,10,Unknown Genre,4,Baroque,1382,1795,RGB,819e737e24c13e63,2945,1
56834,0,Unknown Artist,7,religious_painting,8,Early_Renaissance,1382,1813,RGB,9ca44fb17c3c834e,2946,1
21958,0,Unknown Artist,7,religious_painting,11,High_Renaissance,1382,2355,RGB,916e76bc09b696c8,2947,1
80013,0,Unknown Artist,10,Unknown Genre,22,Rococo,1382,1659,RGB,98f0169fb2a2c96b,2948,1
20631,0,Unknown Artist,2,genre_painting,4,Baroque,1382,1614,RGB,926de912b6699d15,2949,1
42375,125,jacob-jordaens,7,religious_painting,4,Baroque,2330,1381,RGB,d4e41adcb731d078,2950,1
27771,0,Unknown Artist,7,religious_painting,8,Early_Renaissance,1382,2349,RGB,ac96db698726924b,2951,1
56309,0,Unknown Artist,7,religious_painting,8,Early_Renaissance,2068,1382,RGB,c5373b6ce264a513,2952,1
32988,0,Unknown Artist,7,religious_painting,8,Early_Renaissance,1382,2617,RGB,c8cc33f14765a726,2953,1
29610,0,Unknown Artist,6,portrait,22,Rococo,1382,1667,RGB,cc3067db3166cacc,2954,1
58589,0,Unknown Artist,1,cityscape,22,Rococo,2093,1382,RGB,e6e53d11936bd406,2955,1
72917,0,Unknown Artist,10,Unknown Genre,22,Rococo,1382,1485,RGB,9d121b6fc91b846b,2956,1
20337,77,titian,7,religious_painting,11,High_Renaissance,1697,1382,RGB,c12e3ef0970fa916,2957,1
20884,0,Unknown Artist,9,still_life,22,Rococo,1777,1381,RGB,d2bea58933e01cf2,2958,1
55678,0,Unknown Artist,7,religious_painting,11,High_Renaissance,2588,1382,RGB,90cf74631ae831f6,2959,1
38287,38,fra-angelico,7,religious_painting,8,Early_Renaissance,1382,1442,RGB,9b6c60b6e589d88d,2960,1
1558,20,rembrandt,2,genre_painting,4,Baroque,1382,1544,RGB,e49b59ec4d66066a,2961,1
35966,0,Unknown Artist,7,religious_painting,4,Baroque,1382,1915,RGB,bf30f9e0e432e431,2962,1
37357,0,Unknown Artist,6,portrait,22,Rococo,1382,1892,RGB,ccf2220ebd948e3d,2963,1
46991,0,Unknown Artist,8,sketch_and_study,8,Early_Renaissance,1382,1873,RGB,c0cf4b0b29b65765,2964,1
35504,0,Unknown Artist,6,portrait,22,Rococo,1382,1834,RGB,cc0d8e307323377b,2965,1
34768,0,Unknown Artist,7,religious_painting,11,High_Renaissance,1382,1740,RGB,db2da023ca06ff52,2966,1
64977,0,Unknown Artist,6,portrait,22,Rococo,1382,2151,RGB,d9b664cb0e6007fc,2967,1
32508,69,raphael,7,religious_painting,11,High_Renaissance,1779,1382,RGB,d30bcc3bc2a00ff9,2968,1
23424,0,Unknown Artist,7,religious_painting,8,Early_Renaissance,1418,1382,RGB,f430356f8f0f0b4c,2969,1
10091,25,albrecht-durer,7,religious_painting,17,Northern_Renaissance,1910,1382,RGB,cbb89325b86ef428,2970,1
43557,103,hans-memling,7,religious_painting,17,Northern_Renaissance,2000,1382,RGB,a612e74c9de498e5,2971,1
33519,0,Unknown Artist,2,genre_painting,4,Baroque,2358,1382,RGB,b6a3cc18893fe84b,2972,1
44557,0,Unknown Artist,8,sketch_and_study,8,Early_Renaissance,2045,1382,RGB,eaefb49485926293,2973,1
21952,116,frans-hals,6,portrait,4,Baroque,1382,1663,RGB,ab923ca1c10f9fe4,2974,1
77160,0,Unknown Artist,10,Unknown Genre,22,Rococo,1382,1679,RGB,dc33e3cc89d23668,2975,1
56521,82,paolo-veronese,7,religious_painting,13,Mannerism_Late_Renaissance,2194,1382,RGB,ee6dd06bd812b928,2976,1
32423,0,Unknown Artist,6,portrait,22,Rococo,1381,1640,RGB,be6ce1c39071c699,2977,1
36712,0,Unknown Artist,6,portrait,22,Rococo,1382,1931,RGB,c1610e5ef8663dc9,2978,1
20472,80,peter-paul-rubens,7,religious_painting,4,Baroque,1382,2032,RGB,96096c92b366736b,2979,1
63191,0,Unknown Artist,6,portrait,22,Rococo,1382,1701,RGB,996a27a6f2639c98,2980,1
63052,0,Unknown Artist,6,portrait,13,Mannerism_Late_Renaissance,1382,1813,RGB,cd04fbe4125ed383,2981,1
71286,0,Unknown Artist,10,Unknown Genre,4,Baroque,1382,1697,RGB,c6dc19fb603a7c60,2982,2
27489,0,Unknown Artist,6,portrait,8,Early_Renaissance,1382,2134,RGB,afbc50cbd0c3d243,2983,1
28970,0,Unknown Artist,2,genre_painting,4,Baroque,1382,1727,RGB,f784d832c56d8175,2984,1
49460,67,tintoretto,7,religious_painting,13,Mannerism_Late_Renaissance,1860,1382,RGB,e30e1dc3a93ce271,2985,1
42590,87,michelangelo,8,sketch_and_study,11,High_Renaissance,1382,2127,RGB,f68ba15a2d2ad907,2986,1
43112,0,Unknown Artist,7,religious_painting,8,Early_Renaissance,1382,1960,RGB,bdc2603dc36c93d2,2987,1
63586,0,Unknown Artist,6,portrait,22,Rococo,1382,1641,RGB,da0d3267396427b3,2988,1
80026,0,Unknown Artist,10,Unknown Genre,22,Rococo,1382,1831,RGB,c3c47c33171de83c,2989,1
42295,0,Unknown Artist,7,religious_painting,13,Mannerism_Late_Renaissance,1382,1842,RGB,c82f755727c10673,2990,1
23585,0,Unknown Artist,7,religious_painting,13,Mannerism_Late_Renaissance,1382,1918,RGB,c4eb716703116eec,2991,1
28470,0,Unknown Artist,6,portrait,4,Baroque,1382,1677,RGB,b094576b6b2c6666,2992,1
45241,0,Unknown Artist,8,sketch_and_study,13,Mannerism_Late_Renaissance,2062,1382,RGB,f972f3088f1785c2,2993,1
56690,67,tintoretto,7,religious_painting,13,Mannerism_Late_Renaissance,1382,2091,RGB,dfd86026051b5b3e,2994,1
56027,0,Unknown Artist,7,religious_painting,11,High_Renaissance,1382,1655,RGB,837dd640353c2f0f,2995,1
18022,25,albrecht-durer,6,portrait,17,Northern_Renaissance,1382,1805,RGB,a9291692939dcccf,2996,1
34927,0,Unknown Artist,7,religious_painting,17,Northern_Renaissance,1382,2301,RGB,a9c95c31cec3a936,2997,1
19508,38,fra-angelico,7,religious_painting,8,Early_Renaissance,1612,1382,RGB,db142bac30fc4177,2998,1
11194,20,rembrandt,2,genre_painting,4,Baroque,1382,1819,RGB,afc09c3bc125f01f,2999,1
4552,20,rembrandt,6,portrait,4,Baroque,1382,1732,RGB,8c6c33e33133ccce,1225,2
56977,0,Unknown Artist,7,religious_painting,11,High_Renaissance,1382,1861,RGB,8a9749716c9e37b0,3000,1
57052,0,Unknown Artist,7,religious_painting,17,Northern_Renaissance,1382,2020,RGB,cd1d39624ea272b6,3001,1
56770,0,Unknown Artist,7,religious_painting,11,High_Renaissance,1382,1780,RGB,ce67319066cd8e74,3002,1
56686,29,lucas-cranach-the-elder,7,religious_painting,17,Northern_Renaissance,1382,1883,RGB,cc0f6c4627fc3970,3003,1
36471,0,Unknown Artist,6,portrait,4,Baroque,1382,1561,RGB,b146e91aa5645af9,3004,1
43098,87,michelangelo,7,religious_painting,11,High_Renaissance,2279,1382,RGB,c718760b2d3eb878,3005,1
78456,0,Unknown Artist,10,Unknown Genre,13,Mannerism_Late_Renaissance,1382,1920,RGB,9a902567db682d3d,3006,1
76667,0,Unknown Artist,10,Unknown Genre,11,High_Renaissance,1705,1382,RGB,9bfc3c38dce682c0,3007,1
63919,0,Unknown Artist,6,portrait,22,Rococo,1382,1802,RGB,8cb9736631668e59,3008,1
76410,0,Unknown Artist,10,Unknown Genre,13,Mannerism_Late_Renaissance,1566,1382,RGB,c3c2868da5e3b83e,3009,1
39473,58,pietro-perugino,7,religious_painting,8,Early_Renaissance,1382,2530,RGB,8e3531c217d33db8,3010,1
36778,0,Unknown Artist,7,religious_painting,22,Rococo,4262,1382,RGB,919cda990dc42f76,3011,1
51492,121,el-greco,7,religious_painting,13,Mannerism_Late_Renaissance,1382,2207,RGB,ea6cb3cf834a9c30,3012,1
23254,0,Unknown Artist,6,portrait,22,Rococo,1382,1738,RGB,8c8d733333ccc387,3013,1
50826,24,leonardo-da-vinci,6,portrait,11,High_Renaissance,1382,1877,RGB,b4b049cb3ff6441a,3014,1
28397,0,Unknown Artist,6,portrait,22,Rococo,1778,1382,RGB,91b26ec4ca3969cb,3015,1
22510,0,Unknown Artist,7,religious_painting,8,Early_Renaissance,1382,1730,RGB,98e934b441c7c63f,3016,1
65993,114,anthony-van-dyck,6,portrait,4,Baroque,1572,1382,RGB,c06a3d65f8e29d49,3017,1
78468,0,Unknown Artist,10,Unknown Genre,13,Mannerism_Late_Renaissance,1382,1838,RGB,a85573aa17c3398d,3018,1
79372,0,Unknown Artist,10,Unknown Genre,11,High_Renaissance,2284,1382,RGB,9e181ba0e4e42df7,3019,1
46419,0,Unknown Artist,6,portrait,8,Early_Renaissance,1382,2171,RGB,8aa07fea9c3d8136,3020,1
25549,0,Unknown Artist,6,portrait,22,Rococo,1382,1622,RGB,991969d2877c2177,3021,1
29774,69,raphael,7,religious_painting,11,High_Renaissance,1382,2302,RGB,c4bc34439d4dcbc3,3022,1
79382,0,Unknown Artist,10,Unknown Genre,11,High_Renaissance,1382,1836,RGB,afbd7260f6cae001,3023,1
53445,0,Unknown Artist,2,genre_painting,22,Rococo,1382,1728,RGB,ce3038cd897336dc,3024,1
38333,0,Unknown Artist,7,religious_painting,13,Mannerism_Late_Renaissance,1385,1382,RGB,b6e58270f9dcb260,3025,1
775,25,albrecht-durer,2,genre_painting,17,Northern_Renaissance,1382,1889,RGB,ec93c32c3876874b,3026,1
38892,0,Unknown Artist,6,portrait,11,High_Renaissance,1382,1661,RGB,868f4c7c25b37313,3027,1
75605,0,Unknown Artist,10,Unknown Genre,22,Rococo,2790,1382,RGB,cbd4491576e7121d,3028,1
21844,0,Unknown Artist,7,religious_painting,8,Early_Renaissance,3735,1382,RGB,bfa5176027e16943,3029,1
35107,0,Unknown Artist,2,genre_painting,22,Rococo,1382,2298,RGB,fcc219775811a579,3030,1
81137,0,Unknown Artist,10,Unknown Genre,17,Northern_Renaissance,1382,1801,RGB,8f3d3067cbd2cc90,3031,1
56231,87,michelangelo,7,religious_painting,11,High_Renaissance,2556,1382,RGB,929d664e297ac91d,3032,1
49002,0,Unknown Artist,7,religious_painting,8,Early_Renaissance,1382,2020,RGB,cd8337f473632948,3033,1
3517,25,albrecht-durer,7,religious_painting,17,Northern_Renaissance,1382,1926,RGB,be8991a1d32b5ec8,3034,1
39120,121,el-greco,7,religious_painting,13,Mannerism_Late_Renaissance,1382,1810,RGB,c2bc26c24f728ed3,3035,1
63525,0,Unknown Artist,6,portrait,13,Mannerism_Late_Renaissance,1382,1742,RGB,8c6e37b14eb170c9,3036,1
32888,82,paolo-veronese,6,portrait,13,Mannerism_Late_Renaissance,1382,1661,RGB,d9d865375a8c6463,3037,1
71631,0,Unknown Artist,10,Unknown Genre,4,Baroque,1382,1787,RGB,cc3e319b6d68c668,3038,1
29863,114,anthony-van-dyck,7,religious_painting,4,Baroque,1382,1903,RGB,9aec6a624d933363,3039,1
69485,0,Unknown Artist,10,Unknown Genre,11,High_Renaissance,1382,1844,RGB,c1b60f67a232e786,3040,1
46881,0,Unknown Artist,6,portrait,13,Mannerism_Late_Renaissance,1382,1754,RGB,cf6ee1307ab0331a,3041,1
21069,0,Unknown Artist,7,religious_painting,13,Mannerism_Late_Renaissance,2213,1382,RGB,9298c89c6b2b173f,3042,1
68163,0,Unknown Artist,10,Unknown Genre,4,Baroque,1382,1685,RGB,d496387925796363,3043,1
36807,0,Unknown Artist,7,religious_painting,4,Baroque,1677,1382,RGB,8aa525d0ef3d09dc,3044,1
32826,0,Unknown Artist,7,religious_painting,8,Early_Renaissance,1382,2635,RGB,85f81e86fc9f00ba,3045,1
56851,0,Unknown Artist,7,religious_painting,4,Baroque,1382,1687,RGB,84d55d2add28476d,3046,1
28183,0,Unknown Artist,6,portrait,11,High_Renaissance,1382,1592,RGB,966969967466969a,3047,1
44685,80,peter-paul-rubens,7,religious_painting,4,Baroque,1382,1906,RGB,9a92246ce93bd792,3048,1
33672,58,pietro-perugino,7,religious_painting,11,High_Renaissance,1424,1382,RGB,8e6435c3941ebbc3,3049,1
72550,0,Unknown Artist,10,Unknown Genre,4,Baroque,1496,1382,RGB,8080a867b63bff4d,3050,1
23050,0,Unknown Artist,7,religious_painting,8,Early_Renaissance,1382,1731,RGB,c4b03cf6165acb1b,3051,1
23747,117,hans-holbein-the-younger,7,religious_painting,17,Northern_Renaissance,1382,1495,RGB,ec8553b8c7ce1c23,3052,1
56056,38,fra-angelico,7,religious_painting,8,Early_Renaissance,1634,1382,RGB,82315b629f89876f,3053,1
26235,77,titian,6,portrait,11,High_Renaissance,1382,1989,RGB,cd0833f3278cd88f,3054,1
50708,103,hans-memling,7,religious_painting,17,Northern_Renaissance,1382,1965,RGB,95922339bd3033cf,3055,1
40965,0,Unknown Artist,6,portrait,8,Early_Renaissance,1382,2131,RGB,fc0f81628f78a974,3056,1
38015,0,Unknown Artist,2,genre_painting,4,Baroque,1652,1382,RGB,8f3781e4a60dd966,3057,1
43638,24,leonardo-da-vinci,8,sketch_and_study,8,Early_Renaissance,1772,1382,RGB,9eccf09b0b5e3494,3058,1
32732,0,Unknown Artist,7,religious_painting,17,Northern_Renaissance,2069,1382,RGB,84f65f0f3832723c,3059,1
56404,29,lucas-cranach-the-elder,7,religious_painting,17,Northern_Renaissance,1382,2008,RGB,d99ae061928d7e35,3060,1
56608,0,Unknown Artist,7,religious_painting,17,Northern_Renaissance,1382,1799,RGB,c086ff90d1fc48f8,3061,1
8207,20,rembrandt,7,religious_painting,4,Baroque,1382,1895,RGB,f64c4927a33c9e52,3062,1
56724,0,Unknown Artist,7,religious_painting,8,Early_Renaissance,1479,1382,RGB,d88d09b4c7ec5f12,3063,1
5011,20,rembrandt,6,portrait,4,Baroque,1382,1668,RGB,8ca433736ac78dcc,3064,1
39330,0,Unknown Artist,7,religious_painting,8,Early_Renaissance,2104,1382,RGB,b4c3c3f01b347c78,3065,1
56934,67,tintoretto,7,religious_painting,13,Mannerism_Late_Renaissance,1382,2288,RGB,d1c6469516597c76,3066,1
41835,0,Unknown Artist,6,portrait,11,High_Renaissance,1382,1901,RGB,cc0d3ef311e626b8,1106,2
33321,0,Unknown Artist,7,religious_painting,11,High_Renaissance,1898,1382,RGB,83e9bcb83872e1c3,3067,1
65170,77,titian,6,portrait,11,High_Renaissance,1382,1746,RGB,8c542397726bdd32,3068,1
74024,0,Unknown Artist,10,Unknown Genre,13,Mannerism_Late_Renaissance,2114,1382,RGB,96cb4d5a603587b9,3069,1
31950,0,Unknown Artist,7,religious_painting,8,Early_Renaissance,1382,1629,RGB,bd58c267961b9874,3070,1
50736,67,tintoretto,7,religious_painting,13,Mannerism_Late_Renaissance,1887,1382,RGB,85287997c3336d3a,3071,1
56747,58,pietro-perugino,7,religious_painting,11,High_Renaissance,1382,1420,RGB,e587da2b7a0a05f1,3072,1
49000,0,Unknown Artist,7,religious_painting,17,Northern_Renaissance,1600,1382,RGB,c09dd4c8c5c4f676,3073,1
10337,20,rembrandt,7,religious_painting,4,Baroque,1382,1828,RGB,baba2eece8b2a0a4,3074,1
78658,0,Unknown Artist,10,Unknown Genre,4,Baroque,1382,1917,RGB,acf55323d6c2491d,3075,1
33701,83,joshua-reynolds,6,portrait,22,Rococo,1382,1673,RGB,fb9997268463919c,3076,1
22210,126,thomas-gainsborough,6,portrait,22,Rococo,1382,1875,RGB,ae98f162b033c763,3077,1
58443,0,Unknown Artist,1,cityscape,22,Rococo,2251,1382,RGB,80952d6a6ad6572f,3078,1
56965,0,Unknown Artist,7,religious_painting,13,Mannerism_Late_Renaissance,1382,1936,RGB,ce8e81b05baf6c91,3079,1
26026,114,anthony-van-dyck,6,portrait,4,Baroque,1382,1771,RGB,d99d0d3366668e0e,3080,1
36719,87,michelangelo,8,sketch_and_study,11,High_Renaissance,1382,1828,RGB,b058dc3791cf4743,3081,1
48329,110,joseph-wright,2,genre_painting,22,Rococo,1382,1727,RGB,b4bf89939e69e024,3082,1
34770,24,leonardo-da-vinci,8,sketch_and_study,11,High_Renaissance,1382,1725,RGB,b1b99cc6c7649938,3083,1
17693,20,rembrandt,7,religious_painting,4,Baroque,1705,1382,RGB,bec1b53fc048c32b,3084,1
75633,0,Unknown Artist,10,Unknown Genre,11,High_Renaissance,1382,1412,RGB,fef3438ca0d605e1,1527,2
24534,126,thomas-gainsborough,4,landscape,22,Rococo,1920,1382,RGB,92fecc814060b77f,3085,1
7697,25,albrecht-durer,7,religious_painting,17,Northern_Renaissance,1382,1898,RGB,e8c3c76cd0d95266,3086,1
71881,0,Unknown Artist,10,Unknown Genre,4,Baroque,2255,1382,RGB,d8e32533c67d490e,3087,1
50229,38,fra-angelico,7,religious_painting,8,Early_Renaissance,1382,2409,RGB,d00e3d6bedb0e226,3088,1
56708,0,Unknown Artist,7,religious_painting,13,Mannerism_Late_Renaissance,1382,1923,RGB,a5054eedb41b4fd0,3089,1
12357,20,rembrandt,6,portrait,4,Baroque,1382,1705,RGB,997a669658219d5b,3090,1
18032,25,albrecht-durer,8,sketch_and_study,17,Northern_Renaissance,1382,1908,RGB,84632f577a3f0970,3091,1
37872,69,raphael,7,religious_painting,11,High_Renaissance,1382,1904,RGB,a48d92d23f9c5933,3092,1
564,0,Unknown Artist,10,Unknown Genre,17,Northern_Renaissance,1382,2020,RGB,b0179c58a1e7ce8b,3093,1
56422,0,Unknown Artist,7,religious_painting,11,High_Renaissance,2013,1382,RGB,d7d2d56d60190b8b,3094,1
78613,0,Unknown Artist,10,Unknown Genre,4,Baroque,1382,1741,RGB,d8594fa457723a85,3095,1
32659,0,Unknown Artist,6,portrait,11,High_Renaissance,1382,1708,RGB,cf4e36b0d11e3839,3096,1
56347,77,titian,7,religious_painting,11,High_Renaissance,2040,1382,RGB,d43426d22f3bc26b,3097,1
13342,25,albrecht-durer,7,religious_painting,17,Northern_Renaissance,1382,1817,RGB,90624f2ddf2cacb1,3098,1
46857,0,Unknown Artist,7,religious_painting,17,Northern_Renaissance,1382,2062,RGB,b49fbad09b488a9c,3099,1
56278,121,el-greco,7,religious_painting,13,Mannerism_Late_Renaissance,1382,3471,RGB,cd9c18473ea82d37,3100,1
7047,25,albrecht-durer,2,genre_painting,17,Northern_Renaissance,1382,2177,RGB,ebf293870ce854b8,3101,1
45696,80,peter-paul-rubens,7,religious_painting,4,Baroque,1382,1993,RGB,c1b8b4b79c87b4e0,3102,1
25709,58,pietro-perugino,7,religious_painting,8,Early_Renaissance,1382,1880,RGB,c8acb57356134a2f,3103,1
33702,0,Unknown Artist,7,religious_painting,11,High_Renaissance,1964,1382,RGB,a41f4ba5029f73c9,3104,1
78663,0,Unknown Artist,10,Unknown Genre,4,Baroque,1382,2132,RGB,b35f4ab53d4216e0,3105,1
34973,0,Unknown Artist,2,genre_painting,22,Rococo,1703,1382,RGB,d1c17cbe362b0d89,3106,1
78467,0,Unknown Artist,10,Unknown Genre,13,Mannerism_Late_Renaissance,2206,1382,RGB,f9afc7059845d815,3107,1
55978,67,tintoretto,7,religious_painting,13,Mannerism_Late_Renaissance,2374,1382,RGB,94cd1b99b8d4e8a3,3108,1
32153,0,Unknown Artist,7,religious_painting,4,Baroque,1382,1998,RGB,cd723b252392c8ed,3109,1
30719,0,Unknown Artist,2,genre_painting,4,Baroque,1382,1559,RGB,dcf93a8ec1a1263c,3110,1
26318,126,thomas-gainsborough,6,portrait,22,Rococo,1382,2325,RGB,d82d2625f347d91c,3111,1
70985,0,Unknown Artist,10,Unknown Genre,22,Rococo,1405,1382,RGB,b5e64819b14ece33,3112,1
47087,0,Unknown Artist,2,genre_painting,4,Baroque,1716,1382,RGB,d6dae139219701d7,3113,1
45512,0,Unknown Artist,7,religious_painting,22,Rococo,1382,1715,RGB,e18e1b316fc3705a,3114,1
11310,20,rembrandt,2,genre_painting,4,Baroque,1382,1509,RGB,89c53638f17991cd,3115,1
48991,0,Unknown Artist,6,portrait,22,Rococo,1382,1669,RGB,dc6933930b61d39c,3116,1
66265,58,pietro-perugino,6,portrait,8,Early_Renaissance,1382,2110,RGB,cfce383032b37331,3117,1
75565,0,Unknown Artist,10,Unknown Genre,22,Rococo,1382,1767,RGB,919ef0e167668399,3118,1
20866,0,Unknown Artist,7,religious_painting,8,Early_Renaissance,1382,3390,RGB,be3803dae42766c6,3119,1
47327,128,canaletto,1,cityscape,22,Rococo,2229,1382,RGB,d4bbcab04cb3e894,3120,1
33951,83,joshua-reynolds,6,portrait,22,Rococo,1382,1764,RGB,d6c61b6927872719,3121,1
36293,0,Unknown Artist,6,portrait,11,High_Renaissance,1382,1821,RGB,efa510503aabe5c6,3122,1
74712,0,Unknown Artist,10,Unknown Genre,8,Early_Renaissance,1382,1783,RGB,f0fc8a88b1d5cd83,3123,1
63953,0,Unknown Artist,6,portrait,22,Rococo,1382,1799,RGB,cc28f3439cce6b94,3124,1
40217,0,Unknown Artist,7,religious_painting,8,Early_Renaissance,1382,2196,RGB,aeecf3a624d0c0b5,3125,1
29496,121,el-greco,6,portrait,13,Mannerism_Late_Renaissance,1382,1607,RGB,f6c9944e39706336,3126,1
53862,67,tintoretto,2,genre_painting,13,Mannerism_Late_Renaissance,1830,1381,RGB,d66748256dd63685,3127,1
28727,126,thomas-gainsborough,4,landscape,22,Rococo,1685,1382,RGB,d4c2a1291d9deb36,3128,1
69017,0,Unknown Artist,10,Unknown Genre,4,Baroque,1382,1668,RGB,c2cb3d7be6c09390,3129,1
21118,0,Unknown Artist,4,landscape,4,Baroque,1971,1382,RGB,d8cfdd2a3093f602,3130,1
64815,0,Unknown Artist,6,portrait,22,Rococo,1382,1943,RGB,8cb3d7ac5869b096,3131,1
69402,0,Unknown Artist,10,Unknown Genre,13,Mannerism_Late_Renaissance,1382,2391,RGB,b80f43e41f398f1c,3132,1
46558,58,pietro-perugino,7,religious_painting,11,High_Renaissance,1382,2659,RGB,eaae8f9046473339,3133,1
40313,69,raphael,7,religious_painting,11,High_Renaissance,1382,1701,RGB,a99754627e0626f6,3134,1
19296,0,Unknown Artist,7,religious_painting,11,High_Renaissance,1382,1756,RGB,c4edde1e130a649b,3135,1
5810,25,albrecht-durer,7,religious_painting,17,Northern_Renaissance,1382,1951,RGB,c1e7cd1976156836,3136,1
42037,0,Unknown Artist,7,religious_painting,8,Early_Renaissance,1965,1382,RGB,81265c69cb9abdc5,3137,1
46503,0,Unknown Artist,6,portrait,8,Early_Renaissance,1382,1391,RGB,cf9bf46592648319,3138,1
55637,0,Unknown Artist,7,religious_painting,17,Northern_Renaissance,1382,1949,RGB,b09c8f93dae8911e,3139,1
70780,0,Unknown Artist,10,Unknown Genre,8,Early_Renaissance,1382,3081,RGB,bfd2c2e387c9181c,3140,1
44730,0,Unknown Artist,7,religious_painting,17,Northern_Renaissance,1382,1933,RGB,9b4d6c3131346b67,3141,1
30986,0,Unknown Artist,6,portrait,13,Mannerism_Late_Renaissance,1382,1857,RGB,ae8cd55c6a2b2137,3142,1
1601,20,rembrandt,8,sketch_and_study,4,Baroque,1382,1692,RGB,b4c14e39cd26789e,3143,1
55663,121,el-greco,7,religious_painting,13,Mannerism_Late_Renaissance,1382,1824,RGB,840df3a5a5f9305b,3144,1
33920,0,Unknown Artist,7,religious_painting,8,Early_Renaissance,1382,2040,RGB,a4ac5b534bfb9902,3145,1
17965,25,albrecht-durer,7,religious_painting,17,Northern_Renaissance,1382,1930,RGB,8a95f24a5592bd2b,3146,1
18163,25,albrecht-durer,7,religious_painting,17,Northern_Renaissance,1847,1382,RGB,8ed3f9989326e452,3147,1
19063,0,Unknown Artist,6,portrait,11,High_Renaissance,1382,1982,RGB,acc4d06a0b3c2fd7,3148,1
78518,0,Unknown Artist,10,Unknown Genre,13,Mannerism_Late_Renaissance,1382,1906,RGB,d71bb56a25e46099,3149,1
31656,0,Unknown Artist,7,religious_painting,17,Northern_Renaissance,2080,1382,RGB,dd83a0cc819adf93,3150,1
72483,0,Unknown Artist,10,Unknown Genre,11,High_Renaissance,1842,1382,RGB,c0a7395cdb061cbe,3151,1
64760,0,Unknown Artist,6,portrait,17,Northern_Renaissance,1382,1892,RGB,c81e663393e68dc9,3152,1
20330,0,Unknown Artist,6,portrait,4,Baroque,1382,1923,RGB,d93bc136e41ff009,3153,1
20941,121,el-greco,6,portrait,13,Mannerism_Late_Renaissance,1885,1382,RGB,ac8c8c3673924db7,3154,1
74516,0,Unknown Artist,10,Unknown Genre,17,Northern_Renaissance,1382,1720,RGB,cc1d3363d0c8cedc,3155,1
51801,67,tintoretto,7,religious_painting,13,Mannerism_Late_Renaissance,1382,1582,RGB,d3972c885acc6c3d,3156,1
25697,0,Unknown Artist,6,portrait,22,Rococo,1382,1775,RGB,c81c7127f3277427,3157,1
64961,0,Unknown Artist,6,portrait,13,Mannerism_Late_Renaissance,1382,1862,RGB,cc5e4c817bd8710f,3158,1
17713,20,rembrandt,6,portrait,4,Baroque,1382,1732,RGB,fdc2423d3d1ac2c5,3159,1
21966,0,Unknown Artist,7,religious_painting,17,Northern_Renaissance,1382,1935,RGB,a3e1f0f0bcada0a3,3160,1
19685,67,tintoretto,7,religious_painting,13,Mannerism_Late_Renaissance,1934,1382,RGB,eac6a9699496d349,3161,1
50253,0,Unknown Artist,6,portrait,11,High_Renaissance,1382,1882,RGB,c91967246cdaa373,3162,1
48496,77,titian,6,portrait,11,High_Renaissance,1382,1744,RGB,c45c36f31b83347c,3163,1
19315,0,Unknown Artist,6,portrait,13,Mannerism_Late_Renaissance,1382,1736,RGB,d11bd0e536d46734,3164,1
45802,0,Unknown Artist,6,portrait,11,High_Renaissance,1382,1754,RGB,c83467e833b3b21d,3165,1
56369,82,paolo-veronese,7,religious_painting,13,Mannerism_Late_Renaissance,1382,2670,RGB,cd836679389e5961,3166,1
77143,0,Unknown Artist,10,Unknown Genre,4,Baroque,1382,1463,RGB,9a105f4f2f18b4b5,3167,1
29266,0,Unknown Artist,7,religious_painting,11,High_Renaissance,1382,1904,RGB,d8e5279e5c172638,3168,1
80012,0,Unknown Artist,10,Unknown Genre,22,Rococo,2204,1382,RGB,c5f15a0e3aa1ce3a,3169,1
31306,0,Unknown Artist,7,religious_painting,8,Early_Renaissance,1629,1382,RGB,fc1d41f649238be2,3170,1
28769,67,tintoretto,7,religious_painting,13,Mannerism_Late_Renaissance,1424,1382,RGB,e1981c2f3b53e91c,3171,1
5547,25,albrecht-durer,7,religious_painting,17,Northern_Renaissance,1382,2084,RGB,d8e8e381ede970c2,3172,1
37990,0,Unknown Artist,6,portrait,22,Rococo,1382,1583,RGB,94e84b167a656ce6,3173,1
44796,82,paolo-veronese,6,portrait,13,Mannerism_Late_Renaissance,1382,1653,RGB,c3d33c2c70348e9f,3174,1
64098,77,titian,6,portrait,11,High_Renaissance,1381,1644,RGB,cd8c3663c3393167,3175,1
5640,25,albrecht-durer,7,religious_painting,17,Northern_Renaissance,1847,1382,RGB,d61df26549712a66,3176,1
24664,83,joshua-reynolds,6,portrait,22,Rococo,1382,1758,RGB,9c7963a55493b949,3177,1
30154,0,Unknown Artist,7,religious_painting,8,Early_Renaissance,1382,1482,RGB,d01d4c6ab5e2a2f6,3178,1
51782,0,Unknown Artist,2,genre_painting,4,Baroque,1382,2200,RGB,ebbeece5b090e084,3179,1
13228,25,albrecht-durer,6,portrait,17,Northern_Renaissance,1382,2078,RGB,c44e85b87ab429f9,3180,1
18094,25,albrecht-durer,2,genre_painting,17,Northern_Renaissance,1382,1974,RGB,b3bdcf93e112c206,282,2
68154,0,Unknown Artist,10,Unknown Genre,13,Mannerism_Late_Renaissance,1382,1886,RGB,9884076367ddbc5c,3181,1
31565,0,Unknown Artist,7,religious_painting,8,Early_Renaissance,1382,1713,RGB,bf80ce4bf1c05fc0,3182,1
27023,0,Unknown Artist,8,sketch_and_study,13,Mannerism_Late_Renaissance,1777,1382,RGB,f89478470e79665a,3183,1
55766,87,michelangelo,7,religious_painting,11,High_Renaissance,1382,1649,RGB,b8d7f2edc388c412,3184,1
44085,82,paolo-veronese,7,religious_painting,13,Mannerism_Late_Renaissance,2098,1382,RGB,fc85007e3f1eb02d,3185,1
7390,20,rembrandt,8,sketch_and_study,4,Baroque,1810,1382,RGB,c8b79a70a54ab758,3186,1
40463,67,tintoretto,7,religious_painting,13,Mannerism_Late_Renaissance,1382,2437,RGB,fefd1123c068e607,3187,1
78484,0,Unknown Artist,10,Unknown Genre,13,Mannerism_Late_Renaissance,1382,1645,RGB,cbcb30263e983cf1,3188,1
26189,83,joshua-reynolds,6,portrait,22,Rococo,1382,1802,RGB,dc2937f24996781c,3189,1
24911,0,Unknown Artist,7,religious_painting,8,Early_Renaissance,1382,1661,RGB,9c3b73c7058c03f6,3190,1
12806,25,albrecht-durer,4,landscape,17,Northern_Renaissance,1382,1730,RGB,b390c8e3e63f191a,3191,2
56451,0,Unknown Artist,7,religious_painting,8,Early_Renaissance,1399,1382,RGB,daa0901f674a6b6b,3192,1
56953,82,paolo-veronese,7,religious_painting,13,Mannerism_Late_Renaissance,3501,1382,RGB,89bd766e47318d60,3193,1
29608,87,michelangelo,8,sketch_and_study,11,High_Renaissance,1533,1382,RGB,bdc98c31c04e9f5c,3194,1
56435,0,Unknown Artist,7,religious_painting,17,Northern_Renaissance,1382,2440,RGB,8596917a3b643e35,3195,1
38883,0,Unknown Artist,2,genre_painting,4,Baroque,1938,1382,RGB,dfce21398eb66a80,3196,1
22777,0,Unknown Artist,7,religious_painting,13,Mannerism_Late_Renaissance,1382,1669,RGB,f01d69ea16b70f48,3197,1
53091,0,Unknown Artist,7,religious_painting,8,Early_Renaissance,1483,1382,RGB,a8a9bbbaa1b0e866,3198,1
57117,87,michelangelo,7,religious_painting,11,High_Renaissance,1382,2014,RGB,a1cb6d2cb6750b83,3199,1
58423,0,Unknown Artist,1,cityscape,17,Northern_Renaissance,1382,1697,RGB,dbd9b133303f2131,3200,1
72899,0,Unknown Artist,10,Unknown Genre,11,High_Renaissance,1420,1382,RGB,94da1fa46b61695a,3201,1
36963,0,Unknown Artist,2,genre_painting,22,Rococo,1382,1781,RGB,db7e3481e52a531c,3202,1
64653,0,Unknown Artist,6,portrait,11,High_Renaissance,1382,2190,RGB,afb4525bc9a94447,3203,1
51176,0,Unknown Artist,7,religious_painting,11,High_Renaissance,1382,2011,RGB,a2fb6baba5e0c184,3204,1
54643,0,Unknown Artist,2,genre_painting,4,Baroque,2426,1382,RGB,902f6b48e6359d66,3205,1
25447,0,Unknown Artist,7,religious_painting,8,Early_Renaissance,1382,1735,RGB,ba23adbee098b01e,3206,1
32216,58,pietro-perugino,7,religious_painting,11,High_Renaissance,1382,2187,RGB,c6866a38b6e1799c,3207,1
64450,0,Unknown Artist,6,portrait,22,Rococo,1382,1650,RGB,8ccc3333e3ce9c38,3208,1
66218,0,Unknown Artist,6,portrait,11,High_Renaissance,1382,2382,RGB,aeb53362cc494376,3209,1
6959,25,albrecht-durer,6,portrait,17,Northern_Renaissance,1382,1971,RGB,ee9972a58596e858,3210,1
41220,121,el-greco,7,religious_painting,13,Mannerism_Late_Renaissance,1382,2390,RGB,c88dc3524ea5ad8f,3211,1
43046,0,Unknown Artist,7,religious_painting,8,Early_Renaissance,1382,2709,RGB,a5b7c3ec84992ca6,3212,1
22806,29,lucas-cranach-the-elder,6,portrait,17,Northern_Renaissance,1382,2017,RGB,9999666665e5c626,3213,1
21660,82,paolo-veronese,7,religious_painting,13,Mannerism_Late_Renaissance,2095,1382,RGB,85a55a7522fa8b4d,3214,1
64951,0,Unknown Artist,6,portrait,11,High_Renaissance,1382,1532,RGB,cccc6333b3433399,3215,1
25348,82,paolo-veronese,7,religious_painting,13,Mannerism_Late_Renaissance,1382,1790,RGB,d2b95c729ade8c22,3216,1
62199,23,hieronymus-bosch,8,sketch_and_study,17,Northern_Renaissance,1958,1382,RGB,efe499292ab76448,3217,1
66032,0,Unknown Artist,6,portrait,4,Baroque,1382,1867,RGB,9c996766999931e4,3218,1
64285,0,Unknown Artist,6,portrait,22,Rococo,1382,1953,RGB,92b4355644736f96,3219,1
19518,67,tintoretto,7,religious_painting,13,Mannerism_Late_Renaissance,2130,1382,RGB,d49e2f2cf862c683,3220,1
34954,0,Unknown Artist,8,sketch_and_study,13,Mannerism_Late_Renaissance,2688,1382,RGB,bfe03485f2c22787,3221,1
31558,0,Unknown Artist,8,sketch_and_study,13,Mannerism_Late_Renaissance,1382,2064,RGB,ebd5564a1bc4915a,3222,1
77072,0,Unknown Artist,10,Unknown Genre,22,Rococo,1723,1382,RGB,c8ebc8cd67983326,3223,1
4697,25,albrecht-durer,7,religious_painting,17,Northern_Renaissance,1382,1792,RGB,a8a38343bab696f8,3224,1
56901,0,Unknown Artist,7,religious_painting,8,Early_Renaissance,2016,1382,RGB,d80f187b2d7da5c0,3225,1
27300,0,Unknown Artist,7,religious_painting,8,Early_Renaissance,1615,1382,RGB,9c9b3c0e2ce8272f,3226,1
48850,38,fra-angelico,7,religious_painting,8,Early_Renaissance,1382,1927,RGB,ee95c3b0549ed03a,3227,1
18043,25,albrecht-durer,4,landscape,17,Northern_Renaissance,1382,1819,RGB,b4b1d2938949875f,2321,2
2072,20,rembrandt,8,sketch_and_study,4,Baroque,2242,1382,RGB,ca48cae9b193b51e,3228,1
56680,38,fra-angelico,7,religious_painting,8,Early_Renaissance,2109,1382,RGB,b9ec60234f9aa4b3,3229,1
23959,38,fra-angelico,7,religious_painting,8,Early_Renaissance,1382,1738,RGB,948b65d01c5ad77c,3230,1
64503,69,raphael,6,portrait,11,High_Renaissance,1382,1807,RGB,c0a5621bdb3d6335,3231,1
76777,0,Unknown Artist,10,Unknown Genre,22,Rococo,2808,1382,RGB,c2bd2d52d62d238e,3232,1
28288,0,Unknown Artist,4,landscape,17,Northern_Renaissance,2258,1382,RGB,c4ed9216e3e2c8b3,3233,1
11405,20,rembrandt,8,sketch_and_study,4,Baroque,1382,1874,RGB,97817a8cc574c673,3234,1
71911,0,Unknown Artist,10,Unknown Genre,4,Baroque,1952,1381,RGB,c89bf7a2373c0871,3235,1
37279,0,Unknown Artist,7,religious_painting,17,Northern_Renaissance,1672,1382,RGB,efd6b0655b04ba42,3236,1
38325,24,leonardo-da-vinci,8,sketch_and_study,11,High_Renaissance,1382,2882,RGB,b0318cc7c7c78f8c,3237,1
55309,0,Unknown Artist,2,genre_painting,22,Rococo,1382,1785,RGB,b55f40a9678b5a2c,3238,1
76258,0,Unknown Artist,10,Unknown Genre,11,High_Renaissance,1439,1382,RGB,c1875a792f4a68bc,3239,1
33433,77,titian,6,portrait,11,High_Renaissance,1382,1626,RGB,aca98a2b63322bde,3240,1
75163,0,Unknown Artist,10,Unknown Genre,22,Rococo,1382,1731,RGB,d1db6e241b83643e,3241,1
24447,121,el-greco,7,religious_painting,13,Mannerism_Late_Renaissance,1382,1459,RGB,d2e26d9936c85963,3242,1
52899,0,Unknown Artist,6,portrait,22,Rococo,1382,2246,RGB,d2f30d4c63330bcd,3243,1
34370,58,pietro-perugino,6,portrait,8,Early_Renaissance,1382,2220,RGB,ce8d313630d3c3d9,3244,1
17757,20,rembrandt,7,religious_painting,4,Baroque,1475,1382,RGB,dbbb38c2285c8733,3245,1
56670,38,fra-angelico,7,religious_painting,8,Early_Renaissance,1976,1382,RGB,bf4cc0500d7b199f,3246,1
68421,0,Unknown Artist,10,Unknown Genre,13,Mannerism_Late_Renaissance,2844,1382,RGB,abc8ee95912db41c,3247,1
34618,38,fra-angelico,7,religious_painting,8,Early_Renaissance,1382,2199,RGB,94433eb8c39cd09f,3248,1
72211,0,Unknown Artist,10,Unknown Genre,4,Baroque,1382,2119,RGB,cc62234cdd13373e,3249,1
62446,117,hans-holbein-the-younger,8,sketch_and_study,17,Northern_Renaissance,1382,2047,RGB,e26426b64b591d9d,3250,1
28174,0,Unknown Artist,6,portrait,22,Rococo,1382,1706,RGB,cdcc32723472e3c3,3251,1
37297,0,Unknown Artist,7,religious_painting,8,Early_Renaissance,1842,1382,RGB,cdb47233b93449a5,3252,1
29403,0,Unknown Artist,7,religious_painting,8,Early_Renaissance,1955,1382,RGB,eeb291cd354c485b,3253,1
6858,25,albrecht-durer,7,religious_painting,17,Northern_Renaissance,1382,1829,RGB,afdfd018c960a74a,3254,1
30576,0,Unknown Artist,7,religious_painting,17,Northern_Renaissance,1382,2418,RGB,eb5a9ca723307827,3255,1
64637,0,Unknown Artist,6,portrait,22,Rococo,1382,1786,RGB,cf4f38343d313236,3256,1
34957,67,tintoretto,6,portrait,13,Mannerism_Late_Renaissance,1382,1664,RGB,8cac9a6273693373,3257,1
34290,114,anthony-van-dyck,6,portrait,4,Baroque,1382,2360,RGB,aaa87133ae5dca8c,3258,1
39442,0,Unknown Artist,7,religious_painting,8,Early_Renaissance,1842,1382,RGB,887ddf1fb331b004,3259,1
76378,0,Unknown Artist,10,Unknown Genre,13,Mannerism_Late_Renaissance,1382,1751,RGB,ccc0f7cc7071167a,3260,1
57922,0,Unknown Artist,1,cityscape,22,Rococo,2484,1382,RGB,80d03e6fc8b615e7,3261,1
64332,0,Unknown Artist,6,portrait,22,Rococo,1382,1738,RGB,9c4a2136cba5f62d,3262,1
46673,0,Unknown Artist,6,portrait,22,Rococo,1382,1949,RGB,996d660f96c065f1,3263,1
43174,0,Unknown Artist,7,religious_painting,17,Northern_Renaissance,1382,2037,RGB,e0ce1b39ce47ce24,3264,1
81079,0,Unknown Artist,10,Unknown Genre,17,Northern_Renaissance,1382,1427,RGB,ee2cb1d39183869e,3265,1
26573,0,Unknown Artist,7,religious_painting,11,High_Renaissance,2463,1382,RGB,d6c79619cb594994,3266,1
4904,25,albrecht-durer,7,religious_painting,17,Northern_Renaissance,1382,1930,RGB,b51bacc45be59858,3267,1
78522,0,Unknown Artist,10,Unknown Genre,13,Mannerism_Late_Renaissance,2008,1382,RGB,c43b318ff3f01cc1,3268,1
28916,0,Unknown Artist,7,religious_painting,11,High_Renaissance,1382,1978,RGB,c5d1164f58461f7c,3269,1
53437,0,Unknown Artist,2,genre_painting,22,Rococo,1822,1382,RGB,85385ad6c8b5b74a,3270,1
64546,29,lucas-cranach-the-elder,6,portrait,17,Northern_Renaissance,1382,1703,RGB,d95ae7346c70309b,3271,1
51619,0,Unknown Artist,7,religious_painting,22,Rococo,1382,1894,RGB,c5f322181d276f9c,3272,1
63545,0,Unknown Artist,6,portrait,22,Rococo,1382,1776,RGB,800c7bb376bb34c9,3273,1
34420,0,Unknown Artist,6,portrait,22,Rococo,1382,1696,RGB,90e966361b360d7b,3274,1
38539,24,leonardo-da-vinci,8,sketch_and_study,11,High_Renaissance,1855,1382,RGB,8f463f268ac2f8cc,3275,1
56213,0,Unknown Artist,7,religious_painting,17,Northern_Renaissance,1382,1600,RGB,fde2724b0b85a1ac,3276,1
43550,0,Unknown Artist,6,portrait,22,Rococo,1382,2077,RGB,ebd91c63a6662459,3277,1
34359,0,Unknown Artist,4,landscape,22,Rococo,2455,1382,RGB,a1857e7f918a6c13,3278,1
30337,0,Unknown Artist,2,genre_painting,22,Rococo,1688,1382,RGB,9c9161ee4a4cb357,3279,1
65336,77,titian,6,portrait,13,Mannerism_Late_Renaissance,1382,2446,RGB,fa8fc51ad0609da3,3280,1
18054,0,Unknown Artist,10,Unknown Genre,17,Northern_Renaissance,1382,1503,RGB,aee8d5008d33d679,3281,1
62118,0,Unknown Artist,8,sketch_and_study,17,Northern_Renaissance,1382,1653,RGB,eea695199949c25b,3282,1
43881,83,joshua-reynolds,6,portrait,22,Rococo,1382,1645,RGB,936160e3a7375a1d,3283,1
40854,0,Unknown Artist,7,religious_painting,8,Early_Renaissance,1382,2005,RGB,80d7720e316b9a7b,3284,1
56001,0,Unknown Artist,7,religious_painting,8,Early_Renaissance,1382,3337,RGB,ce857a7a250e3b70,3285,1
29683,23,hieronymus-bosch,7,religious_painting,17,Northern_Renaissance,1382,2533,RGB,d06a27cd6931b396,3286,1
45089,121,el-greco,7,religious_painting,13,Mannerism_Late_Renaissance,1819,1382,RGB,c4d6cfb14e233869,3287,1
56673,87,michelangelo,7,religious_painting,11,High_Renaissance,1493,1382,RGB,c7c3297c949b3863,3288,1
55750,29,lucas-cranach-the-elder,7,religious_painting,17,Northern_Renaissance,1382,2193,RGB,b5872b68505f953c,3289,1
24106,82,paolo-veronese,7,religious_painting,13,Mannerism_Late_Renaissance,1514,1382,RGB,c7eae187c2953c58,3290,1
56700,38,fra-angelico,7,religious_painting,8,Early_Renaissance,3433,1382,RGB,f8ea973c25358934,3291,1
56432,38,fra-angelico,7,religious_painting,8,Early_Renaissance,3503,1382,RGB,a89b771c9f65014b,3292,1
56599,0,Unknown Artist,7,religious_painting,17,Northern_Renaissance,2309,1382,RGB,b7f0505f0d8f622c,3293,1
50123,83,joshua-reynolds,6,portrait,22,Rococo,1382,2155,RGB,9be56592869a393c,3294,1
39649,0,Unknown Artist,7,religious_painting,11,High_Renaissance,1382,1694,RGB,b9e166591a8ec479,3295,1
42649,0,Unknown Artist,7,religious_painting,22,Rococo,1624,1382,RGB,85b7623376ccc09b,3296,1
44994,0,Unknown Artist,1,cityscape,4,Baroque,1382,1648,RGB,eb1ad15b9a52748c,3297,1
61043,0,Unknown Artist,4,landscape,22,Rococo,2441,1382,RGB,d0f790496af70d92,3298,1
31745,0,Unknown Artist,7,religious_painting,11,High_Renaissance,1382,1862,RGB,81856b7ad26a37c6,3299,1
78691,0,Unknown Artist,10,Unknown Genre,4,Baroque,1920,1382,RGB,83e25e3d345d5236,3300,1
20640,121,el-greco,7,religious_painting,13,Mannerism_Late_Renaissance,1382,1637,RGB,9ab172468aed39b8,3301,1
71487,0,Unknown Artist,10,Unknown Genre,11,High_Renaissance,1527,1382,RGB,fae6102ee3cb280f,3302,1
74306,0,Unknown Artist,10,Unknown Genre,13,Mannerism_Late_Renaissance,1998,1382,RGB,ded29ae7ba288069,3303,1
25170,0,Unknown Artist,7,religious_painting,8,Early_Renaissance,1382,1907,RGB,c139715106de3fc6,3304,1
65664,0,Unknown Artist,6,portrait,11,High_Renaissance,1382,1913,RGB,db1530dec6659c83,3305,1
21383,0,Unknown Artist,7,religious_painting,8,Early_Renaissance,1382,2360,RGB,fc4b3a7179548287,3306,1
56772,0,Unknown Artist,7,religious_painting,11,High_Renaissance,1710,1382,RGB,813585665d735e53,3307,1
48509,0,Unknown Artist,7,religious_painting,4,Baroque,1382,1911,RGB,850ae326d995ee69,3308,1
49546,69,raphael,6,portrait,11,High_Renaissance,1382,1992,RGB,cda96c1296ea7307,3309,1
55823,69,raphael,7,religious_painting,11,High_Renaissance,1382,1916,RGB,9dd819d256651e2d,3310,1
5399,20,rembrandt,2,genre_painting,4,Baroque,2404,1382,RGB,ec66d29db098f198,3311,2
44126,67,tintoretto,6,portrait,13,Mannerism_Late_Renaissance,1382,1719,RGB,cecc83c73373c131,3312,1
80532,0,Unknown Artist,10,Unknown Genre,8,Early_Renaissance,2040,1382,RGB,dfac8a15c4799362,3313,1
42558,0,Unknown Artist,6,portrait,22,Rococo,1382,1738,RGB,8d3956627335c999,3314,1
65048,0,Unknown Artist,6,portrait,22,Rococo,1382,1796,RGB,cc873b30e59c6333,3315,1
65394,77,titian,6,portrait,11,High_Renaissance,1382,2167,RGB,b9e9e13783662664,3316,1
38732,87,michelangelo,7,religious_painting,11,High_Renaissance,1495,1382,RGB,c7c0278d39272d97,3317,1
70994,0,Unknown Artist,10,Unknown Genre,4,Baroque,2005,1382,RGB,c1cc4d34a5fe392a,3318,1
42067,0,Unknown Artist,2,genre_painting,4,Baroque,1551,1382,RGB,8176c9ad52c93cd9,3319,1
26102,0,Unknown Artist,7,religious_painting,11,High_Renaissance,1382,2396,RGB,d5920d723b6cce32,3320,1
52843,0,Unknown Artist,8,sketch_and_study,8,Early_Renaissance,1382,3043,RGB,cac9352f0649f4dc,3321,1
18070,25,albrecht-durer,6,portrait,17,Northern_Renaissance,1381,3036,RGB,8cade9b1971e48c3,3322,1
71904,0,Unknown Artist,10,Unknown Genre,22,Rococo,1870,1382,RGB,e7e6c429333d30e4,3323,1
76328,0,Unknown Artist,10,Unknown Genre,4,Baroque,1382,1570,RGB,b296a52b0978e8dd,3324,1
51905,82,paolo-veronese,6,portrait,13,Mannerism_Late_Renaissance,1618,1382,RGB,eed291858f66d429,3325,1
17980,25,albrecht-durer,6,portrait,17,Northern_Renaissance,1382,1563,RGB,e8aa19b4a9f1e5d0,3326,1
68666,0,Unknown Artist,10,Unknown Genre,13,Mannerism_Late_Renaissance,1382,1767,RGB,cd5932a5c51e37a1,3327,1
20591,0,Unknown Artist,6,portrait,11,High_Renaissance,1382,1714,RGB,dc85700f33338cf3,3328,1
44728,0,Unknown Artist,6,portrait,22,Rococo,1382,1990,RGB,cec69131d31e5e2c,3329,1
69841,0,Unknown Artist,10,Unknown Genre,4,Baroque,2402,1382,RGB,8eefca9313b1e448,3330,1
63233,0,Unknown Artist,6,portrait,11,High_Renaissance,1382,1816,RGB,eee3a1e89b21c196,3331,1
80001,0,Unknown Artist,10,Unknown Genre,22,Rococo,1382,1732,RGB,c59b3aa4b45bc172,3332,1
19611,23,hieronymus-bosch,7,religious_painting,17,Northern_Renaissance,1624,1382,RGB,c8863f9907a7e698,3333,1
8079,25,albrecht-durer,7,religious_painting,17,Northern_Renaissance,1382,1683,RGB,949a696d663b9c94,3334,1
34023,0,Unknown Artist,6,portrait,22,Rococo,1382,1689,RGB,9a642d9ba27c8d63,3335,1
38042,0,Unknown Artist,8,sketch_and_study,22,Rococo,1382,2063,RGB,c36ab4713b364c99,3336,1
20318,0,Unknown Artist,2,genre_painting,4,Baroque,1968,1382,RGB,87a4d039af679163,3337,1
66004,116,frans-hals,6,portrait,4,Baroque,1382,1688,RGB,ccce3933c3c63cb0,3338,1
44799,0,Unknown Artist,2,genre_painting,4,Baroque,2342,1382,RGB,e167950b661f9964,3339,1
76246,0,Unknown Artist,10,Unknown Genre,22,Rococo,1893,1382,RGB,833f4d07198f64b9,3340,1
37022,0,Unknown Artist,7,religious_painting,11,High_Renaissance,1382,1395,RGB,bb9af865e4669430,3341,1
62231,24,leonardo-da-vinci,8,sketch_and_study,11,High_Renaissance,1382,2515,RGB,b767c0c30b18ccee,3342,1
38210,0,Unknown Artist,7,religious_painting,11,High_Renaissance,1382,1515,RGB,97c35810ce759b2e,3343,1
71899,0,Unknown Artist,10,Unknown Genre,11,High_Renaissance,1909,1382,RGB,833e08df31dc0f71,3344,1
75924,0,Unknown Artist,10,Unknown Genre,17,Northern_Renaissance,1382,2180,RGB,ccb7f21b0f501f18,3345,1
51913,83,joshua-reynolds,6,portrait,22,Rococo,1382,1870,RGB,d0cb2d3eb1647398,3346,1
18184,25,albrecht-durer,6,portrait,17,Northern_Renaissance,1382,1999,RGB,a8fe47f39c2404b5,3347,1
51570,0,Unknown Artist,7,religious_painting,4,Baroque,1382,1842,RGB,988404d0bb3fab77,3348,1
22754,0,Unknown Artist,7,religious_painting,8,Early_Renaissance,1382,1577,RGB,c8bc13406d6db9b6,3349,1
78458,0,Unknown Artist,10,Unknown Genre,13,Mannerism_Late_Renaissance,3168,1382,RGB,ebc14148be1eef06,3350,1
27691,29,lucas-cranach-the-elder,7,religious_painting,17,Northern_Renaissance,1382,2047,RGB,d2f8681d8f068e7a,3351,1
56127,69,raphael,7,religious_painting,11,High_Renaissance,1382,2090,RGB,bbb76c4a8338f4c0,3352,1
25702,0,Unknown Artist,7,religious_painting,11,High_Renaissance,1382,2014,RGB,f6a279faa0e17094,3353,1
50180,80,peter-paul-rubens,7,religious_painting,4,Baroque,1870,1382,RGB,978544525699af6b,3354,1
48129,114,anthony-van-dyck,6,portrait,4,Baroque,1382,2101,RGB,d03b3fac64652dc2,3355,1
44304,0,Unknown Artist,9,still_life,11,High_Renaissance,1382,1662,RGB,b3954cb06e661be1,3356,1
42036,0,Unknown Artist,7,religious_painting,11,High_Renaissance,1842,1382,RGB,a842432d975dd7ac,3357,1
76846,0,Unknown Artist,10,Unknown Genre,4,Baroque,1382,1742,RGB,95734e155bd8b542,3358,1
6100,25,albrecht-durer,4,landscape,17,Northern_Renaissance,2042,1382,RGB,ca713505cd4f26cb,3359,1
56246,58,pietro-perugino,7,religious_painting,8,Early_Renaissance,1404,1382,RGB,9fbe2458e95248e9,3360,1
79380,0,Unknown Artist,10,Unknown Genre,11,High_Renaissance,1382,2133,RGB,a3e38ab08c973575,3361,1
57148,0,Unknown Artist,7,religious_painting,11,High_Renaissance,1382,1950,RGB,cf28b12fd2874bc8,3362,1
20160,0,Unknown Artist,2,genre_painting,22,Rococo,1769,1382,RGB,dce763932112374d,3363,1
71417,0,Unknown Artist,10,Unknown Genre,4,Baroque,1542,1382,RGB,c1ac3ed4c50d8b7a,3364,1
26268,0,Unknown Artist,2,genre_painting,4,Baroque,1381,1787,RGB,db3624c8929b4de6,3365,1
66028,0,Unknown Artist,6,portrait,17,Northern_Renaissance,1382,1976,RGB,9a92616de627cc9c,3366,1
75398,0,Unknown Artist,10,Unknown Genre,13,Mannerism_Late_Renaissance,1383,1382,RGB,dc3c690f8513dc69,3367,1
34154,0,Unknown Artist,7,religious_painting,17,Northern_Renaissance,1382,2585,RGB,ef984b3d306bc590,3368,1
56825,0,Unknown Artist,7,religious_painting,8,Early_Renaissance,1382,1997,RGB,e6a55a1b91c30bcd,3369,1
62535,24,leonardo-da-vinci,8,sketch_and_study,11,High_Renaissance,1382,1997,RGB,b34bce8cb5b130e8,3370,1
62183,69,raphael,8,sketch_and_study,11,High_Renaissance,1382,1856,RGB,efc99296c96386c1,3371,1
74349,0,Unknown Artist,10,Unknown Genre,11,High_Renaissance,2005,1382,RGB,9c5cae6223b3c1cd,3372,1
49625,0,Unknown Artist,2,genre_painting,22,Rococo,1382,1742,RGB,8c423339c6f1ccbe,3373,1
37654,0,Unknown Artist,7,religious_painting,8,Early_Renaissance,2179,1382,RGB,cb621709f4b5b40f,3374,1
62469,0,Unknown Artist,8,sketch_and_study,13,Mannerism_Late_Renaissance,1382,3736,RGB,d4750862caca79b7,3375,1
23666,29,lucas-cranach-the-elder,6,portrait,17,Northern_Renaissance,1382,1934,RGB,e9ac073ac3879ec8,3376,1
44082,0,Unknown Artist,7,religious_painting,13,Mannerism_Late_Renaissance,1382,1969,RGB,90b66b3e66e06a63,3377,1
22294,0,Unknown Artist,6,portrait,13,Mannerism_Late_Renaissance,1382,1807,RGB,bb24c0d986215f77,3378,1
73629,0,Unknown Artist,10,Unknown Genre,17,Northern_Renaissance,2026,1382,RGB,c58686f0f25b3f28,3379,1
44981,0,Unknown Artist,7,religious_painting,11,High_Renaissance,1382,1767,RGB,9c1a63634e729579,3380,1
42531,0,Unknown Artist,7,religious_painting,4,Baroque,1382,2528,RGB,a43b2f52926d8d17,3381,1
20575,38,fra-angelico,7,religious_painting,8,Early_Renaissance,2811,1382,RGB,ca2dda70b49e898b,3382,1
66046,0,Unknown Artist,6,portrait,11,High_Renaissance,1382,2073,RGB,ebdcc5a91864cc1b,3383,1
68797,0,Unknown Artist,10,Unknown Genre,13,Mannerism_Late_Renaissance,1852,1382,RGB,fa8b0d64663ef0e0,3384,1
29011,0,Unknown Artist,7,religious_painting,8,Early_Renaissance,3097,1382,RGB,8d93b166f064d66c,3385,1
49112,0,Unknown Artist,7,religious_painting,4,Baroque,1381,1655,RGB,ce0c33da19f3464d,3386,1
23362,24,leonardo-da-vinci,8,sketch_and_study,11,High_Renaissance,1382,1979,RGB,e9cc1aa53a96655a,3387,1
63010,0,Unknown Artist,6,portrait,4,Baroque,1382,1719,RGB,dc7963e6528d31c2,3388,1
27654,80,peter-paul-rubens,7,religious_painting,4,Baroque,1896,1382,RGB,d07b658462db91e6,3389,1
72645,0,Unknown Artist,10,Unknown Genre,4,Baroque,1684,1382,RGB,c1379c61e69d431e,3390,1
48835,126,thomas-gainsborough,1,cityscape,22,Rococo,1382,1445,RGB,ba92e16d3638c363,3391,1
81154,0,Unknown Artist,10,Unknown Genre,17,Northern_Renaissance,1689,1382,RGB,c7d8f96327322436,3392,1
56613,0,Unknown Artist,7,religious_painting,17,Northern_Renaissance,1382,1805,RGB,c53eb08d7dc81b13,3393,1
55945,0,Unknown Artist,7,religious_painting,17,Northern_Renaissance,1382,1738,RGB,89dac6a2d28d1e3d,3394,1
36673,117,hans-holbein-the-younger,6,portrait,17,Northern_Renaissance,1407,1382,RGB,ee8cb133c0c9c7cc,3395,1
55126,0,Unknown Artist,2,genre_painting,4,Baroque,1382,1620,RGB,8370de469712dab9,3396,1
71172,0,Unknown Artist,10,Unknown Genre,11,High_Renaissance,1382,1436,RGB,c5390d2f6a5aca87,3397,1
55371,0,Unknown Artist,2,genre_painting,4,Baroque,1723,1382,RGB,f4e791199ec5033c,3398,1
56859,0,Unknown Artist,7,religious_painting,11,High_Renaissance,1382,1987,RGB,c7401f1a36668cdf,3399,1
32473,0,Unknown Artist,7,religious_painting,13,Mannerism_Late_Renaissance,1382,1716,RGB,c60c786813f726e7,3400,1
32563,58,pietro-perugino,7,religious_painting,8,Early_Renaissance,1382,2981,RGB,ccb0730e035ae79b,3401,1
63408,0,Unknown Artist,6,portrait,13,Mannerism_Late_Renaissance,1382,1819,RGB,a4b6133d2d6e308f,3402,1
29975,0,Unknown Artist,6,portrait,13,Mannerism_Late_Renaissance,1382,1701,RGB,ccdc2331ca2779d2,3403,1
57045,38,fra-angelico,7,religious_painting,8,Early_Renaissance,1382,2063,RGB,af575070c7e0cab1,3404,1
56935,82,paolo-veronese,7,religious_painting,13,Mannerism_Late_Renaissance,2288,1382,RGB,d8d3199c3be2e429,3405,1
30643,0,Unknown Artist,2,genre_painting,22,Rococo,2067,1382,RGB,c2d528aeb988f51e,3406,1
33724,0,Unknown Artist,7,religious_painting,22,Rococo,1574,1382,RGB,c0dabbc49a3a84f3,3407,1
44376,0,Unknown Artist,7,religious_painting,8,Early_Renaissance,1382,2136,RGB,84f40f583b2f3e32,3408,1
63786,0,Unknown Artist,6,portrait,22,Rococo,1382,1727,RGB,eeccb133e469828e,3409,1
47813,121,el-greco,7,religious_painting,13,Mannerism_Late_Renaissance,1382,1627,RGB,8f20b317d8d2e2f1,877,2
42885,29,lucas-cranach-the-elder,6,portrait,17,Northern_Renaissance,1382,2014,RGB,959997acf1960764,3410,1
31718,0,Unknown Artist,7,religious_painting,8,Early_Renaissance,1382,1384,RGB,eb96a05995ec8639,3411,1
28309,121,el-greco,7,religious_painting,13,Mannerism_Late_Renaissance,1382,1845,RGB,d58f58c868ba95e1,3412,1
37848,0,Unknown Artist,6,portrait,17,Northern_Renaissance,1382,2193,RGB,91c47f6e1a6d213c,3413,1
19837,0,Unknown Artist,7,religious_painting,11,High_Renaissance,2060,1382,RGB,cdd2f3b180cac2ab,3414,1
24005,0,Unknown Artist,7,religious_painting,4,Baroque,1634,1382,RGB,d89337ec0d2550cf,3415,1
29303,0,Unknown Artist,8,sketch_and_study,13,Mannerism_Late_Renaissance,2188,1382,RGB,a939f530df669290,3416,1
42506,77,titian,6,portrait,13,Mannerism_Late_Renaissance,1382,1835,RGB,d8ed6993264e2333,3417,1
7258,25,albrecht-durer,7,religious_painting,17,Northern_Renaissance,1382,2094,RGB,bce3c60dad94f910,3418,1
39051,77,titian,7,religious_painting,11,High_Renaissance,1382,2215,RGB,eec7c81f43a0b2cc,3419,1
24520,0,Unknown Artist,4,landscape,22,Rococo,1802,1382,RGB,f1c30e3a598c6e95,3420,1
69083,0,Unknown Artist,10,Unknown Genre,11,High_Renaissance,1382,2268,RGB,93c30d84b627e9f1,3421,1
9653,0,Unknown Artist,10,Unknown Genre,17,Northern_Renaissance,1691,1382,RGB,a4c7dbb0949337a4,3422,1
51956,0,Unknown Artist,7,religious_painting,8,Early_Renaissance,1382,2067,RGB,ebc0303fcf48d233,3423,1
17750,20,rembrandt,6,portrait,4,Baroque,1382,1673,RGB,bdc2a56566860add,3424,1
40764,77,titian,6,portrait,11,High_Renaissance,1382,1645,RGB,fcfc9b330325708c,3425,2
56766,0,Unknown Artist,7,religious_painting,8,Early_Renaissance,1382,2235,RGB,95d358234f5eca25,3426,1
56266,0,Unknown Artist,7,religious_painting,13,Mannerism_Late_Renaissance,1382,2378,RGB,9f483ee3a174790c,3427,1
56325,0,Unknown Artist,7,religious_painting,11,High_Renaissance,1382,1786,RGB,e71c1c67cf20dc23,3428,1
20390,0,Unknown Artist,8,sketch_and_study,13,Mannerism_Late_Renaissance,1382,2136,RGB,ae94598f5e389562,3429,1
44953,0,Unknown Artist,6,portrait,8,Early_Renaissance,1382,2082,RGB,9c6331ce391ce1e3,3430,1
23824,77,titian,6,portrait,13,Mannerism_Late_Renaissance,1382,1804,RGB,dc8cdd0263633373,3431,1
80521,0,Unknown Artist,10,Unknown Genre,8,Early_Renaissance,1382,1930,RGB,eeed8174f092e0f0,3432,1
6328,20,rembrandt,7,religious_painting,4,Baroque,1382,1714,RGB,87355c698f34964b,3433,1
22126,0,Unknown Artist,7,religious_painting,8,Early_Renaissance,1382,1690,RGB,dba872826f3c1947,3434,1
42868,69,raphael,7,religious_painting,11,High_Renaissance,2186,1382,RGB,f0e34f4c3c386179,3435,1
21089,0,Unknown Artist,2,genre_painting,22,Rococo,1382,1770,RGB,8686b1797eccc0f1,3436,1
64313,0,Unknown Artist,6,portrait,8,Early_Renaissance,1382,1696,RGB,afa07292c7cb8b4c,3437,1
49334,0,Unknown Artist,6,portrait,8,Early_Renaissance,1382,1554,RGB,cfc73038cfcd8c22,3438,1
51926,0,Unknown Artist,2,genre_painting,17,Northern_Renaissance,1637,1382,RGB,964b7834c559cc4f,3439,1
44853,0,Unknown Artist,6,portrait,8,Early_Renaissance,1382,2119,RGB,bbb4c06bd173a44c,3440,1
20255,77,titian,7,religious_painting,11,High_Renaissance,1408,1382,RGB,996946677ab46998,3441,1
73677,0,Unknown Artist,10,Unknown Genre,4,Baroque,1776,1382,RGB,e7cd1856fb20129e,3442,1
33940,0,Unknown Artist,2,genre_painting,4,Baroque,1717,1382,RGB,cb3ff182b00fa619,3443,1
57101,0,Unknown Artist,7,religious_painting,11,High_Renaissance,1382,1641,RGB,c7c3da9e8c6c052d,3444,1
46466,0,Unknown Artist,7,religious_painting,11,High_Renaissance,1382,1995,RGB,87c7faa07978420f,3445,1
38397,0,Unknown Artist,7,religious_painting,4,Baroque,1382,1974,RGB,87859a962d2e6a79,3446,1
71269,0,Unknown Artist,10,Unknown Genre,22,Rococo,1455,1382,RGB,ce983927b6c1643e,3447,1
71698,0,Unknown Artist,10,Unknown Genre,11,High_Renaissance,1689,1382,RGB,81634e9636ca39ed,3448,1
45215,67,tintoretto,6,portrait,13,Mannerism_Late_Renaissance,1382,2019,RGB,cd0c78e307f63067,3449,1
56394,121,el-greco,7,religious_painting,13,Mannerism_Late_Renaissance,1382,1582,RGB,897c66b17b61855a,3450,1
25485,0,Unknown Artist,7,religious_painting,17,Northern_Renaissance,1382,2007,RGB,8f183367389ec39c,3451,1
18156,25,albrecht-durer,2,genre_painting,17,Northern_Renaissance,1382,2186,RGB,a336cb954ccc42f3,3452,1
58568,0,Unknown Artist,1,cityscape,22,Rococo,1770,1381,RGB,b8972d0b36c82f39,3453,1
57097,0,Unknown Artist,7,religious_painting,8,Early_Renaissance,1382,1935,RGB,b1273256924937ed,3454,1
72138,0,Unknown Artist,10,Unknown Genre,13,Mannerism_Late_Renaissance,1636,1382,RGB,d2782393a13cee0f,3455,1
10596,25,albrecht-durer,7,religious_painting,17,Northern_Renaissance,1382,2738,RGB,ebd0ea2db192c46a,3456,1
45707,0,Unknown Artist,6,portrait,22,Rococo,1382,1959,RGB,8ccc364b35377b90,3457,1
38076,0,Unknown Artist,7,religious_painting,8,Early_Renaissance,2559,1382,RGB,c4300b43a779fe72,3458,1
23488,0,Unknown Artist,6,portrait,22,Rococo,1382,2064,RGB,e5061af397cc5839,3459,1
22394,0,Unknown Artist,7,religious_painting,8,Early_Renaissance,1385,1382,RGB,d3360e495b982c9f,3460,1
28487,0,Unknown Artist,7,religious_painting,17,Northern_Renaissance,1381,3544,RGB,f1919ee280f9b3e0,3461,1
38777,114,anthony-van-dyck,6,portrait,4,Baroque,1381,1982,RGB,bba8645a8b6971c9,3462,1
33495,87,michelangelo,7,religious_painting,11,High_Renaissance,2250,1382,RGB,88c0b9b16e97d96c,3463,1
73104,0,Unknown Artist,10,Unknown Genre,11,High_Renaissance,2106,1382,RGB,b53692d6cda9128e,3464,1
30255,0,Unknown Artist,8,sketch_and_study,17,Northern_Renaissance,1382,2066,RGB,cdd692c99329d515,3465,1
2175,25,albrecht-durer,7,religious_painting,17,Northern_Renaissance,1382,2040,RGB,c9e8956d58272c3e,3466,1
44273,121,el-greco,7,religious_painting,13,Mannerism_Late_Renaissance,1382,2856,RGB,d7cc19193ce888f9,3467,1
24033,0,Unknown Artist,2,genre_painting,4,Baroque,1834,1382,RGB,c8392776da093bc3,3468,1
32116,58,pietro-perugino,7,religious_painting,11,High_Renaissance,1421,1382,RGB,eec6b14dc4969239,3469,1
61912,0,Unknown Artist,9,still_life,22,Rococo,1382,1592,RGB,be1fe5b29464c234,3470,1
33318,0,Unknown Artist,7,religious_painting,8,Early_Renaissance,1382,1718,RGB,f1cb8aa4da58cde0,3471,1
21753,0,Unknown Artist,8,sketch_and_study,8,Early_Renaissance,1382,2002,RGB,ea4fb8e2a48c913b,3472,1
20109,0,Unknown Artist,7,religious_painting,11,High_Renaissance,1382,1488,RGB,db6417585b6eb105,3473,1
39345,0,Unknown Artist,8,sketch_and_study,4,Baroque,1382,2500,RGB,bf26c34bb4908d8b,3474,1
35109,38,fra-angelico,7,religious_painting,8,Early_Renaissance,1382,1618,RGB,d01a2fdafe221e61,3475,1
21544,0,Unknown Artist,7,religious_painting,8,Early_Renaissance,1382,2243,RGB,e01cb2bb8ce583e6,3476,1
76895,0,Unknown Artist,10,Unknown Genre,13,Mannerism_Late_Renaissance,1382,1771,RGB,c8c3666c7b343e38,3477,1
9157,20,rembrandt,7,religious_painting,4,Baroque,1382,1615,RGB,dac4267bb82eb330,3478,1
56879,0,Unknown Artist,7,religious_painting,8,Early_Renaissance,1382,2088,RGB,eeaaefe8a0f58480,3479,1
70435,0,Unknown Artist,10,Unknown Genre,13,Mannerism_Late_Renaissance,1552,1382,RGB,913a9dc8e1259e79,3480,1
69022,0,Unknown Artist,10,Unknown Genre,11,High_Renaissance,3852,1382,RGB,80cd614ef2782fb5,3481,1
41193,126,thomas-gainsborough,6,portrait,22,Rococo,1382,1732,RGB,9986566969787659,3482,1
48288,0,Unknown Artist,7,religious_painting,13,Mannerism_Late_Renaissance,1927,1382,RGB,d965665a146e251f,3483,1
56418,0,Unknown Artist,7,religious_painting,4,Baroque,1382,1925,RGB,ea6e9531d1c58687,3484,1
70619,0,Unknown Artist,10,Unknown Genre,13,Mannerism_Late_Renaissance,1742,1382,RGB,de9345cf9320e871,3485,1
80538,0,Unknown Artist,10,Unknown Genre,8,Early_Renaissance,1382,1933,RGB,af9439d894cbe0e1,3486,1
47417,0,Unknown Artist,5,nude_painting,13,Mannerism_Late_Renaissance,1382,2180,RGB,ead2a5e98d1c5896,3487,1
50862,0,Unknown Artist,7,religious_painting,13,Mannerism_Late_Renaissance,1389,1382,RGB,bbabb0e4c6848e3c,3488,1
46469,0,Unknown Artist,7,religious_painting,22,Rococo,1382,2701,RGB,a4ac3f72e5f035c0,3489,1
23148,0,Unknown Artist,6,portrait,13,Mannerism_Late_Renaissance,1382,1552,RGB,9e31634ee4c59993,3490,1
22171,83,joshua-reynolds,6,portrait,22,Rococo,1382,1713,RGB,999b6464643bf196,3491,1
56165,0,Unknown Artist,7,religious_painting,8,Early_Renaissance,1382,2485,RGB,eeb2d10c366133d9,3492,1
18162,25,albrecht-durer,2,genre_painting,17,Northern_Renaissance,1382,1540,RGB,ffc29cc78269c870,3493,1
21627,0,Unknown Artist,2,genre_painting,22,Rococo,2020,1382,RGB,c0ec2e2661f6da1b,3494,1
51735,117,hans-holbein-the-younger,6,portrait,17,Northern_Renaissance,1386,1382,RGB,c4b40a9b6ecc3b65,3495,1
28746,58,pietro-perugino,7,religious_painting,11,High_Renaissance,1382,1536,RGB,ce05393d1666c3d3,3496,1
63124,0,Unknown Artist,6,portrait,22,Rococo,1382,1677,RGB,d9797266265b9823,3497,1
39258,0,Unknown Artist,7,religious_painting,8,Early_Renaissance,1382,1924,RGB,aaf08592c11f6c3f,3498,1
79361,0,Unknown Artist,10,Unknown Genre,11,High_Renaissance,1382,2011,RGB,d24d2d34b2929b73,3499,1
46586,0,Unknown Artist,6,portrait,22,Rococo,1382,1830,RGB,8c8d6332327933cf,3500,1
41308,0,Unknown Artist,7,religious_painting,8,Early_Renaissance,1382,3531,RGB,b3bc0b26e4f328b4,3501,1
12066,20,rembrandt,6,portrait,4,Baroque,1382,1841,RGB,dab2676869cc3067,3502,1
5848,25,albrecht-durer,8,sketch_and_study,17,Northern_Renaissance,1765,1382,RGB,b24085c97173b75e,3503,1
111,20,rembrandt,10,Unknown Genre,4,Baroque,1710,1382,RGB,ce7931c6389887cb,3504,1
73115,0,Unknown Artist,10,Unknown Genre,13,Mannerism_Late_Renaissance,1732,1382,RGB,c0367e99275bc6a1,3505,1
56891,82,paolo-veronese,7,religious_painting,13,Mannerism_Late_Renaissance,1382,1915,RGB,80973f685bd1a2f1,3506,1
8132,25,albrecht-durer,8,sketch_and_study,17,Northern_Renaissance,1382,1734,RGB,8acb95a4b9265cb3,3507,1
55755,0,Unknown Artist,7,religious_painting,17,Northern_Renaissance,1382,1991,RGB,c8a6272d47557173,3508,1
41509,58,pietro-perugino,7,religious_painting,8,Early_Renaissance,2998,1382,RGB,c8b584bac5cb96e8,3509,1
28413,67,tintoretto,6,portrait,13,Mannerism_Late_Renaissance,1382,1786,RGB,8cc8dd7123237367,3510,1
54247,0,Unknown Artist,2,genre_painting,4,Baroque,1888,1382,RGB,d5e5fa7a3a2b0206,3511,1
48738,0,Unknown Artist,7,religious_painting,8,Early_Renaissance,1711,1382,RGB,b37433e3789e2294,3512,1
57063,0,Unknown Artist,7,religious_painting,22,Rococo,1767,1382,RGB,92c6e5899ceced21,3513,1
46199,29,lucas-cranach-the-elder,6,portrait,17,Northern_Renaissance,1382,2119,RGB,cc99332c7533d6c2,3514,1
51855,0,Unknown Artist,1,cityscape,22,Rococo,2113,1382,RGB,c6edd8c39b18e08b,3515,1
5904,20,rembrandt,7,religious_painting,4,Baroque,1382,1709,RGB,c09f39e31ce31798,3516,1
27283,77,titian,6,portrait,13,Mannerism_Late_Renaissance,1382,1561,RGB,f99985523e62e507,3517,1
74177,0,Unknown Artist,10,Unknown Genre,4,Baroque,2151,1382,RGB,97a4e27f119cad42,1368,2
26620,0,Unknown Artist,7,religious_painting,11,High_Renaissance,1382,2408,RGB,fcba3ae8a1f5a090,3518,1
30786,0,Unknown Artist,7,religious_painting,13,Mannerism_Late_Renaissance,1382,1786,RGB,d00c12735b13f6e7,3519,1
44092,0,Unknown Artist,6,portrait,11,High_Renaissance,1382,1852,RGB,eca4f0331b0b5ecc,3520,1
56357,121,el-greco,7,religious_painting,13,Mannerism_Late_Renaissance,1382,1997,RGB,cd34975a3a996c2c,3521,1
47218,0,Unknown Artist,2,genre_painting,22,Rococo,1760,1382,RGB,95496c6a32971b2f,3522,1
27712,0,Unknown Artist,7,religious_painting,4,Baroque,1382,2444,RGB,e94da69ec831171e,3523,1
33061,0,Unknown Artist,2,genre_painting,4,Baroque,1382,1937,RGB,96b46ced1b91644e,3524,1
75007,0,Unknown Artist,10,Unknown Genre,11,High_Renaissance,1382,1654,RGB,e4da74f458c8c3c3,3525,1
50198,0,Unknown Artist,5,nude_painting,13,Mannerism_Late_Renaissance,2270,1382,RGB,848f7f2a49384e3d,3526,1
56740,0,Unknown Artist,7,religious_painting,8,Early_Renaissance,1382,2752,RGB,b3eae790c95e038a,3527,1
26865,58,pietro-perugino,7,religious_painting,11,High_Renaissance,1382,1526,RGB,e44869767e692725,3528,1
28621,29,lucas-cranach-the-elder,6,portrait,17,Northern_Renaissance,1382,2012,RGB,cf8a317712a4e0db,3529,1
39851,0,Unknown Artist,8,sketch_and_study,22,Rococo,1382,1896,RGB,cd93322c1b69ce9c,3530,1
70336,0,Unknown Artist,10,Unknown Genre,22,Rococo,1416,1382,RGB,cc9833e71cc3c70e,3531,1
29833,69,raphael,6,portrait,11,High_Renaissance,1382,1829,RGB,d92d4c96266ed989,3532,1
20815,0,Unknown Artist,7,religious_painting,8,Early_Renaissance,2548,1382,RGB,e5f29483092fc93b,3533,1
68510,0,Unknown Artist,10,Unknown Genre,4,Baroque,2109,1382,RGB,c5d73687678448b6,3534,1
46641,0,Unknown Artist,7,religious_painting,8,Early_Renaissance,2109,1382,RGB,af18d067c4369fb0,3535,1
56645,0,Unknown Artist,7,religious_painting,8,Early_Renaissance,1382,1432,RGB,8f98362768cb3966,3536,1
17993,25,albrecht-durer,7,religious_painting,17,Northern_Renaissance,1382,1603,RGB,9de4e3cf82111d3c,3537,1
80028,0,Unknown Artist,10,Unknown Genre,22,Rococo,2014,1382,RGB,92b80dec0f956d4b,3538,1
19462,0,Unknown Artist,7,religious_painting,4,Baroque,1974,1382,RGB,89d2f2c8d9b13a35,3539,1
55963,103,hans-memling,7,religious_painting,17,Northern_Renaissance,1382,2251,RGB,ae94d7c9a0f92316,3540,1
33709,0,Unknown Artist,7,religious_painting,13,Mannerism_Late_Renaissance,1382,2032,RGB,c1cc5c9299ebe6e0,3541,1
70184,0,Unknown Artist,10,Unknown Genre,17,Northern_Renaissance,1382,1861,RGB,ceed30d1e630d98c,3542,1
8010,25,albrecht-durer,7,religious_painting,17,Northern_Renaissance,1382,1963,RGB,d320573686e29bd9,3543,1
55882,38,fra-angelico,7,religious_painting,8,Early_Renaissance,1382,1793,RGB,b5c8c26e789a7562,3544,1
33763,0,Unknown Artist,4,landscape,17,Northern_Renaissance,1861,1382,RGB,addab501e05fca45,3545,1
8682,25,albrecht-durer,7,religious_painting,17,Northern_Renaissance,1382,2211,RGB,fae0850d9a36b3c3,3546,1
34101,69,raphael,6,portrait,11,High_Renaissance,1382,1730,RGB,e4a433dec29bcc8c,3547,1
44744,0,Unknown Artist,7,religious_painting,8,Early_Renaissance,1738,1382,RGB,cec9d47275271e0c,3548,1
42228,82,paolo-veronese,7,religious_painting,13,Mannerism_Late_Renaissance,1462,1382,RGB,ab9ef1a1c44be170,3549,1
3783,25,albrecht-durer,6,portrait,17,Northern_Renaissance,1382,1885,RGB,cbc02443361ebd7b,3550,1
63176,67,tintoretto,6,portrait,13,Mannerism_Late_Renaissance,1382,1742,RGB,8c8c7573332dde84,3551,1
65266,0,Unknown Artist,6,portrait,22,Rococo,1382,1735,RGB,d1d92c36e6cc3364,3552,1
25153,29,lucas-cranach-the-elder,6,portrait,17,Northern_Renaissance,1382,1910,RGB,9ddf63314868e664,3553,1
26285,0,Unknown Artist,2,genre_painting,22,Rococo,1382,1802,RGB,8b663498e73760ce,3554,1
71768,0,Unknown Artist,10,Unknown Genre,4,Baroque,2686,1382,RGB,9bc60499ea5a0af7,3555,1
25671,0,Unknown Artist,1,cityscape,13,Mannerism_Late_Renaissance,2097,1382,RGB,a3a84db193bc4be2,3556,1
78449,0,Unknown Artist,10,Unknown Genre,13,Mannerism_Late_Renaissance,1714,1382,RGB,d393ec0e0e8cda0f,3557,1
17974,25,albrecht-durer,7,religious_painting,17,Northern_Renaissance,1382,1817,RGB,f361ec96940dcb1a,3558,1
48961,77,titian,7,religious_painting,11,High_Renaissance,1382,1683,RGB,d03f3469c7173692,3559,1
17756,20,rembrandt,7,religious_painting,4,Baroque,1888,1382,RGB,c8780766971d336e,3560,1
42134,0,Unknown Artist,7,religious_painting,17,Northern_Renaissance,1382,1467,RGB,8fbef26168af0612,3561,1
56334,38,fra-angelico,7,religious_painting,8,Early_Renaissance,1670,1382,RGB,8a9a316c6b67afa0,3562,1
30622,0,Unknown Artist,6,portrait,8,Early_Renaissance,1382,1754,RGB,c769301ec5c66d93,3563,1
47315,0,Unknown Artist,7,religious_painting,8,Early_Renaissance,1382,1919,RGB,c7cc7c0f526d19a2,3564,1
45616,69,raphael,7,religious_painting,11,High_Renaissance,1386,1382,RGB,ead6b1b9442cb34a,3565,1
73488,0,Unknown Artist,10,Unknown Genre,13,Mannerism_Late_Renaissance,1382,1781,RGB,ed93daf046b922c1,3566,1
79371,0,Unknown Artist,10,Unknown Genre,11,High_Renaissance,2089,1382,RGB,b61d86e3c96c2715,3567,1
40757,0,Unknown Artist,7,religious_painting,8,Early_Renaissance,1382,1857,RGB,9b3166c6a43b523d,3568,1
33170,121,el-greco,6,portrait,13,Mannerism_Late_Renaissance,1382,1880,RGB,efcca435b113962c,3569,1
62514,24,leonardo-da-vinci,8,sketch_and_study,11,High_Renaissance,1382,1694,RGB,b1ce833cc32ec627,3570,1
57029,82,paolo-veronese,7,religious_painting,13,Mannerism_Late_Renaissance,1895,1382,RGB,faa7084c53f227a3,3571,1
72396,0,Unknown Artist,10,Unknown Genre,13,Mannerism_Late_Renaissance,1382,1595,RGB,bac1051ed37a0f6c,3572,1
25716,0,Unknown Artist,7,religious_painting,8,Early_Renaissance,1382,1951,RGB,96866917330fe4ec,3573,1
75160,0,Unknown Artist,10,Unknown Genre,22,Rococo,1382,2302,RGB,91c5164b6a196f6d,3574,1
76098,0,Unknown Artist,10,Unknown Genre,13,Mannerism_Late_Renaissance,1382,1700,RGB,cf1624387c3f95a1,3575,1
41923,0,Unknown Artist,7,religious_painting,17,Northern_Renaissance,2617,1382,RGB,eb42b579d26d8688,3576,1
35901,0,Unknown Artist,7,religious_painting,22,Rococo,1382,1955,RGB,919a3637c68d3969,3577,1
19368,0,Unknown Artist,6,portrait,22,Rococo,1382,1678,RGB,8efd5290b1cea836,3578,1
29428,121,el-greco,7,religious_painting,13,Mannerism_Late_Renaissance,1382,1998,RGB,dc0a69682f876ed2,3579,1
72148,0,Unknown Artist,10,Unknown Genre,11,High_Renaissance,1945,1382,RGB,bff4c04cc03b4bc6,3580,1
78630,0,Unknown Artist,10,Unknown Genre,4,Baroque,1382,1404,RGB,edbef8e0e185c481,3581,1
75494,0,Unknown Artist,10,Unknown Genre,13,Mannerism_Late_Renaissance,1382,1897,RGB,dde2e80d629da562,3582,1
63558,0,Unknown Artist,6,portrait,22,Rococo,1382,1761,RGB,cc6633739c4c9c69,3583,1
46596,87,michelangelo,7,religious_painting,11,High_Renaissance,1389,1382,RGB,aeab507c4ad279c1,3584,1
64208,126,thomas-gainsborough,6,portrait,22,Rococo,1382,1732,RGB,d97f2426dab06cc2,3585,1
35725,0,Unknown Artist,7,religious_painting,8,Early_Renaissance,1762,1382,RGB,88ed2d8523cb6ad6,3586,1
63929,77,titian,6,portrait,13,Mannerism_Late_Renaissance,1382,1763,RGB,cd4f708e3e303173,3587,1
62430,69,raphael,8,sketch_and_study,11,High_Renaissance,1382,2132,RGB,e9ce1648ae35b722,3588,1
48975,29,lucas-cranach-the-elder,7,religious_painting,17,Northern_Renaissance,1382,2049,RGB,c79d7053806cd6d3,3589,1
37722,0,Unknown Artist,7,religious_painting,8,Early_Renaissance,2073,1382,RGB,c69c7af304ac39c3,3590,1
63921,0,Unknown Artist,6,portrait,13,Mannerism_Late_Renaissance,1382,1706,RGB,ec8cc41ce32b21f7,3591,1
50240,0,Unknown Artist,7,religious_painting,4,Baroque,1382,2333,RGB,ef8aba78e0618762,3592,1
21008,38,fra-angelico,7,religious_painting,8,Early_Renaissance,1756,1382,RGB,d9f616e5f0212c35,3593,1
45025,0,Unknown Artist,7,religious_painting,11,High_Renaissance,1382,1672,RGB,fe371c4d88902b6e,3594,1
43873,83,joshua-reynolds,6,portrait,22,Rococo,1382,1795,RGB,998d6663646663d9,3595,1
62125,0,Unknown Artist,8,sketch_and_study,8,Early_Renaissance,1382,1741,RGB,9002cf393fcc7333,3596,1
56458,0,Unknown Artist,7,religious_painting,17,Northern_Renaissance,1382,2127,RGB,9cbfebd3c04dc880,3597,1
41834,82,paolo-veronese,7,religious_painting,13,Mannerism_Late_Renaissance,1951,1382,RGB,f4e64b01491bf45d,3598,1
77230,0,Unknown Artist,10,Unknown Genre,22,Rococo,1382,1858,RGB,d4b99bc166e74922,3599,1
71057,0,Unknown Artist,10,Unknown Genre,22,Rococo,1893,1382,RGB,f2ecddb008173669,3600,1
43431,0,Unknown Artist,8,sketch_and_study,8,Early_Renaissance,1382,1887,RGB,a76e18196397c732,3601,1
11250,0,Unknown Artist,10,Unknown Genre,17,Northern_Renaissance,1382,1539,RGB,e8609595d63664cf,3602,1
48379,0,Unknown Artist,7,religious_painting,8,Early_Renaissance,1728,1382,RGB,cb3a6bcfb46c8484,3603,1
17591,20,rembrandt,2,genre_painting,4,Baroque,1382,1595,RGB,96a64b1b25cdc2f2,3604,1
36715,0,Unknown Artist,7,religious_painting,8,Early_Renaissance,2032,1381,RGB,8e0884edb51ff263,3605,1
78530,0,Unknown Artist,10,Unknown Genre,13,Mannerism_Late_Renaissance,1382,1669,RGB,e9c1a438813ee779,3606,1
62467,24,leonardo-da-vinci,8,sketch_and_study,11,High_Renaissance,1809,1382,RGB,e9c79678c39e2483,3607,1
42995,121,el-greco,7,religious_painting,13,Mannerism_Late_Renaissance,1382,2149,RGB,94c95b366b4dc714,3608,1
80097,0,Unknown Artist,10,Unknown Genre,22,Rococo,1382,1785,RGB,9c69479263e19bc6,3609,1
74852,0,Unknown Artist,10,Unknown Genre,11,High_Renaissance,1382,1556,RGB,b4a2de8f4dc1568c,3610,1
31539,0,Unknown Artist,6,portrait,22,Rococo,1382,1794,RGB,8e8f713438717726,3611,1
62955,0,Unknown Artist,6,portrait,22,Rococo,1382,1619,RGB,be4ca5b19126c69b,3612,1
70098,0,Unknown Artist,10,Unknown Genre,13,Mannerism_Late_Renaissance,2915,1382,RGB,831e7ca7277e8c21,3613,1
32317,24,leonardo-da-vinci,7,religious_painting,8,Early_Renaissance,1382,2166,RGB,96b6ecf9e1e06184,3614,1
64123,0,Unknown Artist,6,portrait,22,Rococo,1382,1806,RGB,ba39e4e421e1d792,3615,1
44287,0,Unknown Artist,2,genre_painting,4,Baroque,1977,1382,RGB,8791ea69b45eb24c,3616,1
78516,0,Unknown Artist,10,Unknown Genre,13,Mannerism_Late_Renaissance,1382,1778,RGB,ea8bf52c36355690,3617,1
65679,0,Unknown Artist,6,portrait,8,Early_Renaissance,1382,2065,RGB,9e8b627879656453,3618,1
20835,38,fra-angelico,7,religious_painting,8,Early_Renaissance,2241,1382,RGB,abb67ae1dca0e0a8,3619,1
38091,24,leonardo-da-vinci,7,religious_painting,8,Early_Renaissance,1382,1954,RGB,cb63e16d56564a86,3620,1
8001,20,rembrandt,6,portrait,4,Baroque,1382,1642,RGB,cccc3333739686c3,3621,1
34700,0,Unknown Artist,6,portrait,22,Rococo,1382,1862,RGB,e19c1c3b497807f6,3622,1
25324,0,Unknown Artist,7,religious_painting,11,High_Renaissance,1382,1504,RGB,a1c05e6e43393d8f,3623,1
44188,0,Unknown Artist,7,religious_painting,13,Mannerism_Late_Renaissance,1871,1382,RGB,9df211c76f386825,3624,1
25863,0,Unknown Artist,6,portrait,8,Early_Renaissance,1382,1912,RGB,ce0f34300efdc31e,3625,1
24186,29,lucas-cranach-the-elder,6,portrait,17,Northern_Renaissance,1382,2229,RGB,babe6561a3d5e480,3626,1
36133,0,Unknown Artist,7,religious_painting,4,Baroque,2041,1382,RGB,da8dc4cab0b6e878,3627,1
38707,77,titian,7,religious_painting,13,Mannerism_Late_Renaissance,1382,1956,RGB,c5c869868c197fd6,3628,1
48517,0,Unknown Artist,7,religious_painting,11,High_Renaissance,1382,1846,RGB,ce6cb13a23399366,3629,1
25414,80,peter-paul-rubens,7,religious_painting,4,Baroque,1382,2096,RGB,d5c7608dda1e4e68,3630,1
56984,0,Unknown Artist,7,religious_painting,4,Baroque,1382,4055,RGB,eab4d1a7b8c286d8,3631,1
64170,77,titian,6,portrait,11,High_Renaissance,1382,1746,RGB,c88cdc63373363d1,3632,1
69544,0,Unknown Artist,10,Unknown Genre,13,Mannerism_Late_Renaissance,1382,1726,RGB,cccc333333333366,3633,2
73539,0,Unknown Artist,10,Unknown Genre,22,Rococo,1382,1461,RGB,fe32e96ce5b18160,3634,1
67799,0,Unknown Artist,10,Unknown Genre,11,High_Renaissance,1730,1382,RGB,8c287359afb6586a,3635,1
55612,0,Unknown Artist,7,religious_painting,13,Mannerism_Late_Renaissance,1382,1681,RGB,85b2cb456c6bb26c,3636,1
78533,0,Unknown Artist,10,Unknown Genre,13,Mannerism_Late_Renaissance,2008,1382,RGB,814452f2daf81bcf,3637,1
71835,0,Unknown Artist,10,Unknown Genre,4,Baroque,1723,1382,RGB,c83362cf0b8b67d2,3638,1
21845,121,el-greco,7,religious_painting,13,Mannerism_Late_Renaissance,1382,1943,RGB,9ac9d1f34c4e2a95,3639,1
46348,0,Unknown Artist,6,portrait,22,Rococo,1382,1840,RGB,ae3cf863b10ce1c6,3640,1
79363,0,Unknown Artist,10,Unknown Genre,11,High_Renaissance,1382,1389,RGB,c0f59580fe93513b,3641,1
47239,0,Unknown Artist,7,religious_painting,8,Early_Renaissance,1382,1404,RGB,ea8db44ad178c333,3642,1
30870,0,Unknown Artist,9,still_life,4,Baroque,1382,1726,RGB,f4b493cacace3807,3643,1
19103,38,fra-angelico,7,religious_painting,8,Early_Renaissance,1382,2369,RGB,cc51115ed94b47ce,3644,1
43720,23,hieronymus-bosch,7,religious_painting,17,Northern_Renaissance,2006,1382,RGB,dfd8c789080d36c7,3645,1
57088,0,Unknown Artist,7,religious_painting,13,Mannerism_Late_Renaissance,1382,5087,RGB,adac1410372f6b7c,3646,1
31688,0,Unknown Artist,1,cityscape,22,Rococo,1382,1453,RGB,e8ab37708a723789,3647,1
63654,0,Unknown Artist,6,portrait,22,Rococo,1382,1655,RGB,996966b60a76cd1c,3648,1
20484,121,el-greco,7,religious_painting,13,Mannerism_Late_Renaissance,1382,1707,RGB,96582db4c6a71b66,3649,1
46955,0,Unknown Artist,4,landscape,4,Baroque,1753,1382,RGB,dbdfe4c021c61a96,3650,1
8438,25,albrecht-durer,8,sketch_and_study,17,Northern_Renaissance,1382,1737,RGB,b82a4da141de2dcf,3651,1
78632,0,Unknown Artist,10,Unknown Genre,4,Baroque,1382,1699,RGB,9c27946b4fd066d4,3652,1
64875,77,titian,6,portrait,13,Mannerism_Late_Renaissance,1382,1742,RGB,c95dae6436c1611f,3653,1
55982,0,Unknown Artist,7,religious_painting,11,High_Renaissance,1382,1664,RGB,bfe4a0a7405a1db5,3654,1
38722,67,tintoretto,7,religious_painting,13,Mannerism_Late_Renaissance,3143,1382,RGB,e53ece31c30eb906,3655,1
55985,69,raphael,7,religious_painting,11,High_Renaissance,1382,1948,RGB,d594e5d126c83c67,3656,1
27039,87,michelangelo,8,sketch_and_study,11,High_Renaissance,1382,1807,RGB,e56cd99232e66c49,3657,1
38671,0,Unknown Artist,2,genre_painting,4,Baroque,2124,1382,RGB,8e1b2174dca333ec,3658,1
44876,0,Unknown Artist,7,religious_painting,11,High_Renaissance,1382,1994,RGB,d5820d5e623d3b3a,3659,1
38878,58,pietro-perugino,7,religious_painting,8,Early_Renaissance,1382,4164,RGB,ffe006af929c8931,3660,1
56247,87,michelangelo,7,religious_painting,11,High_Renaissance,1842,1382,RGB,eefa5a498d04ed14,3661,1
59045,82,paolo-veronese,4,landscape,13,Mannerism_Late_Renaissance,1382,1913,RGB,bcb83339c7e71890,3662,1
36310,0,Unknown Artist,6,portrait,22,Rococo,1382,1731,RGB,c94a3d72e6967285,3663,1
56640,0,Unknown Artist,7,religious_painting,17,Northern_Renaissance,1382,2617,RGB,dfd3f3d8314c2124,3664,1
2415,20,rembrandt,10,Unknown Genre,4,Baroque,1382,1774,RGB,dc8d693636614b96,3665,1
56737,0,Unknown Artist,7,religious_painting,8,Early_Renaissance,1382,1786,RGB,eae09795bc9de102,3666,1
71462,0,Unknown Artist,10,Unknown Genre,4,Baroque,1382,1821,RGB,fbda10f11999c3e0,3667,1
23739,0,Unknown Artist,7,religious_painting,13,Mannerism_Late_Renaissance,1382,1844,RGB,954c3af3e62d3a50,3668,1
4059,25,albrecht-durer,8,sketch_and_study,17,Northern_Renaissance,1382,2220,RGB,b0591ca486e7e7cc,3669,1
35704,58,pietro-perugino,7,religious_painting,8,Early_Renaissance,1382,1493,RGB,aee9dc36ce752088,3670,1
25828,0,Unknown Artist,6,portrait,8,Early_Renaissance,1382,1965,RGB,80796f5af80f3aa1,3671,1
17743,20,rembrandt,6,portrait,4,Baroque,1382,1764,RGB,990966663b996c67,3672,1
56398,0,Unknown Artist,7,religious_painting,13,Mannerism_Late_Renaissance,1382,1395,RGB,b8ebe171e4a1c346,3673,1
22019,67,tintoretto,7,religious_painting,13,Mannerism_Late_Renaissance,1944,1382,RGB,eb61b4cec1b18647,3674,1
50546,0,Unknown Artist,7,religious_painting,8,Early_Renaissance,1771,1382,RGB,d1cb19309f1cf24d,3675,1
22962,0,Unknown Artist,7,religious_painting,17,Northern_Renaissance,1798,1382,RGB,e6c0922f9b1a89db,3676,1
43437,83,joshua-reynolds,8,sketch_and_study,22,Rococo,1382,1874,RGB,b829c3c61c59d99b,3677,1
47203,61,bartolome-esteban-murillo,8,sketch_and_study,4,Baroque,1382,1907,RGB,c895b65a59619c7a,3678,1
55831,67,tintoretto,7,religious_painting,13,Mannerism_Late_Renaissance,1382,1442,RGB,919273b90f69646e,3679,1
72705,0,Unknown Artist,10,Unknown Genre,22,Rococo,1382,2176,RGB,9aa76d38e14fd086,3680,1
56076,0,Unknown Artist,7,religious_painting,17,Northern_Renaissance,1382,2794,RGB,e11e3efab0a08fe0,3681,1
47620,0,Unknown Artist,6,portrait,13,Mannerism_Late_Renaissance,1381,1697,RGB,f4c60bb4681b65d9,3682,1
33228,0,Unknown Artist,2,genre_painting,4,Baroque,1382,1614,RGB,cf7db036843ec984,3683,1
32705,69,raphael,7,religious_painting,11,High_Renaissance,1382,2283,RGB,eee78319a2b0f48c,3684,1
46166,0,Unknown Artist,7,religious_painting,17,Northern_Renaissance,1382,1877,RGB,ef9ad44185918b97,3685,1
65312,121,el-greco,6,portrait,13,Mannerism_Late_Renaissance,1382,2273,RGB,c12c31c28fcc79eb,3686,1
37090,77,titian,7,religious_painting,13,Mannerism_Late_Renaissance,1382,1556,RGB,8e8c71e333396738,3687,1
54330,0,Unknown Artist,2,genre_painting,4,Baroque,1382,1548,RGB,ba1f58a2833e47d1,3688,1
36658,116,frans-hals,6,portrait,4,Baroque,1382,1697,RGB,cec42c393966e363,3689,1
6929,25,albrecht-durer,6,portrait,17,Northern_Renaissance,1382,2008,RGB,850fb2e4534fd4e8,3690,1
75511,0,Unknown Artist,10,Unknown Genre,17,Northern_Renaissance,1382,3609,RGB,842a78f22ffe05e1,3691,1
42487,0,Unknown Artist,7,religious_painting,8,Early_Renaissance,3084,1382,RGB,90bf54526f348c6d,3692,1
31849,0,Unknown Artist,7,religious_painting,13,Mannerism_Late_Renaissance,1842,1382,RGB,955e1cbd270d4f28,3693,1
23402,121,el-greco,7,religious_painting,13,Mannerism_Late_Renaissance,1382,2424,RGB,949bab9085e376a6,3694,1
75698,0,Unknown Artist,10,Unknown Genre,22,Rococo,1630,1382,RGB,b7b4a94ee670a219,3695,1
65126,0,Unknown Artist,6,portrait,11,High_Renaissance,1382,1857,RGB,cc1f731134e71374,3696,1
27033,0,Unknown Artist,7,religious_painting,4,Baroque,1747,1382,RGB,b964e61b9e49c436,3697,1
40052,0,Unknown Artist,7,religious_painting,8,Early_Renaissance,1382,1797,RGB,dc237a19e1987f06,3698,1
24966,69,raphael,6,portrait,11,High_Renaissance,1382,2009,RGB,991877e625c719e8,3699,1
3844,20,rembrandt,2,genre_painting,4,Baroque,1848,1382,RGB,ebf09624921fc533,3700,1
62363,23,hieronymus-bosch,8,sketch_and_study,17,Northern_Renaissance,1382,2465,RGB,fc60633aba38a6cc,3701,1
33619,58,pietro-perugino,7,religious_painting,11,High_Renaissance,1382,1682,RGB,df0f603e6d313464,3702,1
26801,0,Unknown Artist,9,still_life,22,Rococo,1674,1382,RGB,85b85bc73cd2661c,3703,1
24769,77,titian,6,portrait,11,High_Renaissance,1382,1583,RGB,a4964b6971f216cd,3704,1
56241,23,hieronymus-bosch,7,religious_painting,17,Northern_Renaissance,1382,1700,RGB,f9c2bd9803463d74,3705,1
68910,0,Unknown Artist,10,Unknown Genre,13,Mannerism_Late_Renaissance,1382,1461,RGB,eaeabbaaae2d2820,3706,1
12235,25,albrecht-durer,6,portrait,17,Northern_Renaissance,1382,1865,RGB,bab5cf4ae40c8479,3707,1
73874,0,Unknown Artist,10,Unknown Genre,11,High_Renaissance,2248,1382,RGB,c4491d36db3ae364,3708,1
69279,0,Unknown Artist,10,Unknown Genre,13,Mannerism_Late_Renaissance,1909,1382,RGB,c1c03e66dd3d2636,3709,1
56202,0,Unknown Artist,7,religious_painting,17,Northern_Renaissance,1874,1382,RGB,8fd9fc8a9034e646,3710,1
18085,25,albrecht-durer,6,portrait,17,Northern_Renaissance,1382,1623,RGB,ac6f83f0c491d78a,3711,1
8879,0,Unknown Artist,10,Unknown Genre,17,Northern_Renaissance,1382,1533,RGB,adb4c0499e6e968b,3712,1
43976,0,Unknown Artist,7,religious_painting,4,Baroque,2081,1382,RGB,c226339c27d9ecb2,3713,1
56631,0,Unknown Artist,7,religious_painting,11,High_Renaissance,1382,1661,RGB,c6e365d3e03c331a,3714,1
56177,0,Unknown Artist,7,religious_painting,8,Early_Renaissance,1382,1908,RGB,f0f97fe87080f190,3715,1
37021,38,fra-angelico,7,religious_painting,8,Early_Renaissance,1382,1628,RGB,b5cbb5d22cc620f2,3716,1
69721,0,Unknown Artist,10,Unknown Genre,11,High_Renaissance,1382,1625,RGB,8f67619ad859c466,3717,1
52597,117,hans-holbein-the-younger,6,portrait,17,Northern_Renaissance,1382,1898,RGB,eae4249292dbc9cd,3718,1
3895,25,albrecht-durer,7,religious_painting,17,Northern_Renaissance,1382,2049,RGB,ea689294b5c5cb63,3719,1
32766,82,paolo-veronese,7,religious_painting,13,Mannerism_Late_Renaissance,1382,1891,RGB,eac6b418c5de922d,3720,1
40890,0,Unknown Artist,6,portrait,13,Mannerism_Late_Renaissance,1382,1667,RGB,dd992de662663898,3721,1
80535,0,Unknown Artist,10,Unknown Genre,8,Early_Renaissance,1382,2887,RGB,d0b46fca4dda09d2,3722,1
3401,0,Unknown Artist,10,Unknown Genre,17,Northern_Renaissance,1382,1937,RGB,a48e12f3c5f0fa2c,3723,1
18134,25,albrecht-durer,7,religious_painting,17,Northern_Renaissance,1382,1888,RGB,b0e7e442b733970c,3724,1
35918,0,Unknown Artist,2,genre_painting,17,Northern_Renaissance,1965,1382,RGB,9d30cf79822fb00f,3725,1
28552,0,Unknown Artist,7,religious_painting,11,High_Renaissance,1382,1473,RGB,ccff712fb0807921,3726,1
49461,0,Unknown Artist,7,religious_painting,8,Early_Renaissance,1382,1383,RGB,aadbf421847fc60c,3727,1
5352,25,albrecht-durer,8,sketch_and_study,17,Northern_Renaissance,1382,1673,RGB,d05e5d3162d95d62,3728,1
40617,38,fra-angelico,7,religious_painting,8,Early_Renaissance,1725,1382,RGB,e2c43e35193b6978,3729,1
4649,20,rembrandt,6,portrait,4,Baroque,2061,1382,RGB,8fd282d5e5ae7106,3730,1
43369,58,pietro-perugino,7,religious_painting,11,High_Renaissance,1382,1891,RGB,cc1c6133d2357397,3731,1
42240,0,Unknown Artist,7,religious_painting,13,Mannerism_Late_Renaissance,1842,1382,RGB,d10f3eca0bdac499,3732,1
80059,0,Unknown Artist,10,Unknown Genre,22,Rococo,2017,1382,RGB,d3d2264acb2535e9,3733,1
52427,0,Unknown Artist,7,religious_painting,11,High_Renaissance,1382,1765,RGB,dc7269350fb40ae3,3734,1
81140,0,Unknown Artist,10,Unknown Genre,17,Northern_Renaissance,1382,1884,RGB,cd0c0ad3a57cb366,3735,1
56743,0,Unknown Artist,7,religious_painting,17,Northern_Renaissance,1382,1881,RGB,eb90905b055f4d6e,3736,1
52666,24,leonardo-da-vinci,8,sketch_and_study,11,High_Renaissance,1382,1990,RGB,bbe00f9cc63119c7,3737,1
43903,0,Unknown Artist,7,religious_painting,4,Baroque,1718,1382,RGB,a44244bf3bb15f31,3738,1
63897,0,Unknown Artist,6,portrait,8,Early_Renaissance,1382,1769,RGB,ce2df0166bd10cda,3739,1
75848,0,Unknown Artist,10,Unknown Genre,13,Mannerism_Late_Renaissance,1382,1480,RGB,fdf0128c8c17e31e,3740,1
18009,25,albrecht-durer,7,religious_painting,17,Northern_Renaissance,1382,1678,RGB,ce077818377821f7,3741,1
22869,83,joshua-reynolds,6,portrait,22,Rococo,1382,2295,RGB,c92e317387ce9c38,3742,1
4434,25,albrecht-durer,7,religious_painting,17,Northern_Renaissance,1382,1881,RGB,e3bef891a489b50c,3743,1
27670,0,Unknown Artist,7,religious_painting,4,Baroque,1382,1673,RGB,8d8e58b16e52b339,3744,1
56253,0,Unknown Artist,7,religious_painting,4,Baroque,1382,2056,RGB,ccc623a91bb517ca,3745,1
51500,82,paolo-veronese,7,religious_painting,13,Mannerism_Late_Renaissance,1382,2800,RGB,c6d155031b362f4f,3746,1
56258,0,Unknown Artist,7,religious_painting,13,Mannerism_Late_Renaissance,1382,1749,RGB,f54d3fe04ac368b0,3747,1
40152,38,fra-angelico,7,religious_painting,8,Early_Renaissance,1565,1382,RGB,ee90dd4b19195179,3748,1
45064,0,Unknown Artist,2,genre_painting,17,Northern_Renaissance,1382,1630,RGB,f606883dfa78b581,3749,1
56835,82,paolo-veronese,7,religious_painting,13,Mannerism_Late_Renaissance,3348,1382,RGB,bf94ca49a9cbc14a,3750,1
56303,0,Unknown Artist,7,religious_painting,13,Mannerism_Late_Renaissance,1382,1680,RGB,a8ba465d1b2a34eb,3751,1
30272,0,Unknown Artist,7,religious_painting,8,Early_Renaissance,1382,3218,RGB,ea85941e127b4b79,3752,1
50352,0,Unknown Artist,6,portrait,22,Rococo,1382,1539,RGB,c49f3bc4421fb463,3753,1
65625,77,titian,6,portrait,13,Mannerism_Late_Renaissance,1382,2741,RGB,8db471936eb3604b,3754,1
57953,128,canaletto,1,cityscape,22,Rococo,2288,1381,RGB,bf88003ec07b6f8e,3755,1
50543,24,leonardo-da-vinci,7,religious_painting,11,High_Renaissance,1382,2055,RGB,ded2a1ad8f0da4b0,3756,1
27085,0,Unknown Artist,6,portrait,13,Mannerism_Late_Renaissance,1382,1997,RGB,db18417587ee7c82,3757,1
47525,0,Unknown Artist,6,portrait,17,Northern_Renaissance,1382,1727,RGB,9689b9b8b949f264,3758,1
8213,25,albrecht-durer,8,sketch_and_study,17,Northern_Renaissance,2016,1382,RGB,d94dc621b496b587,3759,1
17622,20,rembrandt,6,portrait,4,Baroque,1382,1611,RGB,fa99e46695939309,3760,1
23378,0,Unknown Artist,6,portrait,22,Rococo,1382,1497,RGB,d32f2c20c25d7b87,3761,1
52421,116,frans-hals,6,portrait,4,Baroque,1382,1752,RGB,cd8cb17366219bc6,3762,1
33069,87,michelangelo,8,sketch_and_study,11,High_Renaissance,1382,1476,RGB,b81c1787cd545e5a,3763,1
34080,0,Unknown Artist,7,religious_painting,8,Early_Renaissance,1382,1970,RGB,c786e19a5833ce99,3764,1
56221,0,Unknown Artist,7,religious_painting,17,Northern_Renaissance,1382,1715,RGB,f4f4050ecd8cc5e6,3765,1
43593,103,hans-memling,6,portrait,17,Northern_Renaissance,1382,1954,RGB,9c4936676b964b92,3766,1
28786,0,Unknown Artist,7,religious_painting,8,Early_Renaissance,1382,1808,RGB,c93f729981646fd0,3767,1
69045,0,Unknown Artist,10,Unknown Genre,13,Mannerism_Late_Renaissance,1382,1884,RGB,94927668693d9c9e,3768,1
46168,126,thomas-gainsborough,6,portrait,22,Rococo,1382,1692,RGB,8d1869a7336133e7,3769,1
40135,61,bartolome-esteban-murillo,7,religious_painting,4,Baroque,1382,2001,RGB,f0cd0f103f7b9c81,3770,1
81088,0,Unknown Artist,10,Unknown Genre,17,Northern_Renaissance,1382,1710,RGB,d8988f4b776da430,3771,1
81151,0,Unknown Artist,10,Unknown Genre,17,Northern_Renaissance,1803,1382,RGB,c28e57fbe3907422,3772,1
78504,0,Unknown Artist,10,Unknown Genre,13,Mannerism_Late_Renaissance,1382,1837,RGB,9a3963e636924dcc,3773,1
62379,125,jacob-jordaens,8,sketch_and_study,4,Baroque,1713,1381,RGB,91a27edd60c3d3a4,3774,1
18003,25,albrecht-durer,7,religious_painting,17,Northern_Renaissance,1382,2176,RGB,ceeaeacb23109a63,3775,1
51701,24,leonardo-da-vinci,7,religious_painting,11,High_Renaissance,1382,1806,RGB,ecb9932734d64692,3776,1
35126,0,Unknown Artist,7,religious_painting,11,High_Renaissance,2902,1382,RGB,eeb4c113de03c659,3777,1
69224,0,Unknown Artist,10,Unknown Genre,22,Rococo,1693,1382,RGB,8d8ef0b1685abcc9,3778,1
31917,0,Unknown Artist,8,sketch_and_study,8,Early_Renaissance,1382,2004,RGB,ab7fc567846c8449,3779,1
39347,0,Unknown Artist,7,religious_painting,8,Early_Renaissance,2512,1382,RGB,b07832272d2eccaf,3780,1
41504,0,Unknown Artist,7,religious_painting,17,Northern_Renaissance,1382,2107,RGB,e1d60e781b93468f,3781,1
32583,0,Unknown Artist,6,portrait,22,Rococo,1382,1835,RGB,d93d23d066234fb2,3782,1
49220,121,el-greco,7,religious_painting,13,Mannerism_Late_Renaissance,1382,3038,RGB,90d62dd66369638d,3783,1
30318,0,Unknown Artist,7,religious_painting,22,Rococo,1382,2860,RGB,d39d10925f479b1a,3784,1
35284,0,Unknown Artist,7,religious_painting,17,Northern_Renaissance,1382,2336,RGB,b55a6e240a77b82d,3785,1
28080,0,Unknown Artist,2,genre_painting,22,Rococo,1797,1382,RGB,9b24516d2cfb4e91,3786,1
22935,0,Unknown Artist,8,sketch_and_study,8,Early_Renaissance,1990,1382,RGB,b2b384cae8c5c3b9,3787,1
56594,87,michelangelo,7,religious_painting,11,High_Renaissance,1495,1382,RGB,a9a80af3c71ed91c,3788,1
29829,0,Unknown Artist,6,portrait,4,Baroque,1946,1382,RGB,f4220d9b4f89d2cd,3789,1
65600,116,frans-hals,6,portrait,4,Baroque,1382,1770,RGB,87c61929d34c3cee,3790,1
46530,121,el-greco,7,religious_painting,13,Mannerism_Late_Renaissance,1382,2447,RGB,fcae1de1abe0c08c,3791,1
22524,0,Unknown Artist,6,portrait,13,Mannerism_Late_Renaissance,1382,1740,RGB,c7e33c38317827cc,3792,1
27379,0,Unknown Artist,7,religious_painting,8,Early_Renaissance,3112,1382,RGB,d270910f3d17e475,3793,1
34252,126,thomas-gainsborough,6,portrait,22,Rococo,1382,1758,RGB,c67e3361528f16c9,3794,1
32172,0,Unknown Artist,7,religious_painting,8,Early_Renaissance,3673,1382,RGB,a819a17b6b64d7a4,3795,1
68006,0,Unknown Artist,10,Unknown Genre,13,Mannerism_Late_Renaissance,1512,1382,RGB,849c2bc75e55872e,3796,1
76006,0,Unknown Artist,10,Unknown Genre,8,Early_Renaissance,1382,3350,RGB,e89615e15e4eca9a,3797,1
27988,0,Unknown Artist,6,portrait,4,Baroque,1382,1687,RGB,882f3de032333bf1,3798,1
24879,80,peter-paul-rubens,6,portrait,4,Baroque,1382,1988,RGB,9dc965964e2cf2c2,3799,1
23359,116,frans-hals,6,portrait,4,Baroque,1382,1741,RGB,8e9c7163cf903cc5,3800,1
33469,0,Unknown Artist,6,portrait,4,Baroque,1382,1735,RGB,ac855a63b79c886d,3801,1
43272,38,fra-angelico,7,religious_painting,8,Early_Renaissance,1382,1610,RGB,90155b0b666b39de,3802,1
41365,0,Unknown Artist,7,religious_painting,4,Baroque,1818,1382,RGB,854bec3836e1b5c6,3803,1
47948,0,Unknown Artist,7,religious_painting,4,Baroque,1382,1542,RGB,c19f39f3668c18cc,3804,1
34395,117,hans-holbein-the-younger,6,portrait,17,Northern_Renaissance,1404,1382,RGB,fb8dbce0853cd019,3805,1
40632,0,Unknown Artist,6,portrait,13,Mannerism_Late_Renaissance,1382,1773,RGB,d89c616e16e17953,3806,1
52647,23,hieronymus-bosch,7,religious_painting,17,Northern_Renaissance,1382,1678,RGB,bfa8383670750b17,3807,1
26253,0,Unknown Artist,2,genre_painting,4,Baroque,1609,1382,RGB,d027074ef861873f,3808,1
35722,0,Unknown Artist,7,religious_painting,13,Mannerism_Late_Renaissance,1382,1842,RGB,d52a5c3f32806b9d,3809,1
80055,0,Unknown Artist,10,Unknown Genre,22,Rococo,1738,1382,RGB,f898970bb5770362,3810,1
56295,0,Unknown Artist,7,religious_painting,17,Northern_Renaissance,1382,1839,RGB,c1855e1a2c793b67,3811,1
56969,0,Unknown Artist,7,religious_painting,17,Northern_Renaissance,1382,1534,RGB,e8bfd056d8c92236,3812,1
24175,77,titian,6,portrait,13,Mannerism_Late_Renaissance,1382,1788,RGB,cc7978a636222fcc,3813,1
50054,0,Unknown Artist,1,cityscape,22,Rococo,2096,1382,RGB,b9d0567f6bb81209,3814,1
45318,0,Unknown Artist,7,religious_painting,17,Northern_Renaissance,1382,1804,RGB,c0ca3f61783fc89a,3815,1
56600,0,Unknown Artist,7,religious_painting,17,Northern_Renaissance,1382,1828,RGB,c08acbe774e13e58,3816,1
80529,0,Unknown Artist,10,Unknown Genre,8,Early_Renaissance,1382,1974,RGB,ae8f113268ce1b37,3817,1
10826,20,rembrandt,6,portrait,4,Baroque,1382,1766,RGB,c22f6d98a645ce72,3818,1
64944,83,joshua-reynolds,6,portrait,22,Rococo,1382,1819,RGB,d9d90f6666660699,3819,1
41447,0,Unknown Artist,7,religious_painting,11,High_Renaissance,1382,1644,RGB,93a63cd92173438f,3820,1
56697,0,Unknown Artist,7,religious_painting,8,Early_Renaissance,2017,1382,RGB,c9e616a67e9a30ca,3821,1
76888,0,Unknown Artist,10,Unknown Genre,13,Mannerism_Late_Renaissance,5597,1382,RGB,d0d42b49361f3d72,3822,1
56096,69,raphael,7,religious_painting,11,High_Renaissance,1382,2152,RGB,8cac29b3aba6b46c,3823,1
31970,0,Unknown Artist,6,portrait,22,Rococo,1382,1736,RGB,cc2c3361b33bcc4b,3824,1
80101,0,Unknown Artist,10,Unknown Genre,22,Rococo,1792,1382,RGB,962a69966a6d95c3,3825,1
20233,0,Unknown Artist,8,sketch_and_study,13,Mannerism_Late_Renaissance,3324,1382,RGB,f7604e0f4a8a62f3,3826,1
40055,23,hieronymus-bosch,7,religious_painting,17,Northern_Renaissance,1382,1972,RGB,8d2dc5945253a6de,3827,1
28365,77,titian,6,portrait,11,High_Renaissance,1382,1635,RGB,e08dd02f7137621f,3828,1
55816,0,Unknown Artist,7,religious_painting,13,Mannerism_Late_Renaissance,1382,1581,RGB,b1cd936448b66cba,3829,1
49617,0,Unknown Artist,6,portrait,22,Rococo,1382,1620,RGB,af4cf231a172b561,3830,1
64249,0,Unknown Artist,6,portrait,22,Rococo,1790,1382,RGB,dfcde01a0d6f4630,3831,1
36844,67,tintoretto,7,religious_painting,13,Mannerism_Late_Renaissance,3117,1382,RGB,921b4136ca6b6fd4,3832,1
59576,24,leonardo-da-vinci,4,landscape,11,High_Renaissance,1382,1894,RGB,bd1bc2c58d2c6b92,3833,1
18160,25,albrecht-durer,6,portrait,17,Northern_Renaissance,1382,1840,RGB,8e43a1584bee87bc,3834,1
29387,80,peter-paul-rubens,6,portrait,4,Baroque,1382,1685,RGB,845b76e031d6af64,3835,1
30232,0,Unknown Artist,2,genre_painting,4,Baroque,1713,1382,RGB,c53f3a68c5376a41,3836,1
78621,0,Unknown Artist,10,Unknown Genre,4,Baroque,2145,1382,RGB,d16c069dad70cc9d,3837,1
52871,0,Unknown Artist,7,religious_painting,11,High_Renaissance,1413,1382,RGB,e3c63cf1182f7c18,3838,1
55946,0,Unknown Artist,7,religious_painting,8,Early_Renaissance,1382,2444,RGB,fa95856ace6e9160,3839,1
17956,25,albrecht-durer,7,religious_painting,17,Northern_Renaissance,1382,1902,RGB,ebeca5b0a5159632,3840,1
20229,0,Unknown Artist,7,religious_painting,4,Baroque,1832,1382,RGB,915cb6699849f72c,3841,1
30812,0,Unknown Artist,7,religious_painting,8,Early_Renaissance,1891,1382,RGB,f8ad610cba42de3c,3842,1
25044,126,thomas-gainsborough,6,portrait,22,Rococo,1382,2082,RGB,8d06327b6f6191d3,3843,1
55953,0,Unknown Artist,7,religious_painting,11,High_Renaissance,2980,1382,RGB,97cc90eaca924f33,3844,1
56327,77,titian,7,religious_painting,11,High_Renaissance,1382,1655,RGB,93bcbd2326d9e8c0,3845,1
31243,0,Unknown Artist,9,still_life,4,Baroque,1985,1382,RGB,df58357402c77c83,3846,1
56219,0,Unknown Artist,7,religious_painting,8,Early_Renaissance,1382,2201,RGB,f9aaec7161859c92,3847,1
33203,38,fra-angelico,7,religious_painting,8,Early_Renaissance,1382,1800,RGB,aeb99786e190d41b,3848,1
3965,25,albrecht-durer,7,religious_painting,17,Northern_Renaissance,1382,2090,RGB,d1162c3566dd9565,3849,1
22760,0,Unknown Artist,6,portrait,22,Rococo,1382,1846,RGB,99626a9674ca5cb3,3850,1
72766,0,Unknown Artist,10,Unknown Genre,13,Mannerism_Late_Renaissance,2433,1382,RGB,979ec96368d0195e,3851,1
56313,0,Unknown Artist,7,religious_painting,17,Northern_Renaissance,1382,1829,RGB,f4e5ada2b390c496,3852,1
63076,0,Unknown Artist,6,portrait,22,Rococo,1382,1867,RGB,d8237b6426f3249d,3853,1
36345,114,anthony-van-dyck,6,portrait,4,Baroque,1382,1461,RGB,a1ca8bb5da2d9526,3854,1
31889,0,Unknown Artist,7,religious_painting,8,Early_Renaissance,1382,2221,RGB,bbfaf1c1a4c4b085,3855,1
56798,0,Unknown Artist,7,religious_painting,8,Early_Renaissance,3527,1382,RGB,f14764f4a85fc249,3856,1
56754,38,fra-angelico,7,religious_painting,8,Early_Renaissance,1382,4081,RGB,ef10a03ab5fce2d0,3857,1
34468,0,Unknown Artist,6,portrait,22,Rococo,1382,1739,RGB,e21b1dce20e3562f,3858,1
31931,0,Unknown Artist,6,portrait,13,Mannerism_Late_Renaissance,1382,1686,RGB,a0adc4166db3257b,3859,1
52934,0,Unknown Artist,7,religious_painting,8,Early_Renaissance,1382,2912,RGB,f5f802c48797789a,3860,1
49871,24,leonardo-da-vinci,8,sketch_and_study,11,High_Renaissance,1492,1382,RGB,ebb5d2c693498c46,3861,1
6896,25,albrecht-durer,8,sketch_and_study,17,Northern_Renaissance,1382,2108,RGB,f42763570e4e9730,3862,1
13084,25,albrecht-durer,7,religious_painting,17,Northern_Renaissance,1382,2108,RGB,ae29e966da42d139,3863,1
46547,0,Unknown Artist,6,portrait,11,High_Renaissance,1382,1855,RGB,d10c6ee596362379,3864,1
40707,114,anthony-van-dyck,6,portrait,4,Baroque,1382,1971,RGB,99ac6ca1321fcec3,3865,1
51768,0,Unknown Artist,7,religious_painting,13,Mannerism_Late_Renaissance,1382,1714,RGB,d4ca7a9eb519c461,3866,1
38054,0,Unknown Artist,6,portrait,22,Rococo,1382,1683,RGB,ee89b370b1e6c123,3867,1
62543,23,hieronymus-bosch,8,sketch_and_study,17,Northern_Renaissance,1382,1956,RGB,d77ac48911b956cc,3868,1
18155,25,albrecht-durer,7,religious_painting,17,Northern_Renaissance,1382,1916,RGB,bef261055cc863b3,3869,1
56867,121,el-greco,7,religious_painting,13,Mannerism_Late_Renaissance,1382,2250,RGB,c096721e4f692bea,3870,1
78760,0,Unknown Artist,10,Unknown Genre,4,Baroque,1946,1382,RGB,93d4ad0faa72d924,3871,1
17973,0,Unknown Artist,10,Unknown Genre,17,Northern_Renaissance,1382,1852,RGB,c48d5a87e683d96c,3872,1
56199,0,Unknown Artist,7,religious_painting,8,Early_Renaissance,2204,1382,RGB,e8efbde18544b070,3873,1
49223,0,Unknown Artist,6,portrait,11,High_Renaissance,1382,1872,RGB,ce4c61933969d734,3874,1
19178,0,Unknown Artist,7,religious_painting,11,High_Renaissance,1382,1453,RGB,d166c0790e3cf359,3875,1
52146,0,Unknown Artist,7,religious_painting,8,Early_Renaissance,1517,1382,RGB,f46b185cc3856adc,3876,1
30491,0,Unknown Artist,6,portrait,13,Mannerism_Late_Renaissance,1382,1837,RGB,c7d13c38331db1c6,3877,1
64357,0,Unknown Artist,6,portrait,22,Rococo,1382,1727,RGB,bcc8c327699365e4,3878,1
24418,77,titian,7,religious_painting,11,High_Renaissance,1830,1382,RGB,af71d22b528ae58c,3879,2
26179,0,Unknown Artist,2,genre_painting,4,Baroque,1912,1382,RGB,9c6867a7cc4bb4c2,3880,1
38404,77,titian,6,portrait,13,Mannerism_Late_Renaissance,1382,1714,RGB,ccce3338c3637331,3881,1
71009,0,Unknown Artist,10,Unknown Genre,13,Mannerism_Late_Renaissance,1382,1699,RGB,ddbc3686c85971e0,3882,1
62578,24,leonardo-da-vinci,8,sketch_and_study,11,High_Renaissance,1382,2027,RGB,a9e39bce8612f44c,3883,1
2113,25,albrecht-durer,7,religious_painting,17,Northern_Renaissance,1382,1947,RGB,b1138ef74cc4c6ca,3884,1
50335,0,Unknown Artist,7,religious_painting,13,Mannerism_Late_Renaissance,1382,1989,RGB,85ba7c6a23254e97,3885,1
65647,0,Unknown Artist,6,portrait,13,Mannerism_Late_Renaissance,1382,1704,RGB,edb9a6e670c63184,3886,1
2484,20,rembrandt,6,portrait,4,Baroque,1382,1565,RGB,bec0cb1bc06fb431,3887,1
47232,0,Unknown Artist,7,religious_painting,8,Early_Renaissance,1382,2034,RGB,96ca683907b70e3d,3888,1
56973,38,fra-angelico,7,religious_painting,8,Early_Renaissance,1382,2621,RGB,eeb8ad6f502142b3,3889,1
64453,0,Unknown Artist,6,portrait,22,Rococo,1382,1726,RGB,8c0f704b3372a75b,3890,1
47252,58,pietro-perugino,7,religious_painting,8,Early_Renaissance,1382,2144,RGB,fa2989b9a9a5454d,3891,1
80109,0,Unknown Artist,10,Unknown Genre,22,Rococo,1399,1382,RGB,87c55b1e7e484c59,3892,1
78730,0,Unknown Artist,10,Unknown Genre,4,Baroque,1382,1471,RGB,8d8fda74708b60d9,3893,1
78465,0,Unknown Artist,10,Unknown Genre,13,Mannerism_Late_Renaissance,1710,1382,RGB,89827c39de6ccc65,3894,1
75949,0,Unknown Artist,10,Unknown Genre,17,Northern_Renaissance,1724,1382,RGB,af9fa929926d5242,3895,1
54393,0,Unknown Artist,2,genre_painting,22,Rococo,1382,1750,RGB,82a97dc22fa593d4,3896,1
55898,0,Unknown Artist,7,religious_painting,8,Early_Renaissance,1382,1451,RGB,ff6a8138c09ec2e5,3897,1
4261,25,albrecht-durer,1,cityscape,17,Northern_Renaissance,1653,1382,RGB,88cdecbc8b9a5d18,3898,1
46524,0,Unknown Artist,7,religious_painting,8,Early_Renaissance,1382,1499,RGB,b5531b4c29ec78c3,3899,1
37516,0,Unknown Artist,7,religious_painting,13,Mannerism_Late_Renaissance,1382,1776,RGB,c46c38b3629333e7,3900,1
58610,0,Unknown Artist,1,cityscape,8,Early_Renaissance,5099,1382,RGB,8669d968fa44ec74,3901,1
44978,0,Unknown Artist,7,religious_painting,17,Northern_Renaissance,2344,1382,RGB,b5f2125f2c9e622c,3902,1
77401,0,Unknown Artist,10,Unknown Genre,11,High_Renaissance,1705,1382,RGB,d7c5ad2b2812dad4,3903,2
81096,0,Unknown Artist,10,Unknown Genre,17,Northern_Renaissance,1382,2084,RGB,c79b398907fe02f0,3904,1
55785,103,hans-memling,7,religious_painting,17,Northern_Renaissance,1382,3952,RGB,bfd895c170659436,3905,1
28751,0,Unknown Artist,6,portrait,22,Rococo,1382,1758,RGB,c72e3861877a6137,3906,1
42758,0,Unknown Artist,7,religious_painting,22,Rococo,1550,1382,RGB,c573379cc2653343,3907,1
21690,0,Unknown Artist,7,religious_painting,11,High_Renaissance,1382,2077,RGB,eab3a47927d0c4d4,3908,1
23906,0,Unknown Artist,6,portrait,11,High_Renaissance,1382,1717,RGB,9591d9bdc46a6266,3909,1
6059,25,albrecht-durer,7,religious_painting,17,Northern_Renaissance,1382,1792,RGB,b2c12ff68458cb17,3910,1
4089,25,albrecht-durer,8,sketch_and_study,17,Northern_Renaissance,1382,2283,RGB,e9e0969e72658959,3911,1
53912,0,Unknown Artist,2,genre_painting,22,Rococo,1382,1709,RGB,c290fd0fa3649e72,3912,1
70072,0,Unknown Artist,10,Unknown Genre,13,Mannerism_Late_Renaissance,2340,1382,RGB,8293d9fc2e73c3c0,3913,1
70498,0,Unknown Artist,10,Unknown Genre,4,Baroque,1783,1382,RGB,cd18b2643f1bc317,3914,1
47691,87,michelangelo,5,nude_painting,11,High_Renaissance,1382,1780,RGB,9a689c81c99ed69b,3915,1
78506,0,Unknown Artist,10,Unknown Genre,13,Mannerism_Late_Renaissance,2758,1382,RGB,ebc01438e997eb31,3916,1
51390,87,michelangelo,8,sketch_and_study,11,High_Renaissance,1382,2468,RGB,a69191d2dd4ebca1,3917,1
79368,0,Unknown Artist,10,Unknown Genre,11,High_Renaissance,1740,1382,RGB,9726e878785437c3,3918,1
64044,116,frans-hals,6,portrait,4,Baroque,1382,1685,RGB,ed3cf3f28358c8c0,3919,1
56516,0,Unknown Artist,7,religious_painting,8,Early_Renaissance,1382,2017,RGB,9f9b1864276485f3,3920,1
55928,0,Unknown Artist,7,religious_painting,13,Mannerism_Late_Renaissance,1382,1852,RGB,d41a35e69e181bf2,3921,1
63532,126,thomas-gainsborough,6,portrait,22,Rococo,1381,2265,RGB,d8a825636767c6d8,3922,1
50362,0,Unknown Artist,6,portrait,22,Rococo,1382,1647,RGB,9849253663b66ed9,3923,1
56872,0,Unknown Artist,7,religious_painting,13,Mannerism_Late_Renaissance,1448,1382,RGB,85b619cb7f944293,3924,1
32177,0,Unknown Artist,7,religious_painting,17,Northern_Renaissance,1818,1382,RGB,89a456a9e89c3f1b,3925,1
75335,0,Unknown Artist,10,Unknown Genre,13,Mannerism_Late_Renaissance,1382,1788,RGB,f9ace537721ac284,3926,1
79389,0,Unknown Artist,10,Unknown Genre,11,High_Renaissance,2029,1382,RGB,b2c21d27a5be96c8,3927,1
27998,0,Unknown Artist,1,cityscape,22,Rococo,2211,1382,RGB,beb66168200f9dea,3928,1
65027,121,el-greco,6,portrait,13,Mannerism_Late_Renaissance,1382,1737,RGB,ce1c336338c3cf38,3929,1
37227,0,Unknown Artist,1,cityscape,22,Rococo,2435,1382,RGB,d9909e67468fc1b2,3930,1
56802,69,raphael,7,religious_painting,11,High_Renaissance,1593,1382,RGB,9778285355f7220f,3931,1
45930,0,Unknown Artist,7,religious_painting,4,Baroque,1382,1719,RGB,a6520c6952eded2d,3932,1
46289,77,titian,7,religious_painting,11,High_Renaissance,1382,3800,RGB,d2f365ca829e35c8,3933,1
44389,82,paolo-veronese,7,religious_painting,13,Mannerism_Late_Renaissance,1382,1764,RGB,93ecc3b1a716989c,3934,1
27574,0,Unknown Artist,7,religious_painting,13,Mannerism_Late_Renaissance,1382,1918,RGB,e4f7ce848d1d2169,3935,1
44134,0,Unknown Artist,7,religious_painting,8,Early_Renaissance,1382,2483,RGB,ef75d09984c78546,3936,1
25057,0,Unknown Artist,7,religious_painting,8,Early_Renaissance,1382,2439,RGB,eab8116087ec3ce7,3937,1
13109,25,albrecht-durer,7,religious_painting,17,Northern_Renaissance,1382,1805,RGB,fa378e6098e9c1b2,3938,1
56509,38,fra-angelico,7,religious_painting,8,Early_Renaissance,1382,1590,RGB,ec243fda18f4c652,3939,1
36327,77,titian,7,religious_painting,11,High_Renaissance,2024,1382,RGB,cf703acf2530d14e,3940,1
73040,0,Unknown Artist,10,Unknown Genre,13,Mannerism_Late_Renaissance,1382,1912,RGB,914d26f3c9cacb38,3941,1
22358,0,Unknown Artist,6,portrait,4,Baroque,1382,1787,RGB,965de6694e644c33,3942,1
65986,67,tintoretto,6,portrait,13,Mannerism_Late_Renaissance,1382,1817,RGB,9b592466669ad69a,3943,1
38873,0,Unknown Artist,8,sketch_and_study,8,Early_Renaissance,1382,1940,RGB,e8c69529ca163dd3,3944,1
44864,0,Unknown Artist,4,landscape,17,Northern_Renaissance,1907,1382,RGB,bbe64c36e7d00c07,3945,1
18082,0,Unknown Artist,10,Unknown Genre,17,Northern_Renaissance,1382,2045,RGB,e4361b49547a4dcd,3946,1
39702,0,Unknown Artist,7,religious_painting,17,Northern_Renaissance,1382,1826,RGB,91904e4f656e76c6,3947,1
77065,0,Unknown Artist,10,Unknown Genre,11,High_Renaissance,1382,1679,RGB,88d1659698ecf339,3948,1
47994,24,leonardo-da-vinci,8,sketch_and_study,11,High_Renaissance,1382,1896,RGB,be9ac0c13b84f83b,3949,1
19359,0,Unknown Artist,7,religious_painting,13,Mannerism_Late_Renaissance,1384,1382,RGB,ea47bcf0b480d31b,3950,1
1,20,rembrandt,7,religious_painting,4,Baroque,1382,1659,RGB,e1e2f8190b1f0e8f,3951,1
26869,0,Unknown Artist,7,religious_painting,8,Early_Renaissance,1382,1994,RGB,cc463773303dca95,3952,1
40832,67,tintoretto,7,religious_painting,13,Mannerism_Late_Renaissance,1382,1907,RGB,eb9eb04ea5a11659,3953,1
62884,0,Unknown Artist,3,illustration,22,Rococo,1382,3208,RGB,bf00482fb3e2c5b9,3954,1
73214,0,Unknown Artist,10,Unknown Genre,11,High_Renaissance,1409,1382,RGB,99bbb3419e9e6058,3955,1
38626,0,Unknown Artist,2,genre_painting,22,Rococo,1382,1710,RGB,926c6d936a95966a,3956,1
19516,0,Unknown Artist,6,portrait,13,Mannerism_Late_Renaissance,1382,1744,RGB,c00f3c7333e7394a,3957,1
79413,0,Unknown Artist,10,Unknown Genre,11,High_Renaissance,2173,1382,RGB,a6191dd9fa04e566,3958,1
62079,87,michelangelo,8,sketch_and_study,11,High_Renaissance,1382,2985,RGB,ee8fa55ad2c9a0a4,3959,1
40216,0,Unknown Artist,2,genre_painting,4,Baroque,1727,1382,RGB,d9bcbd26a238a447,3960,1
28773,0,Unknown Artist,1,cityscape,22,Rococo,2027,1382,RGB,9585797a18c1e59e,3961,1
25735,114,anthony-van-dyck,7,religious_painting,4,Baroque,1382,1686,RGB,919f34642fcb9398,3962,1
78694,0,Unknown Artist,10,Unknown Genre,4,Baroque,1744,1382,RGB,9c9cccc67360f193,3963,1
29533,0,Unknown Artist,7,religious_painting,8,Early_Renaissance,1382,3155,RGB,e9e526aa36741f90,3964,1
56893,29,lucas-cranach-the-elder,7,religious_painting,17,Northern_Renaissance,1382,1997,RGB,f4a5135b0d9cf131,3965,1
22162,0,Unknown Artist,7,religious_painting,11,High_Renaissance,1382,1777,RGB,b8e8491707ead87c,3966,1
24373,0,Unknown Artist,9,still_life,22,Rococo,1813,1382,RGB,babbf5cc8473c00c,3967,1
47276,0,Unknown Artist,2,genre_painting,22,Rococo,1616,1382,RGB,919c0e656b532d9e,3968,1
21205,24,leonardo-da-vinci,8,sketch_and_study,11,High_Renaissance,1382,1762,RGB,abc58638c173bd0b,3969,1
20512,0,Unknown Artist,2,genre_painting,22,Rococo,1970,1381,RGB,e1e31e8f1d1c11d3,3970,1
55627,0,Unknown Artist,7,religious_painting,8,Early_Renaissance,1922,1382,RGB,929f96c02b4ce87b,3971,1
18055,25,albrecht-durer,8,sketch_and_study,17,Northern_Renaissance,1382,2018,RGB,90a3cbb51e272cb3,3972,1
20659,125,jacob-jordaens,6,portrait,4,Baroque,1382,1823,RGB,9ab848d6d9f56823,3973,1
54248,61,bartolome-esteban-murillo,2,genre_painting,4,Baroque,1382,1941,RGB,94353d66c07bc5d4,3974,1
25789,0,Unknown Artist,7,religious_painting,8,Early_Renaissance,1798,1382,RGB,ff5cea60a15a6886,3975,1
68074,0,Unknown Artist,10,Unknown Genre,17,Northern_Renaissance,1809,1382,RGB,ff07237188be4e60,3976,1
74073,0,Unknown Artist,10,Unknown Genre,22,Rococo,1382,1925,RGB,95c2153d4e14e97e,3977,1
19297,38,fra-angelico,7,religious_painting,8,Early_Renaissance,1806,1382,RGB,835e5fc00c93d3ec,3978,1
76475,0,Unknown Artist,10,Unknown Genre,4,Baroque,1815,1382,RGB,c13e7cc11eb861c7,3979,1
80534,0,Unknown Artist,10,Unknown Genre,8,Early_Renaissance,1382,1870,RGB,d53d2a8748e93696,3980,1
55998,0,Unknown Artist,7,religious_painting,8,Early_Renaissance,1382,3258,RGB,eb199d74c664a661,3981,1
47616,0,Unknown Artist,7,religious_painting,11,High_Renaissance,3104,1382,RGB,a464c163e2e276fa,3982,1
63523,0,Unknown Artist,6,portrait,17,Northern_Renaissance,1382,1886,RGB,85b433534e4dcca7,3983,1
41313,58,pietro-perugino,7,religious_painting,11,High_Renaissance,1674,1382,RGB,beef68f0c182a5e0,3984,1
45729,0,Unknown Artist,1,cityscape,13,Mannerism_Late_Renaissance,2062,1382,RGB,d58ce7e80ab93c91,3985,1
31009,103,hans-memling,6,portrait,17,Northern_Renaissance,1381,1928,RGB,9cda3361a7439cc6,3986,1
47783,0,Unknown Artist,6,portrait,22,Rococo,1382,2138,RGB,cc31334ed3d83c27,3987,1
52015,0,Unknown Artist,6,portrait,8,Early_Renaissance,1382,1785,RGB,84663b1b39915ee9,3988,1
27334,67,tintoretto,7,religious_painting,13,Mannerism_Late_Renaissance,1382,2295,RGB,85895e5c316b6ea6,3989,1
46086,0,Unknown Artist,6,portrait,22,Rococo,1382,1765,RGB,d3736ccc64b0630f,3990,1
31139,0,Unknown Artist,7,religious_painting,11,High_Renaissance,1814,1382,RGB,c4f5396c0ada3399,3991,1
56346,0,Unknown Artist,7,religious_painting,11,High_Renaissance,1382,2108,RGB,e0154b6df588dab8,3992,1
34760,82,paolo-veronese,7,religious_painting,13,Mannerism_Late_Renaissance,1382,1658,RGB,fa4591c71d078e1e,3993,1
417,20,rembrandt,6,portrait,4,Baroque,1382,1881,RGB,eeee030507ac3c9e,3994,1
30761,116,frans-hals,6,portrait,4,Baroque,1382,1626,RGB,8c9d617bc396346c,3995,1
26081,0,Unknown Artist,7,religious_painting,8,Early_Renaissance,1903,1382,RGB,c35d338d6d729c84,3996,1
55931,29,lucas-cranach-the-elder,7,religious_painting,17,Northern_Renaissance,1382,1893,RGB,d8270a4b398cf79c,3997,1
56098,0,Unknown Artist,7,religious_painting,8,Early_Renaissance,1382,3432,RGB,f6e907f441ae0f84,3998,1
30613,38,fra-angelico,7,religious_painting,8,Early_Renaissance,1550,1382,RGB,c18d54491b774ab7,3999,1
39753,0,Unknown Artist,7,religious_painting,11,High_Renaissance,2031,1382,RGB,f2b46b414cb81cee,4000,1
76990,0,Unknown Artist,10,Unknown Genre,17,Northern_Renaissance,2077,1382,RGB,ec8f125346640ffc,4001,1
7422,20,rembrandt,7,religious_painting,4,Baroque,1780,1382,RGB,bf696a948d629269,4002,1
62119,0,Unknown Artist,8,sketch_and_study,22,Rococo,1382,2032,RGB,8a5bf43ea7e18886,4003,1
27827,110,joseph-wright,6,portrait,4,Baroque,1382,1731,RGB,8c9c3b63917bc6b0,4004,1
47887,0,Unknown Artist,7,religious_painting,8,Early_Renaissance,1382,2443,RGB,81b6baab6b789864,4005,1
48706,0,Unknown Artist,7,religious_painting,13,Mannerism_Late_Renaissance,1382,1853,RGB,c8376e49b29c2dc3,4006,1
29718,0,Unknown Artist,7,religious_painting,8,Early_Renaissance,1382,2356,RGB,fa8406191fcf43d9,4007,1
79400,0,Unknown Artist,10,Unknown Genre,11,High_Renaissance,1382,1382,RGB,8a71e5c70a9e53cc,4008,1
53134,0,Unknown Artist,2,genre_painting,13,Mannerism_Late_Renaissance,2239,1382,RGB,aa2a9272e4d4fd94,4009,1
28115,126,thomas-gainsborough,6,portrait,22,Rococo,1929,1382,RGB,c77d203279c43976,4010,1
34905,0,Unknown Artist,7,religious_painting,4,Baroque,1382,1980,RGB,d09e8dc1b8621f79,4011,1
53106,121,el-greco,6,portrait,13,Mannerism_Late_Renaissance,1382,1734,RGB,ca843f33b01b39cd,4012,1
58081,0,Unknown Artist,1,cityscape,22,Rococo,1837,1382,RGB,8095af6aba1f16c5,4013,1
48475,0,Unknown Artist,2,genre_painting,22,Rococo,1382,1716,RGB,ce1c732337e3843c,4014,1
68085,0,Unknown Artist,10,Unknown Genre,13,Mannerism_Late_Renaissance,1382,1945,RGB,edb264a61b4a714d,4015,1
46546,69,raphael,7,religious_painting,11,High_Renaissance,1382,1816,RGB,83ec2e9cf1536156,4016,1
42094,0,Unknown Artist,8,sketch_and_study,8,Early_Renaissance,1695,1382,RGB,df2f8696cae86130,4017,1
37981,0,Unknown Artist,7,religious_painting,13,Mannerism_Late_Renaissance,1382,1601,RGB,9684a6d7936b2d61,4018,1
10882,0,Unknown Artist,10,Unknown Genre,17,Northern_Renaissance,1382,1731,RGB,ed3292cd4c6293cd,4019,1
78532,0,Unknown Artist,10,Unknown Genre,13,Mannerism_Late_Renaissance,1382,1574,RGB,9ca783f20e738bc4,4020,1
40544,67,tintoretto,7,religious_painting,13,Mannerism_Late_Renaissance,1893,1382,RGB,944efb988b64c91d,4021,1
32400,69,raphael,7,religious_painting,11,High_Renaissance,1382,1744,RGB,c0b6f3d82e73548c,4022,1
63249,0,Unknown Artist,6,portrait,22,Rococo,1382,1849,RGB,d9c9066ee5662536,4023,1
43039,0,Unknown Artist,7,religious_painting,17,Northern_Renaissance,2153,1382,RGB,c57a1b85508577e6,4024,1
40532,0,Unknown Artist,6,portrait,17,Northern_Renaissance,1382,1991,RGB,ca1de72438c63bd1,4025,1
56910,117,hans-holbein-the-younger,7,religious_painting,17,Northern_Renaissance,1382,1697,RGB,e00849977f279778,4026,1
76420,0,Unknown Artist,10,Unknown Genre,22,Rococo,2077,1382,RGB,da376148cdf3189c,4027,1
28669,69,raphael,7,religious_painting,11,High_Renaissance,1382,1857,RGB,d919a56686dae21e,4028,1
32057,0,Unknown Artist,7,religious_painting,17,Northern_Renaissance,1974,1382,RGB,96b4ad207235786f,4029,1
48349,0,Unknown Artist,7,religious_painting,8,Early_Renaissance,1382,2083,RGB,d6092fc630f603fc,4030,1
17982,25,albrecht-durer,7,religious_painting,17,Northern_Renaissance,1382,1961,RGB,edc69299cc4913da,4031,1
1229,25,albrecht-durer,7,religious_painting,17,Northern_Renaissance,1906,1382,RGB,ef9c39d4445a255a,4032,1
29076,0,Unknown Artist,6,portrait,11,High_Renaissance,1382,1828,RGB,cce8e6263333c69c,4033,1
5826,25,albrecht-durer,6,portrait,17,Northern_Renaissance,1382,1751,RGB,bebded008fe1f008,4034,2
32328,29,lucas-cranach-the-elder,7,religious_painting,17,Northern_Renaissance,1382,1983,RGB,92322dcdb52746f4,4035,1
28296,0,Unknown Artist,7,religious_painting,8,Early_Renaissance,1888,1382,RGB,aaae2d955cb29496,4036,1
19660,0,Unknown Artist,4,landscape,4,Baroque,1700,1382,RGB,c59c921ae52d9ef0,4037,1
24416,0,Unknown Artist,2,genre_painting,4,Baroque,1382,1902,RGB,cf7b244ed261b261,4038,1
25937,110,joseph-wright,6,portrait,22,Rococo,1930,1382,RGB,93e96cac8b5256e8,4039,1
63836,110,joseph-wright,6,portrait,22,Rococo,1381,1734,RGB,d9a920e6e611f3c6,4040,1
67955,0,Unknown Artist,10,Unknown Genre,11,High_Renaissance,1404,1382,RGB,88e737401eabe876,4041,1
41796,69,raphael,6,portrait,11,High_Renaissance,1382,1851,RGB,9c0af57313b76894,4042,1
62052,0,Unknown Artist,8,sketch_and_study,13,Mannerism_Late_Renaissance,1382,1774,RGB,9570713a8367de07,4043,1
32318,0,Unknown Artist,8,sketch_and_study,22,Rococo,1382,1924,RGB,8b5abc2db9607aa4,4044,1
49200,121,el-greco,7,religious_painting,13,Mannerism_Late_Renaissance,2576,1382,RGB,a2945dbed26d8193,4045,1
56301,58,pietro-perugino,7,religious_painting,11,High_Renaissance,1382,1765,RGB,9e0d61f2a60ff3c0,4046,1
57073,0,Unknown Artist,7,religious_painting,8,Early_Renaissance,1381,2004,RGB,9caba90c296d1e9d,4047,1
72684,0,Unknown Artist,10,Unknown Genre,11,High_Renaissance,1382,2056,RGB,b8ce67ce46b11233,4048,1
62167,24,leonardo-da-vinci,8,sketch_and_study,11,High_Renaissance,1382,2049,RGB,e685994dd3323c96,4049,1
56345,0,Unknown Artist,7,religious_painting,13,Mannerism_Late_Renaissance,3155,1382,RGB,f1d011abec49f4e1,4050,1
48634,103,hans-memling,7,religious_painting,17,Northern_Renaissance,1409,1382,RGB,b9c1a61b5838f89e,4051,1
41727,0,Unknown Artist,7,religious_painting,8,Early_Renaissance,1842,1382,RGB,c5843a4bb13e4fb1,4052,1
19517,83,joshua-reynolds,6,portrait,22,Rococo,1727,1382,RGB,f4fa0373c7c0f8c0,4053,1
26953,0,Unknown Artist,7,religious_painting,22,Rococo,1382,2633,RGB,cd3421e7f804376d,4054,1
62366,0,Unknown Artist,8,sketch_and_study,22,Rococo,1382,1990,RGB,de9731480b266e3d,4055,1
56032,69,raphael,7,religious_painting,11,High_Renaissance,1382,1936,RGB,b4ee42015fbda991,4056,1
20561,0,Unknown Artist,7,religious_painting,4,Baroque,1382,1973,RGB,c7b4681b332ec176,4057,1
31704,0,Unknown Artist,7,religious_painting,13,Mannerism_Late_Renaissance,1382,1751,RGB,d81d2de616370f68,4058,1
71310,0,Unknown Artist,10,Unknown Genre,17,Northern_Renaissance,1382,1784,RGB,9d8cc47c2c8cea4f,4059,1
29128,0,Unknown Artist,2,genre_painting,4,Baroque,1842,1382,RGB,d4e8781a2d3e1f8c,4060,1
71191,0,Unknown Artist,10,Unknown Genre,13,Mannerism_Late_Renaissance,1382,1788,RGB,dd8907722625dca7,4061,1
18060,25,albrecht-durer,7,religious_painting,17,Northern_Renaissance,1382,1785,RGB,edcbc6d499820e8e,4062,1
19614,58,pietro-perugino,7,religious_painting,8,Early_Renaissance,1382,3358,RGB,8f99b10e3633c64b,4063,1
21539,0,Unknown Artist,7,religious_painting,8,Early_Renaissance,1382,1625,RGB,b7c07800e79078ff,4064,1
32750,0,Unknown Artist,6,portrait,22,Rococo,1382,2239,RGB,9a6d2592866db993,4065,1
58125,0,Unknown Artist,1,cityscape,22,Rococo,2541,1382,RGB,808f9c7fb3d22958,4066,1
56677,0,Unknown Artist,7,religious_painting,13,Mannerism_Late_Renaissance,1382,1382,RGB,ee78f9a7811296a1,4067,1
32653,24,leonardo-da-vinci,6,portrait,11,High_Renaissance,1382,1871,RGB,993964c6366c679c,4068,1
71446,0,Unknown Artist,10,Unknown Genre,13,Mannerism_Late_Renaissance,1590,1382,RGB,94ee608d76ed2386,4069,1
61245,0,Unknown Artist,4,landscape,4,Baroque,1682,1382,RGB,cc9f9e2638c4c8da,4070,1
32270,0,Unknown Artist,7,religious_painting,17,Northern_Renaissance,1382,1927,RGB,d8162367c43bb49b,4071,1
22254,24,leonardo-da-vinci,8,sketch_and_study,11,High_Renaissance,1382,1939,RGB,fa8a942dab14b4e5,4072,1
36898,125,jacob-jordaens,2,genre_painting,4,Baroque,1865,1382,RGB,e47ad9942a8713e9,4073,1
45083,0,Unknown Artist,6,portrait,13,Mannerism_Late_Renaissance,1382,1626,RGB,99cc303672cbc6d9,4074,1
44729,0,Unknown Artist,7,religious_painting,17,Northern_Renaissance,1382,1981,RGB,9d69eab465994334,4075,1
12996,25,albrecht-durer,6,portrait,17,Northern_Renaissance,1382,1669,RGB,b9bd266ac142d39c,4076,1
42857,0,Unknown Artist,6,portrait,8,Early_Renaissance,1382,1804,RGB,cb6336b99588cc96,4077,1
76659,0,Unknown Artist,10,Unknown Genre,22,Rococo,1382,1716,RGB,c707799e0edf6030,4078,1
38991,0,Unknown Artist,7,religious_painting,8,Early_Renaissance,2372,1382,RGB,c219b678c9cb19cd,4079,1
69135,0,Unknown Artist,10,Unknown Genre,11,High_Renaissance,1381,1838,RGB,ea831b533e2ee431,4080,1
78453,0,Unknown Artist,10,Unknown Genre,13,Mannerism_Late_Renaissance,1382,1866,RGB,d98d6c5f0b70c3c2,4081,1
42932,0,Unknown Artist,7,religious_painting,22,Rococo,1382,2812,RGB,98d063637e96bc98,4082,1
28149,0,Unknown Artist,7,religious_painting,17,Northern_Renaissance,1382,1557,RGB,feadc47296c43116,4083,1
52340,0,Unknown Artist,2,genre_painting,22,Rococo,2012,1382,RGB,fcc642497063617f,4084,1
50164,125,jacob-jordaens,2,genre_painting,4,Baroque,2186,1382,RGB,b6eb692692b8b283,4085,1
29714,0,Unknown Artist,7,religious_painting,8,Early_Renaissance,2281,1382,RGB,8477399267984bc7,4086,1
56604,24,leonardo-da-vinci,7,religious_painting,8,Early_Renaissance,1382,1823,RGB,c4843f7f184b1f38,4087,1
64489,0,Unknown Artist,6,portrait,22,Rococo,1382,1842,RGB,ac8c527371170ff1,4088,1
55632,0,Unknown Artist,7,religious_painting,8,Early_Renaissance,1382,1731,RGB,bdee00907f45c66c,4089,1
78487,0,Unknown Artist,10,Unknown Genre,13,Mannerism_Late_Renaissance,3657,1382,RGB,cd974ab3328c338b,4090,1
5057,25,albrecht-durer,7,religious_painting,17,Northern_Renaissance,1382,1805,RGB,bc17c870add897b0,4091,1
56721,0,Unknown Artist,7,religious_painting,8,Early_Renaissance,3676,1382,RGB,abe589ec84c9909f,4092,1
71452,0,Unknown Artist,10,Unknown Genre,8,Early_Renaissance,1584,1382,RGB,a0318fcb2fbe4b21,4093,1
43842,29,lucas-cranach-the-elder,7,religious_painting,17,Northern_Renaissance,1382,2624,RGB,97ba1979256d8496,4094,1
65010,116,frans-hals,6,portrait,4,Baroque,1382,1840,RGB,bc8c533333d68c4e,4095,1
76608,0,Unknown Artist,10,Unknown Genre,8,Early_Renaissance,2426,1382,RGB,b4195d36fa809c67,4096,1
76419,0,Unknown Artist,10,Unknown Genre,13,Mannerism_Late_Renaissance,1382,1395,RGB,c1c30b9c3e273e59,4097,1
64554,0,Unknown Artist,6,portrait,22,Rococo,1382,1672,RGB,be69e396e08596c8,4098,1
70555,0,Unknown Artist,10,Unknown Genre,22,Rococo,2402,1382,RGB,939f3c20d048bcfe,4099,2
62406,0,Unknown Artist,8,sketch_and_study,22,Rococo,1382,2103,RGB,cb1fa439912625db,4100,1
17580,20,rembrandt,7,religious_painting,4,Baroque,1803,1382,RGB,e3478f325d393838,4101,1
12908,25,albrecht-durer,7,religious_painting,17,Northern_Renaissance,1382,1796,RGB,be318927a549dcca,4102,1
31969,24,leonardo-da-vinci,8,sketch_and_study,11,High_Renaissance,1382,2028,RGB,a3d4114b1ead5b33,4103,1
36979,0,Unknown Artist,7,religious_painting,8,Early_Renaissance,3228,1382,RGB,e917c24b9b99a49c,4104,1
78734,0,Unknown Artist,10,Unknown Genre,4,Baroque,2134,1382,RGB,c0df4d3285fa3d42,4105,1
30376,58,pietro-perugino,7,religious_painting,8,Early_Renaissance,1382,1664,RGB,eaa5d43a1359e1cc,4106,1
17787,20,rembrandt,8,sketch_and_study,4,Baroque,1382,1700,RGB,fa7a2d8c9c93a183,4107,1
30772,0,Unknown Artist,6,portrait,17,Northern_Renaissance,1382,1816,RGB,cc9ce036731393c7,4108,1
9984,20,rembrandt,6,portrait,4,Baroque,1382,1889,RGB,aeb9c2c32f36f820,4109,1
21148,0,Unknown Artist,7,religious_painting,4,Baroque,1382,2093,RGB,821c78475e33c35f,4110,1
25927,0,Unknown Artist,7,religious_painting,8,Early_Renaissance,1382,1580,RGB,d100590fcf7e0e79,4111,1
56605,0,Unknown Artist,7,religious_painting,22,Rococo,1382,2037,RGB,bfa444224a1e6ef6,4112,1
22878,0,Unknown Artist,7,religious_painting,8,Early_Renaissance,1382,2584,RGB,b8e6f7c1c2964a1a,4113,1
78461,0,Unknown Artist,10,Unknown Genre,13,Mannerism_Late_Renaissance,1382,1923,RGB,83b2746e9bc1c55c,4114,1
65296,0,Unknown Artist,6,portrait,13,Mannerism_Late_Renaissance,1382,2262,RGB,9cbc7803b23367ca,4115,1
47410,0,Unknown Artist,7,religious_painting,17,Northern_Renaissance,1382,1643,RGB,9db3ceeca68c80d2,4116,1
56567,0,Unknown Artist,7,religious_painting,8,Early_Renaissance,1382,2667,RGB,b9d906e7eca2a285,4117,1
46451,0,Unknown Artist,6,portrait,8,Early_Renaissance,1382,1798,RGB,cf8730388c67b63a,4118,1
71828,0,Unknown Artist,10,Unknown Genre,17,Northern_Renaissance,1382,2778,RGB,aab19597c4cacac9,4119,1
71877,0,Unknown Artist,10,Unknown Genre,13,Mannerism_Late_Renaissance,2144,1382,RGB,919c4e689f75b40d,4120,1
24831,0,Unknown Artist,7,religious_painting,8,Early_Renaissance,1382,1815,RGB,87fc5a209a368fc9,4121,1
40577,0,Unknown Artist,7,religious_painting,8,Early_Renaissance,1882,1382,RGB,ea04206f9f4617ed,4122,1
46542,0,Unknown Artist,9,still_life,4,Baroque,1382,1686,RGB,b439cbce1e423966,4123,1
33256,0,Unknown Artist,7,religious_painting,22,Rococo,1410,1382,RGB,d0cc051b7b7a487e,4124,1
79396,0,Unknown Artist,10,Unknown Genre,11,High_Renaissance,1382,1930,RGB,951d5848633f1f66,4125,1
6783,20,rembrandt,6,portrait,4,Baroque,1382,1780,RGB,84db5b2ce1b31b4c,4126,1
43649,80,peter-paul-rubens,6,portrait,4,Baroque,1382,2206,RGB,cc3e688733eb2c92,4127,1
81127,0,Unknown Artist,10,Unknown Genre,17,Northern_Renaissance,1552,1382,RGB,939dbdd048e96d50,4128,1
23442,69,raphael,7,religious_painting,11,High_Renaissance,2072,1382,RGB,b491cb2f12fe1cc1,4129,1
75465,0,Unknown Artist,10,Unknown Genre,13,Mannerism_Late_Renaissance,1382,1653,RGB,8d4f7665793ac1a0,4130,1
68221,0,Unknown Artist,10,Unknown Genre,22,Rococo,1888,1382,RGB,d4e70f6863a1e247,4131,1
69204,0,Unknown Artist,10,Unknown Genre,13,Mannerism_Late_Renaissance,1382,1638,RGB,849be3e41a9a9be4,4132,1
56274,0,Unknown Artist,7,religious_painting,8,Early_Renaissance,1382,1857,RGB,f0e626b91c8c2f2d,4133,1
68465,0,Unknown Artist,10,Unknown Genre,22,Rococo,2064,1382,RGB,81a26375ae1d3f4c,4134,1
23212,0,Unknown Artist,4,landscape,4,Baroque,2136,1382,RGB,9c9cee6931d4cc0e,4135,1
40004,0,Unknown Artist,7,religious_painting,8,Early_Renaissance,1382,1961,RGB,af96c94d9639ca03,4136,1
23039,0,Unknown Artist,2,genre_painting,22,Rococo,1382,1881,RGB,dc3363cc9ccb3324,4137,1
55380,0,Unknown Artist,2,genre_painting,17,Northern_Renaissance,1995,1382,RGB,eda3b2989012f795,4138,1
19626,0,Unknown Artist,7,religious_painting,8,Early_Renaissance,1382,2321,RGB,de05187a2d3ce578,4139,1
36192,110,joseph-wright,6,portrait,22,Rococo,1382,2136,RGB,ca6165d4c34339be,4140,1
20621,0,Unknown Artist,2,genre_painting,22,Rococo,1928,1382,RGB,c8372fc81ab0e63d,4141,1
25787,116,frans-hals,6,portrait,4,Baroque,1382,1850,RGB,8ead31f2d38639c8,4142,1
55288,0,Unknown Artist,2,genre_painting,22,Rococo,1780,1382,RGB,85a5b24fb070a767,4143,1
68847,0,Unknown Artist,10,Unknown Genre,11,High_Renaissance,1382,1766,RGB,eb959463194e6d15,4144,1
39802,103,hans-memling,7,religious_painting,17,Northern_Renaissance,1382,3930,RGB,ead31735c067f818,4145,1
41247,0,Unknown Artist,6,portrait,22,Rococo,1898,1382,RGB,9c6673354a579538,4146,1
36331,0,Unknown Artist,2,genre_painting,4,Baroque,1382,1776,RGB,cc0e71133bcc1cfc,4147,1
36484,29,lucas-cranach-the-elder,2,genre_painting,17,Northern_Renaissance,1945,1382,RGB,e1e627a4b8a53c1b,4148,1
37190,0,Unknown Artist,7,religious_painting,8,Early_Renaissance,1382,1981,RGB,c1593f1e6627cc31,4149,1
65553,0,Unknown Artist,6,portrait,22,Rococo,1382,1743,RGB,8c8f6233337c63d1,4150,1
23422,0,Unknown Artist,7,religious_painting,13,Mannerism_Late_Renaissance,1382,1595,RGB,fff890478166191e,4151,1
1196,25,albrecht-durer,7,religious_painting,17,Northern_Renaissance,1382,1911,RGB,8668b97fe609e807,4152,1
51463,24,leonardo-da-vinci,8,sketch_and_study,11,High_Renaissance,1382,1782,RGB,af16c0699f639499,4153,1
56065,0,Unknown Artist,7,religious_painting,8,Early_Renaissance,1610,1382,RGB,990b46bc2f5370ab,4154,1
78464,0,Unknown Artist,10,Unknown Genre,13,Mannerism_Late_Renaissance,1382,1882,RGB,89ba1e3262975ee8,4155,1
19627,0,Unknown Artist,7,religious_painting,13,Mannerism_Late_Renaissance,1382,1877,RGB,dd106249c9e73c76,4156,1
36811,58,pietro-perugino,7,religious_painting,11,High_Renaissance,1382,1862,RGB,ed4c6d1d12c61cd9,4157,1
25663,87,michelangelo,7,religious_painting,11,High_Renaissance,1382,1395,RGB,ecb2b458859ed24d,4158,1
35790,0,Unknown Artist,1,cityscape,22,Rococo,2186,1382,RGB,82f82f2cc3b86c57,2767,2
81083,0,Unknown Artist,10,Unknown Genre,17,Northern_Renaissance,1671,1382,RGB,bba784f4ca1be031,4159,1
78706,0,Unknown Artist,10,Unknown Genre,4,Baroque,2020,1382,RGB,94ea6914c7eaf807,4160,1
34752,0,Unknown Artist,8,sketch_and_study,13,Mannerism_Late_Renaissance,1382,1864,RGB,aad513269b3acd19,4161,1
25472,83,joshua-reynolds,6,portrait,22,Rococo,1382,1731,RGB,fb6a0df684f09909,4162,1
81092,0,Unknown Artist,10,Unknown Genre,17,Northern_Renaissance,1382,2114,RGB,d9be6aaab1e094a1,4163,1
23444,0,Unknown Artist,8,sketch_and_study,13,Mannerism_Late_Renaissance,1822,1382,RGB,f1e14d6652d213ce,4164,1
55845,58,pietro-perugino,7,religious_painting,8,Early_Renaissance,1382,1674,RGB,eacc63f20d0eb2e1,4165,1
20620,0,Unknown Artist,7,religious_painting,8,Early_Renaissance,1850,1382,RGB,aa1a952ced599366,4166,1
55821,0,Unknown Artist,7,religious_painting,13,Mannerism_Late_Renaissance,1382,1738,RGB,88cc6773f3383919,4167,1
72830,0,Unknown Artist,10,Unknown Genre,13,Mannerism_Late_Renaissance,1382,2020,RGB,934a256f3eb14ca6,4168,1
80019,0,Unknown Artist,10,Unknown Genre,22,Rococo,1854,1382,RGB,86b31c6db34c4766,4169,1
46312,0,Unknown Artist,7,religious_painting,13,Mannerism_Late_Renaissance,1382,2270,RGB,ac81376e42b6f887,4170,1
44736,0,Unknown Artist,7,religious_painting,8,Early_Renaissance,1382,1753,RGB,cfaf99189c5616c8,4171,1
18119,25,albrecht-durer,7,religious_painting,17,Northern_Renaissance,1382,1998,RGB,bf85c0e417399ce2,4172,1
17621,20,rembrandt,6,portrait,4,Baroque,1382,1511,RGB,beecf2216192c58b,4173,1
80020,0,Unknown Artist,10,Unknown Genre,22,Rococo,2387,1382,RGB,d2a7954873e79c11,4174,1
24719,0,Unknown Artist,6,portrait,8,Early_Renaissance,1382,2029,RGB,cecf3130f8068dd9,4175,1
72549,0,Unknown Artist,10,Unknown Genre,22,Rococo,1772,1382,RGB,c33e7661791ed02c,4176,1
57087,0,Unknown Artist,7,religious_painting,13,Mannerism_Late_Renaissance,1382,1415,RGB,914b6c109b9fe3a5,4177,1
27976,82,paolo-veronese,7,religious_painting,13,Mannerism_Late_Renaissance,2699,1382,RGB,da13f149dc64e2a3,4178,1
51365,0,Unknown Artist,2,genre_painting,4,Baroque,1500,1382,RGB,d57a81c492f9ce32,4179,1
38237,0,Unknown Artist,7,religious_painting,13,Mannerism_Late_Renaissance,2167,1382,RGB,adf2b2c592c16396,4180,1
9047,20,rembrandt,6,portrait,4,Baroque,1382,1486,RGB,9d7b64971a31619c,4181,1
34574,29,lucas-cranach-the-elder,7,religious_painting,17,Northern_Renaissance,1933,1382,RGB,d9cedb893632b910,4182,1
56784,0,Unknown Artist,7,religious_painting,8,Early_Renaissance,1382,2146,RGB,efaad39460b1a5e0,4183,1
22005,82,paolo-veronese,7,religious_painting,13,Mannerism_Late_Renaissance,2265,1381,RGB,ada6187b63dc8a26,4184,1
21701,0,Unknown Artist,7,religious_painting,17,Northern_Renaissance,1597,1382,RGB,86a73d3c4de84a39,4185,1
46273,0,Unknown Artist,6,portrait,22,Rococo,1382,1749,RGB,945969e592666d36,4186,1
56004,82,paolo-veronese,7,religious_painting,13,Mannerism_Late_Renaissance,1382,1891,RGB,bac1f13e840fc36c,4187,1
78565,0,Unknown Artist,10,Unknown Genre,4,Baroque,1949,1382,RGB,c7d2381f9f0ca463,4188,1
56018,38,fra-angelico,7,religious_painting,8,Early_Renaissance,2566,1382,RGB,e5a3e21d241c9e1f,4189,1
23140,0,Unknown Artist,7,religious_painting,8,Early_Renaissance,1382,1760,RGB,cca5835c956ac15f,4190,1
24399,0,Unknown Artist,7,religious_painting,13,Mannerism_Late_Renaissance,1382,2299,RGB,a1fa7aad73a0a4e0,4191,1
64050,67,tintoretto,6,portrait,13,Mannerism_Late_Renaissance,1382,1900,RGB,dc6a1cf3e1067361,4192,1
73277,0,Unknown Artist,10,Unknown Genre,4,Baroque,1629,1382,RGB,c16fb46ab45ae446,4193,1
59153,0,Unknown Artist,4,landscape,22,Rococo,1826,1382,RGB,83c3de6c71a14e8e,4194,1
48629,0,Unknown Artist,7,religious_painting,4,Baroque,1382,1751,RGB,de312dc3ac22ce39,4195,1
47121,121,el-greco,7,religious_painting,13,Mannerism_Late_Renaissance,1382,1813,RGB,dbc88cb2f6959941,4196,1
55930,0,Unknown Artist,7,religious_painting,8,Early_Renaissance,1382,1964,RGB,fd892e145a4339cd,4197,1
72681,0,Unknown Artist,10,Unknown Genre,17,Northern_Renaissance,1382,2552,RGB,98e165b6969390cf,4198,1
30201,58,pietro-perugino,7,religious_painting,8,Early_Renaissance,1599,1382,RGB,bd24637343da96a1,4199,1
44140,0,Unknown Artist,7,religious_painting,8,Early_Renaissance,1382,1926,RGB,96ac3dd2c2293d3a,4200,1
33193,0,Unknown Artist,2,genre_painting,4,Baroque,1382,1539,RGB,b0a04f9eb9f0d28b,4201,1
65644,83,joshua-reynolds,6,portrait,22,Rococo,1382,1753,RGB,99696cd66698e067,4202,1
27356,67,tintoretto,7,religious_painting,13,Mannerism_Late_Renaissance,1819,1382,RGB,ff92ae68aa84ae22,4203,1
50319,82,paolo-veronese,7,religious_painting,13,Mannerism_Late_Renaissance,1382,2726,RGB,b594924bcb49cb0f,4204,1
62250,0,Unknown Artist,8,sketch_and_study,17,Northern_Renaissance,2037,1382,RGB,9624f58388deb5a5,4205,1
55722,0,Unknown Artist,7,religious_painting,22,Rococo,1903,1382,RGB,81141e4f5a6d7d6c,4206,1
56864,61,bartolome-esteban-murillo,7,religious_painting,4,Baroque,1696,1382,RGB,837d34aac353aae4,4207,1
38030,0,Unknown Artist,2,genre_painting,4,Baroque,1842,1382,RGB,e6b78e51c8bf1c40,4208,1
70489,0,Unknown Artist,10,Unknown Genre,8,Early_Renaissance,2075,1382,RGB,cdd81aed690f3528,4209,1
56367,67,tintoretto,7,religious_painting,13,Mannerism_Late_Renaissance,1993,1382,RGB,a5b52b093879f91c,4210,1
36253,0,Unknown Artist,7,religious_painting,4,Baroque,1382,1641,RGB,cd9c32638ecc3873,4211,1
29885,69,raphael,6,portrait,11,High_Renaissance,1382,1860,RGB,c9e9e616167660ec,4212,1
75891,0,Unknown Artist,10,Unknown Genre,22,Rococo,1670,1381,RGB,d78e24396e4956a5,4213,1
56163,0,Unknown Artist,7,religious_painting,4,Baroque,1382,1634,RGB,96b93ac4ed12316d,4214,1
54547,87,michelangelo,2,genre_painting,11,High_Renaissance,2047,1382,RGB,a537d20f2fd684c8,4215,1
78496,0,Unknown Artist,10,Unknown Genre,13,Mannerism_Late_Renaissance,1401,1382,RGB,ba84f55aa52cd649,4216,1
66109,0,Unknown Artist,6,portrait,22,Rococo,1382,2321,RGB,9949b31e3661a6f2,4217,1
26841,0,Unknown Artist,7,religious_painting,11,High_Renaissance,1382,1659,RGB,cd8f2edd20143c73,4218,1
30016,0,Unknown Artist,6,portrait,22,Rococo,1382,1554,RGB,d88b66cf3264cc9a,4219,1
56588,0,Unknown Artist,7,religious_painting,17,Northern_Renaissance,1382,1430,RGB,ca0b93bc35271b35,4220,1
39338,0,Unknown Artist,8,sketch_and_study,22,Rococo,1382,1943,RGB,8fdbb82c72617832,4221,1
68132,0,Unknown Artist,10,Unknown Genre,22,Rococo,2229,1382,RGB,c185c0bcf83f6f03,4222,1
58778,0,Unknown Artist,4,landscape,22,Rococo,2288,1381,RGB,d35899a34e33b70c,4223,1
63691,58,pietro-perugino,6,portrait,8,Early_Renaissance,1382,2664,RGB,e1c9ef800d78f187,4224,1
65626,0,Unknown Artist,6,portrait,22,Rococo,1382,2051,RGB,b9e91616ec78131b,4225,1
20677,126,thomas-gainsborough,4,landscape,22,Rococo,1997,1382,RGB,da9bb5e2b8b00f05,4226,1
38302,0,Unknown Artist,7,religious_painting,17,Northern_Renaissance,2914,1382,RGB,97fcb30f0a234cf0,2568,2
57133,67,tintoretto,7,religious_painting,13,Mannerism_Late_Renaissance,1382,1657,RGB,ee99038527687877,4227,1
48503,0,Unknown Artist,1,cityscape,22,Rococo,1966,1382,RGB,c2d0ec2f879a7863,4228,1
29965,83,joshua-reynolds,6,portrait,22,Rococo,1382,1677,RGB,cd3836e33338648f,4229,1
25654,0,Unknown Artist,7,religious_painting,4,Baroque,1382,2016,RGB,bc2b11de6f502473,4230,1
55771,0,Unknown Artist,7,religious_painting,8,Early_Renaissance,1382,2485,RGB,bde4a6da4f230499,4231,1
5329,20,rembrandt,10,Unknown Genre,4,Baroque,1382,1643,RGB,eed641293c323373,4232,1
69816,0,Unknown Artist,10,Unknown Genre,22,Rococo,1382,2027,RGB,b3f90c81ea1eb07c,4233,1
40909,103,hans-memling,6,portrait,17,Northern_Renaissance,1382,1956,RGB,cbaff2b8a0f090c5,4234,1
32579,0,Unknown Artist,6,portrait,22,Rococo,1382,1992,RGB,8cf933c6f09c0771,4235,1
38064,126,thomas-gainsborough,6,portrait,22,Rococo,1382,2254,RGB,f1380c051bf23edd,4236,1
20317,77,titian,7,religious_painting,13,Mannerism_Late_Renaissance,1633,1382,RGB,997045996296f16f,4237,1
64824,0,Unknown Artist,6,portrait,22,Rococo,1382,1588,RGB,8aaa6f4d8916d237,4238,1
51238,24,leonardo-da-vinci,8,sketch_and_study,11,High_Renaissance,1382,1435,RGB,9fe1869ef818c913,4239,1
39115,0,Unknown Artist,7,religious_painting,8,Early_Renaissance,3338,1382,RGB,a4a65b19435b8cf3,4240,1
60679,80,peter-paul-rubens,4,landscape,4,Baroque,1600,1382,RGB,e3ba2c5dd3027551,4241,1
25297,77,titian,6,portrait,11,High_Renaissance,1382,1577,RGB,98cc23776593cb86,4242,1
71613,0,Unknown Artist,10,Unknown Genre,13,Mannerism_Late_Renaissance,1382,1599,RGB,f2b30f6d6d27b080,4243,1
32402,0,Unknown Artist,6,portrait,22,Rococo,1382,1899,RGB,c4d01b2d6f36643d,4244,1
18161,25,albrecht-durer,6,portrait,17,Northern_Renaissance,1382,1748,RGB,bcdce117f281cc98,4245,1
33734,0,Unknown Artist,7,religious_painting,13,Mannerism_Late_Renaissance,1382,1657,RGB,cc91a5cd1e6233d9,4246,1
36711,0,Unknown Artist,1,cityscape,22,Rococo,2472,1382,RGB,81fe175da20a37d1,4247,1
55715,0,Unknown Artist,7,religious_painting,11,High_Renaissance,1382,1710,RGB,fc0c25f36ae17807,4248,1
47834,103,hans-memling,6,portrait,17,Northern_Renaissance,1382,1912,RGB,c89c63431b7309fe,4249,1
28765,67,tintoretto,7,religious_painting,13,Mannerism_Late_Renaissance,1385,1382,RGB,e21fc5226d1b1ee1,4250,1
28844,0,Unknown Artist,2,genre_painting,4,Baroque,1862,1381,RGB,963163ecb1c69c33,4251,1
56485,0,Unknown Artist,7,religious_painting,8,Early_Renaissance,1569,1382,RGB,f0ada1d006d7cbe2,4252,1
33901,83,joshua-reynolds,6,portrait,22,Rococo,1382,2093,RGB,c6c6297b1b626c1d,4253,1
62876,0,Unknown Artist,3,illustration,22,Rococo,1382,2469,RGB,af2dc09ef0b094f8,4254,1
76144,0,Unknown Artist,10,Unknown Genre,4,Baroque,2077,1382,RGB,c086abe3396376b4,4255,1
55959,0,Unknown Artist,7,religious_painting,13,Mannerism_Late_Renaissance,1842,1382,RGB,c00e5c9277cb5ab5,4256,1
65028,114,anthony-van-dyck,6,portrait,4,Baroque,1654,1382,RGB,ee32b149850f969e,4257,1
55615,121,el-greco,7,religious_painting,13,Mannerism_Late_Renaissance,1382,2940,RGB,9bd4da1a84c9c3cd,4258,1
71857,0,Unknown Artist,10,Unknown Genre,8,Early_Renaissance,1382,1714,RGB,e7b1985191e5c8d6,4259,1
65333,29,lucas-cranach-the-elder,6,portrait,17,Northern_Renaissance,1382,1930,RGB,995986626bc666cb,4260,1
78451,0,Unknown Artist,10,Unknown Genre,13,Mannerism_Late_Renaissance,2032,1382,RGB,efa59452835af309,4261,1
35997,0,Unknown Artist,7,religious_painting,11,High_Renaissance,1382,1879,RGB,b612cb0e7ab1ac9c,4262,1
57074,0,Unknown Artist,7,religious_painting,11,High_Renaissance,1842,1382,RGB,f4129e7d8208ea7d,4263,1
56190,38,fra-angelico,7,religious_painting,8,Early_Renaissance,1381,1657,RGB,f0a9391af72e0f11,4264,1
35461,77,titian,6,portrait,11,High_Renaissance,1382,1547,RGB,99d83566e632c9cc,4265,1
38095,0,Unknown Artist,7,religious_painting,8,Early_Renaissance,2221,1381,RGB,d485a127985eda6b,4266,1
77189,0,Unknown Artist,10,Unknown Genre,13,Mannerism_Late_Renaissance,1382,1960,RGB,cfc73838b3301cc7,4267,1
23196,121,el-greco,7,religious_painting,13,Mannerism_Late_Renaissance,1382,2039,RGB,c9f0269e72a5b319,4268,1
49663,0,Unknown Artist,1,cityscape,4,Baroque,1382,2032,RGB,d2a5259acac8576d,4269,1
55756,0,Unknown Artist,7,religious_painting,4,Baroque,1971,1382,RGB,8c36da2d618f734a,4270,1
39978,24,leonardo-da-vinci,8,sketch_and_study,11,High_Renaissance,1381,2404,RGB,e9e9438290b5b597,4271,1
46833,0,Unknown Artist,7,religious_painting,8,Early_Renaissance,1382,2503,RGB,9ce161b4e1d2c796,4272,1
57119,0,Unknown Artist,7,religious_painting,22,Rococo,1382,1655,RGB,90cf25f66f644233,4273,1
38026,0,Unknown Artist,7,religious_painting,17,Northern_Renaissance,1382,1974,RGB,8f9db01e9441cbe6,4274,1
49496,0,Unknown Artist,7,religious_painting,8,Early_Renaissance,1790,1382,RGB,c712582b7e1d2dcc,4275,1
65107,0,Unknown Artist,6,portrait,13,Mannerism_Late_Renaissance,1382,1641,RGB,cd18cd3333673866,4276,1
17619,20,rembrandt,6,portrait,4,Baroque,1382,1811,RGB,dc88366769b4913b,4277,1
34145,0,Unknown Artist,6,portrait,11,High_Renaissance,1382,2027,RGB,c4b7b5911a0b8bcb,4278,1
30618,0,Unknown Artist,7,religious_painting,11,High_Renaissance,1826,1382,RGB,ad54220fa4b9e96d,4279,1
57100,58,pietro-perugino,7,religious_painting,11,High_Renaissance,2314,1382,RGB,c8e9e6c924d3899e,4280,1
19278,77,titian,7,religious_painting,11,High_Renaissance,1951,1382,RGB,8998660fd66e7ad0,4281,1
56306,0,Unknown Artist,7,religious_painting,8,Early_Renaissance,1382,1706,RGB,9b4de016a52fdd18,4282,1
30354,0,Unknown Artist,2,genre_painting,4,Baroque,1382,1655,RGB,c06917b733e69985,4283,1
55871,0,Unknown Artist,7,religious_painting,8,Early_Renaissance,1382,1842,RGB,c28bace0c7f2b1c3,4284,1
47806,121,el-greco,7,religious_painting,13,Mannerism_Late_Renaissance,1382,2082,RGB,e9c646b133ce0e39,4285,1
56446,0,Unknown Artist,7,religious_painting,11,High_Renaissance,1382,1435,RGB,dcf5792c065bf810,4286,1
19555,0,Unknown Artist,6,portrait,4,Baroque,1382,2002,RGB,aab093b5354b4e8e,4287,1
75194,0,Unknown Artist,10,Unknown Genre,13,Mannerism_Late_Renaissance,1382,1631,RGB,cfb1948ae81cf0bc,4288,1
74327,0,Unknown Artist,10,Unknown Genre,22,Rococo,1382,3228,RGB,97b826f9708b623c,4289,1
63204,24,leonardo-da-vinci,6,portrait,11,High_Renaissance,1382,1756,RGB,bc3cc3f2c0cf2b84,4290,1
29971,0,Unknown Artist,8,sketch_and_study,8,Early_Renaissance,2075,1382,RGB,d7b1a44681b93ab9,4291,1
31136,0,Unknown Artist,8,sketch_and_study,8,Early_Renaissance,1382,2137,RGB,ebca9431d62ca993,4292,1
23086,0,Unknown Artist,6,portrait,4,Baroque,1382,1685,RGB,8e6c31e34b397187,4293,1
37713,29,lucas-cranach-the-elder,6,portrait,17,Northern_Renaissance,1382,2149,RGB,91b3236f4c64755a,4294,1
1804,20,rembrandt,8,sketch_and_study,4,Baroque,1382,1806,RGB,e436d96192cacd8d,4295,1
25515,58,pietro-perugino,7,religious_painting,8,Early_Renaissance,1382,1390,RGB,8782397d5b6b0e26,4296,1
32920,121,el-greco,7,religious_painting,13,Mannerism_Late_Renaissance,1382,1868,RGB,fbaf0452c16e48b9,4297,1
18080,25,albrecht-durer,8,sketch_and_study,17,Northern_Renaissance,1778,1382,RGB,a7c0d62f489af41d,4298,1
56671,121,el-greco,7,religious_painting,13,Mannerism_Late_Renaissance,1382,1893,RGB,86f659805f4d9a9a,4299,1
28675,126,thomas-gainsborough,4,landscape,22,Rococo,1678,1382,RGB,d8b8cee632c39c92,4300,1
45618,0,Unknown Artist,7,religious_painting,11,High_Renaissance,1382,1911,RGB,844d7b36522da5f2,4301,1
36138,0,Unknown Artist,7,religious_painting,4,Baroque,1382,1689,RGB,c020bd133e6f83fc,4302,1
48763,0,Unknown Artist,2,genre_painting,22,Rococo,1717,1382,RGB,d827669ae09d3666,4303,1
26915,58,pietro-perugino,7,religious_painting,8,Early_Renaissance,1382,1891,RGB,fbb8e464b4c69292,4304,1
32414,0,Unknown Artist,7,religious_painting,11,High_Renaissance,1382,1727,RGB,fe92f52982669c58,4305,1
39580,0,Unknown Artist,2,genre_painting,4,Baroque,1617,1382,RGB,e5377c43670cb924,4306,1
44746,103,hans-memling,7,religious_painting,17,Northern_Renaissance,1382,1908,RGB,fd9012efc6f30138,4307,1
25966,0,Unknown Artist,2,genre_painting,22,Rococo,1509,1382,RGB,9a5aa009bf9664fc,4308,1
36055,0,Unknown Artist,7,religious_painting,17,Northern_Renaissance,1382,1907,RGB,88dbbfb8b0d0d1a1,4309,1
79362,0,Unknown Artist,10,Unknown Genre,11,High_Renaissance,1457,1382,RGB,d7d433e0098f60fa,4310,1
11580,25,albrecht-durer,7,religious_painting,17,Northern_Renaissance,1382,1838,RGB,ccba33a379932c70,4311,1
55838,0,Unknown Artist,7,religious_painting,8,Early_Renaissance,1627,1382,RGB,a6b7c903f6d4c648,4312,1
55605,58,pietro-perugino,7,religious_painting,8,Early_Renaissance,1382,1609,RGB,ff070d4cc1f0663c,4313,1
45299,0,Unknown Artist,4,landscape,4,Baroque,1990,1382,RGB,f2d913a653b34895,4314,1
17774,20,rembrandt,2,genre_painting,4,Baroque,1381,1513,RGB,ffd6b084959095c5,4315,1
62141,23,hieronymus-bosch,8,sketch_and_study,17,Northern_Renaissance,1984,1382,RGB,b9c2ed0f01947fc4,4316,1
20706,0,Unknown Artist,6,portrait,13,Mannerism_Late_Renaissance,1382,1889,RGB,cc0e2d35723739f0,4317,1
30115,69,raphael,7,religious_painting,11,High_Renaissance,1832,1382,RGB,a9885213af5eda1b,4318,1
40837,0,Unknown Artist,7,religious_painting,4,Baroque,1382,2105,RGB,da01279b34da499f,4319,1
56479,121,el-greco,7,religious_painting,13,Mannerism_Late_Renaissance,1382,2373,RGB,cc9de36302e66c9c,4320,1
24726,0,Unknown Artist,7,religious_painting,8,Early_Renaissance,1382,2331,RGB,aaeee6a1b1b291e0,4321,1
46790,58,pietro-perugino,7,religious_painting,11,High_Renaissance,1382,2500,RGB,e086781947f6a63b,4322,1
74825,0,Unknown Artist,10,Unknown Genre,13,Mannerism_Late_Renaissance,2073,1382,RGB,b4c64f8b3119b1cd,4323,1
65653,117,hans-holbein-the-younger,6,portrait,17,Northern_Renaissance,1382,1770,RGB,d998e1156ab1994f,4324,1
43360,82,paolo-veronese,7,religious_painting,13,Mannerism_Late_Renaissance,1782,1382,RGB,9d984b0f6a693b62,4325,1
23732,38,fra-angelico,7,religious_painting,8,Early_Renaissance,1382,4081,RGB,bc91c7d0c10b8f9d,4326,1
37608,83,joshua-reynolds,6,portrait,22,Rococo,1381,2370,RGB,91b56a6e66d3c119,4327,1
55665,0,Unknown Artist,7,religious_painting,13,Mannerism_Late_Renaissance,1382,2987,RGB,ae8d105fb714f0e2,4328,1
56988,0,Unknown Artist,7,religious_painting,13,Mannerism_Late_Renaissance,1382,1653,RGB,c1d8c3957c336cb1,4329,1
51616,0,Unknown Artist,7,religious_painting,8,Early_Renaissance,1382,2051,RGB,f185263e39716372,4330,1
48373,80,peter-paul-rubens,7,religious_painting,4,Baroque,1382,1891,RGB,c81d3cb272e33336,4331,1
75804,0,Unknown Artist,10,Unknown Genre,22,Rococo,1813,1382,RGB,97af604c8133a3cf,4332,1
17989,0,Unknown Artist,10,Unknown Genre,17,Northern_Renaissance,2059,1382,RGB,fef0a02bcdc4858b,4333,1
79365,0,Unknown Artist,10,Unknown Genre,11,High_Renaissance,1382,1708,RGB,fbe8e001b5d8ca5c,4334,1
2747,25,albrecht-durer,7,religious_painting,17,Northern_Renaissance,1382,1730,RGB,a9a8e6e1348f7a51,4335,1
56332,0,Unknown Artist,7,religious_painting,17,Northern_Renaissance,1382,1933,RGB,cc7cb7833910f646,4336,1
25658,0,Unknown Artist,7,religious_painting,13,Mannerism_Late_Renaissance,1382,1824,RGB,ab96fa43fcc0a990,4337,1
33012,23,hieronymus-bosch,8,sketch_and_study,17,Northern_Renaissance,1994,1382,RGB,bb0cc6d3d892e1c9,4338,1
38866,80,peter-paul-rubens,7,religious_painting,4,Baroque,1382,1742,RGB,a7ac6aa7da6a4223,4339,1
56382,0,Unknown Artist,7,religious_painting,8,Early_Renaissance,1382,5207,RGB,aef9a3a2f8e0a486,4340,1
68274,0,Unknown Artist,10,Unknown Genre,17,Northern_Renaissance,1421,1382,RGB,e10fe6625ca73159,4341,1
72388,0,Unknown Artist,10,Unknown Genre,22,Rococo,1746,1382,RGB,85a3f2c4e470ec6e,4342,1
64748,0,Unknown Artist,6,portrait,13,Mannerism_Late_Renaissance,2068,1382,RGB,85e0c895952fe9cd,4343,1
22219,0,Unknown Artist,8,sketch_and_study,13,Mannerism_Late_Renaissance,1702,1382,RGB,e89c87cb106f1397,4344,1
34366,0,Unknown Artist,7,religious_painting,8,Early_Renaissance,1382,1850,RGB,c0a6a7b0785b1dc7,4345,1
19077,0,Unknown Artist,6,portrait,13,Mannerism_Late_Renaissance,1382,1881,RGB,8ccc1963e73331d3,4346,1
52814,0,Unknown Artist,7,religious_painting,13,Mannerism_Late_Renaissance,1382,1805,RGB,c7067df203db384c,483,2
50236,0,Unknown Artist,8,sketch_and_study,22,Rococo,1382,2084,RGB,cef33c25e1689685,4347,1
20204,67,tintoretto,7,religious_painting,13,Mannerism_Late_Renaissance,1547,1382,RGB,e4e12d147b4f16c6,4348,1
78507,0,Unknown Artist,10,Unknown Genre,13,Mannerism_Late_Renaissance,2719,1382,RGB,8091dcdb687a676c,4349,1
18130,25,albrecht-durer,8,sketch_and_study,17,Northern_Renaissance,1771,1382,RGB,e59aac377a944b22,4350,1
57066,0,Unknown Artist,7,religious_painting,17,Northern_Renaissance,1382,2411,RGB,dac285d8b12dec35,4351,1
70422,0,Unknown Artist,10,Unknown Genre,4,Baroque,2360,1382,RGB,d7c72920ecd3681e,4352,1
30331,121,el-greco,6,portrait,13,Mannerism_Late_Renaissance,1382,1858,RGB,d019e7266426f778,4353,1
51090,38,fra-angelico,7,religious_painting,8,Early_Renaissance,1401,1382,RGB,eeb0bac4e1c78193,4354,1
76326,0,Unknown Artist,10,Unknown Genre,22,Rococo,2004,1382,RGB,90b33b0f659cd863,4355,1
30972,0,Unknown Artist,6,portrait,22,Rococo,1382,2129,RGB,deb641c066c664db,4356,1
56755,0,Unknown Artist,7,religious_painting,13,Mannerism_Late_Renaissance,1382,1852,RGB,f3cd9492c57898c3,4357,1
56431,0,Unknown Artist,7,religious_painting,4,Baroque,1382,1872,RGB,95422b3938fde686,4358,1
23818,0,Unknown Artist,2,genre_painting,8,Early_Renaissance,1738,1382,RGB,e28733707b4a693a,4359,1
77069,0,Unknown Artist,10,Unknown Genre,11,High_Renaissance,1725,1382,RGB,da4eb4a729e15c58,4360,1
76501,0,Unknown Artist,10,Unknown Genre,22,Rococo,1382,1780,RGB,acbb52af3143ca94,4361,1
36604,125,jacob-jordaens,7,religious_painting,4,Baroque,3022,1382,RGB,90e61f250da52eee,4362,1
68651,0,Unknown Artist,10,Unknown Genre,4,Baroque,2306,1382,RGB,87cef8b16d40cc39,4363,1
17767,20,rembrandt,6,portrait,4,Baroque,1381,1628,RGB,d9a4669b938c6cc3,4364,1
35888,0,Unknown Artist,6,portrait,8,Early_Renaissance,1382,2012,RGB,9616c9eb2734585b,4365,1
32865,0,Unknown Artist,7,religious_painting,8,Early_Renaissance,1494,1382,RGB,debe249b91415257,4366,1
50247,0,Unknown Artist,2,genre_painting,11,High_Renaissance,1382,1599,RGB,95c52a3e296b3de0,4367,1
34492,0,Unknown Artist,7,religious_painting,17,Northern_Renaissance,1382,1618,RGB,fdfac2e3e14105a4,4368,1
10132,20,rembrandt,2,genre_painting,4,Baroque,1382,2270,RGB,b7e2c00f8f999932,4369,1
28733,116,frans-hals,6,portrait,4,Baroque,2767,1382,RGB,df91902af04d83de,4370,1
46921,117,hans-holbein-the-younger,8,sketch_and_study,17,Northern_Renaissance,1381,2417,RGB,c178682e2fab2f23,4371,1
26922,82,paolo-veronese,7,religious_painting,13,Mannerism_Late_Renaissance,1382,1412,RGB,e5d1180de5f64a2e,4372,1
56139,0,Unknown Artist,7,religious_painting,8,Early_Renaissance,1382,1918,RGB,8c6a173d7896179a,4373,1
20944,125,jacob-jordaens,7,religious_painting,4,Baroque,1381,2169,RGB,ebecb4b1a5c4d007,4374,1
8202,25,albrecht-durer,8,sketch_and_study,17,Northern_Renaissance,1382,2092,RGB,ba3a9352d3b1c4c5,4375,1
40297,0,Unknown Artist,6,portrait,22,Rococo,1382,1723,RGB,9b4b6ce446983763,4376,1
55965,121,el-greco,7,religious_painting,13,Mannerism_Late_Renaissance,1382,1801,RGB,d6e6698d06ce1bc2,4377,1
59149,0,Unknown Artist,4,landscape,4,Baroque,1918,1382,RGB,cf8c3813e2f41ad3,4378,1
29386,0,Unknown Artist,7,religious_painting,8,Early_Renaissance,1842,1382,RGB,abb4c0c3974f9c4a,4379,1
28378,0,Unknown Artist,6,portrait,22,Rococo,1382,1890,RGB,c42c3773ce87689c,4380,1
37602,103,hans-memling,7,religious_painting,17,Northern_Renaissance,1382,1847,RGB,bee9bdf0b1e0c090,4381,1
56364,23,hieronymus-bosch,7,religious_painting,17,Northern_Renaissance,1382,1691,RGB,e2abdc91934ea178,4382,1
24954,69,raphael,7,religious_painting,11,High_Renaissance,1382,2131,RGB,b2afbe706db0a181,4383,1
55796,0,Unknown Artist,7,religious_painting,8,Early_Renaissance,1382,3279,RGB,cd317678226616e7,4384,1
56734,69,raphael,7,religious_painting,11,High_Renaissance,1382,1709,RGB,c31f37c8291e63c3,4385,1
52622,0,Unknown Artist,7,religious_painting,11,High_Renaissance,2240,1382,RGB,8dba72cc3334e38a,4386,1
66031,0,Unknown Artist,6,portrait,22,Rococo,1382,1710,RGB,873c74c36e949cc9,4387,1
68054,0,Unknown Artist,10,Unknown Genre,13,Mannerism_Late_Renaissance,1604,1382,RGB,c08a2f0716f0cfbd,4388,1
37734,87,michelangelo,7,religious_painting,11,High_Renaissance,1382,1858,RGB,bbe6c5807696096b,4389,1
3552,25,albrecht-durer,7,religious_painting,17,Northern_Renaissance,1382,1788,RGB,a70698715ad96aec,4390,1
74524,0,Unknown Artist,10,Unknown Genre,17,Northern_Renaissance,1382,3669,RGB,e82b1f303f495ae4,4391,1
44567,0,Unknown Artist,2,genre_painting,17,Northern_Renaissance,2070,1382,RGB,b0d1ca8f259266fc,4392,1
32949,0,Unknown Artist,7,religious_painting,8,Early_Renaissance,1382,2768,RGB,fc97db68848aab84,4393,1
28814,38,fra-angelico,7,religious_painting,8,Early_Renaissance,2081,1382,RGB,85f154347439a767,4394,1
22899,114,anthony-van-dyck,6,portrait,4,Baroque,1382,1886,RGB,d89b27642e92b26b,4395,1
68173,0,Unknown Artist,10,Unknown Genre,8,Early_Renaissance,2117,1382,RGB,fdf082e78d0c8c2b,4396,1
30671,126,thomas-gainsborough,6,portrait,22,Rococo,1382,2056,RGB,94b63b590427765b,4397,1
62275,87,michelangelo,8,sketch_and_study,11,High_Renaissance,1382,1812,RGB,bf0dd0938de438e2,4398,1
29976,0,Unknown Artist,6,portrait,8,Early_Renaissance,1382,2017,RGB,83c57c5a4b253e33,4399,1
55650,0,Unknown Artist,7,religious_painting,17,Northern_Renaissance,1750,1382,RGB,e8f41206adee5e4a,4400,1
55630,87,michelangelo,7,religious_painting,11,High_Renaissance,2081,1382,RGB,a24946f0b9b3b3b2,4401,1
56244,38,fra-angelico,7,religious_painting,8,Early_Renaissance,1382,1643,RGB,8bbce6e1f496c242,4402,1
23419,0,Unknown Artist,2,genre_painting,22,Rococo,1382,1753,RGB,fad425a1ac4ed171,4403,1
62481,0,Unknown Artist,8,sketch_and_study,8,Early_Renaissance,2073,1382,RGB,fa9b85c5c46cc564,4404,1
75918,0,Unknown Artist,10,Unknown Genre,22,Rococo,2322,1382,RGB,d8d33533c27d0966,4405,1
41664,0,Unknown Artist,6,portrait,22,Rococo,1382,1994,RGB,d80337cff4185963,4406,1
4836,20,rembrandt,7,religious_painting,4,Baroque,1996,1382,RGB,d5a186d75cd222ba,4407,1
68339,0,Unknown Artist,10,Unknown Genre,11,High_Renaissance,1382,1842,RGB,999a34e6631d6cc3,4408,1
75626,0,Unknown Artist,10,Unknown Genre,22,Rococo,2183,1382,RGB,d4f6292ed1d92ac2,4409,1
56409,0,Unknown Artist,7,religious_painting,8,Early_Renaissance,1594,1382,RGB,83be8dd963805aea,4410,1
23781,0,Unknown Artist,6,portrait,22,Rococo,1382,1801,RGB,c29e302b593a74cf,4411,1
72353,0,Unknown Artist,10,Unknown Genre,22,Rococo,1647,1382,RGB,cbab35944a2b9366,4412,1
78588,0,Unknown Artist,10,Unknown Genre,4,Baroque,1382,1661,RGB,cece23333038b3b3,4413,1
75873,0,Unknown Artist,10,Unknown Genre,8,Early_Renaissance,3370,1382,RGB,d01c4ede3c694747,4414,1
30994,126,thomas-gainsborough,4,landscape,22,Rococo,2772,1382,RGB,cad25639694546f9,4415,1
36470,0,Unknown Artist,7,religious_painting,8,Early_Renaissance,1413,1382,RGB,c4e34b6a3b4c1e1e,4416,1
35710,29,lucas-cranach-the-elder,6,portrait,17,Northern_Renaissance,1382,2203,RGB,ce9d313273909bd1,4417,1
10855,25,albrecht-durer,6,portrait,17,Northern_Renaissance,1382,2081,RGB,ee68b0b591178bca,4418,1
42446,77,titian,6,portrait,13,Mannerism_Late_Renaissance,1382,1590,RGB,de988c336633638b,4419,1
23113,38,fra-angelico,7,religious_painting,8,Early_Renaissance,1381,2221,RGB,fa034654917f0f9a,4420,1
44104,116,frans-hals,6,portrait,4,Baroque,1382,1913,RGB,9aac71332dd206ed,4421,1
55852,38,fra-angelico,7,religious_painting,8,Early_Renaissance,2152,1382,RGB,9db32b6d3269423c,4422,1
71800,0,Unknown Artist,10,Unknown Genre,13,Mannerism_Late_Renaissance,2230,1382,RGB,d00f0db7fe30e514,4423,1
46411,0,Unknown Artist,6,portrait,4,Baroque,1382,1793,RGB,e11de6e319c4199e,4424,1
31157,58,pietro-perugino,7,religious_painting,11,High_Renaissance,1382,1857,RGB,ae4cdd8e4c31a6c6,4425,1
50422,117,hans-holbein-the-younger,6,portrait,17,Northern_Renaissance,1382,1772,RGB,c80ec03f337333f1,4426,1
34278,0,Unknown Artist,7,religious_painting,8,Early_Renaissance,1641,1382,RGB,da817cda2517c725,4427,1
47353,83,joshua-reynolds,6,portrait,22,Rococo,1382,2247,RGB,8495595e733196d6,4428,1
69975,0,Unknown Artist,10,Unknown Genre,22,Rococo,1642,1382,RGB,c98986669f9e1f12,4429,1
56412,0,Unknown Artist,7,religious_painting,11,High_Renaissance,1798,1382,RGB,c1ac93d1acca6d66,4430,1
70995,0,Unknown Artist,10,Unknown Genre,8,Early_Renaissance,1382,1872,RGB,dcfeda484865ec84,4431,1
37309,0,Unknown Artist,7,religious_painting,13,Mannerism_Late_Renaissance,1904,1382,RGB,8cd6d8ecb31a3319,4432,1
43465,0,Unknown Artist,7,religious_painting,17,Northern_Renaissance,1382,1556,RGB,b94f1c62d659d8c4,4433,1
56134,0,Unknown Artist,7,religious_painting,13,Mannerism_Late_Renaissance,1382,1995,RGB,944e18b43afd4373,4434,1
41616,0,Unknown Artist,4,landscape,4,Baroque,1563,1382,RGB,df78a100e0a3dbe5,4435,1
46276,0,Unknown Artist,6,portrait,11,High_Renaissance,1424,1382,RGB,dba46d4a7ad2c48c,4436,1
42173,0,Unknown Artist,7,religious_painting,4,Baroque,1382,1637,RGB,e531094eb33ccee2,4437,1
78678,0,Unknown Artist,10,Unknown Genre,4,Baroque,2276,1382,RGB,d8f32e764c4193a5,4438,1
28647,0,Unknown Artist,2,genre_painting,22,Rococo,1382,1684,RGB,953d6a621f35a14b,4439,1
23612,24,leonardo-da-vinci,7,religious_painting,11,High_Renaissance,1382,1776,RGB,c4fc3f43121e3b2c,4440,2
3507,25,albrecht-durer,6,portrait,17,Northern_Renaissance,1382,2476,RGB,bbccc403c2379a2f,4441,1
39173,24,leonardo-da-vinci,8,sketch_and_study,11,High_Renaissance,1382,1834,RGB,d9817338e7c4c60f,4442,1
62436,77,titian,8,sketch_and_study,13,Mannerism_Late_Renaissance,1382,2139,RGB,afd8d8a1e6b2c194,4443,1
62479,87,michelangelo,8,sketch_and_study,11,High_Renaissance,1382,2526,RGB,b1bb46881d994fc3,4444,1
46874,82,paolo-veronese,7,religious_painting,13,Mannerism_Late_Renaissance,1382,2321,RGB,c81d3ee1175c18d7,4445,1
28879,0,Unknown Artist,6,portrait,22,Rococo,1382,1851,RGB,8ccc5ef1cb01b0db,4446,1
44996,0,Unknown Artist,7,religious_painting,11,High_Renaissance,1382,1597,RGB,ed83c281f078f276,4447,1
25075,69,raphael,7,religious_painting,11,High_Renaissance,1382,1742,RGB,ec8d33564e7c9982,4448,1
66155,83,joshua-reynolds,6,portrait,22,Rococo,1382,1796,RGB,c82f72a63cda61ac,4449,1
40308,83,joshua-reynolds,6,portrait,22,Rococo,1382,2342,RGB,964a6d3ca44793b6,4450,1
3102,0,Unknown Artist,10,Unknown Genre,17,Northern_Renaissance,1382,2490,RGB,bd4fc2949871339a,4451,1
75083,0,Unknown Artist,10,Unknown Genre,11,High_Renaissance,1382,1756,RGB,c2d16b2f3dc03c3c,4452,1
36862,0,Unknown Artist,6,portrait,22,Rococo,1382,1876,RGB,c7be38313399ccc8,4453,1
65696,0,Unknown Artist,6,portrait,22,Rococo,1382,1809,RGB,cc1ef9e2333c30c3,4454,1
76289,0,Unknown Artist,10,Unknown Genre,11,High_Renaissance,1382,1866,RGB,cc9c3133c639c3ce,4455,1
73143,0,Unknown Artist,10,Unknown Genre,17,Northern_Renaissance,1382,1619,RGB,a52d4a525af00fd7,4456,1
75655,0,Unknown Artist,10,Unknown Genre,13,Mannerism_Late_Renaissance,5076,1382,RGB,f4b0b39a8a8f8b89,4457,1
50275,0,Unknown Artist,2,genre_painting,4,Baroque,1382,1862,RGB,febaa1f0e0f085c1,4458,1
56581,121,el-greco,7,religious_painting,13,Mannerism_Late_Renaissance,1382,1941,RGB,a83b23a2ad8dde32,4459,1
42079,0,Unknown Artist,7,religious_painting,8,Early_Renaissance,1382,1832,RGB,ebfe3c6174c2041d,4460,1
55797,77,titian,7,religious_painting,11,High_Renaissance,1382,1422,RGB,edd84227c361b91b,4461,1
50601,38,fra-angelico,7,religious_painting,8,Early_Renaissance,1382,3162,RGB,faadb562a95096c1,4462,1
18136,25,albrecht-durer,2,genre_painting,17,Northern_Renaissance,1382,2298,RGB,b8cec5934616cee8,4463,1
61028,0,Unknown Artist,4,landscape,4,Baroque,1382,1652,RGB,8aa98f765c1999e1,4464,1
47956,80,peter-paul-rubens,7,religious_painting,4,Baroque,2430,1382,RGB,c62139cec997d8d8,4465,1
45736,0,Unknown Artist,7,religious_painting,8,Early_Renaissance,1382,1677,RGB,d2a709d279cd2c87,4466,1
20643,0,Unknown Artist,6,portrait,22,Rococo,1382,1714,RGB,9949e85722666f93,4467,1
55863,0,Unknown Artist,7,religious_painting,8,Early_Renaissance,1382,1746,RGB,b11dfde0865a1786,4468,1
57011,0,Unknown Artist,7,religious_painting,8,Early_Renaissance,1382,2716,RGB,f2e605387a8e0fe1,4469,1
11791,20,rembrandt,8,sketch_and_study,4,Baroque,1382,1867,RGB,b9c49e1ac12ee43b,4470,1
56959,80,peter-paul-rubens,7,religious_painting,4,Baroque,1382,2362,RGB,cc3832cb9c2c6776,4471,1
68818,0,Unknown Artist,10,Unknown Genre,13,Mannerism_Late_Renaissance,1382,1761,RGB,de3333386c66d813,4472,1
41903,0,Unknown Artist,7,religious_painting,8,Early_Renaissance,1611,1382,RGB,b88537788317f82e,4473,1
32538,0,Unknown Artist,8,sketch_and_study,22,Rococo,1855,1382,RGB,efe1900d8df13266,4474,1
38928,24,leonardo-da-vinci,8,sketch_and_study,11,High_Renaissance,2174,1382,RGB,dcbbb41ecbe002e1,4475,1
19969,77,titian,7,religious_painting,11,High_Renaissance,1381,2106,RGB,ebfa9aa5ad88a520,4476,1
59675,114,anthony-van-dyck,4,landscape,4,Baroque,1382,1793,RGB,b7be6a0134ce2ed0,4477,1
36314,0,Unknown Artist,7,religious_painting,8,Early_Renaissance,1381,1922,RGB,eba196e23ce1311e,4478,1
10835,25,albrecht-durer,7,religious_painting,17,Northern_Renaissance,1382,2225,RGB,b22def1a358529c3,4479,1
51786,0,Unknown Artist,2,genre_painting,22,Rococo,2056,1381,RGB,816a51598f71976d,4480,1
55207,0,Unknown Artist,2,genre_painting,4,Baroque,1649,1382,RGB,a1c35a8397363e1e,4481,1
61949,69,raphael,8,sketch_and_study,11,High_Renaissance,1382,1985,RGB,edd630f1d0b14d61,4482,1
34453,0,Unknown Artist,7,religious_painting,8,Early_Renaissance,3211,1382,RGB,802fcc719ec9a55b,4483,1
41878,29,lucas-cranach-the-elder,2,genre_painting,17,Northern_Renaissance,2088,1382,RGB,e3cdcdc2a5c13634,4484,1
56930,0,Unknown Artist,7,religious_painting,11,High_Renaissance,1382,2063,RGB,f2a23d6d489687e1,4485,1
39905,0,Unknown Artist,7,religious_painting,8,Early_Renaissance,1382,1707,RGB,c26eed64c6093733,4486,1
51896,58,pietro-perugino,7,religious_painting,11,High_Renaissance,1976,1381,RGB,93c07e5fa8fc1701,4487,1
24063,0,Unknown Artist,4,landscape,22,Rococo,1659,1382,RGB,81f8de0727cecb30,4488,1
78491,0,Unknown Artist,10,Unknown Genre,13,Mannerism_Late_Renaissance,1761,1382,RGB,efcd817196163ec0,4489,1
23611,0,Unknown Artist,7,religious_painting,8,Early_Renaissance,3420,1382,RGB,9f8ed6592945d289,4490,1
31347,117,hans-holbein-the-younger,7,religious_painting,17,Northern_Renaissance,1382,3011,RGB,a89eb781949951db,4491,1
45243,0,Unknown Artist,7,religious_painting,11,High_Renaissance,1382,1744,RGB,eca2175a0bb55a8e,4492,1
42190,0,Unknown Artist,7,religious_painting,13,Mannerism_Late_Renaissance,1382,1723,RGB,d041237f2f4b3e38,4493,1
44434,0,Unknown Artist,7,religious_painting,17,Northern_Renaissance,1382,2119,RGB,e44350da892f9e3d,4494,1
1197,20,rembrandt,7,religious_painting,4,Baroque,1382,1698,RGB,df2c72c33e23c06c,4495,1
51949,121,el-greco,7,religious_painting,13,Mannerism_Late_Renaissance,1382,3169,RGB,94966e566b68634d,4496,1
20322,24,leonardo-da-vinci,8,sketch_and_study,8,Early_Renaissance,1382,1914,RGB,afb770f8e0328d22,4497,1
78476,0,Unknown Artist,10,Unknown Genre,13,Mannerism_Late_Renaissance,1382,2010,RGB,d4fb02972964276e,4498,1
72647,0,Unknown Artist,10,Unknown Genre,4,Baroque,1795,1382,RGB,949b1f673a68c1d8,4499,1
61978,0,Unknown Artist,8,sketch_and_study,22,Rococo,1382,1881,RGB,cf4bbe3f6830c0d0,4500,1
65245,117,hans-holbein-the-younger,6,portrait,17,Northern_Renaissance,1382,1996,RGB,cc1de13337e231e2,4501,1
68996,0,Unknown Artist,10,Unknown Genre,11,High_Renaissance,1382,1871,RGB,859473c7927859b9,4502,1
78631,0,Unknown Artist,10,Unknown Genre,4,Baroque,2162,1382,RGB,dcc97176e4688c87,4503,1
57008,0,Unknown Artist,7,religious_painting,8,Early_Renaissance,1861,1382,RGB,8b30b55ed85be40d,4504,1
66114,0,Unknown Artist,6,portrait,8,Early_Renaissance,1382,2068,RGB,fa683ca4aab831bc,4505,1
56584,0,Unknown Artist,7,religious_painting,4,Baroque,1382,2521,RGB,ebac6b52b405946b,4506,1
43569,0,Unknown Artist,7,religious_painting,17,Northern_Renaissance,1900,1382,RGB,86b8d285c995adce,4507,1
31006,58,pietro-perugino,7,religious_painting,11,High_Renaissance,1382,1971,RGB,ecb2424f2d14f6a3,4508,1
28194,0,Unknown Artist,7,religious_painting,8,Early_Renaissance,1382,2126,RGB,da61f4f8ec2c6132,4509,1
27436,0,Unknown Artist,2,genre_painting,22,Rococo,1382,1767,RGB,cb2496cb7433c33c,4510,1
38316,0,Unknown Artist,7,religious_painting,11,High_Renaissance,1382,2065,RGB,d08767581a1e5b6b,4511,1
56868,67,tintoretto,7,religious_painting,13,Mannerism_Late_Renaissance,1382,1703,RGB,80ce5cd3232f5f62,4512,1
49145,0,Unknown Artist,7,religious_painting,8,Early_Renaissance,1382,1771,RGB,959452176c3ae769,4513,1
76884,0,Unknown Artist,10,Unknown Genre,4,Baroque,1686,1382,RGB,c498594bf13ce571,4514,1
37319,0,Unknown Artist,7,religious_painting,13,Mannerism_Late_Renaissance,1382,1605,RGB,b5d186adc988ad5a,4515,1
44487,0,Unknown Artist,6,portrait,13,Mannerism_Late_Renaissance,1382,1950,RGB,cc1c62b3b27833c7,4516,1
57022,0,Unknown Artist,7,religious_painting,8,Early_Renaissance,1987,1382,RGB,926943cd7cd819e9,4517,1
70051,0,Unknown Artist,10,Unknown Genre,13,Mannerism_Late_Renaissance,1382,1807,RGB,c01bf16d1fb46896,4518,1
17666,20,rembrandt,10,Unknown Genre,4,Baroque,1382,1790,RGB,cc2a33f943cffc00,4519,1
21927,0,Unknown Artist,7,religious_painting,13,Mannerism_Late_Renaissance,1382,1686,RGB,aae7bea0f481c58c,4520,1
30055,0,Unknown Artist,6,portrait,11,High_Renaissance,1382,1549,RGB,dd6ab54678855b24,4521,1
33007,0,Unknown Artist,7,religious_painting,17,Northern_Renaissance,1382,1999,RGB,c1363ee5c1b60f1c,4522,1
27760,24,leonardo-da-vinci,8,sketch_and_study,11,High_Renaissance,1382,2227,RGB,f9b5d295864b4d60,4523,1
56857,38,fra-angelico,7,religious_painting,8,Early_Renaissance,1382,2017,RGB,f24de47885929f0d,4524,1
42579,0,Unknown Artist,6,portrait,22,Rococo,1382,1784,RGB,c88cf23b61b37236,4525,1
46121,83,joshua-reynolds,6,portrait,22,Rococo,1382,2303,RGB,f37b2e00e46e9e09,4526,1
8017,20,rembrandt,4,landscape,4,Baroque,2300,1382,RGB,9fc3c12c3679e0c6,4527,1
56314,77,titian,7,religious_painting,13,Mannerism_Late_Renaissance,1382,1825,RGB,b5062ea93497d26b,4528,1
65883,0,Unknown Artist,6,portrait,22,Rococo,1382,1724,RGB,ad9f166263354c65,4529,1
64712,0,Unknown Artist,6,portrait,22,Rococo,1382,1792,RGB,80accef33b63e198,4530,1
43836,0,Unknown Artist,8,sketch_and_study,22,Rococo,1382,1539,RGB,836dfcb1037fcc80,4531,1
54492,0,Unknown Artist,2,genre_painting,22,Rococo,1382,1901,RGB,88a5744eeaad5935,4532,1
31768,0,Unknown Artist,6,portrait,11,High_Renaissance,1382,1483,RGB,e894c35a15e3eb61,4533,1
31618,0,Unknown Artist,6,portrait,13,Mannerism_Late_Renaissance,1382,1445,RGB,dc5fe23079cc194c,4534,1
22257,0,Unknown Artist,8,sketch_and_study,11,High_Renaissance,1382,1829,RGB,e9e1b6599a64a964,4535,1
47108,0,Unknown Artist,7,religious_painting,22,Rococo,1382,3255,RGB,d5c5113e4b070f1f,4536,1
36953,0,Unknown Artist,7,religious_painting,11,High_Renaissance,1426,1382,RGB,cf3cf530685f2851,4537,1
55814,0,Unknown Artist,7,religious_painting,17,Northern_Renaissance,1382,3348,RGB,b86ac731c8b46fe0,4538,1
64132,126,thomas-gainsborough,6,portrait,22,Rococo,1382,2106,RGB,d293697d6ec093e0,4539,1
73424,0,Unknown Artist,10,Unknown Genre,13,Mannerism_Late_Renaissance,1382,2008,RGB,a6c64de6e6999c18,4540,1
23475,0,Unknown Artist,7,religious_painting,13,Mannerism_Late_Renaissance,1411,1382,RGB,ae88e9cc94679339,4541,1
41983,0,Unknown Artist,2,genre_painting,22,Rococo,2641,1382,RGB,c73d68d33c1492e9,4542,1
31226,80,peter-paul-rubens,7,religious_painting,4,Baroque,1577,1382,RGB,8e9760c3bea81be2,4543,1
56155,0,Unknown Artist,7,religious_painting,13,Mannerism_Late_Renaissance,1406,1382,RGB,d4a5e97a8858be98,4544,1
42859,0,Unknown Artist,7,religious_painting,11,High_Renaissance,1382,1911,RGB,8f817a7ae12dac51,4545,1
42715,23,hieronymus-bosch,7,religious_painting,17,Northern_Renaissance,1382,1711,RGB,b72f3009c6e8e3ca,4546,1
46979,82,paolo-veronese,7,religious_painting,13,Mannerism_Late_Renaissance,2032,1382,RGB,84e4f9391b73e2a2,4547,1
56528,58,pietro-perugino,7,religious_painting,11,High_Renaissance,1382,1505,RGB,e234b559df049669,4548,1
25277,82,paolo-veronese,6,portrait,13,Mannerism_Late_Renaissance,1382,2247,RGB,f8850593869e9e97,4549,1
41226,0,Unknown Artist,7,religious_painting,13,Mannerism_Late_Renaissance,1382,1640,RGB,a12d06278f933e5e,4550,1
38612,38,fra-angelico,7,religious_painting,8,Early_Renaissance,1382,1933,RGB,fc4f9667c191c1c4,4551,1
1440,25,albrecht-durer,7,religious_painting,17,Northern_Renaissance,1382,1928,RGB,fb86b03d8919b3e0,4552,1
56105,38,fra-angelico,7,religious_painting,8,Early_Renaissance,1382,1563,RGB,a73c7103436f7469,4553,1
17617,20,rembrandt,7,religious_painting,4,Baroque,1972,1382,RGB,ba33ed09f0c4c6ca,4554,1
22783,0,Unknown Artist,7,religious_painting,4,Baroque,1382,1852,RGB,8dac52c39b5de131,4555,1
48473,0,Unknown Artist,6,portrait,22,Rococo,1382,1818,RGB,917a48a53dc67e83,4556,1
74578,0,Unknown Artist,10,Unknown Genre,22,Rococo,1382,1766,RGB,cf96487a6a8c782d,4557,1
41000,126,thomas-gainsborough,6,portrait,22,Rococo,1382,1618,RGB,94485ba76c696b35,4558,1
31521,0,Unknown Artist,7,religious_painting,17,Northern_Renaissance,1382,1842,RGB,a5669625193e66d9,4559,1
10647,20,rembrandt,6,portrait,4,Baroque,1382,1608,RGB,98986763bcccd989,4560,1
2635,25,albrecht-durer,8,sketch_and_study,17,Northern_Renaissance,1382,2342,RGB,b884c76bb69c854e,4561,2
33898,0,Unknown Artist,6,portrait,17,Northern_Renaissance,1382,1838,RGB,b4d4bac937ac5892,4562,1
29308,0,Unknown Artist,7,religious_painting,4,Baroque,1382,1558,RGB,ba26a5c9c2368b9b,4563,1
75702,0,Unknown Artist,10,Unknown Genre,22,Rococo,1382,1669,RGB,916b26db916e3643,4564,1
42722,0,Unknown Artist,7,religious_painting,8,Early_Renaissance,1382,1701,RGB,c74835965be1c2c7,4565,1
43810,0,Unknown Artist,1,cityscape,4,Baroque,2360,1382,RGB,a8f1c12cefcae50a,4566,1
23831,0,Unknown Artist,6,portrait,13,Mannerism_Late_Renaissance,1382,1860,RGB,8c1ce33731396337,4567,1
78450,0,Unknown Artist,10,Unknown Genre,13,Mannerism_Late_Renaissance,2504,1382,RGB,d2c2fa7a1d0795a4,4568,1
78647,0,Unknown Artist,10,Unknown Genre,4,Baroque,2050,1382,RGB,ad8b177b7a6a4608,4569,1
25825,0,Unknown Artist,7,religious_painting,17,Northern_Renaissance,1382,3437,RGB,e083cb3c386b66b5,4570,1
35933,0,Unknown Artist,2,genre_painting,8,Early_Renaissance,1382,1607,RGB,dee46fba311401ba,4571,1
6245,0,Unknown Artist,10,Unknown Genre,17,Northern_Renaissance,1382,1947,RGB,b3c999e06416d39e,4572,1
64782,0,Unknown Artist,6,portrait,8,Early_Renaissance,1383,1382,RGB,cbac10979ed19f44,4573,1
64970,0,Unknown Artist,6,portrait,22,Rococo,1382,1716,RGB,c9f9368678e701c9,4574,1
40598,0,Unknown Artist,7,religious_painting,13,Mannerism_Late_Renaissance,1382,1648,RGB,94163bb9644d69ad,4575,1
28096,0,Unknown Artist,2,genre_painting,4,Baroque,1679,1382,RGB,91c47f5e27a04cf4,4576,1
75821,0,Unknown Artist,10,Unknown Genre,22,Rococo,1382,1753,RGB,c4c1333e1c1ccff2,4577,1
41711,0,Unknown Artist,6,portrait,22,Rococo,1382,1814,RGB,ae92f864946bd067,4578,1
28659,0,Unknown Artist,7,religious_painting,17,Northern_Renaissance,1382,2077,RGB,afab64c0507a9ecc,4579,1
17641,20,rembrandt,2,genre_painting,4,Baroque,1831,1382,RGB,ce631cce718e2770,4580,1
56582,67,tintoretto,7,religious_painting,13,Mannerism_Late_Renaissance,1382,2176,RGB,eaa41b4037bee05b,4581,1
25411,0,Unknown Artist,6,portrait,22,Rococo,1382,2257,RGB,f9fa2e0d1064cad9,4582,1
44096,0,Unknown Artist,7,religious_painting,8,Early_Renaissance,2208,1382,RGB,f639f0241d703976,4583,1
56576,0,Unknown Artist,7,religious_painting,17,Northern_Renaissance,1382,1899,RGB,c7b389e4c8d87233,4584,1
70669,0,Unknown Artist,10,Unknown Genre,13,Mannerism_Late_Renaissance,1394,1382,RGB,846752ac1b53fa59,4585,1
75223,0,Unknown Artist,10,Unknown Genre,22,Rococo,1382,1552,RGB,c83337ce0fb398c8,4586,1
52603,0,Unknown Artist,5,nude_painting,11,High_Renaissance,1382,2236,RGB,bb44bd1f25984d98,4587,1
33259,0,Unknown Artist,7,religious_painting,11,High_Renaissance,1382,2350,RGB,dc2fb2e220b5c1b5,4588,1
47720,0,Unknown Artist,8,sketch_and_study,8,Early_Renaissance,1382,1943,RGB,95ea1837e429f133,4589,1
36097,0,Unknown Artist,6,portrait,4,Baroque,1382,1740,RGB,d97d27768303f809,4590,1
26765,83,joshua-reynolds,6,portrait,22,Rococo,1382,1744,RGB,acfe4391b1e28c4e,4591,1
31263,0,Unknown Artist,7,religious_painting,11,High_Renaissance,1382,2000,RGB,bdf04d31d60d5351,4592,1
39721,0,Unknown Artist,6,portrait,22,Rococo,1382,1739,RGB,98cd663249dc9bc9,4593,1
35176,0,Unknown Artist,6,portrait,22,Rococo,1382,1732,RGB,bbbb6ce4251cd242,4594,1
4741,25,albrecht-durer,6,portrait,17,Northern_Renaissance,1382,2036,RGB,b868c2b5b48fda1a,4595,1
34565,0,Unknown Artist,8,sketch_and_study,13,Mannerism_Late_Renaissance,1561,1382,RGB,c59a76a62db033c6,4596,1
24347,0,Unknown Artist,6,portrait,8,Early_Renaissance,1382,2236,RGB,adda63690c9c2ba6,4597,1
46749,0,Unknown Artist,2,genre_painting,4,Baroque,1382,1792,RGB,9970e61df04fa463,4598,1
36513,77,titian,6,portrait,13,Mannerism_Late_Renaissance,1382,1632,RGB,aed64039795a39c9,4599,1
49404,0,Unknown Artist,7,religious_painting,13,Mannerism_Late_Renaissance,1382,1810,RGB,a3955c29f9281afc,4600,1
78485,0,Unknown Artist,10,Unknown Genre,13,Mannerism_Late_Renaissance,1382,1835,RGB,c20f3f6149cd3c36,4601,1
52840,61,bartolome-esteban-murillo,7,religious_painting,4,Baroque,1382,1790,RGB,e99f1643d91c2caa,4602,1
62210,0,Unknown Artist,8,sketch_and_study,22,Rococo,1382,2083,RGB,cb93a4dc343936c3,4603,1
33789,69,raphael,6,portrait,11,High_Renaissance,1382,2073,RGB,c4a43fc3033df0b3,4604,1
11318,25,albrecht-durer,7,religious_painting,17,Northern_Renaissance,1382,2001,RGB,c02f37d0e1633f94,4605,1
73310,0,Unknown Artist,10,Unknown Genre,4,Baroque,2318,1382,RGB,9838650d7e66b1dc,4606,1
72551,0,Unknown Artist,10,Unknown Genre,22,Rococo,2183,1382,RGB,88bdb4718d39c36a,4607,1
43896,0,Unknown Artist,7,religious_painting,11,High_Renaissance,1382,2898,RGB,9d3e0d44934d7c1b,4608,1
78475,0,Unknown Artist,10,Unknown Genre,13,Mannerism_Late_Renaissance,3941,1381,RGB,b4e4a3816f63cb16,4609,1
19087,0,Unknown Artist,7,religious_painting,11,High_Renaissance,1382,1653,RGB,8462195dd3ce4eda,4610,1
62131,24,leonardo-da-vinci,8,sketch_and_study,11,High_Renaissance,2090,1382,RGB,ee6f8c9b9390b064,4611,1
45191,0,Unknown Artist,2,genre_painting,4,Baroque,1382,1653,RGB,9fcfb0b04f233449,4612,1
74705,0,Unknown Artist,10,Unknown Genre,17,Northern_Renaissance,1814,1382,RGB,c596c356db13b845,4613,1
72513,0,Unknown Artist,10,Unknown Genre,4,Baroque,1955,1382,RGB,c4993bc4bc7ace84,4614,1
22364,67,tintoretto,7,religious_painting,13,Mannerism_Late_Renaissance,1382,2215,RGB,8da5353a9ea33313,4615,1
7408,20,rembrandt,7,religious_painting,4,Baroque,1382,1900,RGB,ebaf1716d68c8819,4616,1
56919,38,fra-angelico,7,religious_painting,8,Early_Renaissance,1382,1438,RGB,d89b87f4842da13b,4617,1
63164,29,lucas-cranach-the-elder,6,portrait,17,Northern_Renaissance,2891,1382,RGB,d387df133838f848,4618,1
64206,126,thomas-gainsborough,6,portrait,22,Rococo,1382,1702,RGB,c8cd7233239ecd98,4619,1
65601,0,Unknown Artist,6,portrait,22,Rococo,1382,1936,RGB,9d697096a665c78a,4620,1
13085,25,albrecht-durer,2,genre_painting,17,Northern_Renaissance,1382,1653,RGB,9bb79538e84346ac,4621,1
56406,0,Unknown Artist,7,religious_painting,4,Baroque,1381,2221,RGB,cd9216a5217d6b95,4622,1
50187,0,Unknown Artist,7,religious_painting,8,Early_Renaissance,1382,1415,RGB,c624eb8d9f31da22,4623,1
44211,67,tintoretto,7,religious_painting,13,Mannerism_Late_Renaissance,1761,1382,RGB,c7703a2fc8c1653e,4624,1
22626,121,el-greco,7,religious_painting,13,Mannerism_Late_Renaissance,1381,1659,RGB,d8fe66c913e40c9c,4625,1
56920,82,paolo-veronese,7,religious_painting,13,Mannerism_Late_Renaissance,1991,1382,RGB,95972f69d0943365,4626,1
22369,23,hieronymus-bosch,8,sketch_and_study,17,Northern_Renaissance,1382,2370,RGB,f2ac8d1796ca8c65,4627,1
65426,0,Unknown Artist,6,portrait,13,Mannerism_Late_Renaissance,1382,1901,RGB,8dbd34c23ba0ce39,4628,1
22975,0,Unknown Artist,7,religious_painting,17,Northern_Renaissance,1382,1889,RGB,ccf1c2f84d8e1837,4629,1
36263,0,Unknown Artist,7,religious_painting,4,Baroque,1704,1382,RGB,8cb363ceed31069a,4630,1
11947,20,rembrandt,6,portrait,4,Baroque,1382,1769,RGB,fa94c34c9dc2992d,4631,1
26852,0,Unknown Artist,7,religious_painting,17,Northern_Renaissance,1913,1382,RGB,ac2e5941471cee5b,4632,1
66274,0,Unknown Artist,6,portrait,22,Rococo,1382,1610,RGB,8c5a7aa5713ab9c1,4633,1
30012,67,tintoretto,7,religious_painting,13,Mannerism_Late_Renaissance,1824,1382,RGB,a2974b69cdc4d21d,4634,1
76122,0,Unknown Artist,10,Unknown Genre,11,High_Renaissance,1382,1703,RGB,e0635bd9898e36b4,4635,1
53033,0,Unknown Artist,6,portrait,22,Rococo,1382,1703,RGB,d9f913266467469a,4636,1
44373,0,Unknown Artist,7,religious_painting,17,Northern_Renaissance,1947,1382,RGB,c4c3d1ce5fd60626,4637,1
20329,58,pietro-perugino,7,religious_painting,11,High_Renaissance,1382,1805,RGB,dab3114c64cae72d,4638,1
56525,0,Unknown Artist,7,religious_painting,8,Early_Renaissance,1873,1382,RGB,f2a58d528c4cab5b,4639,1
71111,0,Unknown Artist,10,Unknown Genre,17,Northern_Renaissance,1828,1382,RGB,c646e470d257de68,4640,1
56044,121,el-greco,7,religious_painting,13,Mannerism_Late_Renaissance,1763,1382,RGB,9f83a209a758e57a,4641,1
19502,67,tintoretto,6,portrait,13,Mannerism_Late_Renaissance,1382,1663,RGB,993b63a42670f30f,4642,1
29860,0,Unknown Artist,7,religious_painting,17,Northern_Renaissance,1382,1650,RGB,d630094f8116bffc,4643,1
64235,0,Unknown Artist,6,portrait,22,Rococo,1675,1382,RGB,dc3160ce67cc38e3,4644,1
21763,0,Unknown Artist,7,religious_painting,17,Northern_Renaissance,1382,1979,RGB,b39143e38f5cb04d,4645,1
23077,0,Unknown Artist,6,portrait,8,Early_Renaissance,1382,2088,RGB,c1706f0f2b313a6b,4646,1
28164,0,Unknown Artist,6,portrait,11,High_Renaissance,1382,1928,RGB,8c68b6b13be684d9,4647,1
39996,0,Unknown Artist,7,religious_painting,22,Rococo,1382,2066,RGB,aae76532919fc05c,4648,1
22660,29,lucas-cranach-the-elder,6,portrait,17,Northern_Renaissance,1382,2067,RGB,bcfcb2512323d592,4649,1
29282,0,Unknown Artist,7,religious_painting,4,Baroque,1382,1987,RGB,968b4be16267cc2e,4650,1
49047,128,canaletto,8,sketch_and_study,4,Baroque,1382,1794,RGB,9ee1e28470aff81c,4651,1
51626,0,Unknown Artist,2,genre_painting,22,Rococo,1925,1382,RGB,d1f2db0c0c75e583,4652,1
50894,0,Unknown Artist,4,landscape,22,Rococo,1737,1382,RGB,916d0b3b49a25fa3,4653,1
25137,0,Unknown Artist,2,genre_painting,22,Rococo,1834,1382,RGB,ba6a6c9c9164b2c7,4654,1
49595,0,Unknown Artist,6,portrait,22,Rococo,1382,1774,RGB,8d6a233372ce9c39,4655,1
31362,0,Unknown Artist,7,religious_painting,8,Early_Renaissance,1505,1382,RGB,e36765686a2d6079,4656,1
19265,58,pietro-perugino,7,religious_painting,11,High_Renaissance,1382,2441,RGB,ebda1647809abf44,4657,1
33566,0,Unknown Artist,7,religious_painting,4,Baroque,1382,1893,RGB,88914f3ff164325b,4658,1
45117,117,hans-holbein-the-younger,6,portrait,17,Northern_Renaissance,1382,1879,RGB,913bc564350ef2d6,4659,1
45227,0,Unknown Artist,7,religious_painting,8,Early_Renaissance,1382,1515,RGB,c715196123e32ede,4660,2
56312,121,el-greco,7,religious_painting,13,Mannerism_Late_Renaissance,1382,1665,RGB,d9c00f8733649f72,4661,1
78510,0,Unknown Artist,10,Unknown Genre,13,Mannerism_Late_Renaissance,3544,1382,RGB,ee88d1b3b274b861,4662,1
62988,0,Unknown Artist,6,portrait,13,Mannerism_Late_Renaissance,1382,1757,RGB,9f496492d3598d6c,4663,1
4119,0,Unknown Artist,10,Unknown Genre,17,Northern_Renaissance,1382,1815,RGB,cc0733ec66535e23,4664,1
29753,58,pietro-perugino,7,religious_painting,8,Early_Renaissance,1382,1977,RGB,afb5fe0a49198ca2,4665,1
56425,0,Unknown Artist,7,religious_painting,8,Early_Renaissance,1382,1493,RGB,fe6380354356863f,4666,1
38279,0,Unknown Artist,7,religious_painting,11,High_Renaissance,3113,1382,RGB,d4f50f8ed088b7c8,4667,1
29031,83,joshua-reynolds,8,sketch_and_study,22,Rococo,1381,1628,RGB,d992368606333f73,4668,1
56167,0,Unknown Artist,7,religious_painting,8,Early_Renaissance,1382,1681,RGB,e39c212f1b1932db,4669,1
76882,0,Unknown Artist,10,Unknown Genre,4,Baroque,1382,1409,RGB,d1d873730eb48716,4670,1
35155,0,Unknown Artist,7,religious_painting,8,Early_Renaissance,1523,1382,RGB,81e1ee3e3e3ae888,4671,1
32195,83,joshua-reynolds,6,portrait,22,Rococo,1382,1750,RGB,d86926d3698c9b63,4672,1
23215,0,Unknown Artist,7,religious_painting,13,Mannerism_Late_Renaissance,2179,1382,RGB,aff092c5b6036aa6,4673,1
78497,0,Unknown Artist,10,Unknown Genre,13,Mannerism_Late_Renaissance,1468,1382,RGB,b633e36c0283bdb2,4674,1
17968,25,albrecht-durer,7,religious_painting,17,Northern_Renaissance,1382,1941,RGB,9f1d0eb0ac7c8c6a,4675,1
24631,77,titian,6,portrait,13,Mannerism_Late_Renaissance,1382,2465,RGB,b6b3c869010bdde6,4676,1
42799,69,raphael,8,sketch_and_study,11,High_Renaissance,1382,1875,RGB,8ef4ac89ca9b4672,4677,1
65969,0,Unknown Artist,6,portrait,4,Baroque,1382,1699,RGB,eeccb133e1cc941c,4678,1
52901,0,Unknown Artist,7,religious_painting,8,Early_Renaissance,3071,1382,RGB,ebb081c786ca9e0f,4679,1
50663,38,fra-angelico,7,religious_painting,8,Early_Renaissance,1382,1653,RGB,a8f9bfe6e0918413,4680,1
50522,24,leonardo-da-vinci,8,sketch_and_study,8,Early_Renaissance,1382,1993,RGB,fa94874bd4619c63,4681,1
55621,0,Unknown Artist,7,religious_painting,8,Early_Renaissance,1382,1714,RGB,8ae1724f24d8969f,4682,1
46100,83,joshua-reynolds,6,portrait,22,Rococo,1382,1712,RGB,8d2538c3675c7671,4683,1
804,20,rembrandt,6,portrait,4,Baroque,1382,1974,RGB,be6881e54f9b984a,4684,1
33817,0,Unknown Artist,6,portrait,4,Baroque,1382,1707,RGB,c92cb33136c31dec,4685,1
24280,0,Unknown Artist,7,religious_painting,11,High_Renaissance,1382,1658,RGB,b1459ed0af1ea50d,4686,1
36228,83,joshua-reynolds,6,portrait,22,Rococo,1382,1796,RGB,9b8c66b36c2499cd,4687,1
52912,0,Unknown Artist,7,religious_painting,4,Baroque,2383,1382,RGB,af4bd2acc2c4ca93,4688,1
28064,0,Unknown Artist,7,religious_painting,13,Mannerism_Late_Renaissance,2886,1382,RGB,87f834305ce6e3cc,4689,1
65853,29,lucas-cranach-the-elder,6,portrait,17,Northern_Renaissance,1382,2098,RGB,98acb0650b4fd3b6,4690,1
55628,0,Unknown Artist,7,religious_painting,8,Early_Renaissance,1382,1718,RGB,8eca5e356d0d89f0,4691,1
49716,0,Unknown Artist,8,sketch_and_study,4,Baroque,1381,2488,RGB,af6ed2b03c98d2e0,4692,1
24496,0,Unknown Artist,6,portrait,8,Early_Renaissance,1382,1907,RGB,8fce703030e7679c,4693,1
54236,0,Unknown Artist,2,genre_painting,4,Baroque,1382,1613,RGB,8778dc678f3109ca,4694,1
4644,25,albrecht-durer,7,religious_painting,17,Northern_Renaissance,2013,1382,RGB,af64d66e8a78ca60,4695,1
51644,0,Unknown Artist,7,religious_painting,8,Early_Renaissance,1382,5705,RGB,eae8bffbb0a02424,4696,1
40186,0,Unknown Artist,7,religious_painting,11,High_Renaissance,1382,1949,RGB,c11f33226e78f866,4697,1
56815,23,hieronymus-bosch,7,religious_painting,17,Northern_Renaissance,1382,1877,RGB,95c7c79f4c32192c,4698,1
19758,82,paolo-veronese,7,religious_painting,13,Mannerism_Late_Renaissance,1382,1790,RGB,da99333705cccc71,4699,1
35465,0,Unknown Artist,6,portrait,22,Rococo,1382,1747,RGB,c81b36e60d9ce137,4700,1
50996,0,Unknown Artist,7,religious_painting,8,Early_Renaissance,1382,1710,RGB,cf3e32b8c1811d6e,4701,1
18029,25,albrecht-durer,7,religious_painting,17,Northern_Renaissance,1382,1894,RGB,ee80b64bd979854c,4702,1
63978,0,Unknown Artist,6,portrait,22,Rococo,1382,1903,RGB,8c1e3271799b4b74,4703,1
57310,87,michelangelo,5,nude_painting,11,High_Renaissance,1382,1816,RGB,91ee8c0d86b4f393,4704,1
22390,0,Unknown Artist,7,religious_painting,11,High_Renaissance,1382,1842,RGB,cb083432cbd17ade,4705,1
56052,82,paolo-veronese,7,religious_painting,13,Mannerism_Late_Renaissance,1385,1382,RGB,9998594f2ee55546,4706,1
78714,0,Unknown Artist,10,Unknown Genre,4,Baroque,2119,1382,RGB,bc0f29fe10eb4c13,4707,1
23320,83,joshua-reynolds,6,portrait,4,Baroque,1382,1672,RGB,d86d326627986d9a,4708,1
78509,0,Unknown Artist,10,Unknown Genre,13,Mannerism_Late_Renaissance,1382,1890,RGB,8c8cf0337363d91b,4709,1
23255,67,tintoretto,7,religious_painting,13,Mannerism_Late_Renaissance,1683,1382,RGB,b290bd69cd46b23c,4710,1
34318,121,el-greco,7,religious_painting,13,Mannerism_Late_Renaissance,1382,1704,RGB,c20d39b169e2e71e,4711,1
20883,0,Unknown Artist,7,religious_painting,17,Northern_Renaissance,1382,1797,RGB,c6b783687fa088c7,4712,1
62367,0,Unknown Artist,8,sketch_and_study,17,Northern_Renaissance,1382,1882,RGB,c8f6b5893542599d,4713,1
68375,0,Unknown Artist,10,Unknown Genre,22,Rococo,1382,1488,RGB,c5c568da7bc0f292,4714,1
69270,0,Unknown Artist,10,Unknown Genre,11,High_Renaissance,1382,1897,RGB,83af2c9259637a8d,4715,1
29395,24,leonardo-da-vinci,8,sketch_and_study,11,High_Renaissance,1382,1965,RGB,8ed64749a6b1e1e2,4716,1
8373,20,rembrandt,6,portrait,4,Baroque,1406,1382,RGB,e0851e7b8f1c654e,4717,1
53404,0,Unknown Artist,2,genre_painting,8,Early_Renaissance,1382,1814,RGB,dc9d336d11e83929,4718,1
79399,0,Unknown Artist,10,Unknown Genre,11,High_Renaissance,1382,2562,RGB,9cd265ad42ade269,4719,1
50004,29,lucas-cranach-the-elder,7,religious_painting,17,Northern_Renaissance,1991,1382,RGB,9490fea78cd86972,4720,1
17625,20,rembrandt,2,genre_painting,4,Baroque,2580,1382,RGB,c5196ea09c7aae9c,4721,1
50410,0,Unknown Artist,7,religious_painting,4,Baroque,1382,2126,RGB,cc377119e6463d61,4722,1
28636,0,Unknown Artist,7,religious_painting,17,Northern_Renaissance,1571,1382,RGB,b1c4aeb56a6b145a,4723,1
36521,77,titian,7,religious_painting,13,Mannerism_Late_Renaissance,1534,1382,RGB,9b906c6d261669db,4724,1
62188,0,Unknown Artist,8,sketch_and_study,22,Rococo,1382,1882,RGB,df1fb07063a3244e,4725,1
28577,0,Unknown Artist,6,portrait,22,Rococo,1382,1630,RGB,99f96646333266cc,4726,1
77263,0,Unknown Artist,10,Unknown Genre,17,Northern_Renaissance,1381,2087,RGB,d0057b5aaf212fa5,4727,1
56878,0,Unknown Artist,7,religious_painting,11,High_Renaissance,1901,1382,RGB,9de1dab6600dd18e,4728,1
64136,0,Unknown Artist,6,portrait,22,Rococo,2256,1382,RGB,d11734da9ae5250f,4729,1
41316,0,Unknown Artist,6,portrait,22,Rococo,1382,1675,RGB,8c0ee113796167f3,4730,1
5581,0,Unknown Artist,10,Unknown Genre,17,Northern_Renaissance,1382,1386,RGB,8cddc6a13507b96c,4731,1
35618,0,Unknown Artist,7,religious_painting,13,Mannerism_Late_Renaissance,1382,1604,RGB,b9af6aa4a1c5c670,4732,1
26255,58,pietro-perugino,7,religious_painting,11,High_Renaissance,1382,1870,RGB,9a3640eb6bc12db5,4733,1
51551,0,Unknown Artist,2,genre_painting,22,Rococo,1382,1551,RGB,81909ec7c371378f,4734,1
20669,0,Unknown Artist,8,sketch_and_study,13,Mannerism_Late_Renaissance,1382,2532,RGB,d54e39385464796b,4735,1
75613,0,Unknown Artist,10,Unknown Genre,22,Rococo,1382,1808,RGB,94ad66974a583dc6,4736,1
30591,69,raphael,6,portrait,11,High_Renaissance,2006,1382,RGB,d2d2492fb4ad69c2,4737,1
39952,0,Unknown Artist,7,religious_painting,8,Early_Renaissance,1733,1382,RGB,bbd0c59323469d59,4738,1
23873,0,Unknown Artist,7,religious_painting,4,Baroque,1382,2201,RGB,bfb9f0c6e483c0c1,4739,1
76292,0,Unknown Artist,10,Unknown Genre,11,High_Renaissance,1635,1382,RGB,e1e61b80abaf1c1e,4740,1
25721,67,tintoretto,7,religious_painting,13,Mannerism_Late_Renaissance,1382,1842,RGB,b9c29386cccac66e,4741,1
28959,0,Unknown Artist,9,still_life,4,Baroque,2426,1382,RGB,d80a37f4f04a89b7,4742,1
25720,103,hans-memling,7,religious_painting,17,Northern_Renaissance,1382,1853,RGB,9d9d58ea22d4aaca,4743,1
81109,0,Unknown Artist,10,Unknown Genre,17,Northern_Renaissance,1382,3499,RGB,c2f11cc4791f2766,4744,1
55041,0,Unknown Artist,2,genre_painting,4,Baroque,1382,1641,RGB,95746a6b8594bc4b,4745,1
56574,0,Unknown Artist,7,religious_painting,13,Mannerism_Late_Renaissance,1382,1786,RGB,94590bc6f990c57b,4746,1
22388,0,Unknown Artist,6,portrait,22,Rococo,1382,1800,RGB,887b663771c49993,4747,1
32220,125,jacob-jordaens,6,portrait,4,Baroque,1382,1590,RGB,afd63e2d094343a5,4748,1
56214,0,Unknown Artist,7,religious_painting,8,Early_Renaissance,1382,1762,RGB,a7125cecebf1110e,4749,1
46167,0,Unknown Artist,7,religious_painting,4,Baroque,1382,1504,RGB,baf9b9b8c5c40097,4750,1
6707,25,albrecht-durer,6,portrait,17,Northern_Renaissance,1382,1797,RGB,cc853130cacfcfcc,4751,1
64522,0,Unknown Artist,6,portrait,22,Rococo,1382,1771,RGB,d97927c66ce45289,4752,1
31287,0,Unknown Artist,7,religious_painting,8,Early_Renaissance,1400,1382,RGB,faa90d72d446b64c,4753,1
75326,0,Unknown Artist,10,Unknown Genre,8,Early_Renaissance,1549,1382,RGB,c240396fe7f260c7,4754,1
37673,69,raphael,7,religious_painting,11,High_Renaissance,1956,1382,RGB,aa9d9de09398f071,4755,1
691,25,albrecht-durer,7,religious_painting,17,Northern_Renaissance,1382,1863,RGB,d8be0d7070373761,4756,1
32351,125,jacob-jordaens,2,genre_painting,4,Baroque,1829,1382,RGB,fa674d92464932bc,4757,1
39835,23,hieronymus-bosch,7,religious_painting,17,Northern_Renaissance,1382,1880,RGB,fe90036f90f1e607,4758,1
56716,0,Unknown Artist,7,religious_painting,8,Early_Renaissance,1382,1383,RGB,82a7513ed90df6c8,4759,1
71822,0,Unknown Artist,10,Unknown Genre,13,Mannerism_Late_Renaissance,2569,1382,RGB,e11e97d388a5f04e,4760,1
64464,0,Unknown Artist,6,portrait,13,Mannerism_Late_Renaissance,1382,1843,RGB,e30a2ce510bfe764,4761,1
63527,0,Unknown Artist,6,portrait,22,Rococo,1382,1660,RGB,ef9cb033916186c7,4762,1
57224,87,michelangelo,5,nude_painting,11,High_Renaissance,1382,1877,RGB,cbadb984d6710798,4763,1
62290,0,Unknown Artist,8,sketch_and_study,8,Early_Renaissance,2108,1382,RGB,96f2c39d4ce2341b,4764,1
80016,0,Unknown Artist,10,Unknown Genre,22,Rococo,1382,1664,RGB,ebc0a51fd478932c,4765,1
50242,83,joshua-reynolds,6,portrait,22,Rococo,1382,1757,RGB,8c1d58e763335ed0,4766,1
71567,0,Unknown Artist,10,Unknown Genre,22,Rococo,1702,1382,RGB,d6d6d380c84bc9cb,4767,1
32725,0,Unknown Artist,7,religious_painting,8,Early_Renaissance,1382,2467,RGB,ea5c1e649b638d25,4768,1
29757,0,Unknown Artist,6,portrait,22,Rococo,1382,1827,RGB,cd9c513332736723,4769,1
73332,0,Unknown Artist,10,Unknown Genre,13,Mannerism_Late_Renaissance,2030,1382,RGB,829cbb8e247ba723,4770,1
18108,25,albrecht-durer,6,portrait,17,Northern_Renaissance,1382,2020,RGB,ed6c979293949692,4771,1
25374,103,hans-memling,7,religious_painting,17,Northern_Renaissance,1382,2160,RGB,ac6a310c7919f66b,4772,1
67800,0,Unknown Artist,10,Unknown Genre,22,Rococo,1382,2126,RGB,ce973560da596958,4773,1
19785,114,anthony-van-dyck,6,portrait,4,Baroque,1382,2186,RGB,f9ac3e786203837c,4774,1
53566,0,Unknown Artist,2,genre_painting,22,Rococo,1901,1382,RGB,928966b43d9e257a,4775,1
48425,0,Unknown Artist,6,portrait,22,Rococo,1382,1750,RGB,cce8960718337773,4776,1
39498,0,Unknown Artist,7,religious_painting,13,Mannerism_Late_Renaissance,1382,1638,RGB,fd779b6d0b044642,4777,1
55780,0,Unknown Artist,7,religious_painting,13,Mannerism_Late_Renaissance,1382,2024,RGB,8ad499c974c64f69,4778,1
8517,25,albrecht-durer,7,religious_painting,17,Northern_Renaissance,1382,1665,RGB,c30f6cdc3d363838,4779,1
80060,0,Unknown Artist,10,Unknown Genre,22,Rococo,1734,1382,RGB,c0f0ce9fd6986199,4780,1
61987,87,michelangelo,8,sketch_and_study,11,High_Renaissance,1382,2294,RGB,f270da9bca26c694,4781,1
50878,0,Unknown Artist,7,religious_painting,17,Northern_Renaissance,1382,1645,RGB,c7899c62f9346879,4782,1
46107,126,thomas-gainsborough,6,portrait,22,Rococo,1382,1739,RGB,d89d737206643f32,4783,1
72426,0,Unknown Artist,10,Unknown Genre,22,Rococo,1382,1970,RGB,9fda21653e345266,4784,1
79408,0,Unknown Artist,10,Unknown Genre,11,High_Renaissance,1382,1834,RGB,906ba1c067737eb1,4785,1
53532,0,Unknown Artist,2,genre_painting,22,Rococo,1796,1382,RGB,93fcac62962197e2,4786,1
55848,0,Unknown Artist,7,religious_painting,8,Early_Renaissance,1382,1771,RGB,c08f46610fcfa45f,4787,1
23195,0,Unknown Artist,7,religious_painting,4,Baroque,1744,1382,RGB,d36a2cd41be35c83,4788,1
69752,0,Unknown Artist,10,Unknown Genre,11,High_Renaissance,1382,1666,RGB,94486f4b34274b3f,4789,1
35573,77,titian,6,portrait,11,High_Renaissance,1382,1625,RGB,cc8c6037d39b3372,4790,1
36838,0,Unknown Artist,7,religious_painting,17,Northern_Renaissance,1382,1795,RGB,90e4c8b15e97275e,4791,1
25871,121,el-greco,7,religious_painting,13,Mannerism_Late_Renaissance,1548,1382,RGB,e3e3867ad34920b5,4792,1
22700,126,thomas-gainsborough,6,portrait,22,Rococo,1382,2075,RGB,b0ab455be9b47388,4793,1
74520,0,Unknown Artist,10,Unknown Genre,17,Northern_Renaissance,1893,1381,RGB,c036163697e1ca7b,4794,1
37106,0,Unknown Artist,7,religious_painting,8,Early_Renaissance,1382,2678,RGB,9ad973668666e21a,4795,1
44218,0,Unknown Artist,7,religious_painting,17,Northern_Renaissance,1382,1900,RGB,d4eaed2ac90793c1,4796,1
35995,77,titian,7,religious_painting,13,Mannerism_Late_Renaissance,1382,1681,RGB,df6190cc7796c826,4797,1
56089,67,tintoretto,7,religious_painting,13,Mannerism_Late_Renaissance,1382,2809,RGB,96646f95728b7194,4798,1
69445,0,Unknown Artist,10,Unknown Genre,17,Northern_Renaissance,1827,1382,RGB,aa72dc2c969c9d85,4799,1
76603,0,Unknown Artist,10,Unknown Genre,13,Mannerism_Late_Renaissance,1919,1382,RGB,b0dbe9fcb00a84dc,4800,1
34184,0,Unknown Artist,2,genre_painting,8,Early_Renaissance,2104,1382,RGB,c1a524af887a735d,4801,1
42955,0,Unknown Artist,6,portrait,11,High_Renaissance,1382,1828,RGB,cece3571b1117386,4802,1
39175,0,Unknown Artist,7,religious_painting,13,Mannerism_Late_Renaissance,1768,1382,RGB,eee8e1a590c79654,4803,1
22128,0,Unknown Artist,7,religious_painting,8,Early_Renaissance,1827,1382,RGB,c42e793326e836ba,4804,1
21104,77,titian,6,portrait,11,High_Renaissance,1382,1751,RGB,ca4f2fb4676030cb,4805,1
25049,0,Unknown Artist,7,religious_painting,11,High_Renaissance,1382,1691,RGB,c7965ec9711c7861,4806,1
75634,0,Unknown Artist,10,Unknown Genre,22,Rococo,1382,1637,RGB,90c7a69a2e39c766,4807,1
48542,103,hans-memling,7,religious_painting,17,Northern_Renaissance,1381,1927,RGB,cc993671266396c7,4808,1
36629,0,Unknown Artist,6,portrait,13,Mannerism_Late_Renaissance,1382,1773,RGB,fc9a928749896b36,4809,1
22215,103,hans-memling,6,portrait,17,Northern_Renaissance,1382,2259,RGB,cb9e34f936606923,4810,1
29441,0,Unknown Artist,7,religious_painting,11,High_Renaissance,1382,2015,RGB,a14a5f27bc137235,4811,1
60599,0,Unknown Artist,4,landscape,22,Rococo,1799,1382,RGB,c1a2157d5e8c7b8c,4812,1
21340,83,joshua-reynolds,6,portrait,22,Rococo,1382,1769,RGB,d56a20f5851e1eb3,4813,1
57140,0,Unknown Artist,7,religious_painting,8,Early_Renaissance,1382,1485,RGB,943fe1e8c03f9e42,4814,1
32552,24,leonardo-da-vinci,8,sketch_and_study,11,High_Renaissance,1382,1853,RGB,c0e2b42d6b125b6f,4815,1
44580,0,Unknown Artist,2,genre_painting,22,Rococo,1382,1771,RGB,caab76c0c357c871,4816,1
23996,0,Unknown Artist,7,religious_painting,17,Northern_Renaissance,1382,3356,RGB,e4d292392f4d0f4e,4817,1
26409,0,Unknown Artist,7,religious_painting,11,High_Renaissance,1382,2671,RGB,d1713b08620ff4f6,4818,1
43862,0,Unknown Artist,6,portrait,11,High_Renaissance,1382,1704,RGB,ecd9802677d2338d,4819,1
36935,0,Unknown Artist,2,genre_painting,22,Rococo,1880,1382,RGB,c5f5d30e3a23dc30,4820,1
7894,25,albrecht-durer,2,genre_painting,17,Northern_Renaissance,1439,1382,RGB,8caeb374b370a233,4821,1
1688,20,rembrandt,7,religious_painting,4,Baroque,1381,1827,RGB,aaadf37494b1b144,4822,1
75216,0,Unknown Artist,10,Unknown Genre,11,High_Renaissance,1382,1936,RGB,f36c64f39396a029,4823,1
32450,0,Unknown Artist,6,portrait,22,Rococo,1382,1743,RGB,8c1d3b60c7333e33,4824,1
30871,0,Unknown Artist,8,sketch_and_study,17,Northern_Renaissance,1382,1921,RGB,dae93814ae23e59c,4825,1
23213,0,Unknown Artist,2,genre_painting,4,Baroque,1382,1665,RGB,a621f864cd5ae25b,4826,1
34371,67,tintoretto,7,religious_painting,13,Mannerism_Late_Renaissance,1750,1382,RGB,c4936a5a9b2d6953,4827,1
69704,0,Unknown Artist,10,Unknown Genre,17,Northern_Renaissance,1829,1382,RGB,b3b236c5a0b5455d,4828,1
38359,0,Unknown Artist,6,portrait,22,Rococo,1691,1382,RGB,c4e7218cf2679758,4829,1
61307,80,peter-paul-rubens,4,landscape,4,Baroque,1821,1382,RGB,d0ec5a225d93e6c5,4830,1
55633,69,raphael,7,religious_painting,11,High_Renaissance,1382,1955,RGB,92ad6e532d74b08b,4831,1
38455,61,bartolome-esteban-murillo,7,religious_painting,4,Baroque,1475,1382,RGB,dbceb103a47c8f60,4832,1
48338,0,Unknown Artist,7,religious_painting,8,Early_Renaissance,1382,1618,RGB,d3937a3c382be123,4833,1
69258,0,Unknown Artist,10,Unknown Genre,22,Rococo,1749,1382,RGB,b391e44e94cdc665,4834,1
47497,23,hieronymus-bosch,7,religious_painting,17,Northern_Renaissance,1382,1900,RGB,f1858fc2c8595e0f,4835,1
69514,0,Unknown Artist,10,Unknown Genre,17,Northern_Renaissance,1382,1982,RGB,d6954979433839c7,4836,1
52662,87,michelangelo,5,nude_painting,11,High_Renaissance,1382,2153,RGB,a41f09ec1f1dd2b4,4837,1
62194,0,Unknown Artist,8,sketch_and_study,13,Mannerism_Late_Renaissance,1382,1864,RGB,b4f5c344dc0bc16d,4838,1
39225,0,Unknown Artist,7,religious_painting,8,Early_Renaissance,1742,1382,RGB,b293686a427777b0,4839,1
78466,0,Unknown Artist,10,Unknown Genre,13,Mannerism_Late_Renaissance,2138,1382,RGB,becbc9da60618789,4840,1
70009,0,Unknown Artist,10,Unknown Genre,13,Mannerism_Late_Renaissance,1382,1791,RGB,ee29d0473823e736,4841,1
31171,0,Unknown Artist,6,portrait,13,Mannerism_Late_Renaissance,1382,1871,RGB,c41e623593d33d71,4842,1
73428,0,Unknown Artist,10,Unknown Genre,8,Early_Renaissance,1382,2450,RGB,e295588b9bcbc919,4843,1
37513,0,Unknown Artist,7,religious_painting,22,Rococo,1382,1662,RGB,98e3f6ce63392514,4844,1
60755,0,Unknown Artist,4,landscape,4,Baroque,1629,1382,RGB,91c64d3e36cd62b1,4845,1
34601,0,Unknown Artist,6,portrait,4,Baroque,1382,1413,RGB,c1bae1f34f0c8aa5,4846,1
23640,24,leonardo-da-vinci,8,sketch_and_study,11,High_Renaissance,1382,1618,RGB,e6e6a74fd2508919,4847,1
18123,0,Unknown Artist,10,Unknown Genre,17,Northern_Renaissance,1382,1514,RGB,f23b486e4c332b93,4848,1
56174,0,Unknown Artist,7,religious_painting,4,Baroque,1439,1382,RGB,9456329166cd7b72,4849,1
57005,58,pietro-perugino,7,religious_painting,8,Early_Renaissance,1917,1382,RGB,e53c12358b4bb4f8,4850,1
4581,25,albrecht-durer,8,sketch_and_study,17,Northern_Renaissance,1382,1679,RGB,e4a292dbca354bd8,4851,1
30503,29,lucas-cranach-the-elder,7,religious_painting,17,Northern_Renaissance,1382,1971,RGB,d4861a1f6d683a6e,4852,1
20039,0,Unknown Artist,7,religious_painting,11,High_Renaissance,1382,1569,RGB,8cbfd11c8a98afe0,4853,1
79403,0,Unknown Artist,10,Unknown Genre,11,High_Renaissance,1382,1389,RGB,99b7b940ce32e14d,4854,1
24170,0,Unknown Artist,6,portrait,22,Rococo,1382,1681,RGB,d9f1259e76c5308c,4855,1
74001,0,Unknown Artist,10,Unknown Genre,4,Baroque,1382,1853,RGB,99582337d40e7796,4856,1
51543,77,titian,7,religious_painting,13,Mannerism_Late_Renaissance,1382,1759,RGB,898e7ec1463c6a3e,4857,1
55879,0,Unknown Artist,7,religious_painting,8,Early_Renaissance,4131,1382,RGB,ababd2acbc2ce08c,4858,1
12625,25,albrecht-durer,7,religious_painting,17,Northern_Renaissance,1436,1382,RGB,af6a949dd99d0780,4859,1
64308,116,frans-hals,6,portrait,4,Baroque,1382,1818,RGB,cf98306dcbb22ccc,4860,1
50829,0,Unknown Artist,7,religious_painting,8,Early_Renaissance,1382,1961,RGB,97b56820a17c2fda,4861,1
73356,0,Unknown Artist,10,Unknown Genre,13,Mannerism_Late_Renaissance,1714,1382,RGB,81a63d705a63e69d,4862,1
55773,0,Unknown Artist,7,religious_painting,8,Early_Renaissance,2450,1382,RGB,c4585326c676ed2d,4863,1
37987,0,Unknown Artist,6,portrait,11,High_Renaissance,1382,1677,RGB,cc4e61313b939bcc,4864,1
32438,0,Unknown Artist,6,portrait,22,Rococo,1382,1700,RGB,843e5b72674d32d4,4865,1
51287,0,Unknown Artist,7,religious_painting,11,High_Renaissance,1382,1392,RGB,e5c89891ca8e8ddb,4866,1
56512,0,Unknown Artist,7,religious_painting,13,Mannerism_Late_Renaissance,1382,1671,RGB,c486277aa5041fdf,4867,1
52042,67,tintoretto,6,portrait,13,Mannerism_Late_Renaissance,1382,1637,RGB,b8f2f0e70d1b3262,4868,1
55693,0,Unknown Artist,7,religious_painting,17,Northern_Renaissance,1382,2026,RGB,9c64629f9b59bc82,4869,1
62067,24,leonardo-da-vinci,8,sketch_and_study,11,High_Renaissance,1382,1939,RGB,fe2c85e0e936c689,4870,1
56572,0,Unknown Artist,7,religious_painting,4,Baroque,1382,1783,RGB,ccd3a3c4a3254fb4,4871,1
44891,103,hans-memling,7,religious_painting,17,Northern_Renaissance,1382,4340,RGB,94d412894d6ffad2,4872,1
65576,77,titian,6,portrait,11,High_Renaissance,1382,1773,RGB,c94b2c3927663be2,4873,1
56372,58,pietro-perugino,7,religious_painting,8,Early_Renaissance,1382,2011,RGB,e2add9d24be68511,4874,1
43831,0,Unknown Artist,7,religious_painting,11,High_Renaissance,1382,1438,RGB,9abb21a5cd8e69b0,4875,1
46567,110,joseph-wright,6,portrait,22,Rococo,1382,2183,RGB,d819666e39c2f4a6,4876,1
12901,25,albrecht-durer,7,religious_painting,17,Northern_Renaissance,1382,1796,RGB,edd85245ccf3a506,4877,1
73053,0,Unknown Artist,10,Unknown Genre,11,High_Renaissance,1382,1849,RGB,9a6c2127dfbc19c2,4878,1
20144,121,el-greco,7,religious_painting,13,Mannerism_Late_Renaissance,1382,2487,RGB,f4ac03823bedec16,4879,1
36126,0,Unknown Artist,6,portrait,22,Rococo,1382,1663,RGB,bbb4e625f04981ce,4880,1
50599,83,joshua-reynolds,6,portrait,22,Rococo,1382,1718,RGB,d14b2fa4d82727c9,4881,1
64193,0,Unknown Artist,6,portrait,22,Rococo,1382,1653,RGB,cd86733826f36926,4882,1
63400,0,Unknown Artist,6,portrait,17,Northern_Renaissance,1382,1936,RGB,ce8f6c7333346449,4883,1
42921,0,Unknown Artist,7,religious_painting,8,Early_Renaissance,1382,3415,RGB,9e58c1659636ce0f,4884,1
31834,0,Unknown Artist,7,religious_painting,8,Early_Renaissance,1382,1749,RGB,feb0914951ba8e47,4885,1
20859,0,Unknown Artist,7,religious_painting,8,Early_Renaissance,1586,1382,RGB,83d2b46e1b6b31b1,4886,1
76514,0,Unknown Artist,10,Unknown Genre,13,Mannerism_Late_Renaissance,2697,1382,RGB,c7cfc3c3a21c345c,4887,1
30677,0,Unknown Artist,7,religious_painting,8,Early_Renaissance,1382,1741,RGB,ecd755617304a939,4888,1
50714,0,Unknown Artist,2,genre_painting,4,Baroque,1877,1382,RGB,922dcd32966dcc72,4889,1
23748,0,Unknown Artist,7,religious_painting,4,Baroque,1674,1382,RGB,cd1b636685330e7c,4890,1
21192,0,Unknown Artist,7,religious_painting,8,Early_Renaissance,2597,1382,RGB,84b676eec85836c6,4891,1
23848,82,paolo-veronese,7,religious_painting,13,Mannerism_Late_Renaissance,1382,1854,RGB,adcf7a7217150323,4892,1
68208,0,Unknown Artist,10,Unknown Genre,11,High_Renaissance,1674,1382,RGB,d785a42f2932dad4,3903,2
34713,0,Unknown Artist,7,religious_painting,8,Early_Renaissance,1382,1438,RGB,f28511560f5abe5a,4893,1
27785,29,lucas-cranach-the-elder,7,religious_painting,17,Northern_Renaissance,1973,1382,RGB,bcb2c7cf93312648,4894,1
78513,0,Unknown Artist,10,Unknown Genre,13,Mannerism_Late_Renaissance,1382,1701,RGB,8e6730386f6c3876,4895,1
57125,69,raphael,7,religious_painting,11,High_Renaissance,1382,1545,RGB,bab0e127e7e0f085,4896,1
47861,0,Unknown Artist,7,religious_painting,8,Early_Renaissance,1382,3571,RGB,b92948d3ecbe41ac,4897,1
55943,0,Unknown Artist,7,religious_painting,11,High_Renaissance,1843,1382,RGB,b8b0196ade699d58,4898,1
42013,121,el-greco,7,religious_painting,13,Mannerism_Late_Renaissance,1382,1751,RGB,f5420aed1f656c19,4899,1
46958,0,Unknown Artist,6,portrait,22,Rococo,1382,1943,RGB,c6b4194fe4986e71,4900,1
57015,0,Unknown Artist,7,religious_painting,8,Early_Renaissance,1382,2015,RGB,fa99934ef5c82c90,4901,1
81124,0,Unknown Artist,10,Unknown Genre,17,Northern_Renaissance,1382,2333,RGB,fa7b85919385651a,4902,1
31358,0,Unknown Artist,7,religious_painting,8,Early_Renaissance,1411,1382,RGB,d162472c3ae56973,4903,1
8122,25,albrecht-durer,8,sketch_and_study,17,Northern_Renaissance,2323,1382,RGB,d9f1b4c686696195,4904,1
55842,0,Unknown Artist,7,religious_painting,22,Rococo,2075,1382,RGB,99c2762d4f3469b2,4905,1
74674,0,Unknown Artist,10,Unknown Genre,13,Mannerism_Late_Renaissance,1382,1662,RGB,c57b2b819ee03356,4906,1
41332,80,peter-paul-rubens,4,landscape,4,Baroque,2164,1382,RGB,8e8639f99de9e101,4907,1
64867,29,lucas-cranach-the-elder,6,portrait,17,Northern_Renaissance,2023,1382,RGB,9c34172f2c773195,4908,1
56985,103,hans-memling,7,religious_painting,17,Northern_Renaissance,1975,1382,RGB,f3cc3c4bc235c29c,4909,1
46165,0,Unknown Artist,1,cityscape,22,Rococo,1960,1382,RGB,97cb70751f174192,4910,1
7682,20,rembrandt,7,religious_painting,4,Baroque,1560,1382,RGB,9a95654dcb92568d,4911,1
54711,0,Unknown Artist,2,genre_painting,17,Northern_Renaissance,1949,1382,RGB,afa927167456462b,4912,1
25517,77,titian,8,sketch_and_study,13,Mannerism_Late_Renaissance,1382,1879,RGB,edc9b5a21b842373,4913,1
69620,0,Unknown Artist,10,Unknown Genre,22,Rococo,1659,1382,RGB,d0f60ebb0d242f5a,4914,1
80083,0,Unknown Artist,10,Unknown Genre,22,Rococo,1382,1867,RGB,d6eb65941964a68b,4915,1
65085,125,jacob-jordaens,6,portrait,4,Baroque,1382,1640,RGB,969a39cc70d78762,4916,1
56786,69,raphael,7,religious_painting,11,High_Renaissance,1382,2317,RGB,b2ac71c7adb00fd0,4917,1
80094,0,Unknown Artist,10,Unknown Genre,22,Rococo,1734,1382,RGB,c6a8a1b5dcb2b4a3,4918,1
57072,67,tintoretto,7,religious_painting,13,Mannerism_Late_Renaissance,1382,2101,RGB,be84d17182ebc1d9,4919,1
1183,25,albrecht-durer,7,religious_painting,17,Northern_Renaissance,1382,1784,RGB,ef1e4813dcb1c398,4920,1
75458,0,Unknown Artist,10,Unknown Genre,4,Baroque,1382,1802,RGB,cb3c7330ccc136c7,4921,1
6583,20,rembrandt,6,portrait,4,Baroque,1382,1632,RGB,ac1b59ee1689dc13,4922,1
32131,80,peter-paul-rubens,7,religious_painting,4,Baroque,1725,1382,RGB,af31c6c8d985ae83,4923,1
51275,58,pietro-perugino,7,religious_painting,11,High_Renaissance,1382,2355,RGB,bcea3bf1a1308db0,4924,1
39391,0,Unknown Artist,7,religious_painting,11,High_Renaissance,1382,2864,RGB,ccb821de94787327,4925,1
34346,0,Unknown Artist,8,sketch_and_study,8,Early_Renaissance,2073,1382,RGB,fa199466c46ec593,4926,1
62382,0,Unknown Artist,8,sketch_and_study,17,Northern_Renaissance,1875,1382,RGB,efd49824a1c1dea3,4927,1
71252,0,Unknown Artist,10,Unknown Genre,4,Baroque,1671,1382,RGB,962b31ecc9c41bb3,4928,1
47828,0,Unknown Artist,7,religious_painting,11,High_Renaissance,1382,1603,RGB,e4ce7ac10f9414f3,4929,1
68962,0,Unknown Artist,10,Unknown Genre,11,High_Renaissance,1382,2399,RGB,9e647193edcc1493,4930,1
75428,0,Unknown Artist,10,Unknown Genre,11,High_Renaissance,1382,3054,RGB,e9b01eb114cfc39a,4931,1
46533,24,leonardo-da-vinci,8,sketch_and_study,11,High_Renaissance,1382,1756,RGB,8cbc9623130fe763,4932,1
66256,0,Unknown Artist,6,portrait,13,Mannerism_Late_Renaissance,1382,1863,RGB,84196ba556e317f8,4933,1
63907,0,Unknown Artist,6,portrait,4,Baroque,1382,2459,RGB,a80f945bdb612e63,4934,1
36985,0,Unknown Artist,7,religious_painting,13,Mannerism_Late_Renaissance,1382,2068,RGB,d30677b18cdad2a4,4935,1
64057,0,Unknown Artist,6,portrait,4,Baroque,1382,2074,RGB,ffc800476e649a9d,4936,1
33123,38,fra-angelico,7,religious_painting,8,Early_Renaissance,1382,1696,RGB,fc69c24499fb2331,4937,1
21462,77,titian,6,portrait,11,High_Renaissance,1382,2172,RGB,cc8e617393a62c79,4938,2
79405,0,Unknown Artist,10,Unknown Genre,11,High_Renaissance,1488,1382,RGB,aa81d5d2c56df262,4939,1
38716,77,titian,7,religious_painting,13,Mannerism_Late_Renaissance,1382,2714,RGB,be8c3823f3480dcf,4940,1
57156,0,Unknown Artist,7,religious_painting,4,Baroque,2221,1381,RGB,d23b7f8514641ae5,4941,1
48334,67,tintoretto,6,portrait,13,Mannerism_Late_Renaissance,1382,1823,RGB,ccbee02c61b33333,4942,1
52632,77,titian,7,religious_painting,11,High_Renaissance,1773,1382,RGB,d6e9691796d0c233,4943,1
76257,0,Unknown Artist,10,Unknown Genre,4,Baroque,1382,1579,RGB,f8bc94d9c266e129,4944,1
45830,87,michelangelo,7,religious_painting,11,High_Renaissance,1382,1408,RGB,e59c12b2adc96d4c,4945,1
75687,0,Unknown Artist,10,Unknown Genre,11,High_Renaissance,1382,1741,RGB,94babb68336704d9,4946,1
22847,24,leonardo-da-vinci,8,sketch_and_study,11,High_Renaissance,1382,1808,RGB,b3369cc4eac3c389,4947,1
59559,0,Unknown Artist,4,landscape,17,Northern_Renaissance,1382,1811,RGB,d2e06d3c8add0c37,4948,1
27697,0,Unknown Artist,2,genre_painting,4,Baroque,1382,1869,RGB,c53d3a6acaa6119d,4949,1
66198,67,tintoretto,6,portrait,13,Mannerism_Late_Renaissance,1382,1634,RGB,fcdc013333333333,4950,1
23852,0,Unknown Artist,6,portrait,8,Early_Renaissance,1382,1850,RGB,cf3730363cc38c93,4951,2
38642,69,raphael,7,religious_painting,11,High_Renaissance,1382,1728,RGB,9ce0471dfa8331e9,4952,2
64592,0,Unknown Artist,6,portrait,13,Mannerism_Late_Renaissance,1578,1382,RGB,90e02f0b8d1e3eb7,4953,1
37325,0,Unknown Artist,7,religious_painting,4,Baroque,1771,1382,RGB,b57b78ad2196a434,4954,1
26780,0,Unknown Artist,6,portrait,22,Rococo,1382,1821,RGB,c62eb1503bf9c23a,4955,1
48073,0,Unknown Artist,7,religious_painting,17,Northern_Renaissance,1743,1382,RGB,d6461368b1076efa,4956,1
38977,121,el-greco,7,religious_painting,13,Mannerism_Late_Renaissance,1382,1494,RGB,876b7cc071c63399,4957,1
21454,0,Unknown Artist,2,genre_painting,22,Rococo,1803,1382,RGB,9b23296e96c76b18,4958,1
44944,0,Unknown Artist,7,religious_painting,17,Northern_Renaissance,1382,1845,RGB,efbd2c9910c24e4e,4959,1
76847,0,Unknown Artist,10,Unknown Genre,11,High_Renaissance,2367,1382,RGB,aa47298a5a72679b,4960,1
48695,0,Unknown Artist,7,religious_painting,8,Early_Renaissance,1382,2274,RGB,b9b1c626c4c937d1,4961,1
1170,0,Unknown Artist,10,Unknown Genre,17,Northern_Renaissance,1382,1799,RGB,c8c5d768d066d83d,4962,1
7125,20,rembrandt,8,sketch_and_study,4,Baroque,1382,2260,RGB,ed696786e60b8b12,4963,1
52748,24,leonardo-da-vinci,8,sketch_and_study,8,Early_Renaissance,1382,2229,RGB,bf1ac21083daf5b4,4964,1
37401,0,Unknown Artist,6,portrait,13,Mannerism_Late_Renaissance,1382,1860,RGB,f8b8a8a5a6aae1b1,4965,1
33377,0,Unknown Artist,6,portrait,22,Rococo,1382,1650,RGB,cccc31e333313367,3633,2
73833,0,Unknown Artist,10,Unknown Genre,4,Baroque,1842,1382,RGB,9a9393329b336699,4966,1
17775,20,rembrandt,4,landscape,4,Baroque,1937,1382,RGB,e17b0b1e39e607c2,4967,1
51294,0,Unknown Artist,8,sketch_and_study,17,Northern_Renaissance,1382,1681,RGB,bef147067c21631e,4968,1
27218,121,el-greco,7,religious_painting,13,Mannerism_Late_Renaissance,1382,1818,RGB,845b7ae1859d762c,4969,1
55938,0,Unknown Artist,7,religious_painting,8,Early_Renaissance,2077,1382,RGB,899e52c422bbd769,4970,1
46126,0,Unknown Artist,7,religious_painting,8,Early_Renaissance,1382,1800,RGB,fb254342098799fd,4971,1
78457,0,Unknown Artist,10,Unknown Genre,13,Mannerism_Late_Renaissance,1382,1951,RGB,cc4c33e32331fba1,4972,1
26261,0,Unknown Artist,8,sketch_and_study,11,High_Renaissance,1382,2804,RGB,b784d1f4c1ce581b,4973,1
36274,0,Unknown Artist,7,religious_painting,17,Northern_Renaissance,1382,1949,RGB,808da5d97966bc87,4974,1
77113,0,Unknown Artist,10,Unknown Genre,8,Early_Renaissance,1382,1978,RGB,ef66940ec29a94e9,4975,1
42925,0,Unknown Artist,7,religious_painting,17,Northern_Renaissance,1382,1646,RGB,aba5e0ab26afd902,4976,1
64620,0,Unknown Artist,6,portrait,11,High_Renaissance,1382,1952,RGB,c73c6770b01d3867,4977,1
59073,0,Unknown Artist,4,landscape,17,Northern_Renaissance,2076,1382,RGB,cdea661a648566b6,4978,1
34849,0,Unknown Artist,6,portrait,22,Rococo,1382,1780,RGB,cc1d72233e60679d,4979,1
36374,0,Unknown Artist,7,religious_painting,13,Mannerism_Late_Renaissance,1382,1842,RGB,95eb4c924731b56a,4980,1
30747,0,Unknown Artist,7,religious_painting,11,High_Renaissance,1382,1516,RGB,898d879c90e7aa73,4981,1
56358,0,Unknown Artist,7,religious_painting,17,Northern_Renaissance,1382,1905,RGB,c39ec3613d69c938,4982,1
78536,0,Unknown Artist,10,Unknown Genre,4,Baroque,1451,1382,RGB,e1e698386dd966a8,4983,1
32924,0,Unknown Artist,7,religious_painting,22,Rococo,1549,1382,RGB,dbe7540f418c137a,4984,1
48624,0,Unknown Artist,6,portrait,11,High_Renaissance,1382,1762,RGB,9b1e6477c4ac3293,4985,1
20220,67,tintoretto,7,religious_painting,13,Mannerism_Late_Renaissance,3225,1382,RGB,c465591e276f92d1,4986,1
37762,87,michelangelo,5,nude_painting,11,High_Renaissance,1382,2103,RGB,96c787a4cbbcb013,4987,1
50544,38,fra-angelico,7,religious_painting,8,Early_Renaissance,2227,1382,RGB,c770332cb1d39e4c,4988,1
37394,0,Unknown Artist,2,genre_painting,22,Rococo,1765,1382,RGB,e2e21c45173d0d5f,4989,1
18127,25,albrecht-durer,8,sketch_and_study,17,Northern_Renaissance,1382,2279,RGB,a4678694cb99d996,4990,1
3907,25,albrecht-durer,7,religious_painting,17,Northern_Renaissance,1382,2247,RGB,afb6949b684868e5,4991,1
56003,0,Unknown Artist,7,religious_painting,13,Mannerism_Late_Renaissance,1476,1382,RGB,adebb5e490c49263,4992,1
80049,0,Unknown Artist,10,Unknown Genre,22,Rococo,1741,1382,RGB,943e62611dd0cf3e,4993,1
23849,0,Unknown Artist,9,still_life,4,Baroque,1753,1382,RGB,99316697688c7973,4994,1
18167,25,albrecht-durer,7,religious_painting,17,Northern_Renaissance,1382,2042,RGB,9d2f0f8470f43c3c,4995,1
28958,0,Unknown Artist,7,religious_painting,22,Rococo,1382,2396,RGB,dac5051b0e7b931d,4996,1
62945,0,Unknown Artist,6,portrait,22,Rococo,1382,1767,RGB,cb2c1a41936e33dd,4997,1
58915,0,Unknown Artist,4,landscape,17,Northern_Renaissance,2062,1382,RGB,81e596c0b83b6d8f,4998,1
72335,0,Unknown Artist,10,Unknown Genre,13,Mannerism_Late_Renaissance,1382,2008,RGB,c71b36cab023d56a,4999,1
76742,0,Unknown Artist,10,Unknown Genre,11,High_Renaissance,1587,1382,RGB,c11de53e06f12ce3,5000,1
29129,69,raphael,7,religious_painting,11,High_Renaissance,1771,1382,RGB,c4e4c93b4b87cf24,5001,1
37793,67,tintoretto,8,sketch_and_study,13,Mannerism_Late_Renaissance,1382,2073,RGB,df683b66c8cf0c18,5002,1
43314,61,bartolome-esteban-murillo,7,religious_painting,4,Baroque,1382,2075,RGB,eacb956d9130e196,5003,1
72775,0,Unknown Artist,10,Unknown Genre,13,Mannerism_Late_Renaissance,3894,1382,RGB,d69838cf3c07e12d,5004,1
56518,0,Unknown Artist,7,religious_painting,8,Early_Renaissance,1382,2089,RGB,c4b192493fda6936,5005,1
70488,0,Unknown Artist,10,Unknown Genre,17,Northern_Renaissance,1382,1903,RGB,b24df74cc2998563,5006,1
56801,0,Unknown Artist,7,religious_painting,8,Early_Renaissance,1382,2118,RGB,c12c591f3f736498,5007,1
21271,125,jacob-jordaens,7,religious_painting,4,Baroque,1651,1382,RGB,d21d25220e6ffc65,5008,1
51592,0,Unknown Artist,2,genre_painting,4,Baroque,1382,1780,RGB,f83e8003de2df2a5,5009,1
55675,0,Unknown Artist,7,religious_painting,8,Early_Renaissance,1738,1382,RGB,88a5018919d7efde,5010,1
63594,0,Unknown Artist,6,portrait,22,Rococo,1382,1709,RGB,c979268666351b97,5011,1
39923,67,tintoretto,7,religious_painting,13,Mannerism_Late_Renaissance,1382,1874,RGB,ee96b568d5433249,5012,1
45973,0,Unknown Artist,2,genre_painting,4,Baroque,1382,1622,RGB,89adaa63499c3597,5013,1
22495,0,Unknown Artist,7,religious_painting,11,High_Renaissance,1807,1382,RGB,c09e3d6f60191fc6,5014,1
59982,126,thomas-gainsborough,4,landscape,22,Rococo,1722,1382,RGB,dbd9b02689b4e42d,5015,1
56804,82,paolo-veronese,7,religious_painting,13,Mannerism_Late_Renaissance,1423,1382,RGB,a5f2e11ce8a356b4,5016,1
24346,0,Unknown Artist,2,genre_painting,22,Rococo,1382,1812,RGB,eaa18c97969ca95a,5017,1
65257,126,thomas-gainsborough,6,portrait,22,Rococo,1382,2015,RGB,9c36b323e8c502df,5018,1
35794,0,Unknown Artist,6,portrait,11,High_Renaissance,1382,1835,RGB,8e23318c67ccdd9a,5019,1
27787,24,leonardo-da-vinci,8,sketch_and_study,8,Early_Renaissance,2608,1382,RGB,da2dc3f0bd1e0654,5020,1
22880,0,Unknown Artist,7,religious_painting,13,Mannerism_Late_Renaissance,1382,1935,RGB,c2cf6c989a3a6c1b,5021,1
72070,0,Unknown Artist,10,Unknown Genre,22,Rococo,1774,1382,RGB,849cba0f9d879e43,5022,1
35079,67,tintoretto,7,religious_painting,13,Mannerism_Late_Renaissance,1432,1382,RGB,cd92026770783777,5023,1
62966,126,thomas-gainsborough,6,portrait,22,Rococo,1382,1761,RGB,9a9a37e932263933,5024,1
32897,0,Unknown Artist,7,religious_painting,8,Early_Renaissance,2237,1382,RGB,ca1f38ad439295f1,5025,1
24924,0,Unknown Artist,7,religious_painting,8,Early_Renaissance,1382,2597,RGB,ad565a60da63c22f,5026,1
65203,69,raphael,6,portrait,11,High_Renaissance,1382,1992,RGB,ca3d61d2833d708f,5027,1
21356,0,Unknown Artist,7,religious_painting,4,Baroque,1382,2018,RGB,e98c97c3825d8d39,5028,1
56745,0,Unknown Artist,7,religious_painting,13,Mannerism_Late_Renaissance,1382,1842,RGB,d53daa626a6889b5,5029,1
68213,0,Unknown Artist,10,Unknown Genre,4,Baroque,2258,1382,RGB,d484306761df896f,5030,1
38983,0,Unknown Artist,6,portrait,8,Early_Renaissance,1382,1715,RGB,ef25307084dad7c6,5031,1
43491,116,frans-hals,6,portrait,4,Baroque,1382,1387,RGB,f8d7c7282217d48d,5032,1
51444,82,paolo-veronese,7,religious_painting,13,Mannerism_Late_Renaissance,1727,1382,RGB,d1914b76489c96e7,5033,1
28866,58,pietro-perugino,7,religious_painting,11,High_Renaissance,1382,1949,RGB,abb0bc7cc4a5d04b,5034,1
38388,0,Unknown Artist,7,religious_painting,13,Mannerism_Late_Renaissance,1382,2073,RGB,edf28fcdb0618b10,5035,1
73917,0,Unknown Artist,10,Unknown Genre,4,Baroque,1382,1898,RGB,cfaf22ad9fd63000,5036,1
56195,0,Unknown Artist,7,religious_painting,17,Northern_Renaissance,1852,1382,RGB,ef10b323f1988e8b,5037,1
17567,20,rembrandt,7,religious_painting,4,Baroque,1382,1719,RGB,9ba633d964b64a29,5038,1
50231,61,bartolome-esteban-murillo,7,religious_painting,4,Baroque,1382,2075,RGB,e9949669916965c7,5039,1
26184,0,Unknown Artist,7,religious_painting,8,Early_Renaissance,1382,1503,RGB,d45028ff5cc05b97,5040,1
61322,0,Unknown Artist,9,still_life,4,Baroque,2008,1382,RGB,c1f43adac96238a7,5041,1
43742,0,Unknown Artist,7,religious_painting,8,Early_Renaissance,1504,1382,RGB,80574abe7a6a98f8,5042,1
27184,0,Unknown Artist,6,portrait,22,Rococo,1382,1784,RGB,8c1d63b331673e31,5043,1
32461,0,Unknown Artist,7,religious_painting,8,Early_Renaissance,1382,3136,RGB,ee68a097b0e1874f,5044,1
37684,0,Unknown Artist,7,religious_painting,17,Northern_Renaissance,1382,1845,RGB,f885035a52eefe21,5045,1
56260,0,Unknown Artist,7,religious_painting,8,Early_Renaissance,1382,4503,RGB,aebbe9e4a480d4e4,5046,1
64359,0,Unknown Artist,6,portrait,4,Baroque,1382,1882,RGB,cf4f30704f3670c9,5047,1
67875,0,Unknown Artist,10,Unknown Genre,22,Rococo,1382,1602,RGB,c97a34f1e68e5321,5048,1
43021,0,Unknown Artist,7,religious_painting,8,Early_Renaissance,4993,1382,RGB,8d5adc23a4b3ee90,5049,1
50882,0,Unknown Artist,7,religious_painting,8,Early_Renaissance,1382,2357,RGB,b9d8a671c21dc91e,5050,1
46349,29,lucas-cranach-the-elder,6,portrait,17,Northern_Renaissance,1382,2223,RGB,c9be6c0336e1a3f0,5051,1
57084,0,Unknown Artist,7,religious_painting,8,Early_Renaissance,1382,1612,RGB,9de0e6be5986630c,5052,1
22947,38,fra-angelico,7,religious_painting,8,Early_Renaissance,1382,1749,RGB,beb9b8949343c166,5053,1
29376,87,michelangelo,8,sketch_and_study,11,High_Renaissance,1382,1824,RGB,e0e657bd912d245a,5054,1
38512,24,leonardo-da-vinci,8,sketch_and_study,8,Early_Renaissance,1902,1382,RGB,d0556ae1a4a53f27,5055,1
30002,0,Unknown Artist,8,sketch_and_study,8,Early_Renaissance,1382,2232,RGB,8073932d972c6e5b,5056,1
50171,0,Unknown Artist,6,portrait,22,Rococo,1382,1813,RGB,bb69e6669136c198,5057,1
21903,69,raphael,7,religious_painting,11,High_Renaissance,1382,2104,RGB,96cc6c31e17393b2,5058,1
20501,0,Unknown Artist,7,religious_painting,11,High_Renaissance,1382,1715,RGB,c17a3e856e2791c3,5059,1
26243,0,Unknown Artist,7,religious_painting,8,Early_Renaissance,1382,2125,RGB,b96e059092cf1ecb,5060,1
78746,0,Unknown Artist,10,Unknown Genre,4,Baroque,1382,1703,RGB,d99c66621bf30ccc,5061,1
24906,0,Unknown Artist,7,religious_painting,8,Early_Renaissance,1382,1891,RGB,c4ca78469769c5a7,5062,1
35059,0,Unknown Artist,7,religious_painting,8,Early_Renaissance,1382,1912,RGB,f85688a287967b8e,5063,1
52969,0,Unknown Artist,7,religious_painting,17,Northern_Renaissance,1382,1852,RGB,d2796965dd52289a,5064,1
56472,0,Unknown Artist,7,religious_painting,17,Northern_Renaissance,1382,2047,RGB,98e046e36b53659e,5065,1
18096,25,albrecht-durer,6,portrait,17,Northern_Renaissance,1382,1723,RGB,c0b487769c4ab1ed,5066,1
23615,38,fra-angelico,7,religious_painting,8,Early_Renaissance,1382,2000,RGB,c62101de4de766f2,5067,1
30630,24,leonardo-da-vinci,6,portrait,11,High_Renaissance,1382,2090,RGB,ccaca7f29883334e,5068,1
2379,20,rembrandt,7,religious_painting,4,Baroque,1382,1940,RGB,ecaeb3b1b4f4c0c0,5069,1
42457,116,frans-hals,6,portrait,4,Baroque,1382,1700,RGB,a7a468dac26f0ed8,5070,1
81111,0,Unknown Artist,10,Unknown Genre,17,Northern_Renaissance,1382,5197,RGB,c3473c3c4ac396e3,5071,1
49432,0,Unknown Artist,7,religious_painting,11,High_Renaissance,1382,1647,RGB,995bda4aec24e435,5072,1
45542,69,raphael,7,religious_painting,11,High_Renaissance,1382,1910,RGB,e186eec8e2722579,5073,1
37130,83,joshua-reynolds,6,portrait,22,Rococo,1381,2265,RGB,f0830d7e7209cdb6,5074,1
55940,67,tintoretto,7,religious_painting,13,Mannerism_Late_Renaissance,1957,1382,RGB,fa99a95c941ad263,5075,1
46434,67,tintoretto,7,religious_painting,13,Mannerism_Late_Renaissance,1382,1611,RGB,cfc7c787cc984095,5076,1
53624,0,Unknown Artist,2,genre_painting,22,Rococo,1842,1382,RGB,c5c556b20bb71595,5077,1
56679,0,Unknown Artist,7,religious_painting,8,Early_Renaissance,1382,2278,RGB,9597fa282278c5d3,5078,1
30927,77,titian,6,portrait,13,Mannerism_Late_Renaissance,1382,1651,RGB,898e56d7e12c9ed0,5079,1
48383,103,hans-memling,7,religious_painting,17,Northern_Renaissance,1382,1697,RGB,c56dc21a38364b9f,5080,1
48154,38,fra-angelico,7,religious_painting,8,Early_Renaissance,2177,1382,RGB,a0167dc776cd2961,5081,1
55822,0,Unknown Artist,7,religious_painting,4,Baroque,1382,2382,RGB,cd30638e3cb332cb,5082,1
47044,38,fra-angelico,7,religious_painting,8,Early_Renaissance,1382,1682,RGB,d2c7cb980c3f24e3,5083,1
52686,121,el-greco,6,portrait,13,Mannerism_Late_Renaissance,1382,2089,RGB,9e9c6961e7a62638,5084,1
41991,126,thomas-gainsborough,6,portrait,22,Rococo,1382,1683,RGB,8c4df8323c78c733,5085,1
56635,0,Unknown Artist,7,religious_painting,11,High_Renaissance,1604,1382,RGB,ae68cd5cc1369792,5086,1
65792,0,Unknown Artist,6,portrait,22,Rococo,1382,1807,RGB,dc1c592473cfa472,5087,1
25971,67,tintoretto,7,religious_painting,13,Mannerism_Late_Renaissance,1382,1456,RGB,989a4df2b2b15b0e,5088,1
68496,0,Unknown Artist,10,Unknown Genre,4,Baroque,1382,1552,RGB,d53c24633b30e6ce,5089,1
29110,0,Unknown Artist,7,religious_painting,17,Northern_Renaissance,1382,1712,RGB,9bb0b6324f49cc6c,5090,1
28964,0,Unknown Artist,7,religious_painting,22,Rococo,1382,1876,RGB,c0f73dc87481971e,5091,1
33011,82,paolo-veronese,7,religious_painting,13,Mannerism_Late_Renaissance,2797,1382,RGB,84735aadb248bbcc,5092,1
57337,0,Unknown Artist,5,nude_painting,4,Baroque,2014,1382,RGB,967d6b9629e31491,5093,1
38513,126,thomas-gainsborough,6,portrait,22,Rococo,1382,1703,RGB,cd1c73e336703187,5094,1
78490,0,Unknown Artist,10,Unknown Genre,13,Mannerism_Late_Renaissance,1962,1382,RGB,baad2f62f1c80396,5095,1
72673,0,Unknown Artist,10,Unknown Genre,8,Early_Renaissance,1382,1924,RGB,d11be06c22f6336e,5096,1
56580,38,fra-angelico,7,religious_painting,8,Early_Renaissance,1382,2007,RGB,c9d72c7064d3732c,5097,1
72817,0,Unknown Artist,10,Unknown Genre,13,Mannerism_Late_Renaissance,1712,1382,RGB,ee8c952f93f01a83,5098,1
30841,87,michelangelo,5,nude_painting,11,High_Renaissance,1382,1667,RGB,9cf9e4c42c921737,5099,1
56362,0,Unknown Artist,7,religious_painting,13,Mannerism_Late_Renaissance,1592,1382,RGB,c16c1fe4d672c23c,5100,1
56925,0,Unknown Artist,7,religious_painting,8,Early_Renaissance,1715,1382,RGB,ee903699c36e6a26,5101,1
77197,0,Unknown Artist,10,Unknown Genre,4,Baroque,2588,1382,RGB,d9c5023a83dd655e,5102,1
68284,0,Unknown Artist,10,Unknown Genre,17,Northern_Renaissance,1465,1382,RGB,e9c4c76b52339896,5103,1
70253,0,Unknown Artist,10,Unknown Genre,22,Rococo,1764,1382,RGB,cfd79233a7e2c0a0,5104,1
23572,0,Unknown Artist,6,portrait,4,Baroque,1382,1706,RGB,8c8c2373b39eccc9,5105,1
23715,0,Unknown Artist,6,portrait,22,Rococo,1382,1768,RGB,c83c73e33c8bc83c,5106,1
29939,77,titian,6,portrait,13,Mannerism_Late_Renaissance,1382,1623,RGB,cc1e7cc162793572,5107,2
20810,0,Unknown Artist,3,illustration,8,Early_Renaissance,2050,1382,RGB,a096198d46f70bf9,5108,1
46324,77,titian,6,portrait,11,High_Renaissance,1382,1646,RGB,cdf0f3c6e4129949,5109,1
38094,0,Unknown Artist,6,portrait,22,Rococo,1382,1825,RGB,cc91336e3b334cc9,5110,1
70006,0,Unknown Artist,10,Unknown Genre,22,Rococo,1382,2283,RGB,cc937160ae3c92cf,5111,1
74939,0,Unknown Artist,10,Unknown Genre,22,Rococo,1514,1382,RGB,dd6422968e52ad7a,5112,1
30341,67,tintoretto,7,religious_painting,13,Mannerism_Late_Renaissance,1382,2923,RGB,aaa1d5c69297c34e,5113,1
55696,0,Unknown Artist,7,religious_painting,4,Baroque,1641,1382,RGB,a0b199d2c979ba87,5114,1
56858,121,el-greco,7,religious_painting,13,Mannerism_Late_Renaissance,1645,1382,RGB,f3f2f820b49b071c,5115,1
48745,0,Unknown Artist,7,religious_painting,13,Mannerism_Late_Renaissance,1382,1765,RGB,f62709d609c05f97,5116,1
36982,38,fra-angelico,7,religious_painting,8,Early_Renaissance,1382,1419,RGB,a13efc63c2528e5a,5117,1
24113,121,el-greco,6,portrait,13,Mannerism_Late_Renaissance,1382,1699,RGB,d91b6de906de3640,5118,1
55764,0,Unknown Artist,7,religious_painting,8,Early_Renaissance,1382,1900,RGB,953b313475e2c92e,5119,1
31908,0,Unknown Artist,7,religious_painting,17,Northern_Renaissance,1382,2360,RGB,a49c73e3d0c6866b,5120,1
38014,82,paolo-veronese,7,religious_painting,13,Mannerism_Late_Renaissance,3338,1382,RGB,fb68be4c831f9441,5121,1
47303,121,el-greco,6,portrait,13,Mannerism_Late_Renaissance,1382,2050,RGB,b97c0bf5b443b422,5122,1
43150,0,Unknown Artist,7,religious_painting,8,Early_Renaissance,1669,1382,RGB,842e81c71ee91fea,5123,1
27372,0,Unknown Artist,8,sketch_and_study,11,High_Renaissance,1382,1451,RGB,b9584fc7c687e00e,5124,1
34653,0,Unknown Artist,6,portrait,8,Early_Renaissance,1382,2193,RGB,aff9c16190b69683,5125,1
76522,0,Unknown Artist,10,Unknown Genre,17,Northern_Renaissance,1382,1580,RGB,c4481b37ff67a043,5126,1
49244,0,Unknown Artist,2,genre_painting,22,Rococo,1382,1873,RGB,8bf5101c6e6b6a2d,5127,1
59772,82,paolo-veronese,4,landscape,13,Mannerism_Late_Renaissance,1382,2749,RGB,9f8fe4f239180b07,5128,1
28550,0,Unknown Artist,7,religious_painting,8,Early_Renaissance,2868,1382,RGB,9534237180b7e767,5129,1
27333,121,el-greco,7,religious_painting,13,Mannerism_Late_Renaissance,1382,3635,RGB,e80c3ce3fa33b4b0,5130,1
19146,0,Unknown Artist,7,religious_painting,8,Early_Renaissance,1661,1382,RGB,d00f3af82df425f0,5131,1
23926,61,bartolome-esteban-murillo,7,religious_painting,4,Baroque,1382,1883,RGB,f09f0fe0e01fe1e0,5132,1
43622,0,Unknown Artist,2,genre_painting,17,Northern_Renaissance,1382,1967,RGB,ef05ba55aa55aa50,5133,1
33512,23,hieronymus-bosch,7,religious_painting,17,Northern_Renaissance,1685,1382,RGB,c8334e984df27b0e,5134,1
48432,0,Unknown Artist,2,genre_painting,22,Rococo,1763,1382,RGB,b22d695e5272c71c,5135,1
36698,83,joshua-reynolds,6,portrait,22,Rococo,1382,2311,RGB,d96e36fd051b980c,5136,1
38079,0,Unknown Artist,2,genre_painting,4,Baroque,1634,1381,RGB,bdfd4342809d9972,5137,1
36740,0,Unknown Artist,7,religious_painting,8,Early_Renaissance,1382,2768,RGB,faf8ac8587d3c114,5138,1
70537,0,Unknown Artist,10,Unknown Genre,22,Rococo,1967,1382,RGB,95952a6a1c97ef0a,5139,1
38351,0,Unknown Artist,7,religious_painting,8,Early_Renaissance,1382,1979,RGB,cea3def92084d5b0,5140,1
29130,114,anthony-van-dyck,6,portrait,4,Baroque,1382,1618,RGB,ad9ca1723ec1dc8a,5141,1
46633,0,Unknown Artist,6,portrait,13,Mannerism_Late_Renaissance,1382,1458,RGB,cfe1b030c3cbc68e,5142,1
17759,20,rembrandt,8,sketch_and_study,4,Baroque,1382,1808,RGB,ea9b1a6f945ba0a4,5143,1
78640,0,Unknown Artist,10,Unknown Genre,4,Baroque,1382,1555,RGB,ce6c30ddf6c08c27,5144,1
20794,67,tintoretto,7,religious_painting,13,Mannerism_Late_Renaissance,1382,3462,RGB,fe31a85ae5d8c426,5145,1
26551,0,Unknown Artist,7,religious_painting,13,Mannerism_Late_Renaissance,1382,2101,RGB,aeb5636a581cb263,5146,1
31915,0,Unknown Artist,6,portrait,4,Baroque,1382,2476,RGB,96f16e87380e6b91,5147,1
34041,87,michelangelo,7,religious_painting,11,High_Renaissance,1382,3939,RGB,d13b7f8e7e043190,5148,1
25993,0,Unknown Artist,6,portrait,22,Rococo,1382,1797,RGB,cc0df910e3637e23,5149,1
76358,0,Unknown Artist,10,Unknown Genre,11,High_Renaissance,1446,1382,RGB,d7c8949715e53859,5150,1
47365,114,anthony-van-dyck,8,sketch_and_study,4,Baroque,1382,2132,RGB,f03030c5cbcfc7c3,5151,1
72017,0,Unknown Artist,10,Unknown Genre,13,Mannerism_Late_Renaissance,1382,2391,RGB,819dd2805ce6e4fd,5152,1
322,20,rembrandt,7,religious_painting,4,Baroque,1915,1382,RGB,ebc08d2396bf831a,5153,1
55717,0,Unknown Artist,7,religious_painting,8,Early_Renaissance,1641,1382,RGB,c46903f37bc1d41d,5154,1
56850,0,Unknown Artist,7,religious_painting,13,Mannerism_Late_Renaissance,1382,1974,RGB,8de9f8a59207c2c7,5155,1
55736,0,Unknown Artist,7,religious_painting,4,Baroque,1382,1693,RGB,c3f861cf30cb0c67,5156,1
56883,0,Unknown Artist,7,religious_painting,8,Early_Renaissance,2121,1382,RGB,841a033ce373f967,5157,1
49860,77,titian,6,portrait,13,Mannerism_Late_Renaissance,1382,1644,RGB,84add9b26b336698,5158,1
41583,0,Unknown Artist,7,religious_painting,8,Early_Renaissance,3169,1382,RGB,c3338e308b7cb8d3,5159,1
48915,0,Unknown Artist,7,religious_painting,13,Mannerism_Late_Renaissance,1382,3204,RGB,98fba2e66ba980e4,5160,1
77142,0,Unknown Artist,10,Unknown Genre,13,Mannerism_Late_Renaissance,1382,1756,RGB,c586323d5e7829cb,5161,1
25751,0,Unknown Artist,7,religious_painting,8,Early_Renaissance,1382,1824,RGB,cc0db36433336597,5162,1
64703,126,thomas-gainsborough,6,portrait,22,Rococo,1382,1837,RGB,864e3c713339e3c6,5163,1
44152,69,raphael,7,religious_painting,11,High_Renaissance,1746,1382,RGB,e969a864247ad772,5164,1
43894,0,Unknown Artist,7,religious_painting,4,Baroque,1857,1382,RGB,8c4c9c724dbb74a9,5165,1
74276,0,Unknown Artist,10,Unknown Genre,13,Mannerism_Late_Renaissance,1721,1382,RGB,c39b2d647ab61a38,5166,1
31355,23,hieronymus-bosch,7,religious_painting,17,Northern_Renaissance,1382,2712,RGB,c53938e62f2882bf,5167,1
49624,38,fra-angelico,7,religious_painting,8,Early_Renaissance,1382,1601,RGB,84e93b6429ec6e69,5168,1
8196,25,albrecht-durer,7,religious_painting,17,Northern_Renaissance,1382,1727,RGB,a1ad68425693dec7,5169,1
80079,0,Unknown Artist,10,Unknown Genre,22,Rococo,2048,1382,RGB,8497d7707e9c06c6,5170,1
52835,58,pietro-perugino,7,religious_painting,11,High_Renaissance,1382,1855,RGB,addc5c316ba56a22,5171,1
50778,0,Unknown Artist,7,religious_painting,8,Early_Renaissance,2221,1381,RGB,84707c5a5b8eb50f,5172,1
17996,25,albrecht-durer,2,genre_painting,17,Northern_Renaissance,1382,1992,RGB,aad5a4e84ac39b39,5173,1
21351,77,titian,6,portrait,13,Mannerism_Late_Renaissance,1382,2020,RGB,e5ec07535aa17a0d,5174,1
4750,25,albrecht-durer,8,sketch_and_study,17,Northern_Renaissance,1382,1919,RGB,8348d9133fa3dc3c,5175,1
50464,0,Unknown Artist,2,genre_painting,17,Northern_Renaissance,1382,1417,RGB,f9f7eb858220524b,5176,1
46819,0,Unknown Artist,7,religious_painting,4,Baroque,1382,2074,RGB,954a266de3bd5161,5177,1
70492,0,Unknown Artist,10,Unknown Genre,22,Rococo,1382,2027,RGB,afa37458210fb371,5178,1
62384,0,Unknown Artist,8,sketch_and_study,4,Baroque,1382,1852,RGB,ba954dc23bc76454,5179,1
24407,0,Unknown Artist,7,religious_painting,17,Northern_Renaissance,1382,1589,RGB,bf4f74c063e33086,5180,1
56376,0,Unknown Artist,7,religious_painting,22,Rococo,1382,1723,RGB,eb9f3541aa9af440,5181,1
26324,0,Unknown Artist,6,portrait,22,Rococo,1382,1709,RGB,989566623f9c9c6c,5182,1
53365,0,Unknown Artist,2,genre_painting,22,Rococo,1382,1859,RGB,9ded224d955a4b34,5183,1
65060,114,anthony-van-dyck,6,portrait,4,Baroque,1382,1889,RGB,8393bd789154f236,5184,1
56166,0,Unknown Artist,7,religious_painting,17,Northern_Renaissance,1382,1615,RGB,9d8c127a99156e79,5185,1
17599,20,rembrandt,6,portrait,4,Baroque,1382,1805,RGB,d8993767d998710c,5186,1
56822,0,Unknown Artist,7,religious_painting,8,Early_Renaissance,1382,1850,RGB,fb2fd66085499076,5187,1
35102,0,Unknown Artist,6,portrait,11,High_Renaissance,1382,1660,RGB,ba89b22672668fcc,5188,1
35017,0,Unknown Artist,2,genre_painting,4,Baroque,1875,1382,RGB,81bdd0d2b3c972b1,5189,1
65510,0,Unknown Artist,6,portrait,22,Rococo,1382,1782,RGB,8cce313033675bad,5190,1
29212,0,Unknown Artist,2,genre_painting,4,Baroque,1382,1613,RGB,8b317d66341d5b98,5191,1
57039,23,hieronymus-bosch,7,religious_painting,17,Northern_Renaissance,1382,1709,RGB,90ec04779eab5751,5192,1
44030,0,Unknown Artist,7,religious_painting,8,Early_Renaissance,1382,3689,RGB,baffe28585d4b090,5193,1
34707,67,tintoretto,7,religious_painting,13,Mannerism_Late_Renaissance,1382,2528,RGB,9dd066ad10332f67,5194,1
45958,110,joseph-wright,4,landscape,4,Baroque,2182,1382,RGB,c6b1651ae01f7966,5195,1
55037,0,Unknown Artist,2,genre_painting,4,Baroque,1877,1382,RGB,c08b77f01f90397c,5196,1
41445,0,Unknown Artist,7,religious_painting,8,Early_Renaissance,3601,1382,RGB,beddc13994cca431,5197,1
55869,0,Unknown Artist,7,religious_painting,8,Early_Renaissance,1398,1382,RGB,e415394e0df4ee61,5198,1
22670,58,pietro-perugino,7,religious_painting,11,High_Renaissance,1382,2836,RGB,bbf1e1ad0e8282bc,5199,1
35304,0,Unknown Artist,6,portrait,22,Rococo,1382,2002,RGB,d9f2168df2668c98,5200,1
62773,0,Unknown Artist,3,illustration,8,Early_Renaissance,2038,1382,RGB,bbf88487f0197bc0,5201,1
7169,20,rembrandt,7,religious_painting,4,Baroque,1382,1537,RGB,c43719cc761867d9,5202,1
42609,0,Unknown Artist,6,portrait,4,Baroque,1623,1382,RGB,c439be84376e224f,5203,1
63115,0,Unknown Artist,6,portrait,22,Rococo,1382,1630,RGB,9ccc633261cfce8c,5204,1
4444,20,rembrandt,6,portrait,4,Baroque,1382,1736,RGB,9af36534c64d1999,5205,1
19927,0,Unknown Artist,2,genre_painting,22,Rococo,1870,1382,RGB,9d8e95c6268962bd,5206,1
65515,116,frans-hals,6,portrait,4,Baroque,1382,1574,RGB,a7dea1383cc782e1,5207,1
62413,69,raphael,8,sketch_and_study,11,High_Renaissance,2090,1382,RGB,8eb1f907e30e2665,5208,1
78471,0,Unknown Artist,10,Unknown Genre,13,Mannerism_Late_Renaissance,1665,1382,RGB,bf7e688299cd8431,5209,1
56496,0,Unknown Artist,7,religious_painting,8,Early_Renaissance,1382,1518,RGB,cc247313ce1e4f5a,5210,1
55654,0,Unknown Artist,7,religious_painting,8,Early_Renaissance,2060,1382,RGB,930f6c2f6933238e,5211,1
11236,20,rembrandt,8,sketch_and_study,4,Baroque,1382,1620,RGB,a0d06390cc3bdd6f,5212,1
29648,0,Unknown Artist,4,landscape,8,Early_Renaissance,1382,1878,RGB,920c6cdd05a9f57a,5213,1
41676,87,michelangelo,7,religious_painting,11,High_Renaissance,1382,1977,RGB,e4399036c6a6e3bc,5214,1
37344,0,Unknown Artist,7,religious_painting,17,Northern_Renaissance,1382,2019,RGB,9d4a6e2592b26d93,5215,1
49320,0,Unknown Artist,6,portrait,8,Early_Renaissance,1382,1531,RGB,ae8dc0da1b868f4b,5216,1
77432,0,Unknown Artist,10,Unknown Genre,13,Mannerism_Late_Renaissance,1382,1727,RGB,cccd32323373728e,5217,1
65139,0,Unknown Artist,6,portrait,11,High_Renaissance,1382,1869,RGB,eef6d00339c90dd8,5218,1
30801,125,jacob-jordaens,8,sketch_and_study,4,Baroque,1613,1382,RGB,c0b87ac63d635687,5219,1
73643,0,Unknown Artist,10,Unknown Genre,13,Mannerism_Late_Renaissance,2009,1382,RGB,afceb434c5b19660,5220,1
78657,0,Unknown Artist,10,Unknown Genre,4,Baroque,1895,1382,RGB,cc3438d33ecc39a3,5221,1
20049,0,Unknown Artist,7,religious_painting,22,Rococo,1382,1763,RGB,d06b6cb162e63ad2,5222,1
52212,0,Unknown Artist,6,portrait,11,High_Renaissance,1598,1382,RGB,be6c699652314da6,5223,1
63576,0,Unknown Artist,6,portrait,17,Northern_Renaissance,1382,1992,RGB,b9bd7266146a9364,5224,1
72374,0,Unknown Artist,10,Unknown Genre,4,Baroque,1889,1382,RGB,abbc45772ec460d1,5225,1
5964,0,Unknown Artist,10,Unknown Genre,17,Northern_Renaissance,1382,1851,RGB,cc4f3279a2273e98,5226,1
56968,77,titian,7,religious_painting,11,High_Renaissance,1672,1382,RGB,c79318ce35c08f7a,5227,1
26983,77,titian,7,religious_painting,11,High_Renaissance,1382,2561,RGB,c24b4ce7610e3fe2,5228,1
74253,0,Unknown Artist,10,Unknown Genre,8,Early_Renaissance,1382,2230,RGB,da3e3594e163c4c3,5229,1
80053,0,Unknown Artist,10,Unknown Genre,22,Rococo,2677,1382,RGB,c8ab9df411178ee2,5230,1
41940,83,joshua-reynolds,8,sketch_and_study,22,Rococo,1382,2241,RGB,ab2ff46851c06b8e,5231,1
17699,20,rembrandt,6,portrait,4,Baroque,1382,1458,RGB,b8f04f8771ce8d90,5232,1
49263,0,Unknown Artist,7,religious_painting,4,Baroque,1744,1382,RGB,cc04333de771634b,5233,1
39288,0,Unknown Artist,6,portrait,11,High_Renaissance,1382,1821,RGB,982c76d229be5374,5234,1
18065,25,albrecht-durer,8,sketch_and_study,17,Northern_Renaissance,1382,1875,RGB,ad6cc029b5c6969b,5235,1
24024,0,Unknown Artist,7,religious_painting,8,Early_Renaissance,1985,1382,RGB,e6ca9b319a2e1d1c,5236,1
63765,0,Unknown Artist,6,portrait,22,Rococo,1382,1719,RGB,9c6d539b736c0433,5237,1
38822,0,Unknown Artist,7,religious_painting,8,Early_Renaissance,1382,1993,RGB,c8be17c232e13ccd,5238,1
58969,0,Unknown Artist,4,landscape,4,Baroque,1647,1382,RGB,b0b14f4eb2b86966,5239,1
64986,121,el-greco,6,portrait,13,Mannerism_Late_Renaissance,1382,1466,RGB,cd893266c71998e7,5240,1
27297,87,michelangelo,8,sketch_and_study,11,High_Renaissance,1398,1382,RGB,b6c2d919a6c5c276,5241,1
18177,25,albrecht-durer,8,sketch_and_study,17,Northern_Renaissance,1382,2043,RGB,9b3609c966999ce6,5242,1
45284,0,Unknown Artist,4,landscape,22,Rococo,1713,1382,RGB,c3f21c23639d2d27,5243,1
52054,0,Unknown Artist,7,religious_painting,8,Early_Renaissance,1455,1382,RGB,d53c4be33c0e69c8,5244,1
26039,0,Unknown Artist,9,still_life,4,Baroque,2936,1382,RGB,d216af43bc31a53c,5245,1
25392,121,el-greco,7,religious_painting,13,Mannerism_Late_Renaissance,1382,3790,RGB,ebe4eca1b883c3c4,5246,1
56881,0,Unknown Artist,7,religious_painting,13,Mannerism_Late_Renaissance,1549,1382,RGB,c7ccc95bdc345063,5247,1
42303,0,Unknown Artist,7,religious_painting,17,Northern_Renaissance,2824,1382,RGB,decead8712914a71,5248,1
29926,121,el-greco,7,religious_painting,13,Mannerism_Late_Renaissance,1382,2836,RGB,a5f2b2eabc38e4a0,5249,1
33808,0,Unknown Artist,6,portrait,17,Northern_Renaissance,1382,1873,RGB,ea293cf55d81216b,5250,1
22529,116,frans-hals,6,portrait,4,Baroque,1382,1586,RGB,8ece7331318dc6a6,5251,1
17587,20,rembrandt,4,landscape,4,Baroque,1683,1382,RGB,d7d0ae2bacd5a10c,5252,1
38748,0,Unknown Artist,2,genre_painting,22,Rococo,1382,1553,RGB,ceb71564aa897c46,5253,1
46402,0,Unknown Artist,6,portrait,22,Rococo,1382,1631,RGB,cc8fcd32381c7273,5254,1
23046,0,Unknown Artist,7,religious_painting,17,Northern_Renaissance,1382,1699,RGB,f3b08d27bc30e41b,5255,1
52585,0,Unknown Artist,6,portrait,22,Rococo,1382,1680,RGB,cc3e36d1cb355283,5256,1
56939,0,Unknown Artist,7,religious_painting,4,Baroque,1382,1813,RGB,d15b3d869261e663,5257,1
51360,0,Unknown Artist,7,religious_painting,8,Early_Renaissance,1382,1736,RGB,df53b17af7250804,5258,1
56316,0,Unknown Artist,7,religious_painting,8,Early_Renaissance,1813,1382,RGB,c44a3cb9637b6325,5259,1
50050,0,Unknown Artist,1,cityscape,13,Mannerism_Late_Renaissance,2088,1382,RGB,d7264f85c8e2a27c,5260,1
22513,0,Unknown Artist,6,portrait,11,High_Renaissance,1382,1698,RGB,dcf007330df0cf07,5261,1
29427,0,Unknown Artist,7,religious_painting,8,Early_Renaissance,1382,1914,RGB,eab19c8dc13a475c,5262,1
56060,0,Unknown Artist,7,religious_painting,11,High_Renaissance,2002,1382,RGB,85d41a393733e78c,5263,1
78574,0,Unknown Artist,10,Unknown Genre,4,Baroque,1382,1604,RGB,dba769492634b670,5264,1
21150,24,leonardo-da-vinci,8,sketch_and_study,11,High_Renaissance,1382,1766,RGB,bf3be0e4c38083da,5265,1
30920,0,Unknown Artist,7,religious_painting,13,Mannerism_Late_Renaissance,1382,1842,RGB,84961f5e7e52346a,5266,1
57049,0,Unknown Artist,7,religious_painting,13,Mannerism_Late_Renaissance,1382,1842,RGB,8bab2c8c7cb6203f,5267,1
33613,80,peter-paul-rubens,8,sketch_and_study,4,Baroque,1382,1873,RGB,ece35ba234c52e70,5268,1
80056,0,Unknown Artist,10,Unknown Genre,22,Rococo,1382,1693,RGB,dd5a372b81c230bd,5269,1
70378,0,Unknown Artist,10,Unknown Genre,13,Mannerism_Late_Renaissance,2363,1382,RGB,946b95d513c469ab,5270,1
24023,0,Unknown Artist,1,cityscape,13,Mannerism_Late_Renaissance,2194,1382,RGB,e9a11fc2a2d68e9a,5271,1
11714,20,rembrandt,6,portrait,4,Baroque,1382,1623,RGB,8cb8637370cc39ce,5272,1
68880,0,Unknown Artist,10,Unknown Genre,4,Baroque,1696,1382,RGB,983227649dad7366,5273,1
78569,0,Unknown Artist,10,Unknown Genre,4,Baroque,1996,1382,RGB,95883572873be45b,5274,1
68709,0,Unknown Artist,10,Unknown Genre,11,High_Renaissance,1382,1695,RGB,db193fd2206f38e0,5275,1
76127,0,Unknown Artist,10,Unknown Genre,13,Mannerism_Late_Renaissance,1455,1382,RGB,97883c4b0fdae0f2,5276,1
28595,0,Unknown Artist,2,genre_painting,22,Rococo,1382,2073,RGB,a1ee56761e832d43,5277,1
7912,25,albrecht-durer,8,sketch_and_study,17,Northern_Renaissance,1990,1382,RGB,91843b851ec36b5f,5278,1
55695,0,Unknown Artist,7,religious_painting,8,Early_Renaissance,1382,1856,RGB,c6b0b347414f19f9,5279,1
77081,0,Unknown Artist,10,Unknown Genre,13,Mannerism_Late_Renaissance,1408,1382,RGB,eeb5b1c3d4489607,5280,1
64055,0,Unknown Artist,6,portrait,22,Rococo,1382,1658,RGB,cc0d33333c30e3cf,5281,1
73276,0,Unknown Artist,10,Unknown Genre,8,Early_Renaissance,1382,1464,RGB,b3c1cc0fd40edb38,5282,1
47853,125,jacob-jordaens,7,religious_painting,4,Baroque,1382,1826,RGB,a5bbdce35294c990,5283,1
9681,20,rembrandt,2,genre_painting,4,Baroque,1382,1868,RGB,ba3de4c2956cd0c5,5284,1
17959,25,albrecht-durer,4,landscape,17,Northern_Renaissance,1382,1735,RGB,b398c8e3e63f1918,3191,2
30545,0,Unknown Artist,7,religious_painting,8,Early_Renaissance,1916,1382,RGB,85e21675595558f6,5285,1
33650,0,Unknown Artist,7,religious_painting,8,Early_Renaissance,1734,1382,RGB,c7b14a4d4316787d,5286,1
62282,24,leonardo-da-vinci,8,sketch_and_study,11,High_Renaissance,1733,1382,RGB,e58e9631694d9596,5287,1
43350,77,titian,6,portrait,11,High_Renaissance,1382,1796,RGB,cc9c63669b8f3125,5288,1
5781,20,rembrandt,6,portrait,4,Baroque,1382,1882,RGB,ee6cb093856cd6b0,5289,1
56765,0,Unknown Artist,7,religious_painting,13,Mannerism_Late_Renaissance,1382,1967,RGB,dfcdc4928b0d1939,5290,1
8970,0,Unknown Artist,10,Unknown Genre,17,Northern_Renaissance,1382,1915,RGB,b805873e9e6b7854,5291,1
36775,0,Unknown Artist,2,genre_painting,22,Rococo,1981,1382,RGB,f82b070adae076dc,5292,1
56633,121,el-greco,7,religious_painting,13,Mannerism_Late_Renaissance,1751,1381,RGB,8ceab2868c17763d,5293,1
43430,0,Unknown Artist,7,religious_painting,13,Mannerism_Late_Renaissance,1381,2032,RGB,eab61b3cb033a760,5294,1
21491,0,Unknown Artist,2,genre_painting,22,Rococo,1382,1801,RGB,f7ea848887d718b4,5295,1
35277,121,el-greco,6,portrait,13,Mannerism_Late_Renaissance,1382,1771,RGB,898c916673669be6,5296,1
73166,0,Unknown Artist,10,Unknown Genre,4,Baroque,2207,1382,RGB,948e4f7c33946c72,5297,1
433,25,albrecht-durer,7,religious_painting,17,Northern_Renaissance,1382,1796,RGB,c666b393fc8385a8,5298,1
55880,0,Unknown Artist,7,religious_painting,11,High_Renaissance,1382,2193,RGB,f67594fb2444862d,5299,1
64426,0,Unknown Artist,6,portrait,22,Rococo,1382,1662,RGB,8c8c7a733b636586,5300,1
44636,0,Unknown Artist,7,religious_painting,13,Mannerism_Late_Renaissance,1382,1674,RGB,dc27639839692cc7,5301,1
54336,0,Unknown Artist,2,genre_painting,22,Rococo,1382,1725,RGB,ba4e7d70805f8978,5302,1
29895,87,michelangelo,8,sketch_and_study,11,High_Renaissance,1382,1382,RGB,ef929a6d122c9b38,5303,1
79385,0,Unknown Artist,10,Unknown Genre,11,High_Renaissance,2117,1382,RGB,966769326cb99658,5304,1
46267,23,hieronymus-bosch,7,religious_painting,17,Northern_Renaissance,1507,1382,RGB,e18243fc2c443fed,5305,1
39269,69,raphael,7,religious_painting,11,High_Renaissance,1382,1568,RGB,cd7bf3066420d35c,5306,1
30236,0,Unknown Artist,7,religious_painting,17,Northern_Renaissance,1382,1716,RGB,cd3693499c66b869,5307,1
53829,80,peter-paul-rubens,2,genre_painting,4,Baroque,2141,1382,RGB,c0fba68489f59fa0,5308,1
37571,23,hieronymus-bosch,7,religious_painting,17,Northern_Renaissance,1382,2752,RGB,a6e34ae93d3c3486,5309,1
50628,0,Unknown Artist,7,religious_painting,11,High_Renaissance,1690,1382,RGB,f2451b1a15a95afc,5310,1
58200,128,canaletto,1,cityscape,4,Baroque,1382,1755,RGB,d3892cf9965e4929,5311,1
44823,0,Unknown Artist,2,genre_painting,22,Rococo,1382,1706,RGB,949c3a655a703ecb,5312,1
70186,0,Unknown Artist,10,Unknown Genre,17,Northern_Renaissance,1382,1474,RGB,ebc3c09027379b6c,5313,1
12134,20,rembrandt,7,religious_painting,4,Baroque,1382,1912,RGB,baeca9bae4b1a0a4,5314,1
59041,0,Unknown Artist,4,landscape,22,Rococo,1833,1382,RGB,91658f3bc0b84f33,5315,1
4387,25,albrecht-durer,6,portrait,17,Northern_Renaissance,1988,1382,RGB,d38946dcccb4b227,5316,1
32070,58,pietro-perugino,7,religious_painting,8,Early_Renaissance,1382,1497,RGB,d566ba801ab876c7,5317,1
26659,0,Unknown Artist,7,religious_painting,11,High_Renaissance,1765,1382,RGB,d901720faec5f1e1,5318,1
73041,0,Unknown Artist,10,Unknown Genre,13,Mannerism_Late_Renaissance,3356,1382,RGB,dcdaa5438c5c3c2d,5319,1
20887,67,tintoretto,7,religious_painting,13,Mannerism_Late_Renaissance,1382,2532,RGB,ead1b4b591c7310e,5320,1
56342,58,pietro-perugino,7,religious_painting,11,High_Renaissance,1392,1382,RGB,9186c32b3e387b2d,5321,1
57081,0,Unknown Artist,7,religious_painting,11,High_Renaissance,1382,1922,RGB,b9144b66b79964b1,5322,1
32863,0,Unknown Artist,1,cityscape,13,Mannerism_Late_Renaissance,1860,1382,RGB,a6d9ec924e263366,5323,1
19607,0,Unknown Artist,2,genre_painting,22,Rococo,1382,1706,RGB,95326ac943b71ce3,5324,1
78622,0,Unknown Artist,10,Unknown Genre,4,Baroque,1906,1382,RGB,c7f93d22c37c8324,5325,1
54436,0,Unknown Artist,2,genre_painting,4,Baroque,1570,1382,RGB,f126fc63d9363484,5326,1
57872,128,canaletto,1,cityscape,22,Rococo,1914,1382,RGB,d3b0ce2533b08e6d,5327,1
52563,0,Unknown Artist,1,cityscape,11,High_Renaissance,2038,1382,RGB,8084cfa511edde73,5328,1
30690,58,pietro-perugino,7,religious_painting,11,High_Renaissance,1382,1623,RGB,efaca4b5f5509602,5329,1
12026,25,albrecht-durer,7,religious_painting,17,Northern_Renaissance,1381,2288,RGB,dcf1a61ea117650e,5330,1
47661,0,Unknown Artist,7,religious_painting,17,Northern_Renaissance,1382,1780,RGB,dff62218106d66dc,5331,1
51954,0,Unknown Artist,7,religious_painting,4,Baroque,1382,1690,RGB,830cb639e1964fd9,5332,1
54741,67,tintoretto,2,genre_painting,13,Mannerism_Late_Renaissance,2105,1382,RGB,818f1e2d28fecb1a,5333,1
27380,0,Unknown Artist,4,landscape,17,Northern_Renaissance,2057,1382,RGB,91cc7c7762333a26,5334,1
24020,61,bartolome-esteban-murillo,7,religious_painting,4,Baroque,1382,2257,RGB,dbcc643193cd9916,5335,1
78641,0,Unknown Artist,10,Unknown Genre,4,Baroque,1645,1382,RGB,d6913d296bd2ac89,5336,1
80040,0,Unknown Artist,10,Unknown Genre,22,Rococo,1382,3156,RGB,d8e4e5912c2b3b9c,5337,1
56646,0,Unknown Artist,7,religious_painting,8,Early_Renaissance,1382,2630,RGB,c26dc1963c42739f,5338,1
32425,0,Unknown Artist,6,portrait,17,Northern_Renaissance,1382,1974,RGB,99da2566a5cc9a93,5339,1
25356,0,Unknown Artist,6,portrait,22,Rococo,1382,1828,RGB,8a697496f2708d2f,5340,1
58882,0,Unknown Artist,4,landscape,4,Baroque,1755,1382,RGB,9bbb64635348cca5,5341,1
22648,0,Unknown Artist,7,religious_painting,11,High_Renaissance,1382,1726,RGB,cf383467730e27c1,5342,1
17735,20,rembrandt,6,portrait,4,Baroque,1382,1833,RGB,aca453518caed373,5343,1
78741,0,Unknown Artist,10,Unknown Genre,4,Baroque,1382,1759,RGB,9bbb64054acce517,5344,1
24026,116,frans-hals,6,portrait,4,Baroque,1382,2135,RGB,fdd9c603a270f06c,5345,1
4667,25,albrecht-durer,6,portrait,17,Northern_Renaissance,1382,1839,RGB,8d19f4e68759ec84,5346,1
40794,0,Unknown Artist,7,religious_painting,8,Early_Renaissance,1998,1382,RGB,9f444cddc18f19b8,5347,1
78517,0,Unknown Artist,10,Unknown Genre,13,Mannerism_Late_Renaissance,2090,1382,RGB,95b76b1a26393ac8,5348,1
23266,0,Unknown Artist,4,landscape,22,Rococo,1863,1382,RGB,96c749793a6d0762,5349,1
49036,0,Unknown Artist,7,religious_painting,22,Rococo,1382,1944,RGB,dd7269a792d06293,5350,1
72806,0,Unknown Artist,10,Unknown Genre,4,Baroque,1661,1382,RGB,893676dab385ccc8,5351,1
81157,0,Unknown Artist,10,Unknown Genre,17,Northern_Renaissance,1382,2136,RGB,be6bc590e07a3ac2,5352,1
51821,0,Unknown Artist,6,portrait,8,Early_Renaissance,5385,1382,RGB,ff6f8c5245589861,5353,1
35073,38,fra-angelico,7,religious_painting,8,Early_Renaissance,1382,1765,RGB,eb86423ff881bc68,5354,1
80527,0,Unknown Artist,10,Unknown Genre,8,Early_Renaissance,1382,2095,RGB,ceae011331f8792f,5355,1
20257,0,Unknown Artist,2,genre_painting,4,Baroque,1805,1382,RGB,805db277d927d429,5356,1
80526,0,Unknown Artist,10,Unknown Genre,8,Early_Renaissance,2132,1382,RGB,d5191ae154de3987,5357,1
78486,0,Unknown Artist,10,Unknown Genre,13,Mannerism_Late_Renaissance,2069,1382,RGB,c5b233f7d0990e23,5358,1
2448,0,Unknown Artist,10,Unknown Genre,17,Northern_Renaissance,1382,1936,RGB,cc180e73316773ce,5359,1
27413,24,leonardo-da-vinci,8,sketch_and_study,8,Early_Renaissance,1382,3607,RGB,e93794b29362cdc1,5360,1
4892,25,albrecht-durer,7,religious_painting,17,Northern_Renaissance,1382,3705,RGB,d6e1a68b85d6c34a,5361,1
72475,0,Unknown Artist,10,Unknown Genre,13,Mannerism_Late_Renaissance,1382,1772,RGB,a08587a41b575f5b,5362,1
60526,24,leonardo-da-vinci,4,landscape,11,High_Renaissance,1382,1749,RGB,e86aca9697b434b4,5363,1
29024,0,Unknown Artist,7,religious_painting,11,High_Renaissance,1382,1749,RGB,c1ebe1e416b27193,5364,1
36239,0,Unknown Artist,6,portrait,4,Baroque,1382,2307,RGB,8c8d33728f5dcc8c,5365,1
56338,0,Unknown Artist,7,religious_painting,13,Mannerism_Late_Renaissance,1382,1798,RGB,94b349655f4af28c,5366,1
56308,77,titian,7,religious_painting,13,Mannerism_Late_Renaissance,1382,1689,RGB,ccf3f2b127caa418,5367,1
77253,0,Unknown Artist,10,Unknown Genre,17,Northern_Renaissance,1382,1721,RGB,d9aeaa7ad81c8721,5368,1
75106,0,Unknown Artist,10,Unknown Genre,22,Rococo,2057,1382,RGB,d9e726191ed0e427,5369,1
38412,0,Unknown Artist,7,religious_painting,8,Early_Renaissance,1599,1382,RGB,f8e4ba0516cbb05e,5370,1
81117,0,Unknown Artist,10,Unknown Genre,17,Northern_Renaissance,1382,1961,RGB,9ef024d37a0c9739,5371,1
43844,0,Unknown Artist,6,portrait,22,Rococo,1382,1609,RGB,c83be6e419d9c20f,5372,1
64538,0,Unknown Artist,6,portrait,8,Early_Renaissance,1565,1382,RGB,93482c7093cf4fb6,5373,1
65024,126,thomas-gainsborough,6,portrait,22,Rococo,1382,1753,RGB,d42f35da59244ed2,5374,1
18111,0,Unknown Artist,10,Unknown Genre,17,Northern_Renaissance,1382,1665,RGB,878b3ed6681ad362,5375,1
56892,0,Unknown Artist,7,religious_painting,8,Early_Renaissance,1382,1599,RGB,ab943cd3a3259e16,5376,1
1823,20,rembrandt,8,sketch_and_study,4,Baroque,1785,1382,RGB,a0cb4a3647675b6c,5377,1
56566,0,Unknown Artist,7,religious_painting,8,Early_Renaissance,1382,1735,RGB,c3b53b6a5e0b24c5,5378,1
38247,0,Unknown Artist,7,religious_painting,8,Early_Renaissance,1782,1382,RGB,c540e0424fd74f9f,5379,1
44983,0,Unknown Artist,9,still_life,4,Baroque,1382,1725,RGB,9dac66db4921529b,5380,1
69078,0,Unknown Artist,10,Unknown Genre,11,High_Renaissance,1382,2729,RGB,fe3c90c3377ec090,5381,1
37361,0,Unknown Artist,7,religious_painting,11,High_Renaissance,1382,1429,RGB,cc3e232d2b505ae7,5382,1
42473,38,fra-angelico,7,religious_painting,8,Early_Renaissance,1705,1382,RGB,e9d7b2530a6d0d1a,5383,1
68872,0,Unknown Artist,10,Unknown Genre,13,Mannerism_Late_Renaissance,1382,1519,RGB,90926d6f66945ad9,5384,1
29050,0,Unknown Artist,6,portrait,22,Rococo,1382,1646,RGB,d1b327cc1ba7a823,5385,1
21759,67,tintoretto,7,religious_painting,13,Mannerism_Late_Renaissance,2082,1382,RGB,d3c12eb219cec729,5386,1
55697,0,Unknown Artist,7,religious_painting,11,High_Renaissance,2331,1382,RGB,faab85157ec03e22,5387,1
55660,0,Unknown Artist,7,religious_painting,11,High_Renaissance,1931,1382,RGB,9fa7a6dad831404d,5388,1
20863,67,tintoretto,7,religious_painting,13,Mannerism_Late_Renaissance,2095,1382,RGB,abb83dcc72e53884,5389,1
5459,25,albrecht-durer,1,cityscape,17,Northern_Renaissance,1794,1382,RGB,859b9e65e5a112e3,5390,1
63763,0,Unknown Artist,6,portrait,22,Rococo,1805,1382,RGB,91663c78e68b69b1,5391,1
32016,0,Unknown Artist,6,portrait,22,Rococo,1382,1783,RGB,da9c3663259999c3,5392,1
27938,0,Unknown Artist,9,still_life,4,Baroque,1974,1382,RGB,db7471c1368e5931,5393,1
76780,0,Unknown Artist,10,Unknown Genre,13,Mannerism_Late_Renaissance,1382,1778,RGB,9de7626c33678270,5394,1
46820,0,Unknown Artist,2,genre_painting,11,High_Renaissance,1653,1382,RGB,8c5ec23bb146999b,5395,1
56634,82,paolo-veronese,7,religious_painting,13,Mannerism_Late_Renaissance,1782,1382,RGB,90d94f871b617c9a,5396,1
57060,0,Unknown Artist,7,religious_painting,13,Mannerism_Late_Renaissance,1753,1382,RGB,d808297c7df1db81,5397,1
41427,0,Unknown Artist,2,genre_painting,17,Northern_Renaissance,1457,1382,RGB,9fb2eb44e48e4334,5398,1
10765,25,albrecht-durer,7,religious_painting,17,Northern_Renaissance,1382,1785,RGB,d6d5ab88aed15027,5399,1
19258,0,Unknown Artist,7,religious_painting,8,Early_Renaissance,1382,1997,RGB,e68292f978f87131,5400,1
44001,0,Unknown Artist,6,portrait,11,High_Renaissance,1382,1882,RGB,bddbd0e46226265a,5401,1
18071,0,Unknown Artist,10,Unknown Genre,17,Northern_Renaissance,1382,2129,RGB,951f2c05f171729d,5402,1
56654,58,pietro-perugino,7,religious_painting,8,Early_Renaissance,1382,1382,RGB,efa5904a6ea5b152,5403,1
56477,38,fra-angelico,7,religious_painting,8,Early_Renaissance,1382,2620,RGB,975a002f5a7a7d64,5404,1
71907,0,Unknown Artist,10,Unknown Genre,11,High_Renaissance,1382,1842,RGB,efb5143951aeb241,5405,1
66086,0,Unknown Artist,6,portrait,8,Early_Renaissance,1382,1920,RGB,cf0f30386bc16e66,5406,1
50238,0,Unknown Artist,6,portrait,13,Mannerism_Late_Renaissance,1382,1862,RGB,996b6ac924962f72,5407,1
41239,0,Unknown Artist,7,religious_painting,8,Early_Renaissance,1771,1382,RGB,f399f931270a1b07,5408,1
64763,0,Unknown Artist,6,portrait,22,Rococo,1382,1721,RGB,dc0c63d23973649e,5409,1
44547,126,thomas-gainsborough,6,portrait,22,Rococo,1382,2165,RGB,c59cf063db8ae660,5410,1
25980,67,tintoretto,7,religious_painting,13,Mannerism_Late_Renaissance,2173,1382,RGB,c4c237378c999e78,5411,1
45870,0,Unknown Artist,7,religious_painting,17,Northern_Renaissance,1382,2043,RGB,9baee87924b1a4a5,5412,1
40107,0,Unknown Artist,7,religious_painting,8,Early_Renaissance,2126,1382,RGB,c2b9b0e3c9e4d552,5413,1
38984,0,Unknown Artist,6,portrait,22,Rococo,1382,2073,RGB,de7be16085a69985,5414,1
45383,0,Unknown Artist,8,sketch_and_study,8,Early_Renaissance,1382,1716,RGB,8591f696cda24f19,5415,1
56688,0,Unknown Artist,7,religious_painting,8,Early_Renaissance,1382,2183,RGB,d348ee0d06b47d27,5416,1
35276,61,bartolome-esteban-murillo,2,genre_painting,4,Baroque,1382,2126,RGB,b283cc744e3bb44b,5417,1
23296,126,thomas-gainsborough,6,portrait,22,Rococo,1382,2128,RGB,d4f4c269c426b2db,5418,1
27867,24,leonardo-da-vinci,6,portrait,11,High_Renaissance,1382,1599,RGB,b8c69dec4c796298,5419,1
34200,0,Unknown Artist,7,religious_painting,17,Northern_Renaissance,1934,1382,RGB,e3cd9633c41c4979,5420,1
20954,0,Unknown Artist,2,genre_painting,17,Northern_Renaissance,1382,1931,RGB,e6e699588d275499,5421,1
70708,0,Unknown Artist,10,Unknown Genre,22,Rococo,2216,1382,RGB,e9ec4a22f85c9959,5422,1
39936,121,el-greco,6,portrait,13,Mannerism_Late_Renaissance,1382,1509,RGB,de963069c99336cc,5423,1
4994,20,rembrandt,7,religious_painting,4,Baroque,1382,2079,RGB,c87a3ba8ace2a1bc,5424,1
29435,0,Unknown Artist,4,landscape,11,High_Renaissance,1740,1382,RGB,cf83e071e178f832,5425,1
43674,0,Unknown Artist,7,religious_painting,8,Early_Renaissance,1651,1382,RGB,c564661a5a4f13b7,5426,1
47161,24,leonardo-da-vinci,8,sketch_and_study,11,High_Renaissance,1382,1899,RGB,b8fa87a55092a6cd,5427,1
46198,116,frans-hals,6,portrait,4,Baroque,1382,1723,RGB,a6ac5edb93e0488d,5428,1
56929,82,paolo-veronese,7,religious_painting,13,Mannerism_Late_Renaissance,1442,1382,RGB,a67c1daa83479c74,5429,1
42529,0,Unknown Artist,2,genre_painting,4,Baroque,1382,1571,RGB,c1303c9f33cfb870,5430,1
17971,25,albrecht-durer,7,religious_painting,17,Northern_Renaissance,1382,1795,RGB,8f91b43ac3ce7864,5431,1
57020,82,paolo-veronese,7,religious_painting,13,Mannerism_Late_Renaissance,2101,1382,RGB,d91179765a0dae94,5432,1
9206,25,albrecht-durer,8,sketch_and_study,17,Northern_Renaissance,2078,1382,RGB,fc3198ce64e691c3,5433,1
22165,0,Unknown Artist,8,sketch_and_study,13,Mannerism_Late_Renaissance,1382,2293,RGB,886c0f587bf0f331,5434,1
45453,0,Unknown Artist,7,religious_painting,4,Baroque,1883,1382,RGB,99eb33136a8c4e33,5435,1
17577,20,rembrandt,7,religious_painting,4,Baroque,1382,1689,RGB,da3966c4903bec39,5436,1
28645,0,Unknown Artist,7,religious_painting,17,Northern_Renaissance,1382,1983,RGB,9af26e27cc183e2c,5437,1
45974,0,Unknown Artist,7,religious_painting,8,Early_Renaissance,1382,1693,RGB,f58302a51e7c76b4,5438,1
25221,0,Unknown Artist,6,portrait,8,Early_Renaissance,1382,1791,RGB,8e4ca7b07aa26379,5439,1
44647,77,titian,7,religious_painting,13,Mannerism_Late_Renaissance,1382,1696,RGB,c03e33e1cee4389e,5440,1
12525,25,albrecht-durer,4,landscape,17,Northern_Renaissance,1760,1382,RGB,eaa5951ae84f03f4,5441,1
56946,82,paolo-veronese,7,religious_painting,13,Mannerism_Late_Renaissance,1723,1382,RGB,c68ff9d825d0c3c1,5442,1
56544,0,Unknown Artist,7,religious_painting,8,Early_Renaissance,1382,1974,RGB,8d9f5226ce95d522,5443,1
30654,83,joshua-reynolds,6,portrait,22,Rococo,1382,1794,RGB,cc3630d363cc3d99,5444,1
28223,0,Unknown Artist,6,portrait,22,Rococo,1382,1756,RGB,9c6d62933b61ce98,5445,1
32011,0,Unknown Artist,7,religious_painting,4,Baroque,1382,1875,RGB,b8f443c7ac1fe10c,5446,1
56434,0,Unknown Artist,7,religious_painting,11,High_Renaissance,1382,2685,RGB,a373d5619e4c3c2a,5447,1
81132,0,Unknown Artist,10,Unknown Genre,17,Northern_Renaissance,1382,1742,RGB,aceab3f1c4c47191,5448,1
31818,0,Unknown Artist,7,religious_painting,8,Early_Renaissance,1382,1878,RGB,87b4b9c443d85b39,5449,1
55860,0,Unknown Artist,7,religious_painting,8,Early_Renaissance,1382,1497,RGB,d1d0184f27a5cdb5,5450,1
27871,67,tintoretto,7,religious_painting,13,Mannerism_Late_Renaissance,2991,1382,RGB,cd363be8c73a6c80,5451,1
56368,0,Unknown Artist,7,religious_painting,8,Early_Renaissance,1382,1994,RGB,dd70a10e466fe03d,5452,1
55741,38,fra-angelico,7,religious_painting,8,Early_Renaissance,1382,2406,RGB,9f41013e4b3f386d,5453,1
57044,67,tintoretto,7,religious_painting,13,Mannerism_Late_Renaissance,1382,2386,RGB,ba95676ac89de062,5454,1
35768,0,Unknown Artist,6,portrait,22,Rococo,1382,1703,RGB,d5fae523709cc816,5455,1
40509,24,leonardo-da-vinci,8,sketch_and_study,11,High_Renaissance,1382,1683,RGB,e70b64969627959a,5456,1
38887,0,Unknown Artist,7,religious_painting,8,Early_Renaissance,1845,1382,RGB,c00f1f417819e7fc,5457,1
11039,20,rembrandt,2,genre_painting,4,Baroque,1382,2012,RGB,bfd2e01bc91cd264,5458,1
56294,0,Unknown Artist,7,religious_painting,17,Northern_Renaissance,1382,1741,RGB,8dbcdd40322db9c3,5459,1
31781,121,el-greco,7,religious_painting,13,Mannerism_Late_Renaissance,1382,2985,RGB,8dfb17e16b10398a,5460,1
65985,77,titian,6,portrait,13,Mannerism_Late_Renaissance,1382,1684,RGB,84ac3833724b75be,5461,1
49578,125,jacob-jordaens,6,portrait,4,Baroque,1382,1712,RGB,c81d6236d99dcc9c,5462,1
36831,0,Unknown Artist,7,religious_painting,8,Early_Renaissance,1382,2145,RGB,9eac6696fae83062,5463,1
62165,114,anthony-van-dyck,8,sketch_and_study,4,Baroque,1786,1382,RGB,f0600d2d27db879e,5464,1
65953,0,Unknown Artist,6,portrait,11,High_Renaissance,1785,1382,RGB,946b1fa4439a33b5,5465,1
79375,0,Unknown Artist,10,Unknown Genre,11,High_Renaissance,2256,1382,RGB,879a98e3734c81cf,5466,1
29053,0,Unknown Artist,7,religious_painting,8,Early_Renaissance,1382,3295,RGB,be13e8d2dc242a57,5467,1
32298,0,Unknown Artist,7,religious_painting,8,Early_Renaissance,1382,1451,RGB,ea0da92ab5a595b1,5468,1
46032,0,Unknown Artist,7,religious_painting,8,Early_Renaissance,1382,1946,RGB,9d177263a34ce658,5469,1
74084,0,Unknown Artist,10,Unknown Genre,17,Northern_Renaissance,1382,2873,RGB,990a367c23f326e6,5470,1
22099,0,Unknown Artist,6,portrait,22,Rococo,1382,1989,RGB,ce8d323113fc31b3,5471,1
79359,0,Unknown Artist,10,Unknown Genre,11,High_Renaissance,1481,1382,RGB,cc2f27747a993286,5472,1
57122,0,Unknown Artist,7,religious_painting,4,Baroque,1382,2952,RGB,beca69321469c6d6,5473,1
2617,20,rembrandt,2,genre_painting,4,Baroque,1382,1487,RGB,a3cc8e639929cd33,5474,1
44885,0,Unknown Artist,7,religious_painting,8,Early_Renaissance,7222,1382,RGB,ca935f246683c95e,5475,1
65056,67,tintoretto,6,portrait,13,Mannerism_Late_Renaissance,1382,1654,RGB,8b2cd9667476c619,5476,1
25880,87,michelangelo,8,sketch_and_study,11,High_Renaissance,2163,1381,RGB,b732871ce02f0d97,5477,1
29936,0,Unknown Artist,6,portrait,11,High_Renaissance,1382,1675,RGB,fc954ba2c7ce9409,5478,1
2611,20,rembrandt,7,religious_painting,4,Baroque,1753,1382,RGB,bac6b719e039c934,5479,1
8421,0,Unknown Artist,10,Unknown Genre,17,Northern_Renaissance,1382,1629,RGB,ed94c00b0e769f63,5480,1
61559,0,Unknown Artist,9,still_life,4,Baroque,1985,1382,RGB,934abce437e74831,5481,1
52035,77,titian,6,portrait,13,Mannerism_Late_Renaissance,1382,1842,RGB,99d84b2536762b4d,5482,1
69858,0,Unknown Artist,10,Unknown Genre,11,High_Renaissance,1382,1564,RGB,ece31dcd712ce441,5483,1
55790,0,Unknown Artist,7,religious_painting,8,Early_Renaissance,1382,1614,RGB,8ff1f338c466940e,5484,1
36342,0,Unknown Artist,6,portrait,11,High_Renaissance,1382,1809,RGB,cff82738c684ce98,5485,1
9312,20,rembrandt,2,genre_painting,4,Baroque,2273,1382,RGB,ee66d29da198e198,3311,2
35163,0,Unknown Artist,7,religious_painting,17,Northern_Renaissance,2120,1382,RGB,87996c26987d31c7,5486,1
40830,0,Unknown Artist,6,portrait,17,Northern_Renaissance,1382,1867,RGB,dcc9cc243429bbd3,5487,1
21956,0,Unknown Artist,7,religious_painting,8,Early_Renaissance,1382,1875,RGB,a9357f899628353a,5488,1
4684,25,albrecht-durer,7,religious_painting,17,Northern_Renaissance,1382,1679,RGB,cc8da6f892259f62,5489,1
17665,20,rembrandt,6,portrait,4,Baroque,1382,1744,RGB,cce0a3879c9edc19,1807,2
38257,0,Unknown Artist,7,religious_painting,11,High_Renaissance,1382,1656,RGB,f9f03e03391cf911,5490,1
18139,25,albrecht-durer,6,portrait,17,Northern_Renaissance,1382,2801,RGB,c0c31b2e3c3d2f39,5491,1
49552,38,fra-angelico,7,religious_painting,8,Early_Renaissance,1382,4073,RGB,bec101c74f3a4b5a,5492,1
10549,20,rembrandt,2,genre_painting,4,Baroque,1382,1812,RGB,b7d2492dfa006fc2,5493,1
36098,0,Unknown Artist,7,religious_painting,17,Northern_Renaissance,1382,1962,RGB,e9561669c11ee7a1,5494,1
56011,23,hieronymus-bosch,7,religious_painting,17,Northern_Renaissance,1382,2081,RGB,c8fbf84c24b63790,5495,1
30445,67,tintoretto,7,religious_painting,13,Mannerism_Late_Renaissance,1382,2005,RGB,c46d52cea5934f32,5496,1
26051,0,Unknown Artist,7,religious_painting,8,Early_Renaissance,1947,1382,RGB,af7eb015918ad9c8,5497,1
40650,128,canaletto,4,landscape,22,Rococo,2365,1382,RGB,939b3c20d04aacff,4099,2
55250,0,Unknown Artist,2,genre_painting,22,Rococo,1382,1714,RGB,c3d83a23b55c8a7a,5498,1
23406,0,Unknown Artist,7,religious_painting,8,Early_Renaissance,2725,1382,RGB,b986339d0e7e1233,5499,1
45127,0,Unknown Artist,6,portrait,4,Baroque,1794,1382,RGB,dc73218c32f9e649,5500,1
71433,0,Unknown Artist,10,Unknown Genre,13,Mannerism_Late_Renaissance,1784,1382,RGB,cd480a9f2c9af758,5501,1
27139,24,leonardo-da-vinci,8,sketch_and_study,11,High_Renaissance,1382,1737,RGB,d72985dc170353ec,5502,1
6522,20,rembrandt,8,sketch_and_study,4,Baroque,1382,1417,RGB,93a44c79be5dc438,5503,1
56767,0,Unknown Artist,7,religious_painting,4,Baroque,1382,1995,RGB,b38cc6fb0e079878,5504,1
23608,82,paolo-veronese,7,religious_painting,13,Mannerism_Late_Renaissance,1382,1827,RGB,ccd83ae4f3c97025,5505,1
49137,0,Unknown Artist,6,portrait,4,Baroque,1382,1780,RGB,cc8c3373319ce663,5506,1
37938,0,Unknown Artist,7,religious_painting,8,Early_Renaissance,1382,1900,RGB,ad7b31e19468a4c7,5507,1
21074,0,Unknown Artist,6,portrait,22,Rococo,1382,2275,RGB,d96b241486e4f92f,5508,1
36123,0,Unknown Artist,7,religious_painting,4,Baroque,1382,2206,RGB,ccf1310c63f1c637,5509,1
75419,0,Unknown Artist,10,Unknown Genre,11,High_Renaissance,1382,1672,RGB,93196c659e9318e7,5510,1
23158,0,Unknown Artist,7,religious_painting,8,Early_Renaissance,1382,2002,RGB,811f1468fe6a8f5c,5511,1
68231,0,Unknown Artist,10,Unknown Genre,13,Mannerism_Late_Renaissance,3471,1382,RGB,eac0c426bf95f870,5512,1
79353,0,Unknown Artist,10,Unknown Genre,11,High_Renaissance,1934,1382,RGB,c2c786bc1b89c8f6,5513,1
49096,121,el-greco,7,religious_painting,13,Mannerism_Late_Renaissance,1382,1793,RGB,99447968a3e64f9a,5514,1
56926,0,Unknown Artist,7,religious_painting,13,Mannerism_Late_Renaissance,1382,2108,RGB,9f0487f75029587d,5515,1
9712,25,albrecht-durer,5,nude_painting,17,Northern_Renaissance,1382,2179,RGB,acc6f337cc6c00f1,5516,1
39374,0,Unknown Artist,7,religious_painting,22,Rococo,1382,2752,RGB,c063699c36365dce,5517,1
35861,0,Unknown Artist,7,religious_painting,13,Mannerism_Late_Renaissance,1842,1382,RGB,9f5948af222e4bf0,5518,1
36610,69,raphael,8,sketch_and_study,11,High_Renaissance,1426,1382,RGB,d6a8ad66d83dd221,5519,1
20207,0,Unknown Artist,7,religious_painting,8,Early_Renaissance,1382,3995,RGB,a495b173d363a466,5520,1
49733,38,fra-angelico,7,religious_painting,8,Early_Renaissance,1382,2007,RGB,942b69c6aa7be146,5521,1
56333,58,pietro-perugino,7,religious_painting,11,High_Renaissance,1382,2563,RGB,db181e4b28f835e5,5522,1
51020,116,frans-hals,6,portrait,4,Baroque,1382,1723,RGB,ee8e49713333c28e,5523,1
43349,121,el-greco,7,religious_painting,13,Mannerism_Late_Renaissance,1382,1869,RGB,c45f5860b66737b0,5524,1
63200,0,Unknown Artist,6,portrait,22,Rococo,1382,1717,RGB,b4c94f2732b66e24,5525,1
4502,20,rembrandt,10,Unknown Genre,4,Baroque,1382,1729,RGB,9232ec0de39a86fa,5526,1
44784,0,Unknown Artist,2,genre_painting,22,Rococo,2009,1382,RGB,95627a85324eb9b5,5527,1
26110,0,Unknown Artist,5,nude_painting,13,Mannerism_Late_Renaissance,1382,1659,RGB,d9b163461ede403b,5528,1
55734,38,fra-angelico,7,religious_painting,8,Early_Renaissance,1584,1382,RGB,fbabc6b28195d444,5529,1
50284,0,Unknown Artist,6,portrait,22,Rococo,1382,1798,RGB,d369368c34e913d3,5530,1
3418,0,Unknown Artist,10,Unknown Genre,17,Northern_Renaissance,1573,1382,RGB,ea730b1fd10cb6c4,5531,1
23528,116,frans-hals,6,portrait,4,Baroque,1382,1669,RGB,c8b670c39fc835c6,5532,1
35146,82,paolo-veronese,7,religious_painting,13,Mannerism_Late_Renaissance,1382,1612,RGB,a039949f1d4a4f37,5533,1
39341,110,joseph-wright,6,portrait,22,Rococo,1382,1736,RGB,85ae59602f9d7899,5534,1
65240,0,Unknown Artist,6,portrait,17,Northern_Renaissance,1382,1609,RGB,c9dc2635f36264e1,5535,1
39353,0,Unknown Artist,3,illustration,8,Early_Renaissance,2786,1382,RGB,bfbaa4ec8a6dc804,5536,1
53344,0,Unknown Artist,2,genre_painting,22,Rococo,1858,1382,RGB,995164899c76db63,5537,1
36965,0,Unknown Artist,6,portrait,13,Mannerism_Late_Renaissance,1381,1688,RGB,e18dc02d2bf317c3,5538,1
69689,0,Unknown Artist,10,Unknown Genre,11,High_Renaissance,1382,1651,RGB,cab0414eb2f38e73,5539,1
5841,20,rembrandt,7,religious_painting,4,Baroque,1382,1960,RGB,bfb5f04ae1678442,5540,1
79379,0,Unknown Artist,10,Unknown Genre,11,High_Renaissance,1382,2550,RGB,8468b136e93ec367,5541,1
73436,0,Unknown Artist,10,Unknown Genre,4,Baroque,1382,1838,RGB,cc8d69f136c6d306,5542,1
19823,0,Unknown Artist,4,landscape,4,Baroque,2406,1382,RGB,d58a1f3762194b56,5543,1
36447,0,Unknown Artist,7,religious_painting,11,High_Renaissance,1633,1382,RGB,a95566eb7169684a,5544,1
43208,116,frans-hals,6,portrait,4,Baroque,1382,1689,RGB,8c0b31e74e3dc1cd,5545,1
64432,0,Unknown Artist,6,portrait,17,Northern_Renaissance,1382,1973,RGB,cf4d344d96699a70,5546,1
63001,83,joshua-reynolds,6,portrait,22,Rococo,1382,2282,RGB,937b6c9482623b9d,5547,1
57123,82,paolo-veronese,7,religious_painting,13,Mannerism_Late_Renaissance,1382,2409,RGB,f962840c47ed16f5,5548,1
34473,0,Unknown Artist,7,religious_painting,11,High_Renaissance,1382,2656,RGB,bed755066225345b,5549,1
10680,20,rembrandt,6,portrait,4,Baroque,1382,1796,RGB,bd94c24bc7613c9c,5550,1
65729,0,Unknown Artist,6,portrait,22,Rococo,1382,1757,RGB,8d9c73661333c69c,5551,2
32409,0,Unknown Artist,7,religious_painting,11,High_Renaissance,1915,1382,RGB,edb4b1580b4ebc52,5552,1
49563,77,titian,7,religious_painting,13,Mannerism_Late_Renaissance,1382,1445,RGB,d9931bd8b3a6d203,5553,1
78583,0,Unknown Artist,10,Unknown Genre,4,Baroque,1785,1382,RGB,c2db24649c87995f,5554,1
31435,0,Unknown Artist,7,religious_painting,13,Mannerism_Late_Renaissance,1382,1822,RGB,c51b1ee1586eb354,5555,1
38169,0,Unknown Artist,6,portrait,13,Mannerism_Late_Renaissance,1382,1762,RGB,cd4b9563d265ca8c,5556,1
79398,0,Unknown Artist,10,Unknown Genre,11,High_Renaissance,2072,1382,RGB,c0255b7e01ff2758,5557,1
22745,0,Unknown Artist,7,religious_painting,17,Northern_Renaissance,1382,1784,RGB,a5a6d033ac933b93,5558,1
50547,0,Unknown Artist,4,landscape,22,Rococo,1877,1382,RGB,da8b7d264c331369,5559,1
18165,25,albrecht-durer,7,religious_painting,17,Northern_Renaissance,1382,1900,RGB,809fc6512f277563,5560,1
55607,0,Unknown Artist,7,religious_painting,11,High_Renaissance,1382,1853,RGB,c42f3b9ce8711c33,5561,1
70891,0,Unknown Artist,10,Unknown Genre,11,High_Renaissance,1382,2945,RGB,adc0f2b1c8c7e8b4,5562,1
21522,0,Unknown Artist,6,portrait,4,Baroque,1382,1790,RGB,88897336e6cd1b39,5563,1
35998,83,joshua-reynolds,6,portrait,22,Rococo,1382,1723,RGB,9469a3972a79cc93,5564,1
19299,0,Unknown Artist,2,genre_painting,4,Baroque,1382,1608,RGB,90604d1e6dddb696,5565,1
73666,0,Unknown Artist,10,Unknown Genre,22,Rococo,1382,1500,RGB,c4322fc1b939cce6,5566,1
55889,38,fra-angelico,7,religious_painting,8,Early_Renaissance,2337,1382,RGB,d4b209d1eea1e794,5567,1
56218,77,titian,7,religious_painting,13,Mannerism_Late_Renaissance,1487,1382,RGB,bad109dc405beec6,5568,1
63436,77,titian,6,portrait,11,High_Renaissance,1382,2230,RGB,8c8e617393a63c79,4938,2
78560,0,Unknown Artist,10,Unknown Genre,4,Baroque,2132,1382,RGB,89a3a726aec899d9,5569,1
42124,0,Unknown Artist,7,religious_painting,11,High_Renaissance,1382,1685,RGB,b253f5d40768993c,5570,1
81159,0,Unknown Artist,10,Unknown Genre,17,Northern_Renaissance,1382,2005,RGB,f41afb2cc42bc13c,5571,1
36515,0,Unknown Artist,2,genre_painting,22,Rococo,1382,1762,RGB,966969d6b46419d3,5572,1
56647,0,Unknown Artist,7,religious_painting,17,Northern_Renaissance,1382,2010,RGB,bf3fc54c9013c0dc,5573,1
29832,117,hans-holbein-the-younger,6,portrait,17,Northern_Renaissance,1404,1382,RGB,bb68f966e025a2c6,5574,1
51413,125,jacob-jordaens,7,religious_painting,4,Baroque,1999,1382,RGB,959394b86e0da9bc,5575,1
57018,0,Unknown Artist,7,religious_painting,8,Early_Renaissance,1382,1773,RGB,af8dc57af030903b,5576,1
79397,0,Unknown Artist,10,Unknown Genre,11,High_Renaissance,2374,1382,RGB,c1277ef043d88d39,5577,1
51411,0,Unknown Artist,6,portrait,13,Mannerism_Late_Renaissance,1382,1701,RGB,8e143f9172b30a7d,5578,1
28892,0,Unknown Artist,5,nude_painting,4,Baroque,1382,1832,RGB,f2329177ea0e8c69,5579,1
73868,0,Unknown Artist,10,Unknown Genre,13,Mannerism_Late_Renaissance,1768,1382,RGB,beee82acb0f0da41,5580,1
50706,0,Unknown Artist,6,portrait,13,Mannerism_Late_Renaissance,1518,1382,RGB,ead0c12d9cbcd487,5581,1
45334,128,canaletto,1,cityscape,4,Baroque,1742,1382,RGB,d0c0cf39da94e13d,5582,1
39814,67,tintoretto,6,portrait,13,Mannerism_Late_Renaissance,1381,1648,RGB,995a6487346bce95,5583,1
50745,0,Unknown Artist,6,portrait,22,Rococo,1382,1673,RGB,8cbc33c77438c9cc,1218,2
72501,0,Unknown Artist,10,Unknown Genre,13,Mannerism_Late_Renaissance,1382,1400,RGB,b5358639cb5a494e,5584,1
71992,0,Unknown Artist,10,Unknown Genre,4,Baroque,1718,1382,RGB,b5cf28d142a4d937,5585,1
64964,117,hans-holbein-the-younger,6,portrait,17,Northern_Renaissance,1382,1737,RGB,c8f066669bc73cc8,5586,1
32723,103,hans-memling,7,religious_painting,17,Northern_Renaissance,2746,1382,RGB,99e407ae461fc4ec,5587,1
47808,29,lucas-cranach-the-elder,6,portrait,17,Northern_Renaissance,1382,2062,RGB,faeaa3271c5c2525,5588,1
29023,24,leonardo-da-vinci,7,religious_painting,11,High_Renaissance,1382,1876,RGB,c6a639d9c6349cc3,5589,1
73381,0,Unknown Artist,10,Unknown Genre,4,Baroque,2762,1382,RGB,ebebd0111f3ccc06,5590,1
51475,0,Unknown Artist,6,portrait,22,Rococo,1382,1820,RGB,dccc2333648ecec9,5591,1
19238,0,Unknown Artist,1,cityscape,22,Rococo,2567,1382,RGB,95833a57b16a1e95,5592,1
56493,0,Unknown Artist,7,religious_painting,13,Mannerism_Late_Renaissance,1643,1382,RGB,c70eb66c9653b069,5593,1
56075,0,Unknown Artist,7,religious_painting,13,Mannerism_Late_Renaissance,1382,2048,RGB,d3c90646ef3c1971,5594,1
27982,0,Unknown Artist,6,portrait,22,Rococo,1382,2311,RGB,845e71695ea51673,5595,1
42819,0,Unknown Artist,7,religious_painting,17,Northern_Renaissance,1382,1800,RGB,9aec318267674d66,5596,1
36938,117,hans-holbein-the-younger,7,religious_painting,17,Northern_Renaissance,1623,1382,RGB,c733a81d3c92d92e,5597,1
65775,0,Unknown Artist,6,portrait,22,Rococo,1382,1709,RGB,c93d2117ecf07389,5598,1
56229,77,titian,7,religious_painting,11,High_Renaissance,1382,2004,RGB,e394c9cb942e8dc3,5599,1
26063,103,hans-memling,7,religious_painting,17,Northern_Renaissance,3997,1382,RGB,a33d06528f689db9,5600,1
52569,0,Unknown Artist,7,religious_painting,8,Early_Renaissance,1382,2159,RGB,f8e09e35e2bc508e,5601,1
54010,0,Unknown Artist,2,genre_painting,22,Rococo,1382,1830,RGB,acb213853f587966,5602,1
41505,0,Unknown Artist,7,religious_painting,17,Northern_Renaissance,1382,1972,RGB,c7b9e0073c9ba9c1,5603,1
69006,0,Unknown Artist,10,Unknown Genre,13,Mannerism_Late_Renaissance,2831,1382,RGB,922692ed2dd96d13,5604,1
55700,61,bartolome-esteban-murillo,7,religious_painting,4,Baroque,1807,1382,RGB,8d3851c65e71ce8b,5605,1
43824,0,Unknown Artist,6,portrait,4,Baroque,1382,1619,RGB,c62738d06de3659c,5606,1
74952,0,Unknown Artist,10,Unknown Genre,13,Mannerism_Late_Renaissance,1382,1570,RGB,c9cc2cb333333663,5607,1
56305,38,fra-angelico,7,religious_painting,8,Early_Renaissance,2158,1382,RGB,87ac491f6e43ad49,5608,1
24700,83,joshua-reynolds,6,portrait,22,Rococo,1382,2215,RGB,d0cf25f01f04f29b,5609,1
80018,0,Unknown Artist,10,Unknown Genre,22,Rococo,1743,1382,RGB,c3fa364d16709137,5610,1
31949,82,paolo-veronese,7,religious_painting,13,Mannerism_Late_Renaissance,1382,1828,RGB,bf947462c135d26a,5611,1
37004,82,paolo-veronese,8,sketch_and_study,13,Mannerism_Late_Renaissance,3843,1382,RGB,90c74bca134c7e9b,5612,1
25647,80,peter-paul-rubens,8,sketch_and_study,4,Baroque,1382,2113,RGB,ea00b5bf8ec860bd,5613,1
8146,25,albrecht-durer,7,religious_painting,17,Northern_Renaissance,1382,1832,RGB,97c35472989c734b,5614,1
69317,0,Unknown Artist,10,Unknown Genre,11,High_Renaissance,1382,1412,RGB,a917ec3492b1cb6a,5615,1
30103,0,Unknown Artist,2,genre_painting,22,Rococo,1677,1382,RGB,873238cf7338b1c9,5616,1
47932,77,titian,6,portrait,11,High_Renaissance,1382,1801,RGB,cd18732664cead72,5617,1
56193,0,Unknown Artist,7,religious_painting,22,Rococo,1382,2839,RGB,e7be3aa1b831b460,5618,1
55819,38,fra-angelico,7,religious_painting,8,Early_Renaissance,1382,2126,RGB,ac15998c734ed3e2,5619,1
36193,0,Unknown Artist,6,portrait,13,Mannerism_Late_Renaissance,1382,1832,RGB,b23864e919c3e796,5620,1
56684,58,pietro-perugino,7,religious_painting,11,High_Renaissance,1632,1382,RGB,ce04bcccc36fcc38,5621,1
56322,0,Unknown Artist,7,religious_painting,8,Early_Renaissance,1382,1928,RGB,aed9c13762699d90,5622,1
53238,0,Unknown Artist,2,genre_painting,4,Baroque,2100,1382,RGB,8dbf5718a086d336,5623,1
39997,82,paolo-veronese,7,religious_painting,13,Mannerism_Late_Renaissance,2811,1382,RGB,934b54798f16c16e,5624,1
35479,0,Unknown Artist,6,portrait,22,Rococo,1382,1673,RGB,9d995a3233636666,5625,1
77249,0,Unknown Artist,10,Unknown Genre,11,High_Renaissance,2246,1382,RGB,87a69ccf20f08bc7,5626,1
73011,0,Unknown Artist,10,Unknown Genre,13,Mannerism_Late_Renaissance,3247,1382,RGB,db3665c83487a6e2,5627,1
487,25,albrecht-durer,7,religious_painting,17,Northern_Renaissance,1382,1899,RGB,e8f6907cf203d22b,5628,1
56830,29,lucas-cranach-the-elder,7,religious_painting,17,Northern_Renaissance,1382,2119,RGB,d3f56d1e2c22c8cc,5629,1
54121,0,Unknown Artist,2,genre_painting,17,Northern_Renaissance,1910,1382,RGB,9598cde76b23a191,5630,1
25959,0,Unknown Artist,2,genre_painting,4,Baroque,1591,1382,RGB,8179c23e2ad57ce1,5631,1
12346,20,rembrandt,8,sketch_and_study,4,Baroque,1382,1738,RGB,e9b5924ea5c6313a,5632,1
20985,0,Unknown Artist,7,religious_painting,8,Early_Renaissance,1382,1665,RGB,92ce2d956e119bd2,5633,1
55973,0,Unknown Artist,7,religious_painting,17,Northern_Renaissance,1382,1990,RGB,ecc47515c84b7476,5634,1
65658,0,Unknown Artist,6,portrait,22,Rococo,1382,1699,RGB,8d8c397377303363,5635,1
64900,0,Unknown Artist,6,portrait,8,Early_Renaissance,1383,1382,RGB,fa98a56592649e96,5636,1
26806,38,fra-angelico,7,religious_painting,8,Early_Renaissance,1385,1382,RGB,f7ef1e9c9826c0c0,5637,1
25783,0,Unknown Artist,2,genre_painting,4,Baroque,1382,1874,RGB,da71a34fac18d227,5638,1
55105,61,bartolome-esteban-murillo,2,genre_painting,4,Baroque,1633,1382,RGB,db83de4007e724f8,5639,1
52358,121,el-greco,7,religious_painting,13,Mannerism_Late_Renaissance,1401,1382,RGB,d6994de6371d6209,5640,1
56699,67,tintoretto,7,religious_painting,13,Mannerism_Late_Renaissance,2171,1382,RGB,e191c3e0f6f225ac,5641,1
64754,0,Unknown Artist,6,portrait,8,Early_Renaissance,1382,1776,RGB,cf3738323cc1cc99,4951,2
65379,0,Unknown Artist,6,portrait,4,Baroque,1382,1633,RGB,8d3e72536a698f88,5642,1
40992,0,Unknown Artist,7,religious_painting,8,Early_Renaissance,1855,1382,RGB,c9b612f32dc9e40d,5643,1
20754,0,Unknown Artist,1,cityscape,22,Rococo,2187,1382,RGB,c5af3ad22549a05f,5644,1
75990,0,Unknown Artist,10,Unknown Genre,13,Mannerism_Late_Renaissance,2000,1382,RGB,ee56314cc1690fe9,5645,1
22067,0,Unknown Artist,7,religious_painting,17,Northern_Renaissance,1832,1382,RGB,a6c78d089c79d13e,5646,1
70085,0,Unknown Artist,10,Unknown Genre,11,High_Renaissance,2502,1382,RGB,f02dad26d33e03d8,5647,1
32556,0,Unknown Artist,7,religious_painting,17,Northern_Renaissance,1382,1887,RGB,f2c38f38a51392c7,5648,1
29804,67,tintoretto,7,religious_painting,13,Mannerism_Late_Renaissance,1865,1382,RGB,9b447c4fd4783193,5649,1
36182,0,Unknown Artist,7,religious_painting,8,Early_Renaissance,1382,1705,RGB,aa69253ed7d098c5,5650,1
69145,0,Unknown Artist,10,Unknown Genre,22,Rococo,1779,1382,RGB,92b78a924f4a51e7,5651,1
55727,0,Unknown Artist,7,religious_painting,11,High_Renaissance,1541,1382,RGB,e97196066eba0a9d,5652,1
3697,20,rembrandt,6,portrait,4,Baroque,1382,1638,RGB,8e69323833c76bc6,5653,1
5923,20,rembrandt,2,genre_painting,4,Baroque,1382,2224,RGB,bfb7d039c8c8c186,5654,1
20082,0,Unknown Artist,7,religious_painting,8,Early_Renaissance,1382,2126,RGB,cf1cba53c34e984c,5655,1
26582,126,thomas-gainsborough,6,portrait,22,Rococo,1382,2186,RGB,c5d913428b079dfc,5656,1
20070,0,Unknown Artist,8,sketch_and_study,22,Rococo,1382,1474,RGB,e94ce583874eb519,5657,1
26769,0,Unknown Artist,3,illustration,4,Baroque,1382,1739,RGB,dce5e7922361703c,5658,1
70892,0,Unknown Artist,10,Unknown Genre,13,Mannerism_Late_Renaissance,1382,1382,RGB,c3cd60f35e490fe0,5659,1
44579,0,Unknown Artist,6,portrait,17,Northern_Renaissance,1382,2146,RGB,cd8ce3327119d98e,5660,1
65822,0,Unknown Artist,6,portrait,17,Northern_Renaissance,1382,1884,RGB,c62e6a91b56c7a85,5661,1
23982,0,Unknown Artist,7,religious_painting,11,High_Renaissance,1382,1662,RGB,edece294ac61d125,5662,1
75864,0,Unknown Artist,10,Unknown Genre,13,Mannerism_Late_Renaissance,1382,1718,RGB,cd6832877d1689ad,5663,1
23800,87,michelangelo,7,religious_painting,11,High_Renaissance,2043,1382,RGB,99b9cd34cc069739,5664,1
49148,82,paolo-veronese,7,religious_painting,13,Mannerism_Late_Renaissance,1382,2516,RGB,9bd14596664f38cc,5665,1
56963,0,Unknown Artist,7,religious_painting,8,Early_Renaissance,3755,1382,RGB,890d9f5a265f8c39,5666,1
43791,0,Unknown Artist,6,portrait,22,Rococo,1382,1794,RGB,8d89647773319633,5667,1
81081,0,Unknown Artist,10,Unknown Genre,17,Northern_Renaissance,3191,1382,RGB,d598b53d806aaec5,5668,1
12438,25,albrecht-durer,7,religious_painting,17,Northern_Renaissance,1381,2288,RGB,e4b98dc012cb3fcc,5669,1
63079,77,titian,6,portrait,13,Mannerism_Late_Renaissance,1382,1790,RGB,855c588e33b56733,5670,1
73771,0,Unknown Artist,10,Unknown Genre,22,Rococo,1382,1727,RGB,df58b8d607a9c846,5671,1
41864,67,tintoretto,6,portrait,13,Mannerism_Late_Renaissance,1382,1711,RGB,f9edcb0a060764f2,5672,1
38324,69,raphael,7,religious_painting,11,High_Renaissance,1382,1578,RGB,92f26c2d9f4b6413,2876,2
26884,0,Unknown Artist,8,sketch_and_study,11,High_Renaissance,1382,2403,RGB,ae95937e4368d912,5673,1
62440,0,Unknown Artist,8,sketch_and_study,22,Rococo,1382,1903,RGB,cec3b12c2637395a,5674,1
56407,0,Unknown Artist,7,religious_painting,8,Early_Renaissance,1382,1673,RGB,edb5904e917c8479,5675,1
56321,0,Unknown Artist,7,religious_painting,11,High_Renaissance,1382,1714,RGB,c7e629323839d29d,5676,1
53461,0,Unknown Artist,2,genre_painting,4,Baroque,1948,1382,RGB,8343783c7639cab9,5677,1
1181,20,rembrandt,2,genre_painting,4,Baroque,1382,2006,RGB,be98a963b312c86d,5678,1
40994,0,Unknown Artist,7,religious_painting,13,Mannerism_Late_Renaissance,1382,1382,RGB,be2cfc61c0f18396,5679,1
4718,0,Unknown Artist,10,Unknown Genre,17,Northern_Renaissance,1382,2282,RGB,e59892e58d66e236,5680,1
49810,83,joshua-reynolds,6,portrait,22,Rococo,1382,2032,RGB,db3d24ce0f4306da,5681,1
27796,0,Unknown Artist,7,religious_painting,8,Early_Renaissance,1382,2079,RGB,eefa27bc2181549c,5682,1
56416,121,el-greco,7,religious_painting,13,Mannerism_Late_Renaissance,1382,2561,RGB,8efc3961cb4156b2,5683,1
7905,25,albrecht-durer,8,sketch_and_study,17,Northern_Renaissance,1382,2366,RGB,b884c76b261e8d5e,4561,2
68748,0,Unknown Artist,10,Unknown Genre,8,Early_Renaissance,2080,1382,RGB,c4674ea32c1f6237,5684,1
25091,0,Unknown Artist,6,portrait,13,Mannerism_Late_Renaissance,1382,1878,RGB,cc1c6633337333c5,5685,1
26629,23,hieronymus-bosch,8,sketch_and_study,17,Northern_Renaissance,1836,1382,RGB,ded1b54adad4034a,5686,1
63572,0,Unknown Artist,6,portrait,22,Rococo,1382,1748,RGB,9c2d03f2731370f5,5687,1
6642,20,rembrandt,6,portrait,4,Baroque,1382,1760,RGB,8cec3393cc1c9e27,5688,1
13279,25,albrecht-durer,1,cityscape,17,Northern_Renaissance,2780,1382,RGB,c1de752b4816d939,5689,1
56593,0,Unknown Artist,7,religious_painting,8,Early_Renaissance,1382,3521,RGB,eb3cac43d0e1b742,5690,1
56440,0,Unknown Artist,7,religious_painting,13,Mannerism_Late_Renaissance,1382,1825,RGB,94e76a0d7592634b,5691,1
38860,0,Unknown Artist,7,religious_painting,8,Early_Renaissance,1825,1382,RGB,adb4d2c393c291c7,5692,1
75834,0,Unknown Artist,10,Unknown Genre,4,Baroque,1382,2407,RGB,fd8526238cfc0376,5693,1
52916,0,Unknown Artist,6,portrait,17,Northern_Renaissance,1382,2133,RGB,ff82f24b28396964,5694,1
57085,0,Unknown Artist,7,religious_painting,22,Rococo,2167,1382,RGB,d59b9360c92ce0bd,5695,1
49962,0,Unknown Artist,7,religious_painting,11,High_Renaissance,1766,1382,RGB,9c3eb37188678a1d,5696,1
44627,69,raphael,7,religious_painting,11,High_Renaissance,1382,1860,RGB,fc2f096107f0b4dc,5697,1
34211,0,Unknown Artist,6,portrait,8,Early_Renaissance,1382,1895,RGB,a3857a195466679b,5698,1
68433,0,Unknown Artist,10,Unknown Genre,4,Baroque,1896,1382,RGB,e6dc2335b6ae4065,5699,1
20632,0,Unknown Artist,8,sketch_and_study,8,Early_Renaissance,1382,3093,RGB,e8fc978334b419ca,5700,1
52243,0,Unknown Artist,7,religious_painting,11,High_Renaissance,2556,1382,RGB,c50b7a3c30736376,5701,1
44670,0,Unknown Artist,6,portrait,8,Early_Renaissance,1382,1751,RGB,95e2b839c6232e37,5702,1
50200,69,raphael,8,sketch_and_study,11,High_Renaissance,1458,1382,RGB,eac3b4b08c27913f,5703,1
44742,0,Unknown Artist,7,religious_painting,8,Early_Renaissance,1382,1861,RGB,dd18e1e64e857235,5704,1
53178,0,Unknown Artist,2,genre_painting,4,Baroque,2850,1382,RGB,c93bb63c912c934e,5705,1
39585,83,joshua-reynolds,6,portrait,22,Rococo,1382,1445,RGB,d5a99af6c21e30c3,5706,1
20083,0,Unknown Artist,7,religious_painting,11,High_Renaissance,1382,2002,RGB,a8efeb70b0959185,5707,1
72747,0,Unknown Artist,10,Unknown Genre,13,Mannerism_Late_Renaissance,1743,1382,RGB,9ce7a28040fafb66,5708,1
76141,0,Unknown Artist,10,Unknown Genre,11,High_Renaissance,1382,2640,RGB,e9463a31136d4c9f,5709,1
56575,87,michelangelo,7,religious_painting,11,High_Renaissance,1609,1382,RGB,f58faa70d34f2c80,5710,1
25862,0,Unknown Artist,7,religious_painting,11,High_Renaissance,1501,1382,RGB,fb093ec0a53e39c1,5711,1
72479,0,Unknown Artist,10,Unknown Genre,13,Mannerism_Late_Renaissance,1382,1715,RGB,c26936271f9065db,5712,1
33550,58,pietro-perugino,7,religious_painting,11,High_Renaissance,2647,1382,RGB,af1e6035948ad73a,5713,1
58503,0,Unknown Artist,1,cityscape,17,Northern_Renaissance,1625,1382,RGB,ffa49456c74a405b,5714,1
64247,67,tintoretto,6,portrait,13,Mannerism_Late_Renaissance,1382,1910,RGB,cb9e3c4963616566,5715,1
45382,0,Unknown Artist,7,religious_painting,8,Early_Renaissance,1382,1730,RGB,9a76b4d24e196b0e,5716,1
75234,0,Unknown Artist,10,Unknown Genre,11,High_Renaissance,1449,1382,RGB,b1294e56cd9af438,5717,1
30981,0,Unknown Artist,7,religious_painting,11,High_Renaissance,1832,1382,RGB,af71d22b728ae18c,3879,2
44958,0,Unknown Artist,7,religious_painting,13,Mannerism_Late_Renaissance,1382,1595,RGB,f96a6f944a29ba11,5718,1
6825,25,albrecht-durer,7,religious_painting,17,Northern_Renaissance,1382,1519,RGB,a2cd968d9925f0f2,5719,1
56498,0,Unknown Artist,7,religious_painting,8,Early_Renaissance,1382,2385,RGB,9d9c423343546fec,5720,1
56972,0,Unknown Artist,7,religious_painting,22,Rococo,2000,1382,RGB,ba82843c9b3b9ec6,5721,1
75944,0,Unknown Artist,10,Unknown Genre,22,Rococo,1954,1382,RGB,d47d370f0160c97e,5722,1
49197,103,hans-memling,7,religious_painting,17,Northern_Renaissance,1382,1771,RGB,deaf78f1a5816094,5723,1
80063,0,Unknown Artist,10,Unknown Genre,22,Rococo,1717,1382,RGB,9212ed6df526217c,5724,1
56024,0,Unknown Artist,7,religious_painting,17,Northern_Renaissance,1382,3692,RGB,91ee551937609ce6,5725,1
52277,0,Unknown Artist,7,religious_painting,8,Early_Renaissance,1449,1382,RGB,95d8e665ca58a707,5726,1
30329,0,Unknown Artist,6,portrait,22,Rococo,1382,2273,RGB,a5e05f2f6c132707,5727,1
29222,0,Unknown Artist,7,religious_painting,22,Rococo,1382,2339,RGB,c4c21e3a6f652537,5728,1
33305,0,Unknown Artist,7,religious_painting,8,Early_Renaissance,1382,1931,RGB,9d6a33a74e64c899,5729,1
74355,0,Unknown Artist,10,Unknown Genre,22,Rococo,1382,1618,RGB,cf3270cd9566c683,5730,1
70984,0,Unknown Artist,10,Unknown Genre,11,High_Renaissance,2305,1382,RGB,f0f8fc970f0bb440,5731,1
56843,0,Unknown Artist,7,religious_painting,13,Mannerism_Late_Renaissance,1382,1613,RGB,cfce3465cc1c3133,5732,1
64356,29,lucas-cranach-the-elder,6,portrait,17,Northern_Renaissance,1382,1382,RGB,b0ec13da85d2c94f,5733,1
62115,0,Unknown Artist,8,sketch_and_study,22,Rococo,1867,1381,RGB,875b7897c1c91e2c,5734,1
17977,25,albrecht-durer,7,religious_painting,17,Northern_Renaissance,1382,1799,RGB,f9b9c060e0df2d13,5735,1
75572,0,Unknown Artist,10,Unknown Genre,11,High_Renaissance,1382,1448,RGB,dd086ca506de2f71,5736,1
36902,0,Unknown Artist,7,religious_painting,8,Early_Renaissance,1382,2838,RGB,b9cd78698e92712c,5737,1
73327,0,Unknown Artist,10,Unknown Genre,4,Baroque,1857,1382,RGB,99f265cd826a96c9,5738,1
40316,0,Unknown Artist,7,religious_painting,13,Mannerism_Late_Renaissance,1382,3952,RGB,d0d3ef6cc4e4e442,5739,1
34658,0,Unknown Artist,7,religious_painting,8,Early_Renaissance,1382,3156,RGB,af3670cfd8384e30,5740,1
6033,25,albrecht-durer,7,religious_painting,17,Northern_Renaissance,1382,1828,RGB,cc0fb5703733f00e,5741,1
17680,20,rembrandt,7,religious_painting,4,Baroque,1381,2039,RGB,c3381fe6382f87b0,5742,1
56728,24,leonardo-da-vinci,7,religious_painting,11,High_Renaissance,1382,1801,RGB,b31d75f26046d8a9,5743,1
21219,0,Unknown Artist,6,portrait,13,Mannerism_Late_Renaissance,1382,1673,RGB,cc917333cccf03a6,5744,1
29083,77,titian,7,religious_painting,13,Mannerism_Late_Renaissance,1382,1578,RGB,ef7438e9c5839c18,5745,1
56932,69,raphael,7,religious_painting,11,High_Renaissance,1382,1684,RGB,966933c76c9293cc,5746,1
31967,0,Unknown Artist,7,religious_painting,8,Early_Renaissance,3175,1382,RGB,dd07676803f623b8,5747,1
3112,20,rembrandt,10,Unknown Genre,4,Baroque,1382,1768,RGB,becce133904ec699,5748,1
19653,82,paolo-veronese,7,religious_painting,13,Mannerism_Late_Renaissance,1382,2010,RGB,aa381e43b5b64b2d,5749,1
24971,116,frans-hals,6,portrait,4,Baroque,1382,1908,RGB,d9240cfb631067cf,5750,1
27233,0,Unknown Artist,7,religious_painting,4,Baroque,1382,1886,RGB,f8c7908aa7e259b4,5751,1
56380,0,Unknown Artist,7,religious_painting,17,Northern_Renaissance,1799,1382,RGB,992d16dacca24b9d,5752,1
55868,0,Unknown Artist,7,religious_painting,13,Mannerism_Late_Renaissance,1382,2034,RGB,adbaea4143c4ceb8,5753,1
17714,20,rembrandt,5,nude_painting,4,Baroque,2230,1382,RGB,e8da93648679ad86,5754,1
9451,25,albrecht-durer,6,portrait,17,Northern_Renaissance,1382,2039,RGB,f2a316ccc93599ca,5755,1
24616,0,Unknown Artist,7,religious_painting,13,Mannerism_Late_Renaissance,1957,1382,RGB,ba80dbd9e45bc01b,5756,1
63313,0,Unknown Artist,6,portrait,13,Mannerism_Late_Renaissance,1382,1691,RGB,9a6d6d66d89133c2,5757,1
79407,0,Unknown Artist,10,Unknown Genre,11,High_Renaissance,1382,1969,RGB,8b3ad456f52a6b41,5758,1
75180,0,Unknown Artist,10,Unknown Genre,22,Rococo,1382,1967,RGB,d89c3679e62d320d,5759,1
38131,38,fra-angelico,7,religious_painting,8,Early_Renaissance,2633,1382,RGB,c9c0a13e35cdc52f,5760,1
1306,0,Unknown Artist,10,Unknown Genre,17,Northern_Renaissance,1874,1382,RGB,bf84c1d2875bd40b,5761,1
23877,0,Unknown Artist,6,portrait,22,Rococo,1382,1909,RGB,996867963ae1ce98,5762,1
338,0,Unknown Artist,10,Unknown Genre,17,Northern_Renaissance,1425,1382,RGB,a41b9b24eb4ee29a,5763,1
63774,0,Unknown Artist,6,portrait,22,Rococo,1382,1842,RGB,be84433bb16ac52e,5764,1
41006,0,Unknown Artist,2,genre_painting,22,Rococo,1534,1382,RGB,9b9307ec64cc7f80,5765,1
56183,58,pietro-perugino,7,religious_painting,11,High_Renaissance,1382,1421,RGB,9d493635cb98a536,5766,1
45600,24,leonardo-da-vinci,8,sketch_and_study,11,High_Renaissance,1382,1692,RGB,90ea31879ed0ca6f,5767,1
43547,0,Unknown Artist,2,genre_painting,4,Baroque,1382,1803,RGB,dcf62b6b1b2b8490,5768,1
39183,77,titian,7,religious_painting,11,High_Renaissance,1419,1382,RGB,8b7751ac4492cdb5,5769,1
69379,0,Unknown Artist,10,Unknown Genre,22,Rococo,1667,1382,RGB,90f6de87ea1286b1,5770,1
46438,82,paolo-veronese,7,religious_painting,13,Mannerism_Late_Renaissance,1382,2391,RGB,d9bc924c323b8dc3,5771,1
55841,0,Unknown Artist,7,religious_painting,4,Baroque,1382,2290,RGB,b4b34e875015eb69,5772,1
65864,0,Unknown Artist,6,portrait,11,High_Renaissance,1382,1784,RGB,c039d62bfa28e965,5773,1
79390,0,Unknown Artist,10,Unknown Genre,11,High_Renaissance,1382,1903,RGB,c29775e14d46174d,5774,1
46968,0,Unknown Artist,7,religious_painting,17,Northern_Renaissance,1783,1382,RGB,ca1cb431ee6ba722,5775,1
31124,0,Unknown Artist,6,portrait,22,Rococo,1382,1824,RGB,984c2de672bc43e9,5776,1
10712,20,rembrandt,8,sketch_and_study,4,Baroque,1382,1801,RGB,bb0c62b1e61e8dc6,5777,1
56996,67,tintoretto,7,religious_painting,13,Mannerism_Late_Renaissance,1970,1382,RGB,de190a876c6a96d9,5778,1
25469,0,Unknown Artist,7,religious_painting,11,High_Renaissance,1382,1716,RGB,c3736c183c1ba3cd,5779,1
80528,0,Unknown Artist,10,Unknown Genre,8,Early_Renaissance,1893,1382,RGB,eb9e94e4987390c9,5780,1
55920,58,pietro-perugino,7,religious_painting,8,Early_Renaissance,1541,1382,RGB,d48583e1c77a783a,5781,1
10593,25,albrecht-durer,6,portrait,17,Northern_Renaissance,1382,2135,RGB,bcbbc0e665ca9c42,5782,1
5456,25,albrecht-durer,8,sketch_and_study,17,Northern_Renaissance,1382,1543,RGB,ef8994d624339b2c,5783,1
75614,0,Unknown Artist,10,Unknown Genre,13,Mannerism_Late_Renaissance,1382,2410,RGB,b9aabdf0a9e5a050,5784,1
27353,24,leonardo-da-vinci,8,sketch_and_study,11,High_Renaissance,1964,1381,RGB,b9a9c6c6038378fc,5785,1
18045,25,albrecht-durer,7,religious_painting,17,Northern_Renaissance,1382,1893,RGB,a663e1665a785cc3,5786,1
56153,0,Unknown Artist,7,religious_painting,4,Baroque,1806,1382,RGB,c43c1523f372916f,5787,1
48856,23,hieronymus-bosch,7,religious_painting,17,Northern_Renaissance,1382,1721,RGB,b2136c0ed68bb29e,5788,1
76525,0,Unknown Artist,10,Unknown Genre,11,High_Renaissance,1382,1805,RGB,bc64c19236a769f2,5789,1
44764,0,Unknown Artist,7,religious_painting,8,Early_Renaissance,1382,1950,RGB,bf1a672470599b61,5790,1
48844,0,Unknown Artist,6,portrait,22,Rococo,1382,1744,RGB,cc183f722736e193,5791,1
39423,0,Unknown Artist,7,religious_painting,17,Northern_Renaissance,1382,1911,RGB,d20d3db267c638b4,5792,1
37818,0,Unknown Artist,2,genre_painting,22,Rococo,1582,1382,RGB,98a3657792d8dc49,5793,1
76354,0,Unknown Artist,10,Unknown Genre,11,High_Renaissance,1382,1839,RGB,ee4db136c13384ce,5794,1
18157,25,albrecht-durer,3,illustration,17,Northern_Renaissance,1382,1737,RGB,aa68c10ebd437e36,5795,1
52900,0,Unknown Artist,7,religious_painting,4,Baroque,1382,1837,RGB,9c4f76323959259a,5796,1
39583,0,Unknown Artist,2,genre_painting,22,Rococo,1382,1759,RGB,8c72334c9c697766,5797,1
62306,24,leonardo-da-vinci,8,sketch_and_study,11,High_Renaissance,1382,1691,RGB,b691c0cf8f369833,5798,1
31050,114,anthony-van-dyck,6,portrait,4,Baroque,1382,2048,RGB,d849653672ca96d6,5799,1
80093,0,Unknown Artist,10,Unknown Genre,22,Rococo,2239,1382,RGB,d3d424cb49b71cc3,5800,1
39813,0,Unknown Artist,7,religious_painting,13,Mannerism_Late_Renaissance,1382,1963,RGB,97a07d61a074a8bf,5801,1
31493,0,Unknown Artist,6,portrait,22,Rococo,1382,1677,RGB,d67b65c639d20265,5802,1
47711,38,fra-angelico,7,religious_painting,8,Early_Renaissance,1382,1963,RGB,d2acbce3e1418e1d,5803,1
32544,24,leonardo-da-vinci,8,sketch_and_study,11,High_Renaissance,1382,1853,RGB,8c6e69d35b9d1c90,5804,1
19755,0,Unknown Artist,7,religious_painting,8,Early_Renaissance,1382,1768,RGB,e41f8d513364987b,5805,1
47916,87,michelangelo,7,religious_painting,11,High_Renaissance,2446,1382,RGB,855e3a7768691539,5806,1
78697,0,Unknown Artist,10,Unknown Genre,4,Baroque,1382,1518,RGB,c0c1273e5b711d2f,5807,1
23774,0,Unknown Artist,6,portrait,4,Baroque,1382,1661,RGB,c168b91e3bc51eb8,5808,1
28757,0,Unknown Artist,6,portrait,22,Rococo,1382,1628,RGB,c73638917c3b3499,5809,1
30793,0,Unknown Artist,6,portrait,8,Early_Renaissance,1382,1815,RGB,8f4e313478b3b073,5810,1
67885,0,Unknown Artist,10,Unknown Genre,4,Baroque,1382,1704,RGB,cc1d6233cc339fc8,5811,1
49848,0,Unknown Artist,7,religious_painting,11,High_Renaissance,1382,1676,RGB,e561c81e7a982fc9,5812,1
41196,0,Unknown Artist,7,religious_painting,8,Early_Renaissance,1382,1696,RGB,d63a63c30ead338a,5813,1
26752,23,hieronymus-bosch,7,religious_painting,17,Northern_Renaissance,1382,1705,RGB,8bcfc3895c529a39,5814,1
64571,0,Unknown Artist,6,portrait,13,Mannerism_Late_Renaissance,1382,1940,RGB,b8ccd333c70fc419,5815,1
37119,0,Unknown Artist,6,portrait,17,Northern_Renaissance,1382,2002,RGB,e9ad7216b5c30aca,5816,1
41797,0,Unknown Artist,7,religious_painting,8,Early_Renaissance,1649,1382,RGB,fbd800e3b5330567,5817,1
9330,25,albrecht-durer,7,religious_painting,17,Northern_Renaissance,1382,2236,RGB,dec812db1179c267,5818,1
11145,20,rembrandt,7,religious_painting,4,Baroque,1382,1831,RGB,ce3c3699cd3230ce,5819,1
44297,0,Unknown Artist,7,religious_painting,13,Mannerism_Late_Renaissance,1382,2071,RGB,e80fb96e83785646,5820,1
72897,0,Unknown Artist,10,Unknown Genre,13,Mannerism_Late_Renaissance,1706,1382,RGB,97e0805f93e4aa3d,5821,1
55192,0,Unknown Artist,2,genre_painting,4,Baroque,1382,1800,RGB,cc22f703b64c9b66,5822,1
39344,0,Unknown Artist,6,portrait,11,High_Renaissance,1382,1713,RGB,997b668630699fb0,5823,1
7079,25,albrecht-durer,8,sketch_and_study,17,Northern_Renaissance,1382,1706,RGB,ea6a94f421b4b2e6,5824,1
31604,23,hieronymus-bosch,7,religious_painting,17,Northern_Renaissance,1382,1676,RGB,d7f808e65385e346,5825,1
39153,0,Unknown Artist,6,portrait,4,Baroque,1382,2531,RGB,aa80c51cf62eef0b,5826,1
63119,0,Unknown Artist,6,portrait,22,Rococo,1382,1785,RGB,844e68b173b278bd,5827,1
26901,0,Unknown Artist,6,portrait,22,Rococo,1382,1926,RGB,cb1eb43d983336c8,5828,1
26574,0,Unknown Artist,7,religious_painting,8,Early_Renaissance,1382,1851,RGB,884c5de5787a36a5,5829,1
64971,0,Unknown Artist,6,portrait,11,High_Renaissance,1382,1753,RGB,8c297176c739ac96,5830,1
36886,67,tintoretto,7,religious_painting,13,Mannerism_Late_Renaissance,1382,1942,RGB,fbd8a59d9006c33c,5831,1
56022,0,Unknown Artist,7,religious_painting,17,Northern_Renaissance,1381,1901,RGB,d20e9965cb76cad0,5832,1
62794,0,Unknown Artist,3,illustration,22,Rococo,1782,1382,RGB,eb71935ad48fb208,5833,1
48765,0,Unknown Artist,6,portrait,22,Rococo,1382,1667,RGB,954866b7dad96924,5834,1
45008,0,Unknown Artist,7,religious_painting,17,Northern_Renaissance,1382,1759,RGB,d0a34f2d7d1ca4b1,5835,1
35224,58,pietro-perugino,7,religious_painting,11,High_Renaissance,1382,1824,RGB,f5805d5d9a666c4c,5836,1
62408,0,Unknown Artist,8,sketch_and_study,17,Northern_Renaissance,1382,2005,RGB,ccb133476c98e19b,5837,1
56419,0,Unknown Artist,7,religious_painting,17,Northern_Renaissance,1382,1623,RGB,bc4b493c4f25c363,5838,1
50194,0,Unknown Artist,7,religious_painting,8,Early_Renaissance,1382,1829,RGB,81176e72d22ad4cf,5839,1
23458,0,Unknown Artist,6,portrait,13,Mannerism_Late_Renaissance,1382,1861,RGB,edbc4c2553923bb0,5840,1
56861,77,titian,7,religious_painting,13,Mannerism_Late_Renaissance,1382,2433,RGB,aeaee9e0b1a5b0a1,5841,1
39626,0,Unknown Artist,7,religious_painting,17,Northern_Renaissance,1382,2831,RGB,aab8b4e4c796d891,5842,1
45931,117,hans-holbein-the-younger,6,portrait,17,Northern_Renaissance,1382,1743,RGB,c9b986267203b99f,5843,1
46437,0,Unknown Artist,6,portrait,22,Rococo,1740,1382,RGB,d2ece513e738d203,5844,1
20823,0,Unknown Artist,7,religious_painting,17,Northern_Renaissance,1382,1694,RGB,abcd8de358c95a0a,5845,1
37158,0,Unknown Artist,6,portrait,22,Rococo,1382,1755,RGB,ef84b063c499d137,5846,1
36667,0,Unknown Artist,7,religious_painting,17,Northern_Renaissance,1382,1830,RGB,b8f346468bc54d0f,5847,1
78494,0,Unknown Artist,10,Unknown Genre,13,Mannerism_Late_Renaissance,2629,1382,RGB,8fcd489a24ce758b,5848,1
65309,0,Unknown Artist,6,portrait,22,Rococo,1382,1803,RGB,8948793ae7e6629c,5849,1
52772,0,Unknown Artist,8,sketch_and_study,22,Rococo,2056,1382,RGB,fe0b23f0f05a5a89,5850,1
66149,0,Unknown Artist,6,portrait,17,Northern_Renaissance,1382,3057,RGB,8190af63c1cecead,5851,1
31534,0,Unknown Artist,1,cityscape,4,Baroque,1382,1737,RGB,b683392566d9b2b4,5852,1
53368,0,Unknown Artist,2,genre_painting,22,Rococo,1382,1739,RGB,9967b2c825a2cd79,5853,1
80029,0,Unknown Artist,10,Unknown Genre,22,Rococo,1689,1382,RGB,e2c7b53c9470d2b1,5854,1
3935,20,rembrandt,7,religious_painting,4,Baroque,1382,1701,RGB,c13f3e60de64a163,5855,1
76937,0,Unknown Artist,10,Unknown Genre,22,Rococo,2031,1382,RGB,cac9ed0ac5b51e61,5856,1
18185,0,Unknown Artist,10,Unknown Genre,17,Northern_Renaissance,1382,1870,RGB,ea9668939f649362,5857,1
24720,0,Unknown Artist,6,portrait,13,Mannerism_Late_Renaissance,1382,1751,RGB,d0861e7a6127bbd8,5858,1
56694,58,pietro-perugino,7,religious_painting,11,High_Renaissance,1382,1884,RGB,ae934b4e90ed385c,5859,1
73498,0,Unknown Artist,10,Unknown Genre,4,Baroque,1382,2002,RGB,8169bf34f04b41ee,5860,1
53102,0,Unknown Artist,7,religious_painting,8,Early_Renaissance,1382,1619,RGB,81594ab5bed0b46b,5861,1
70053,0,Unknown Artist,10,Unknown Genre,11,High_Renaissance,1382,2122,RGB,d6c13135afad5342,5862,1
25685,24,leonardo-da-vinci,8,sketch_and_study,11,High_Renaissance,1382,1976,RGB,e3eb9c8494b33325,5863,1
21372,23,hieronymus-bosch,7,religious_painting,17,Northern_Renaissance,1382,1997,RGB,f487eb99f254281c,5864,1
23252,82,paolo-veronese,7,religious_painting,13,Mannerism_Late_Renaissance,1822,1382,RGB,e0f078f03f8b3c0e,5865,1
27984,0,Unknown Artist,7,religious_painting,13,Mannerism_Late_Renaissance,1382,1982,RGB,c6b63960c5f4d153,5866,1
59194,0,Unknown Artist,4,landscape,8,Early_Renaissance,1382,1813,RGB,b3245b83cbcb8da8,5867,1
47247,0,Unknown Artist,6,portrait,22,Rococo,1382,2008,RGB,ccce34b3c3317691,5868,1
75296,0,Unknown Artist,10,Unknown Genre,11,High_Renaissance,2970,1382,RGB,d0db408ec427c6bf,5869,1
74847,0,Unknown Artist,10,Unknown Genre,11,High_Renaissance,1382,2994,RGB,990de432c572db2d,5870,1
56718,38,fra-angelico,7,religious_painting,8,Early_Renaissance,1844,1381,RGB,eb763c4b2d94e290,5871,1
47811,0,Unknown Artist,7,religious_painting,8,Early_Renaissance,1382,1639,RGB,faacb972a5e1c094,5872,1
67816,0,Unknown Artist,10,Unknown Genre,11,High_Renaissance,1382,1636,RGB,d8449633e53393ce,5873,1
25672,24,leonardo-da-vinci,8,sketch_and_study,11,High_Renaissance,1382,2246,RGB,bfd7ec48ace2b800,5874,1
55566,0,Unknown Artist,2,genre_painting,22,Rococo,1382,1744,RGB,9d6433d9663339c4,5875,1
71489,0,Unknown Artist,10,Unknown Genre,11,High_Renaissance,1867,1382,RGB,81a0c69b7f4d4f26,5876,1
23441,0,Unknown Artist,7,religious_painting,8,Early_Renaissance,1382,2123,RGB,a31f5e061c5939f1,5877,1
74368,0,Unknown Artist,10,Unknown Genre,17,Northern_Renaissance,1785,1382,RGB,9c168f2f8b0b234f,5878,1
47865,0,Unknown Artist,6,portrait,13,Mannerism_Late_Renaissance,1382,1700,RGB,dcc1ce337620cd99,5879,1
41307,0,Unknown Artist,7,religious_painting,11,High_Renaissance,1382,1801,RGB,c747cd78909e6893,5880,1
51189,0,Unknown Artist,7,religious_painting,11,High_Renaissance,1382,1710,RGB,f0e94b16946cc35b,5881,1
76872,0,Unknown Artist,10,Unknown Genre,11,High_Renaissance,1382,1394,RGB,bd204a59251fdb3c,5882,1
27474,0,Unknown Artist,6,portrait,22,Rococo,1382,1932,RGB,868fb0b9389edc32,5883,1
11936,0,Unknown Artist,10,Unknown Genre,17,Northern_Renaissance,1382,1905,RGB,a7a3381ec2e5c3e2,5884,1
52576,24,leonardo-da-vinci,7,religious_painting,11,High_Renaissance,1382,1753,RGB,9a18b3476d614f6c,5885,1
46227,116,frans-hals,6,portrait,4,Baroque,1382,1981,RGB,f5e562008997b5bc,5886,1
25260,77,titian,6,portrait,11,High_Renaissance,1382,1549,RGB,8c5c23356b72b5c3,5887,1
66009,0,Unknown Artist,6,portrait,22,Rococo,1382,1734,RGB,bf5ae1a5906886c7,5888,1
50982,0,Unknown Artist,2,genre_painting,4,Baroque,1868,1382,RGB,f7fd013fc2421c43,5889,1
46809,121,el-greco,7,religious_painting,13,Mannerism_Late_Renaissance,1382,1781,RGB,d44d7aa11467ba99,5890,1
63085,0,Unknown Artist,6,portrait,11,High_Renaissance,1382,1919,RGB,c40e39f12b72c34f,5891,1
25781,103,hans-memling,7,religious_painting,17,Northern_Renaissance,1382,4530,RGB,a59b9bae2a313127,5892,1
28600,0,Unknown Artist,8,sketch_and_study,13,Mannerism_Late_Renaissance,2041,1382,RGB,fb790007c7e854f1,5893,1
70738,0,Unknown Artist,10,Unknown Genre,11,High_Renaissance,1382,2352,RGB,9e7a196e3865fa01,5894,1
56351,0,Unknown Artist,7,religious_painting,11,High_Renaissance,1382,2139,RGB,cad736aa29bd88e0,5895,1
29333,114,anthony-van-dyck,8,sketch_and_study,4,Baroque,1381,1670,RGB,bac88294b3e26b9e,5896,1
47084,38,fra-angelico,7,religious_painting,8,Early_Renaissance,1382,4073,RGB,aa9f4fc315665262,5897,1
75754,0,Unknown Artist,10,Unknown Genre,4,Baroque,2167,1382,RGB,c5e8971b46aeb033,5898,1
43335,24,leonardo-da-vinci,8,sketch_and_study,11,High_Renaissance,1747,1381,RGB,be2ee2b7c0c52352,5899,1
43659,0,Unknown Artist,2,genre_painting,22,Rococo,1382,1758,RGB,86ce19766269b9a6,5900,1
47925,38,fra-angelico,7,religious_painting,8,Early_Renaissance,1382,1635,RGB,d8a770918fd0c3da,5901,1
28025,0,Unknown Artist,6,portrait,22,Rococo,1381,1896,RGB,954e6b737099d446,5902,1
26623,58,pietro-perugino,7,religious_painting,11,High_Renaissance,1382,1546,RGB,ff80bdc66624ec81,5903,1
3393,20,rembrandt,8,sketch_and_study,4,Baroque,1382,1509,RGB,c1988e67537a3965,5904,1
54676,0,Unknown Artist,2,genre_painting,8,Early_Renaissance,2120,1382,RGB,fd75a467266800db,5905,1
69931,0,Unknown Artist,10,Unknown Genre,4,Baroque,1629,1382,RGB,c13e3ee18e83b887,5906,1
4753,20,rembrandt,2,genre_painting,4,Baroque,1382,2294,RGB,a467c9188f47da78,5907,1
18164,25,albrecht-durer,7,religious_painting,17,Northern_Renaissance,1908,1382,RGB,d979350b55627e09,5908,1
56559,0,Unknown Artist,7,religious_painting,11,High_Renaissance,3764,1382,RGB,a7a1c8ce58d69eb0,5909,1
56283,0,Unknown Artist,7,religious_painting,22,Rococo,1802,1382,RGB,85bd757876614f04,5910,1
44191,0,Unknown Artist,6,portrait,22,Rococo,1382,1766,RGB,c03d7783e7277890,5911,1
50486,77,titian,6,portrait,11,High_Renaissance,1382,1776,RGB,8bac3c6331c7336c,5912,1
71977,0,Unknown Artist,10,Unknown Genre,13,Mannerism_Late_Renaissance,2864,1382,RGB,afcbc098abd0af60,5913,1
25249,0,Unknown Artist,6,portrait,22,Rococo,1382,1797,RGB,9a9e6039e767818e,5914,1
34964,38,fra-angelico,7,religious_painting,8,Early_Renaissance,1382,1848,RGB,d08778b42f93cec8,5915,1
22211,0,Unknown Artist,7,religious_painting,8,Early_Renaissance,1382,4013,RGB,fae981b68597841e,5916,1
793,20,rembrandt,6,portrait,4,Baroque,1382,1972,RGB,ef8c3ed013639895,5917,1
19924,0,Unknown Artist,6,portrait,22,Rococo,1382,1616,RGB,e83cb1d1c61ec9cc,5918,1
37503,0,Unknown Artist,6,portrait,11,High_Renaissance,1397,1382,RGB,91e14a8a6f336e9c,5919,1
41598,0,Unknown Artist,6,portrait,4,Baroque,1382,1719,RGB,9c4865b3c3377037,5920,1
33605,0,Unknown Artist,7,religious_painting,13,Mannerism_Late_Renaissance,1382,1842,RGB,afee421c31c6ccc3,5921,1
40169,0,Unknown Artist,7,religious_painting,13,Mannerism_Late_Renaissance,1382,1956,RGB,ff65c69223996868,5922,1
37410,87,michelangelo,7,religious_painting,11,High_Renaissance,1382,2081,RGB,b88607f6e097d9c4,5923,1
52683,38,fra-angelico,7,religious_painting,8,Early_Renaissance,1382,2074,RGB,ae33f10ba4fcd0e0,5924,1
69412,0,Unknown Artist,10,Unknown Genre,17,Northern_Renaissance,2399,1382,RGB,b2f94ac6301ae7b2,5925,1
76627,0,Unknown Artist,10,Unknown Genre,22,Rococo,1626,1382,RGB,d5644a0b3f9578cc,5926,1
21294,24,leonardo-da-vinci,8,sketch_and_study,11,High_Renaissance,1382,1893,RGB,e786976ac8c452b3,5927,1
30092,0,Unknown Artist,2,genre_painting,22,Rococo,1382,1767,RGB,92ec2d138c6e6b35,5928,1
29260,0,Unknown Artist,7,religious_painting,11,High_Renaissance,1382,1689,RGB,feb491c9d1e10e83,5929,1
43325,126,thomas-gainsborough,6,portrait,22,Rococo,1382,1725,RGB,862db39339ccce32,5930,1
42450,0,Unknown Artist,7,religious_painting,11,High_Renaissance,1382,2111,RGB,90a15f6c2a9de4f4,5931,1
28744,0,Unknown Artist,7,religious_painting,8,Early_Renaissance,1382,2303,RGB,f9f6d644424b3938,5932,1
29361,0,Unknown Artist,6,portrait,17,Northern_Renaissance,1382,1837,RGB,be2fc680d88be3e0,5933,1
26385,67,tintoretto,2,genre_painting,13,Mannerism_Late_Renaissance,1382,1727,RGB,891a36676d4d9b92,5934,1
56666,0,Unknown Artist,7,religious_painting,8,Early_Renaissance,1872,1382,RGB,dca59172504f273b,5935,1
55742,0,Unknown Artist,7,religious_painting,11,High_Renaissance,1792,1382,RGB,b636e929c4cd5193,5936,1
55706,0,Unknown Artist,7,religious_painting,8,Early_Renaissance,1382,1543,RGB,a9d2d43d1b6d0743,5937,1
68695,0,Unknown Artist,10,Unknown Genre,17,Northern_Renaissance,1574,1382,RGB,969292b1f1a969ad,5938,1
80516,0,Unknown Artist,10,Unknown Genre,8,Early_Renaissance,1836,1382,RGB,d0d4eda90a5cbe51,5939,1
23773,0,Unknown Artist,7,religious_painting,4,Baroque,1382,1861,RGB,cfbab06394459e0d,5940,1
79364,0,Unknown Artist,10,Unknown Genre,11,High_Renaissance,1935,1382,RGB,9262ccb37219f7c2,5941,1
21813,0,Unknown Artist,9,still_life,4,Baroque,1768,1382,RGB,8a354d5a376d26d2,5942,1
49235,77,titian,6,portrait,11,High_Renaissance,1382,1685,RGB,8c3c9b56669b6931,5943,1
56569,38,fra-angelico,7,religious_painting,8,Early_Renaissance,1420,1382,RGB,ced9c23a413636bc,5944,1
52224,116,frans-hals,6,portrait,4,Baroque,1382,1795,RGB,899613d9cd6e2699,5945,1
37413,80,peter-paul-rubens,7,religious_painting,4,Baroque,1382,1629,RGB,85387c27cb689567,5946,1
48635,0,Unknown Artist,7,religious_painting,8,Early_Renaissance,1382,2476,RGB,fab8b5609170a567,5947,1
55983,0,Unknown Artist,7,religious_painting,4,Baroque,1382,1677,RGB,cb2d3883873c9cb3,5948,1
56752,0,Unknown Artist,7,religious_painting,8,Early_Renaissance,1382,1385,RGB,d2910f4a7e192d8f,5949,1
80099,0,Unknown Artist,10,Unknown Genre,22,Rococo,1382,1683,RGB,8a64339bb9649e66,5950,1
68258,0,Unknown Artist,10,Unknown Genre,17,Northern_Renaissance,1382,2361,RGB,9073666fb1667a90,5951,1
23083,23,hieronymus-bosch,8,sketch_and_study,17,Northern_Renaissance,1382,1928,RGB,a733871d1dc8d83c,5952,1
37467,103,hans-memling,7,religious_painting,17,Northern_Renaissance,1531,1382,RGB,abf09ceb6a0d6431,5953,1
80522,0,Unknown Artist,10,Unknown Genre,8,Early_Renaissance,1382,2074,RGB,fea2453e9279814b,5954,1
34153,69,raphael,7,religious_painting,11,High_Renaissance,2098,1382,RGB,d89626e63636b658,5955,1
10375,25,albrecht-durer,8,sketch_and_study,17,Northern_Renaissance,1382,1534,RGB,ad0e93246c6bd6b4,5956,1
39921,0,Unknown Artist,6,portrait,22,Rococo,1382,1850,RGB,9b3b27cc706609f1,5957,1
55924,58,pietro-perugino,7,religious_painting,8,Early_Renaissance,1382,2004,RGB,881f35639fdc6170,5958,1
70086,0,Unknown Artist,10,Unknown Genre,11,High_Renaissance,2072,1382,RGB,f44c258b109c7eed,5959,1
56099,0,Unknown Artist,7,religious_painting,13,Mannerism_Late_Renaissance,2906,1382,RGB,bab0e1c596c2cb9a,5960,1
41206,0,Unknown Artist,7,religious_painting,8,Early_Renaissance,1382,2299,RGB,f6a4787ba0f0394a,5961,1
44651,67,tintoretto,7,religious_painting,13,Mannerism_Late_Renaissance,1900,1382,RGB,9734867c8f1b485b,5962,1
18068,25,albrecht-durer,6,portrait,17,Northern_Renaissance,1382,1991,RGB,a42484fa1fab5e9a,5963,1
22623,0,Unknown Artist,7,religious_painting,8,Early_Renaissance,1556,1382,RGB,d3ac0e6314fba662,5964,1
47156,0,Unknown Artist,6,portrait,13,Mannerism_Late_Renaissance,1382,3512,RGB,c4d9f6616b26ca23,5965,1
24795,0,Unknown Artist,6,portrait,22,Rococo,1382,1744,RGB,88dc73663133ce9c,5551,2
29057,24,leonardo-da-vinci,8,sketch_and_study,11,High_Renaissance,1382,2079,RGB,ad68c013c3e83fce,5966,1
55748,0,Unknown Artist,7,religious_painting,8,Early_Renaissance,1382,2443,RGB,f9d14a296126e3f1,5967,1
32451,0,Unknown Artist,7,religious_painting,8,Early_Renaissance,1382,2250,RGB,d08f0f38386d6db1,5968,1
55805,87,michelangelo,7,religious_painting,11,High_Renaissance,1428,1382,RGB,b1c3c6abcccc391a,5969,1
68091,0,Unknown Artist,10,Unknown Genre,4,Baroque,2026,1382,RGB,d06a3713c7ece8c1,5970,1
48158,0,Unknown Artist,7,religious_painting,8,Early_Renaissance,1711,1382,RGB,9cb0b67366634d0e,5971,1
19416,0,Unknown Artist,6,portrait,13,Mannerism_Late_Renaissance,1382,1746,RGB,cb8c3673c898c70f,5972,1
36878,103,hans-memling,6,portrait,17,Northern_Renaissance,1382,1930,RGB,8c9cb3497363ce8c,5973,1
3119,25,albrecht-durer,7,religious_painting,17,Northern_Renaissance,1382,3615,RGB,cecc3173f620a4c7,5974,1
78469,0,Unknown Artist,10,Unknown Genre,13,Mannerism_Late_Renaissance,1588,1382,RGB,e51946d01ccb2f6d,5975,1
57562,87,michelangelo,5,nude_painting,11,High_Renaissance,1382,2299,RGB,93c2a495eab99716,5976,1
56565,82,paolo-veronese,7,religious_painting,13,Mannerism_Late_Renaissance,1382,2326,RGB,ea8db59a8549e23c,5977,1
57144,0,Unknown Artist,7,religious_painting,8,Early_Renaissance,1382,2069,RGB,bbbee9a4a0b0e185,5978,1
23413,0,Unknown Artist,7,religious_painting,8,Early_Renaissance,1382,1577,RGB,95f66f98f069482c,5979,1
49243,0,Unknown Artist,7,religious_painting,8,Early_Renaissance,1381,1769,RGB,af2fd062dad18323,5980,1
76529,0,Unknown Artist,10,Unknown Genre,11,High_Renaissance,1383,1382,RGB,828f80f2e71cbd72,5981,1
71123,0,Unknown Artist,10,Unknown Genre,8,Early_Renaissance,1382,1842,RGB,aa7417ce1cc1c937,5982,1
55121,0,Unknown Artist,2,genre_painting,4,Baroque,1382,1813,RGB,eec8b0379179c664,5983,1
56966,0,Unknown Artist,7,religious_painting,17,Northern_Renaissance,2501,1382,RGB,e686e678ad49cc34,5984,1
63698,126,thomas-gainsborough,6,portrait,22,Rococo,1382,1649,RGB,977b8934ac4b32a6,5985,1
63731,0,Unknown Artist,6,portrait,13,Mannerism_Late_Renaissance,1382,1683,RGB,ecbc04717f23631c,5986,1
23891,24,leonardo-da-vinci,8,sketch_and_study,11,High_Renaissance,1382,2014,RGB,8baf36a5a152a16b,5987,1
65383,0,Unknown Artist,6,portrait,4,Baroque,1382,1651,RGB,999b6465bcd24c27,5988,1
56118,0,Unknown Artist,7,religious_painting,11,High_Renaissance,2131,1382,RGB,cdacb2cf31924d70,5989,1
10489,25,albrecht-durer,7,religious_painting,17,Northern_Renaissance,1382,2142,RGB,bbe88714a863dd23,5990,1
27828,0,Unknown Artist,7,religious_painting,8,Early_Renaissance,1382,1816,RGB,bce0af2ff03460e1,5991,1
36213,0,Unknown Artist,7,religious_painting,17,Northern_Renaissance,1382,1811,RGB,cc996266a738cc3b,5992,1
75232,0,Unknown Artist,10,Unknown Genre,22,Rococo,1382,2029,RGB,8749112e11b679fb,5993,1
33947,0,Unknown Artist,2,genre_painting,4,Baroque,1382,1709,RGB,ff7f40c6d39020cc,5994,1
76591,0,Unknown Artist,10,Unknown Genre,13,Mannerism_Late_Renaissance,1382,1828,RGB,cf8f313c8db16425,5995,1
56441,23,hieronymus-bosch,7,religious_painting,17,Northern_Renaissance,1382,1688,RGB,cfce2d219137b119,5996,1
74630,0,Unknown Artist,10,Unknown Genre,17,Northern_Renaissance,1442,1382,RGB,a2b285f5925e4f07,5997,1
27013,0,Unknown Artist,2,genre_painting,22,Rococo,1814,1382,RGB,c6cb096e1de513e8,5998,1
46398,69,raphael,7,religious_painting,11,High_Renaissance,2654,1382,RGB,b61667408d19ab77,5999,1
46509,69,raphael,8,sketch_and_study,11,High_Renaissance,1382,2437,RGB,a99acc6365937325,6000,1
4283,25,albrecht-durer,6,portrait,17,Northern_Renaissance,1382,1827,RGB,9829a92d2fe447f1,6001,1
67884,0,Unknown Artist,10,Unknown Genre,11,High_Renaissance,1382,2153,RGB,b12f449c466d37e2,6002,1
55496,0,Unknown Artist,2,genre_painting,22,Rococo,1382,4018,RGB,bcc2815ff2e1e611,6003,1
55937,69,raphael,7,religious_painting,11,High_Renaissance,2607,1382,RGB,dacc0c33b86adb19,6004,1
17988,25,albrecht-durer,8,sketch_and_study,17,Northern_Renaissance,1824,1382,RGB,d4f7ba822ccb5d80,6005,1
56198,58,pietro-perugino,7,religious_painting,11,High_Renaissance,1382,1682,RGB,beaba1c4879a8a9a,6006,1
10312,20,rembrandt,2,genre_painting,4,Baroque,1382,2954,RGB,ba999c66c33cc0b3,6007,1
57048,0,Unknown Artist,7,religious_painting,8,Early_Renaissance,1382,4083,RGB,e6bd98d694e443a2,6008,1
47532,67,tintoretto,7,religious_painting,13,Mannerism_Late_Renaissance,2273,1382,RGB,e5fc5a1391181b76,6009,1
68096,0,Unknown Artist,10,Unknown Genre,22,Rococo,2332,1382,RGB,cd83327c0f8774b4,6010,1
58083,0,Unknown Artist,1,cityscape,22,Rococo,1957,1382,RGB,82d0796ec3759aa5,6011,1
56808,0,Unknown Artist,7,religious_painting,13,Mannerism_Late_Renaissance,1382,2100,RGB,93cdc69369b2b168,6012,1
35778,0,Unknown Artist,7,religious_painting,8,Early_Renaissance,1382,1476,RGB,dec440fa67cf4194,6013,1
72256,0,Unknown Artist,10,Unknown Genre,4,Baroque,2378,1382,RGB,cf84b83f9371b250,6014,1
56704,82,paolo-veronese,7,religious_painting,13,Mannerism_Late_Renaissance,2319,1382,RGB,f049353783d029fb,6015,1
38056,58,pietro-perugino,7,religious_painting,11,High_Renaissance,1382,1382,RGB,ee9bb5788424c2cd,6016,1
75978,0,Unknown Artist,10,Unknown Genre,22,Rococo,1382,1946,RGB,d0f4379f0f025371,6017,1
31265,0,Unknown Artist,6,portrait,22,Rococo,1382,2073,RGB,9a4f65b0da94a959,6018,1
49140,0,Unknown Artist,7,religious_painting,11,High_Renaissance,1382,1496,RGB,d492df0ca5a7a362,6019,1
55851,0,Unknown Artist,7,religious_painting,8,Early_Renaissance,1760,1382,RGB,9edb7565584485c9,6020,1
69664,0,Unknown Artist,10,Unknown Genre,22,Rococo,1382,1677,RGB,ee49b431f166c293,6021,1
29028,0,Unknown Artist,2,genre_painting,22,Rococo,1773,1382,RGB,c1f32ecc337c9843,6022,1
32084,0,Unknown Artist,7,religious_painting,8,Early_Renaissance,1382,2764,RGB,eabdb5b485409e52,6023,1
66162,0,Unknown Artist,6,portrait,22,Rococo,1382,1659,RGB,8d9866673938665b,6024,1
56064,0,Unknown Artist,7,religious_painting,8,Early_Renaissance,1382,4112,RGB,fbe1e0878507869e,6025,1
53081,0,Unknown Artist,2,genre_painting,4,Baroque,1382,1765,RGB,e3e8bb3fcc160416,6026,1
30101,0,Unknown Artist,7,religious_painting,8,Early_Renaissance,1382,2205,RGB,abb8a661b194974e,6027,1
55611,67,tintoretto,7,religious_painting,13,Mannerism_Late_Renaissance,1382,2515,RGB,e7ec0bd820b11f63,6028,1
47977,0,Unknown Artist,2,genre_painting,22,Rococo,1382,1776,RGB,dba6311964ce9b38,6029,1
55910,0,Unknown Artist,7,religious_painting,8,Early_Renaissance,1517,1382,RGB,d0972e786b91234f,6030,1
22082,0,Unknown Artist,7,religious_painting,8,Early_Renaissance,1382,1600,RGB,febac941a666b841,6031,1
32337,0,Unknown Artist,7,religious_painting,8,Early_Renaissance,1382,2038,RGB,eabf1753e046310e,6032,1
65008,126,thomas-gainsborough,6,portrait,22,Rococo,1382,2111,RGB,f1eb0e3e290ca49b,6033,1
50478,0,Unknown Artist,7,religious_painting,4,Baroque,1382,1902,RGB,8d0c3a73e1d327b1,6034,1
45814,0,Unknown Artist,2,genre_painting,22,Rococo,1624,1382,RGB,ba949dc9ad478147,6035,1
27840,0,Unknown Artist,7,religious_painting,8,Early_Renaissance,1382,1780,RGB,d853c5584daa1e5d,6036,1
38273,121,el-greco,7,religious_painting,13,Mannerism_Late_Renaissance,1382,1760,RGB,d8197d3067676c19,6037,1
77047,0,Unknown Artist,10,Unknown Genre,4,Baroque,1382,1621,RGB,d7e682d8fc0ec055,6038,1
41421,0,Unknown Artist,7,religious_painting,13,Mannerism_Late_Renaissance,1402,1381,RGB,fe34a920d147c3d9,6039,1
25482,58,pietro-perugino,7,religious_painting,8,Early_Renaissance,1381,1965,RGB,dc833d588d2c7c8b,6040,1
43871,121,el-greco,7,religious_painting,13,Mannerism_Late_Renaissance,1382,1834,RGB,886bdd3d981ce741,6041,1
50263,0,Unknown Artist,7,religious_painting,8,Early_Renaissance,1382,1997,RGB,d5da581472e522eb,6042,1
55689,0,Unknown Artist,7,religious_painting,8,Early_Renaissance,1382,1423,RGB,aa6ac036cb99d99c,6043,1
22846,0,Unknown Artist,6,portrait,8,Early_Renaissance,1382,2035,RGB,9fcd323861e7924c,6044,1
51122,0,Unknown Artist,6,portrait,13,Mannerism_Late_Renaissance,1382,1766,RGB,cf633c383398c66c,6045,1
22851,121,el-greco,7,religious_painting,13,Mannerism_Late_Renaissance,1382,3480,RGB,c39c9ac13daab623,6046,1
39887,0,Unknown Artist,6,portrait,22,Rococo,1382,1939,RGB,96496a6d26b66a69,6047,1
56465,121,el-greco,7,religious_painting,13,Mannerism_Late_Renaissance,1382,2831,RGB,bc49968b4bde0dc2,6048,1
68271,0,Unknown Artist,10,Unknown Genre,13,Mannerism_Late_Renaissance,1382,1389,RGB,ee85a9dab1c2d438,6049,1
44777,121,el-greco,7,religious_painting,13,Mannerism_Late_Renaissance,1382,1836,RGB,d661a798c796413d,6050,1
5746,20,rembrandt,7,religious_painting,4,Baroque,1972,1382,RGB,ebcdb242b41ec272,6051,1
76972,0,Unknown Artist,10,Unknown Genre,4,Baroque,1382,1438,RGB,92c867339d6ff009,6052,1
24978,0,Unknown Artist,6,portrait,22,Rococo,1382,1752,RGB,9af39b66076c6b04,6053,1
51074,0,Unknown Artist,4,landscape,4,Baroque,1381,1941,RGB,948c6e72d4cd63d4,6054,1
4099,0,Unknown Artist,10,Unknown Genre,17,Northern_Renaissance,2121,1382,RGB,f9d4c46116d90f72,6055,1
65023,29,lucas-cranach-the-elder,6,portrait,17,Northern_Renaissance,1382,1967,RGB,b8f4f062278fc2e1,6056,1
25713,0,Unknown Artist,4,landscape,17,Northern_Renaissance,1791,1382,RGB,ee8c91738466a976,6057,1
32426,0,Unknown Artist,6,portrait,22,Rococo,1382,1800,RGB,9999cf9362ee2464,6058,1
48304,58,pietro-perugino,7,religious_painting,11,High_Renaissance,1952,1381,RGB,e18ec2a95c1c6737,6059,1
55723,61,bartolome-esteban-murillo,7,religious_painting,4,Baroque,1382,1723,RGB,d6cf3d687640c316,6060,1
35687,67,tintoretto,7,religious_painting,13,Mannerism_Late_Renaissance,1899,1382,RGB,d353213d570eb463,6061,1
19345,0,Unknown Artist,7,religious_painting,17,Northern_Renaissance,2156,1382,RGB,d4caeda4931196b5,6062,1
46416,0,Unknown Artist,6,portrait,17,Northern_Renaissance,1382,2090,RGB,cd6e3a7511d24ac6,6063,1
55793,58,pietro-perugino,7,religious_painting,11,High_Renaissance,1382,1797,RGB,bccb961d4934a3b4,6064,1
5673,0,Unknown Artist,10,Unknown Genre,17,Northern_Renaissance,1382,1687,RGB,ae90d26e95c278b5,6065,1
42453,0,Unknown Artist,7,religious_painting,11,High_Renaissance,1382,2500,RGB,a79d19625e0870fe,6066,1
34651,0,Unknown Artist,7,religious_painting,4,Baroque,1382,1432,RGB,8c9d7326b4cc4c3d,6067,1
50193,0,Unknown Artist,2,genre_painting,4,Baroque,1759,1382,RGB,83819c3e6e42d377,6068,1
39501,29,lucas-cranach-the-elder,6,portrait,17,Northern_Renaissance,1382,1939,RGB,cdaca3765c1b3324,6069,1
24960,0,Unknown Artist,2,genre_painting,4,Baroque,1382,1645,RGB,d1e90f1d7fce4030,6070,1
63373,77,titian,6,portrait,13,Mannerism_Late_Renaissance,1382,1665,RGB,98789e673642ad56,6071,1
65845,0,Unknown Artist,6,portrait,17,Northern_Renaissance,1470,1382,RGB,a5a7af70525a3958,6072,1
54699,0,Unknown Artist,2,genre_painting,4,Baroque,1382,1896,RGB,977e4081476f1a2f,6073,1
74890,0,Unknown Artist,10,Unknown Genre,4,Baroque,1382,1547,RGB,c4e7386d3d906e38,6074,1
2879,25,albrecht-durer,6,portrait,17,Northern_Renaissance,1382,1769,RGB,8044e51d5f4eb97a,6075,1
40102,0,Unknown Artist,2,genre_painting,4,Baroque,2243,1382,RGB,99a218dde77826cc,6076,2
31517,0,Unknown Artist,8,sketch_and_study,11,High_Renaissance,2073,1382,RGB,e927ced814993636,6077,1
45962,0,Unknown Artist,7,religious_painting,13,Mannerism_Late_Renaissance,1624,1382,RGB,f28465bb050f8dae,6078,1
26335,0,Unknown Artist,6,portrait,4,Baroque,1382,1881,RGB,f49633f98187d889,6079,1
62520,87,michelangelo,8,sketch_and_study,11,High_Renaissance,1382,2003,RGB,e9e19597913a62cc,6080,1
47706,0,Unknown Artist,2,genre_painting,4,Baroque,1799,1382,RGB,906c495ba51fe5b1,6081,1
73326,0,Unknown Artist,10,Unknown Genre,22,Rococo,2079,1382,RGB,ddf26a28878d7870,6082,1
3902,20,rembrandt,4,landscape,4,Baroque,1793,1382,RGB,8380be4dd23b873e,6083,1
62084,24,leonardo-da-vinci,8,sketch_and_study,11,High_Renaissance,1382,1817,RGB,8ab57ec1e4c08d4f,6084,1
65713,0,Unknown Artist,6,portrait,13,Mannerism_Late_Renaissance,1382,2071,RGB,cc9c73279d87c642,6085,1
25143,0,Unknown Artist,6,portrait,22,Rococo,1382,1775,RGB,ddeb64d61b218913,6086,1
42626,0,Unknown Artist,7,religious_painting,8,Early_Renaissance,1629,1382,RGB,ee2da1d03495cb4e,6087,1
44596,0,Unknown Artist,6,portrait,11,High_Renaissance,1382,1923,RGB,92593be4615bec92,6088,1
48685,0,Unknown Artist,7,religious_painting,11,High_Renaissance,1382,1782,RGB,e960251fa287dc37,6089,1
44161,77,titian,7,religious_painting,11,High_Renaissance,1383,1382,RGB,c3933c6c3c3c3ca5,6090,1
2807,25,albrecht-durer,6,portrait,17,Northern_Renaissance,1382,2020,RGB,c50fb2f44a4fd464,6091,1
47893,0,Unknown Artist,7,religious_painting,8,Early_Renaissance,1382,2399,RGB,8f862f6d782bc231,6092,1
64650,83,joshua-reynolds,6,portrait,22,Rococo,1382,2265,RGB,fbf264456c2e9154,6093,1
29983,0,Unknown Artist,6,portrait,8,Early_Renaissance,1382,1808,RGB,cf4f6730321c31ce,6094,1
76124,0,Unknown Artist,10,Unknown Genre,11,High_Renaissance,1498,1382,RGB,c2743d832e8d2e6d,6095,1
45784,126,thomas-gainsborough,6,portrait,22,Rococo,1382,1727,RGB,893c72c33ce39b89,6096,1
64770,94,konstantin-somov,6,portrait,8,Early_Renaissance,1382,1708,RGB,cdb4231b71d30e4b,6097,1
29295,24,leonardo-da-vinci,8,sketch_and_study,11,High_Renaissance,1382,1658,RGB,bef0c907701ec8b5,6098,1
65763,0,Unknown Artist,6,portrait,13,Mannerism_Late_Renaissance,1382,1721,RGB,c7cf3e68e0342372,6099,1
40901,0,Unknown Artist,6,portrait,22,Rococo,1382,1791,RGB,899f656636614e2d,6100,1
40970,0,Unknown Artist,7,religious_painting,22,Rococo,1382,1835,RGB,b5c91b25c3315aad,6101,1
73454,0,Unknown Artist,10,Unknown Genre,8,Early_Renaissance,1382,2453,RGB,e0b6c39536d85a5c,6102,1
38496,0,Unknown Artist,7,religious_painting,8,Early_Renaissance,2879,1382,RGB,9d1d6262cec9959c,6103,1
41238,0,Unknown Artist,7,religious_painting,11,High_Renaissance,1382,2918,RGB,bdbfaef16088e060,6104,1
53073,0,Unknown Artist,7,religious_painting,8,Early_Renaissance,2995,1382,RGB,de6c05581b27317b,6105,1
18116,25,albrecht-durer,7,religious_painting,17,Northern_Renaissance,1382,1690,RGB,aeb0998d9047dbc5,6106,1
46838,24,leonardo-da-vinci,7,religious_painting,11,High_Renaissance,1382,1815,RGB,d61a992d6a49ac6d,6107,1
18047,0,Unknown Artist,10,Unknown Genre,17,Northern_Renaissance,1382,1672,RGB,bafbb480b312a5c3,6108,1
46655,126,thomas-gainsborough,4,landscape,22,Rococo,1693,1382,RGB,d1ef84963cc1cb32,6109,1
45631,0,Unknown Artist,7,religious_painting,11,High_Renaissance,1382,1756,RGB,cc3eb1593f609748,6110,1
63751,77,titian,6,portrait,13,Mannerism_Late_Renaissance,1382,1675,RGB,946b9c6339d2e11e,6111,1
49458,67,tintoretto,7,religious_painting,13,Mannerism_Late_Renaissance,3543,1382,RGB,84b2d5e83d68729e,6112,1
28217,0,Unknown Artist,7,religious_painting,8,Early_Renaissance,1382,1785,RGB,964c69b037736663,6113,1
36642,82,paolo-veronese,7,religious_painting,13,Mannerism_Late_Renaissance,1382,1579,RGB,f3480f34fc9a991a,6114,1
56846,0,Unknown Artist,7,religious_painting,8,Early_Renaissance,1382,2097,RGB,98c4470b4fbe7839,6115,1
78758,0,Unknown Artist,10,Unknown Genre,4,Baroque,1811,1382,RGB,96dfcf7098649461,6116,1
70499,0,Unknown Artist,10,Unknown Genre,22,Rococo,1705,1382,RGB,90b01a1bf68c73cf,6117,1
37769,0,Unknown Artist,6,portrait,4,Baroque,1382,2133,RGB,ccccc433337393e4,6118,1
11503,20,rembrandt,10,Unknown Genre,4,Baroque,1382,1547,RGB,b9e0ce86c34f9466,6119,1
71348,0,Unknown Artist,10,Unknown Genre,8,Early_Renaissance,4097,1382,RGB,a359aba9d0aea516,6120,1
55792,0,Unknown Artist,7,religious_painting,11,High_Renaissance,1382,1897,RGB,c01e3eb87367e095,6121,1
46629,77,titian,6,portrait,11,High_Renaissance,1382,1644,RGB,fc889d3372374227,6122,1
64084,67,tintoretto,6,portrait,13,Mannerism_Late_Renaissance,1382,2140,RGB,d9989b3332672cc5,6123,1
49452,0,Unknown Artist,7,religious_painting,4,Baroque,1382,1930,RGB,d11b6ab666c51d64,6124,1
81105,0,Unknown Artist,10,Unknown Genre,17,Northern_Renaissance,1713,1382,RGB,c40b3b26bf99e093,6125,1
50196,0,Unknown Artist,7,religious_painting,8,Early_Renaissance,1382,4730,RGB,abbfb0e0e59494e0,6126,1
56478,0,Unknown Artist,7,religious_painting,8,Early_Renaissance,2072,1382,RGB,c57c926f11823cde,6127,1
49923,126,thomas-gainsborough,6,portrait,22,Rococo,1382,2119,RGB,d1db1624628d1bf3,6128,1
28899,0,Unknown Artist,6,portrait,22,Rococo,1382,1720,RGB,8e8c73475c39a3b4,6129,1
36364,0,Unknown Artist,7,religious_painting,8,Early_Renaissance,2637,1382,RGB,a1af17d0687952f2,6130,1
41670,121,el-greco,7,religious_painting,13,Mannerism_Late_Renaissance,1382,1804,RGB,88593e34619737c7,6131,1
44829,0,Unknown Artist,7,religious_painting,17,Northern_Renaissance,2541,1382,RGB,96cdf8d8e9828c8d,6132,1
30259,0,Unknown Artist,6,portrait,22,Rococo,1382,1699,RGB,e81eb5e1a534d2c3,6133,1
47849,69,raphael,7,religious_painting,11,High_Renaissance,2321,1382,RGB,8f85454755f0678d,6134,1
73023,0,Unknown Artist,10,Unknown Genre,22,Rococo,1666,1381,RGB,9197e0e4267a5b96,6135,1
37805,0,Unknown Artist,7,religious_painting,11,High_Renaissance,1382,1677,RGB,ee2f387e11c54741,6136,1
64570,0,Unknown Artist,6,portrait,22,Rococo,1382,1808,RGB,99c45a266b646e6b,6137,1
21734,103,hans-memling,7,religious_painting,17,Northern_Renaissance,1382,2160,RGB,a12da03f5ed07a96,6138,1
73636,0,Unknown Artist,10,Unknown Genre,11,High_Renaissance,2370,1382,RGB,95916a676f0d5386,6139,1
33903,0,Unknown Artist,2,genre_painting,4,Baroque,1382,1602,RGB,cf33316c64c6638e,6140,1
42934,0,Unknown Artist,7,religious_painting,8,Early_Renaissance,1382,3991,RGB,ab94c4ead21ba16d,6141,1
20871,29,lucas-cranach-the-elder,7,religious_painting,17,Northern_Renaissance,1382,1915,RGB,c4ff5b5f0e0b2380,6142,1
10901,25,albrecht-durer,8,sketch_and_study,17,Northern_Renaissance,1382,1966,RGB,9f7dd0f03c0c7063,6143,1
38282,23,hieronymus-bosch,7,religious_painting,17,Northern_Renaissance,2501,1382,RGB,d027ce38cb433e9c,6144,1
18194,25,albrecht-durer,2,genre_painting,17,Northern_Renaissance,1574,1382,RGB,ba9fc0c5c760c2ab,6145,1
43197,0,Unknown Artist,6,portrait,13,Mannerism_Late_Renaissance,1382,1763,RGB,e4e4333be390cec8,6146,1
39541,114,anthony-van-dyck,6,portrait,4,Baroque,1587,1382,RGB,c63e798d47163558,6147,1
55746,58,pietro-perugino,7,religious_painting,11,High_Renaissance,2733,1382,RGB,eab59552875ac90d,6148,1
56371,38,fra-angelico,7,religious_painting,8,Early_Renaissance,1651,1382,RGB,f1bb3672626de042,6149,1
27617,77,titian,7,religious_painting,13,Mannerism_Late_Renaissance,1382,1941,RGB,ae916671ef98c650,6150,1
74953,0,Unknown Artist,10,Unknown Genre,13,Mannerism_Late_Renaissance,1381,3340,RGB,a3b8435684f1f9a9,6151,1
5389,20,rembrandt,7,religious_painting,4,Baroque,1382,2004,RGB,d2e74c9963f21274,6152,1
18147,25,albrecht-durer,5,nude_painting,17,Northern_Renaissance,1382,2617,RGB,ac2fb43cdb2c3161,6153,1
17782,20,rembrandt,10,Unknown Genre,4,Baroque,1382,1471,RGB,b8e9c6969dc8f019,6154,1
28250,0,Unknown Artist,6,portrait,4,Baroque,1382,1869,RGB,d86865376a93d28e,6155,1
65290,114,anthony-van-dyck,6,portrait,4,Baroque,1382,2367,RGB,cf8919f92f03f00e,6156,1
30163,0,Unknown Artist,7,religious_painting,11,High_Renaissance,1382,1749,RGB,86bb1b622d87f4a8,6157,1
13171,25,albrecht-durer,7,religious_painting,17,Northern_Renaissance,1401,1382,RGB,9afb8780a3ce9217,6158,1
48229,0,Unknown Artist,7,religious_painting,8,Early_Renaissance,1585,1382,RGB,88f6f419c723f10e,6159,1
42534,0,Unknown Artist,6,portrait,22,Rococo,1382,1999,RGB,9b9b9870c421eb73,6160,1
23481,121,el-greco,7,religious_painting,13,Mannerism_Late_Renaissance,1382,1893,RGB,a2b5beb0d846434f,6161,1
77433,0,Unknown Artist,10,Unknown Genre,8,Early_Renaissance,2567,1381,RGB,e8b5d04b954aa733,6162,1
56854,23,hieronymus-bosch,7,religious_painting,17,Northern_Renaissance,1382,1728,RGB,c4701f0f351d13e7,6163,1
55811,0,Unknown Artist,7,religious_painting,17,Northern_Renaissance,1382,2073,RGB,ecb333a3130c6cce,6164,1
78526,0,Unknown Artist,10,Unknown Genre,13,Mannerism_Late_Renaissance,1842,1382,RGB,8585710b7d653667,6165,1
45029,121,el-greco,1,cityscape,13,Mannerism_Late_Renaissance,1382,1549,RGB,f0b0979f1f754848,6166,1
22943,77,titian,7,religious_painting,13,Mannerism_Late_Renaissance,1382,2126,RGB,80b1338eece1137f,6167,1
38068,0,Unknown Artist,7,religious_painting,11,High_Renaissance,1638,1382,RGB,b0a5d959c90b7633,6168,1
19474,67,tintoretto,7,religious_painting,13,Mannerism_Late_Renaissance,1382,2181,RGB,90865f591ecb7833,6169,1
47158,0,Unknown Artist,7,religious_painting,17,Northern_Renaissance,1887,1382,RGB,e4c5f77a924b4268,6170,1
28354,0,Unknown Artist,7,religious_painting,8,Early_Renaissance,1390,1382,RGB,efc2b00fe4389627,6171,1
56461,0,Unknown Artist,7,religious_painting,8,Early_Renaissance,1382,1908,RGB,eca19353ca8f6c94,6172,1
20288,117,hans-holbein-the-younger,6,portrait,17,Northern_Renaissance,1382,1916,RGB,995c5b21656636a7,6173,1
20108,0,Unknown Artist,2,genre_painting,22,Rococo,1632,1382,RGB,a1af5c136ff27012,6174,1
19639,0,Unknown Artist,8,sketch_and_study,8,Early_Renaissance,1385,1382,RGB,a24f1b646d52e653,6175,1
7589,25,albrecht-durer,4,landscape,17,Northern_Renaissance,2007,1382,RGB,dfda29d3862c241b,6176,1
43064,0,Unknown Artist,7,religious_painting,8,Early_Renaissance,1382,4332,RGB,ee7031cf91c3c42d,6177,1
28048,29,lucas-cranach-the-elder,6,portrait,17,Northern_Renaissance,1873,1382,RGB,815eba3e6f86807c,6178,1
56945,0,Unknown Artist,7,religious_painting,8,Early_Renaissance,1382,2179,RGB,cb4c140733e3fb38,6179,1
64872,83,joshua-reynolds,6,portrait,22,Rococo,1382,1630,RGB,ccaf2d819370307f,6180,1
56069,0,Unknown Artist,7,religious_painting,11,High_Renaissance,2005,1382,RGB,f5e631327e9c488c,6181,1
44276,38,fra-angelico,7,religious_painting,8,Early_Renaissance,1382,1530,RGB,febc2d2d46c4c0f0,6182,1
71885,0,Unknown Artist,10,Unknown Genre,4,Baroque,1382,1697,RGB,c6dc19fb603a7c60,2982,2
57135,103,hans-memling,7,religious_painting,17,Northern_Renaissance,1382,2183,RGB,b7cb4c301315ceb6,6183,1
56036,121,el-greco,7,religious_painting,13,Mannerism_Late_Renaissance,1382,2528,RGB,911b33e26c6e2ea6,6184,1
59905,126,thomas-gainsborough,4,landscape,22,Rococo,1736,1382,RGB,95bd6a0721c333f8,6185,1
47618,121,el-greco,6,portrait,13,Mannerism_Late_Renaissance,1382,1738,RGB,855e26d4796334ea,6186,1
56668,0,Unknown Artist,7,religious_painting,17,Northern_Renaissance,1382,2189,RGB,adce9338986cc627,6187,1
43931,83,joshua-reynolds,6,portrait,22,Rococo,1381,1660,RGB,9519698756627ba5,6188,1
70202,0,Unknown Artist,10,Unknown Genre,11,High_Renaissance,1382,1839,RGB,be7ae197c02985a5,6189,1
56366,0,Unknown Artist,7,religious_painting,13,Mannerism_Late_Renaissance,1807,1382,RGB,e5056a6eb03933ce,6190,1
55770,0,Unknown Artist,7,religious_painting,8,Early_Renaissance,1382,1991,RGB,b2b0c547c937cc47,6191,1
30629,116,frans-hals,6,portrait,4,Baroque,1382,1801,RGB,8ccc317372c65b35,6192,1
47724,82,paolo-veronese,6,portrait,13,Mannerism_Late_Renaissance,1382,1730,RGB,d91ccd6436663627,6193,1
63539,0,Unknown Artist,6,portrait,4,Baroque,1382,1729,RGB,9cdc542b7373aa44,6194,1
80089,0,Unknown Artist,10,Unknown Genre,22,Rococo,1691,1382,RGB,bbbfc4c1d1c8c2c4,6195,1
43826,58,pietro-perugino,7,religious_painting,8,Early_Renaissance,2183,1382,RGB,c6b2385ca97b7a50,6196,1
45237,0,Unknown Artist,7,religious_painting,11,High_Renaissance,1382,1723,RGB,8a8e8de13d607567,6197,1
17578,20,rembrandt,2,genre_painting,4,Baroque,1382,2700,RGB,b8999f64c327c43c,6198,1
20697,0,Unknown Artist,7,religious_painting,8,Early_Renaissance,1382,1427,RGB,c473b1b2d29e945a,6199,1
46993,0,Unknown Artist,7,religious_painting,11,High_Renaissance,1382,3140,RGB,daea645515b4b9c2,6200,1
22791,77,titian,6,portrait,13,Mannerism_Late_Renaissance,1382,1623,RGB,cc1e7cc162793572,5107,2
51412,0,Unknown Artist,9,still_life,4,Baroque,2243,1382,RGB,99a218dde77826cc,6076,2
46778,0,Unknown Artist,6,portrait,22,Rococo,1382,1884,RGB,cc3c73332dd08bcc,6201,1
72601,0,Unknown Artist,10,Unknown Genre,22,Rococo,1767,1382,RGB,d8f8638c90666ec7,6202,1
50070,0,Unknown Artist,6,portrait,22,Rococo,1382,1670,RGB,d1693a266ee2246f,6203,1
71069,0,Unknown Artist,10,Unknown Genre,22,Rococo,1776,1382,RGB,d1d13ee081db1cb6,6204,1
9085,20,rembrandt,7,religious_painting,4,Baroque,1382,1861,RGB,db26b4c9a7b08d92,6205,1
33183,0,Unknown Artist,6,portrait,8,Early_Renaissance,1382,1999,RGB,ca71c4fe7a394d40,6206,1
29795,67,tintoretto,7,religious_painting,13,Mannerism_Late_Renaissance,1382,1860,RGB,c7c6d9d9bc3a030c,6207,1
45898,0,Unknown Artist,6,portrait,13,Mannerism_Late_Renaissance,1951,1382,RGB,bbc2f20d7c2c3899,6208,1
29982,121,el-greco,7,religious_painting,13,Mannerism_Late_Renaissance,1873,1382,RGB,ba58ade5f0948633,6209,1
46959,121,el-greco,7,religious_painting,13,Mannerism_Late_Renaissance,1382,1991,RGB,968e496aedd301f1,6210,1
25935,67,tintoretto,7,religious_painting,13,Mannerism_Late_Renaissance,1382,1731,RGB,c3aebd417660634b,6211,1
6879,25,albrecht-durer,8,sketch_and_study,17,Northern_Renaissance,1382,1712,RGB,b6bc37c17991a22a,6212,1
46824,0,Unknown Artist,6,portrait,22,Rococo,1381,1666,RGB,a8cc5e932174d337,6213,1
56924,58,pietro-perugino,7,religious_painting,11,High_Renaissance,1382,1558,RGB,eec4e3ce5c313918,6214,1
22835,67,tintoretto,7,religious_painting,13,Mannerism_Late_Renaissance,1382,1801,RGB,cc8e72311f7221cf,6215,1
70273,0,Unknown Artist,10,Unknown Genre,11,High_Renaissance,1382,1717,RGB,d36598748e348d73,6216,1
17994,25,albrecht-durer,8,sketch_and_study,17,Northern_Renaissance,1382,1405,RGB,c4c9433f80f36d78,6217,1
79355,0,Unknown Artist,10,Unknown Genre,11,High_Renaissance,2061,1382,RGB,94cb3e3dcd24d2c8,6218,1
49513,0,Unknown Artist,7,religious_painting,11,High_Renaissance,1382,1985,RGB,e7b65a490c7f5980,6219,1
68021,0,Unknown Artist,10,Unknown Genre,17,Northern_Renaissance,1382,2032,RGB,ce3c0b68a4d15f3a,6220,1
66012,0,Unknown Artist,6,portrait,11,High_Renaissance,1382,1811,RGB,bfd9e426c024c63b,6221,1
42837,0,Unknown Artist,7,religious_painting,4,Baroque,1382,3014,RGB,8cba32ace6e1f1a1,6222,1
21042,0,Unknown Artist,7,religious_painting,17,Northern_Renaissance,1382,1445,RGB,8e78624f39278733,6223,1
56550,0,Unknown Artist,7,religious_painting,8,Early_Renaissance,1798,1382,RGB,f38c2566a6a3ae86,6224,1
34933,0,Unknown Artist,7,religious_painting,8,Early_Renaissance,1570,1382,RGB,e3b7b640944c4b3e,6225,1
40419,87,michelangelo,7,religious_painting,11,High_Renaissance,1878,1382,RGB,8c4fad3e321c6353,6226,1
23155,117,hans-holbein-the-younger,6,portrait,17,Northern_Renaissance,1382,1865,RGB,8d58f22772a324f6,6227,1
20033,82,paolo-veronese,7,religious_painting,13,Mannerism_Late_Renaissance,1886,1382,RGB,90933fe960364ed9,6228,2
65995,29,lucas-cranach-the-elder,6,portrait,17,Northern_Renaissance,1382,1926,RGB,a6e48593dbc2d09d,6229,1
38176,0,Unknown Artist,9,still_life,22,Rococo,1771,1382,RGB,84b2db0c33cd2dd3,6230,1
35467,77,titian,6,portrait,13,Mannerism_Late_Renaissance,1382,1391,RGB,ebcae4f09434b263,6231,1
29310,82,paolo-veronese,7,religious_painting,13,Mannerism_Late_Renaissance,1886,1382,RGB,90933fe960364ed9,6228,2
36009,0,Unknown Artist,6,portrait,8,Early_Renaissance,1382,2610,RGB,9463426b4e3f9d98,6232,1
31932,0,Unknown Artist,3,illustration,8,Early_Renaissance,2358,1381,RGB,990d66a694db7b0c,6233,1
55698,77,titian,7,religious_painting,13,Mannerism_Late_Renaissance,1684,1381,RGB,c1995754233e36e6,6234,1
33881,24,leonardo-da-vinci,8,sketch_and_study,11,High_Renaissance,1382,1932,RGB,bf3fc0dc30a1cc89,6235,1
29227,0,Unknown Artist,7,religious_painting,8,Early_Renaissance,1382,2764,RGB,c6cdad30f0c79968,6236,1
23093,0,Unknown Artist,6,portrait,22,Rococo,1382,1718,RGB,9ce473138c3e9966,6237,1
30332,0,Unknown Artist,7,religious_painting,8,Early_Renaissance,1382,2868,RGB,bac7432e6c72c11d,6238,1
55091,0,Unknown Artist,2,genre_painting,22,Rococo,1382,1593,RGB,c82b73d9237638c3,6239,1
34865,0,Unknown Artist,6,portrait,8,Early_Renaissance,1382,1944,RGB,c36b3c3f3ce03036,6240,1
32276,0,Unknown Artist,7,religious_painting,13,Mannerism_Late_Renaissance,1382,2045,RGB,aec44b1b9c99e1e4,6241,1
38278,0,Unknown Artist,7,religious_painting,8,Early_Renaissance,1382,1508,RGB,95d66e383688c6cd,6242,1
40121,67,tintoretto,7,religious_painting,13,Mannerism_Late_Renaissance,1382,2222,RGB,c3ca0d17766f381c,6243,1
70635,0,Unknown Artist,10,Unknown Genre,13,Mannerism_Late_Renaissance,1382,1683,RGB,fbdbace922628407,6244,1
45087,58,pietro-perugino,6,portrait,8,Early_Renaissance,1382,1983,RGB,ece4430b11de9e9a,6245,1
19366,87,michelangelo,5,nude_painting,11,High_Renaissance,1382,2144,RGB,e82b6e5358e023cf,6246,1
24394,24,leonardo-da-vinci,8,sketch_and_study,11,High_Renaissance,1382,1619,RGB,b68dc072398f3663,6247,1
48378,0,Unknown Artist,6,portrait,11,High_Renaissance,1382,1441,RGB,c7f1701f6e02998d,6248,1
19173,0,Unknown Artist,7,religious_painting,13,Mannerism_Late_Renaissance,1382,1671,RGB,c7cd12464cdf9872,6249,1
49845,0,Unknown Artist,7,religious_painting,8,Early_Renaissance,1382,2093,RGB,9136e1496be41ee9,6250,1
11718,0,Unknown Artist,10,Unknown Genre,17,Northern_Renaissance,1382,2637,RGB,eeeead38b8b8a480,6251,1
38923,0,Unknown Artist,7,religious_painting,11,High_Renaissance,1382,1972,RGB,b96eda065651e0b9,6252,1
3422,20,rembrandt,7,religious_painting,4,Baroque,1382,1632,RGB,f4e11e116b3e34e1,6253,1
64962,0,Unknown Artist,6,portrait,4,Baroque,1381,1839,RGB,d92433763789760e,6254,1
28739,0,Unknown Artist,7,religious_painting,4,Baroque,1382,2322,RGB,8c3938d267e63b94,6255,1
37430,0,Unknown Artist,7,religious_painting,8,Early_Renaissance,1382,1616,RGB,ddf97663734a0814,6256,1
55787,82,paolo-veronese,7,religious_painting,13,Mannerism_Late_Renaissance,1725,1382,RGB,b6a5ad53524264bd,6257,1
55942,82,paolo-veronese,7,religious_painting,13,Mannerism_Late_Renaissance,1382,1920,RGB,c1e0f84eb493ad8b,6258,1
33058,0,Unknown Artist,6,portrait,4,Baroque,1382,1721,RGB,9bcea41b2cb552ac,6259,1
50875,38,fra-angelico,7,religious_painting,8,Early_Renaissance,1771,1382,RGB,a1d663481b3b3be4,6260,1
32662,121,el-greco,7,religious_painting,13,Mannerism_Late_Renaissance,1382,1803,RGB,9ddc78a087762267,6261,1
56746,0,Unknown Artist,7,religious_painting,4,Baroque,1382,1919,RGB,c837073cd93b6564,6262,1
68870,0,Unknown Artist,10,Unknown Genre,4,Baroque,1382,1688,RGB,d91be46536c20cdb,6263,1
67970,0,Unknown Artist,10,Unknown Genre,22,Rococo,1382,1568,RGB,98d863a56e3664ec,6264,1
43106,0,Unknown Artist,7,religious_painting,8,Early_Renaissance,1382,1877,RGB,e78c9234f14a8df2,6265,1
55081,0,Unknown Artist,2,genre_painting,22,Rococo,1382,1623,RGB,cf3038c7ac781f34,6266,1
55768,69,raphael,7,religious_painting,11,High_Renaissance,1382,1730,RGB,9ce0431dfa9231eb,4952,2
55757,0,Unknown Artist,7,religious_painting,8,Early_Renaissance,1382,1957,RGB,99e0e41a93e7e01f,6267,1
26692,58,pietro-perugino,7,religious_painting,8,Early_Renaissance,2175,1382,RGB,dec34969203e199f,6268,1
50775,126,thomas-gainsborough,8,sketch_and_study,22,Rococo,1893,1382,RGB,b18e9af30e15cb62,6269,1
51940,126,thomas-gainsborough,4,landscape,22,Rococo,1492,1382,RGB,8d89e2f2787c38cc,6270,1
56563,67,tintoretto,7,religious_painting,13,Mannerism_Late_Renaissance,1382,1618,RGB,bb99dac548e1a532,6271,1
12660,25,albrecht-durer,6,portrait,17,Northern_Renaissance,1382,1782,RGB,ce31333cb1c789cc,6272,1
39633,114,anthony-van-dyck,6,portrait,4,Baroque,1382,1808,RGB,d9b12666670f9cb0,6273,1
71764,0,Unknown Artist,10,Unknown Genre,22,Rococo,2032,1382,RGB,fd82508f13e48b76,6274,1
73880,0,Unknown Artist,10,Unknown Genre,22,Rococo,1797,1382,RGB,929a4dcc6565933b,6275,1
20738,0,Unknown Artist,7,religious_painting,8,Early_Renaissance,1382,1544,RGB,b1e052d836270fde,6276,1
28045,103,hans-memling,7,religious_painting,17,Northern_Renaissance,1970,1382,RGB,92ed8b3a66263e38,6277,1
9702,25,albrecht-durer,7,religious_painting,17,Northern_Renaissance,1382,1792,RGB,bb34ab4b4449be32,6278,1
55719,0,Unknown Artist,7,religious_painting,13,Mannerism_Late_Renaissance,2041,1382,RGB,e3e1a41bc14ed971,6279,1
3880,25,albrecht-durer,7,religious_painting,17,Northern_Renaissance,1382,1784,RGB,bb9d9d908c8eac45,6280,1
40460,0,Unknown Artist,7,religious_painting,11,High_Renaissance,1382,3332,RGB,baf9e92ca52cb288,6281,1
53663,0,Unknown Artist,2,genre_painting,22,Rococo,1382,1753,RGB,ecf83834538397c3,6282,1
20308,24,leonardo-da-vinci,8,sketch_and_study,8,Early_Renaissance,1382,2126,RGB,b937c2b5c64d4ce0,6283,1
27914,0,Unknown Artist,7,religious_painting,17,Northern_Renaissance,1865,1382,RGB,d47e78191f870339,6284,1
46903,0,Unknown Artist,7,religious_painting,8,Early_Renaissance,1382,2022,RGB,905d4d1ad60b536f,6285,1
51556,0,Unknown Artist,7,religious_painting,11,High_Renaissance,1382,2905,RGB,c74d1a363d76640b,6286,1
51702,0,Unknown Artist,7,religious_painting,8,Early_Renaissance,1382,3496,RGB,ce359147d78b548a,6287,1
20392,0,Unknown Artist,6,portrait,13,Mannerism_Late_Renaissance,1707,1382,RGB,c4913b4e76b38c99,6288,1
32156,67,tintoretto,7,religious_painting,13,Mannerism_Late_Renaissance,2361,1382,RGB,85cf95b44d856e89,6289,1
78639,0,Unknown Artist,10,Unknown Genre,4,Baroque,1382,1524,RGB,9681dfec851f9225,6290,1
70402,0,Unknown Artist,10,Unknown Genre,4,Baroque,1382,1692,RGB,8c8c33733366cccd,6291,1
37210,126,thomas-gainsborough,6,portrait,22,Rococo,1382,2135,RGB,d832e56c64cc9b78,6292,1
50267,0,Unknown Artist,7,religious_painting,8,Early_Renaissance,1382,5937,RGB,cbb43c13a60e6b1b,6293,1
37583,38,fra-angelico,7,religious_painting,8,Early_Renaissance,1382,4134,RGB,ea85948b195a4ded,6294,1
26232,0,Unknown Artist,6,portrait,22,Rococo,1382,1965,RGB,ccc33c2e3378e9b0,6295,1
70203,0,Unknown Artist,10,Unknown Genre,17,Northern_Renaissance,1550,1382,RGB,9e9acca6c297b194,6296,1
31653,67,tintoretto,7,religious_painting,13,Mannerism_Late_Renaissance,1382,1834,RGB,a0754c247cea731f,6297,1
78529,0,Unknown Artist,10,Unknown Genre,13,Mannerism_Late_Renaissance,2005,1382,RGB,d79399cc4969e429,6298,1
52993,103,hans-memling,7,religious_painting,17,Northern_Renaissance,1382,2011,RGB,d3bc3d626b058c93,6299,1
68727,0,Unknown Artist,10,Unknown Genre,13,Mannerism_Late_Renaissance,1780,1382,RGB,c7c2391d5c1ec363,6300,1
37828,0,Unknown Artist,7,religious_painting,17,Northern_Renaissance,1382,1738,RGB,bee8e89cc90b84d9,6301,1
26378,103,hans-memling,7,religious_painting,17,Northern_Renaissance,1382,1907,RGB,9926669bb74c9564,6302,1
72001,0,Unknown Artist,10,Unknown Genre,22,Rococo,1382,1614,RGB,9de3b3e144b5caa0,6303,1
31571,0,Unknown Artist,7,religious_painting,17,Northern_Renaissance,3416,1382,RGB,88e77379744e3107,6304,1
1830,20,rembrandt,8,sketch_and_study,4,Baroque,2071,1382,RGB,da9aa42de94eb066,6305,1
47049,0,Unknown Artist,7,religious_painting,8,Early_Renaissance,1382,2029,RGB,82977a12cf3896e9,6306,1
56562,0,Unknown Artist,7,religious_painting,11,High_Renaissance,1382,2120,RGB,93b1454c084ffe3e,6307,1
46712,0,Unknown Artist,7,religious_painting,13,Mannerism_Late_Renaissance,1382,2023,RGB,a9a9f5f5b4e2a006,6308,1
46174,0,Unknown Artist,7,religious_painting,8,Early_Renaissance,1382,1882,RGB,8484eb0292fc5fbd,6309,1
75399,0,Unknown Artist,10,Unknown Genre,22,Rococo,1614,1382,RGB,c1c01e9f589e175d,6310,1
18183,25,albrecht-durer,8,sketch_and_study,17,Northern_Renaissance,1382,1942,RGB,b38cc8bfc6678c21,6311,1
23198,103,hans-memling,7,religious_painting,17,Northern_Renaissance,1733,1382,RGB,fa86847bc93a1a5c,6312,1
70473,0,Unknown Artist,10,Unknown Genre,4,Baroque,1382,1762,RGB,cc4e7db1117e28e1,6313,1
62162,24,leonardo-da-vinci,8,sketch_and_study,11,High_Renaissance,1650,1382,RGB,ba41853fca918fd1,6314,1
4651,20,rembrandt,8,sketch_and_study,4,Baroque,1382,1824,RGB,b6c39c9dc33c6131,6315,1
62887,0,Unknown Artist,3,illustration,8,Early_Renaissance,2056,1382,RGB,b7c8d1670deb086a,6316,1
57059,0,Unknown Artist,7,religious_painting,8,Early_Renaissance,1382,1997,RGB,d9a7be210f58584b,6317,1
57000,0,Unknown Artist,7,religious_painting,17,Northern_Renaissance,1867,1382,RGB,d82e4f4d1918ad75,6318,1
26604,0,Unknown Artist,7,religious_painting,4,Baroque,1382,1928,RGB,fb46cf124d691c29,6319,1
11178,0,Unknown Artist,10,Unknown Genre,17,Northern_Renaissance,1382,1442,RGB,ce9713e6ecf0a124,6320,2
57034,0,Unknown Artist,7,religious_painting,13,Mannerism_Late_Renaissance,1382,1654,RGB,f0f872a91a37c70a,6321,1
21355,0,Unknown Artist,8,sketch_and_study,22,Rococo,1382,1846,RGB,c9753846e3e598e1,6322,1
48978,0,Unknown Artist,7,religious_painting,8,Early_Renaissance,1382,1729,RGB,ed8cb43bf1c14aa4,6323,1
62550,87,michelangelo,8,sketch_and_study,11,High_Renaissance,1382,3437,RGB,ea5a95c8b3a79c90,6324,1
37943,0,Unknown Artist,2,genre_painting,4,Baroque,1382,1645,RGB,ef3d00068bf98ce3,6325,1
65562,126,thomas-gainsborough,6,portrait,22,Rococo,1382,1819,RGB,de3c61a366de9890,6326,1
47767,69,raphael,7,religious_painting,11,High_Renaissance,1382,1420,RGB,bf4de49ca491b384,6327,1
50241,126,thomas-gainsborough,6,portrait,22,Rococo,1382,1823,RGB,ccbc11630be30fec,6328,1
13128,25,albrecht-durer,8,sketch_and_study,17,Northern_Renaissance,2251,1382,RGB,bf1ec071ba87f120,6329,1
18012,25,albrecht-durer,6,portrait,17,Northern_Renaissance,1382,2108,RGB,c04f39842ff4f24e,6330,1
75350,0,Unknown Artist,10,Unknown Genre,22,Rococo,2362,1382,RGB,c67b69c4954636d8,6331,1
56702,77,titian,7,religious_painting,13,Mannerism_Late_Renaissance,1382,2022,RGB,d6c08debb2863356,6332,1
1310,25,albrecht-durer,7,religious_painting,17,Northern_Renaissance,1382,1944,RGB,fae1e40f871ad066,6333,1
41303,0,Unknown Artist,7,religious_painting,13,Mannerism_Late_Renaissance,1382,2135,RGB,9385eb504cd9746b,6334,1
7346,25,albrecht-durer,5,nude_painting,17,Northern_Renaissance,1382,1995,RGB,d5107b27ce3cd06a,6335,1
32857,24,leonardo-da-vinci,8,sketch_and_study,11,High_Renaissance,1382,1953,RGB,e2e48d5ab995c239,6336,1
62974,0,Unknown Artist,6,portrait,4,Baroque,1432,1382,RGB,91c64ebca3743e49,6337,1
66261,69,raphael,6,portrait,11,High_Renaissance,1382,2167,RGB,cf6db01270c18fce,6338,1
66283,0,Unknown Artist,6,portrait,22,Rococo,1382,1741,RGB,c01c62333ff88b6d,6339,1
45370,0,Unknown Artist,6,portrait,22,Rococo,1382,1749,RGB,843c72c33f6055cf,6340,1
34382,29,lucas-cranach-the-elder,6,portrait,17,Northern_Renaissance,1382,1771,RGB,f9f994423669558a,6341,1
55850,80,peter-paul-rubens,7,religious_painting,4,Baroque,1382,2091,RGB,ebeab8b885a1b4c4,6342,1
56540,23,hieronymus-bosch,7,religious_painting,17,Northern_Renaissance,1382,1696,RGB,8f4572527ed321d4,6343,1
56243,0,Unknown Artist,7,religious_painting,13,Mannerism_Late_Renaissance,1382,1858,RGB,ccf4471f32441caf,6344,1
39944,61,bartolome-esteban-murillo,7,religious_painting,4,Baroque,1382,2075,RGB,eb958496946b956a,6345,1
64756,0,Unknown Artist,6,portrait,11,High_Renaissance,1382,1805,RGB,cc0f31f0273cbae1,6346,1
51888,0,Unknown Artist,6,portrait,4,Baroque,1382,2073,RGB,e2a744f83a5cf1c4,6347,1
18007,25,albrecht-durer,7,religious_painting,17,Northern_Renaissance,1382,2258,RGB,e5b312e619399cc9,6348,1
76073,0,Unknown Artist,10,Unknown Genre,11,High_Renaissance,1381,2041,RGB,bbf3fccce1c04302,6349,1
49115,87,michelangelo,5,nude_painting,11,High_Renaissance,1382,2307,RGB,beb55bb11644641b,6350,1
57024,58,pietro-perugino,7,religious_painting,8,Early_Renaissance,1382,1876,RGB,cb15446c964f9f1a,2117,2
65502,0,Unknown Artist,6,portrait,17,Northern_Renaissance,4700,1382,RGB,a78f387c1b529561,6351,1
22868,0,Unknown Artist,7,religious_painting,4,Baroque,1382,1596,RGB,fa2924f6c1d2053f,6352,1
56136,0,Unknown Artist,7,religious_painting,11,High_Renaissance,2005,1382,RGB,a1184ee76a6f3d05,6353,1
33254,24,leonardo-da-vinci,7,religious_painting,11,High_Renaissance,1812,1382,RGB,a9212190cdd8f9df,6354,1
29828,0,Unknown Artist,7,religious_painting,13,Mannerism_Late_Renaissance,1382,1395,RGB,b1eace35b56050d6,6355,1
33067,0,Unknown Artist,7,religious_painting,8,Early_Renaissance,1382,1905,RGB,982f44770e96e52e,6356,1
68738,0,Unknown Artist,10,Unknown Genre,11,High_Renaissance,2059,1382,RGB,d8154f6bfc346930,6357,1
73646,0,Unknown Artist,10,Unknown Genre,22,Rococo,2333,1382,RGB,85e7c17d74ca3b80,6358,1
56828,103,hans-memling,7,religious_painting,17,Northern_Renaissance,1382,1855,RGB,c9b9fce2725e2214,6359,1
726,25,albrecht-durer,7,religious_painting,17,Northern_Renaissance,1382,2065,RGB,c9b6076a946d5ab4,6360,1
55733,87,michelangelo,7,religious_painting,11,High_Renaissance,1382,1829,RGB,dfdc1c69e013ca19,6361,1
31258,0,Unknown Artist,7,religious_painting,8,Early_Renaissance,1421,1382,RGB,8107da78b9324dee,6362,1
69505,0,Unknown Artist,10,Unknown Genre,22,Rococo,1382,2062,RGB,ce33f422af529724,6363,1
25449,0,Unknown Artist,7,religious_painting,11,High_Renaissance,1382,1840,RGB,83f599c19485f665,6364,1
49910,117,hans-holbein-the-younger,6,portrait,17,Northern_Renaissance,1382,2107,RGB,cec366143b28f393,6365,1
4999,25,albrecht-durer,6,portrait,17,Northern_Renaissance,1382,1837,RGB,beb5e5028fe1f00c,4034,2
35718,0,Unknown Artist,7,religious_painting,8,Early_Renaissance,1382,1577,RGB,cb34342b7d4c2b8b,6366,1
81106,0,Unknown Artist,10,Unknown Genre,17,Northern_Renaissance,2087,1382,RGB,90b2e7e368c6715a,6367,1
18121,25,albrecht-durer,3,illustration,17,Northern_Renaissance,1382,1842,RGB,e1c79c3cd269823e,6368,1
46407,83,joshua-reynolds,6,portrait,22,Rococo,1382,2261,RGB,d96d21428632e9fb,6369,1
55631,0,Unknown Artist,7,religious_painting,13,Mannerism_Late_Renaissance,1382,1910,RGB,8697c5e059dc0fd8,6370,1
26073,0,Unknown Artist,6,portrait,11,High_Renaissance,1382,1645,RGB,fcfc9b330325708c,3425,2
20022,77,titian,7,religious_painting,11,High_Renaissance,1648,1382,RGB,d4243e3b434e7cf0,6371,1
64749,67,tintoretto,6,portrait,13,Mannerism_Late_Renaissance,1382,1710,RGB,dc13f9ec03267662,6372,1
63770,117,hans-holbein-the-younger,6,portrait,17,Northern_Renaissance,1382,1724,RGB,dd48a393c8cd9633,6373,1
56632,23,hieronymus-bosch,7,religious_painting,17,Northern_Renaissance,1382,1697,RGB,c03e67f65cd85911,6374,1
57071,0,Unknown Artist,7,religious_painting,8,Early_Renaissance,1382,2068,RGB,bff0143e90e1c32e,6375,1
32434,0,Unknown Artist,6,portrait,22,Rococo,1382,1725,RGB,999be2666c662666,6376,1
21063,0,Unknown Artist,6,portrait,22,Rococo,1382,1923,RGB,9c4d63929b6934cd,6377,1
63143,0,Unknown Artist,6,portrait,22,Rococo,1382,1708,RGB,9a6d269673cc991a,6378,1
56507,0,Unknown Artist,7,religious_painting,8,Early_Renaissance,1382,1908,RGB,faa5e1b2674094e3,6379,1
7817,20,rembrandt,8,sketch_and_study,4,Baroque,2166,1382,RGB,c465b4671b620f7a,6380,1
35521,23,hieronymus-bosch,7,religious_painting,17,Northern_Renaissance,1382,1418,RGB,ae3cf12390e78336,6381,1
27070,0,Unknown Artist,7,religious_painting,17,Northern_Renaissance,1382,2022,RGB,d80b6f316cc635c9,6382,1
63932,0,Unknown Artist,6,portrait,4,Baroque,1382,1839,RGB,c94c3e732332eba1,6383,1
22907,80,peter-paul-rubens,7,religious_painting,4,Baroque,1382,1784,RGB,88796396364c5aee,6384,1
28399,0,Unknown Artist,7,religious_painting,22,Rococo,1382,2001,RGB,f88eb53866319ab1,6385,1
26308,0,Unknown Artist,7,religious_painting,8,Early_Renaissance,1382,1663,RGB,f2678d2c8a67c332,6386,1
21771,0,Unknown Artist,7,religious_painting,8,Early_Renaissance,1382,1926,RGB,c49433cf15767aa2,6387,1
78608,0,Unknown Artist,10,Unknown Genre,4,Baroque,1633,1382,RGB,fc3369dc190f9924,6388,1
78505,0,Unknown Artist,10,Unknown Genre,13,Mannerism_Late_Renaissance,1544,1382,RGB,bce7009eec63ca94,6389,1
46180,0,Unknown Artist,7,religious_painting,8,Early_Renaissance,1382,2540,RGB,95ea31586ab9c762,6390,1
79406,0,Unknown Artist,10,Unknown Genre,11,High_Renaissance,2067,1382,RGB,86a1fd54cd1a28d7,6391,1
56471,0,Unknown Artist,7,religious_painting,8,Early_Renaissance,1706,1382,RGB,d0e53b929996853d,6392,1
56866,38,fra-angelico,7,religious_painting,8,Early_Renaissance,1382,4073,RGB,bb16f079e0e0c6e4,6393,1
45896,125,jacob-jordaens,6,portrait,4,Baroque,1382,1789,RGB,acd8522737c8cd99,6394,1
68604,0,Unknown Artist,10,Unknown Genre,17,Northern_Renaissance,2213,1382,RGB,c162e6c93896f1dc,6395,1
51336,80,peter-paul-rubens,6,portrait,4,Baroque,1382,1608,RGB,ea6ab4b564b492ca,6396,1
38767,0,Unknown Artist,7,religious_painting,17,Northern_Renaissance,1676,1382,RGB,f2d36929be25a04d,6397,1
45598,0,Unknown Artist,2,genre_painting,22,Rococo,1382,1720,RGB,cfb2308bf3ccc630,6398,1
57090,0,Unknown Artist,7,religious_painting,13,Mannerism_Late_Renaissance,1382,1930,RGB,96290bd1fc574936,6399,1
46667,126,thomas-gainsborough,6,portrait,22,Rococo,1382,2106,RGB,dc393228f5463367,6400,1
36852,103,hans-memling,9,still_life,17,Northern_Renaissance,1382,1808,RGB,bc31c364c78798c7,6401,1
41502,67,tintoretto,7,religious_painting,13,Mannerism_Late_Renaissance,1382,2835,RGB,afa2794ccaa1c55a,6402,1
78472,0,Unknown Artist,10,Unknown Genre,13,Mannerism_Late_Renaissance,1406,1382,RGB,af98f067c446962d,6403,1
27547,0,Unknown Artist,7,religious_painting,11,High_Renaissance,1382,1664,RGB,dbd822866d381bc7,6404,1
57086,67,tintoretto,7,religious_painting,13,Mannerism_Late_Renaissance,2429,1382,RGB,edfc14ccbe01076a,6405,1
45537,82,paolo-veronese,7,religious_painting,13,Mannerism_Late_Renaissance,2177,1382,RGB,b316174d68c942f7,6406,1
80080,0,Unknown Artist,10,Unknown Genre,22,Rococo,1382,1729,RGB,85ee3e43c0cd8f92,6407,1
64127,116,frans-hals,6,portrait,4,Baroque,1382,1725,RGB,bef21049e59a1ea6,6408,1
55767,67,tintoretto,7,religious_painting,13,Mannerism_Late_Renaissance,1382,3185,RGB,ee8590d8c1ce8f87,6409,1
22565,0,Unknown Artist,7,religious_painting,8,Early_Renaissance,1382,1802,RGB,db3f0ee4f218c641,6410,1
21595,0,Unknown Artist,6,portrait,17,Northern_Renaissance,1382,1757,RGB,85c66e39d2362e71,6411,1
44578,58,pietro-perugino,7,religious_painting,11,High_Renaissance,1382,2085,RGB,fae0e52d93b4a44a,6412,1
21545,0,Unknown Artist,6,portrait,8,Early_Renaissance,1382,1437,RGB,ef7699c9d0c29198,6413,1
30929,77,titian,6,portrait,11,High_Renaissance,1382,1593,RGB,febfdd7842a0208c,6414,1
55653,58,pietro-perugino,7,religious_painting,11,High_Renaissance,1382,1835,RGB,9fbb1b6e0417d061,6415,1
51212,0,Unknown Artist,6,portrait,8,Early_Renaissance,1382,1865,RGB,c32ffcb83c78b030,6416,1
39976,0,Unknown Artist,7,religious_painting,4,Baroque,1382,2436,RGB,89b130cfe262ed56,6417,1
56731,38,fra-angelico,7,religious_painting,8,Early_Renaissance,1382,1785,RGB,ef7f9186a48134b4,6418,1
29448,0,Unknown Artist,6,portrait,13,Mannerism_Late_Renaissance,1382,1723,RGB,e82f13697e44e827,6419,1
54673,0,Unknown Artist,2,genre_painting,4,Baroque,1703,1382,RGB,8ac8ec02fbb16973,6420,1
47033,38,fra-angelico,7,religious_painting,8,Early_Renaissance,2056,1382,RGB,dbe49b947108d729,6421,1
59118,0,Unknown Artist,4,landscape,4,Baroque,1879,1382,RGB,fbfc02b54db2a814,6422,1
41644,110,joseph-wright,6,portrait,22,Rococo,1382,1679,RGB,9d6867979a21c6cc,6423,1
56800,0,Unknown Artist,7,religious_painting,8,Early_Renaissance,1382,1498,RGB,932af646cc13ce4d,6424,1
71812,0,Unknown Artist,10,Unknown Genre,8,Early_Renaissance,1382,1534,RGB,fafb2505907287d4,6425,1
147,25,albrecht-durer,6,portrait,17,Northern_Renaissance,1382,1974,RGB,8043bf17e8a07eea,6426,1
74243,0,Unknown Artist,10,Unknown Genre,13,Mannerism_Late_Renaissance,1382,1777,RGB,e03c1b05726e65be,6427,1
37779,0,Unknown Artist,7,religious_painting,8,Early_Renaissance,1382,4043,RGB,c73f3847dc9851e0,6428,1
51123,0,Unknown Artist,6,portrait,17,Northern_Renaissance,1381,1777,RGB,eeacd3d2b0556033,6429,1
75432,0,Unknown Artist,10,Unknown Genre,11,High_Renaissance,2143,1382,RGB,90d36b4e661bd06e,6430,1
73820,0,Unknown Artist,10,Unknown Genre,22,Rococo,1382,1562,RGB,892c3a43479bb35e,6431,1
30363,0,Unknown Artist,7,religious_painting,8,Early_Renaissance,1382,1556,RGB,c7151860a3a76ede,4660,2
23042,58,pietro-perugino,7,religious_painting,8,Early_Renaissance,1382,2016,RGB,cca6ccb2e3e99c84,6432,1
56454,58,pietro-perugino,7,religious_painting,11,High_Renaissance,1382,1989,RGB,92219d36e05eb33e,6433,1
42615,0,Unknown Artist,7,religious_painting,11,High_Renaissance,2054,1381,RGB,eb41be8b3b8a9458,6434,1
8353,25,albrecht-durer,7,religious_painting,17,Northern_Renaissance,1382,1867,RGB,b1c7cc732798c073,6435,1
48963,0,Unknown Artist,6,portrait,22,Rococo,1382,2100,RGB,8d3a72a5935a8d9c,6436,1
17671,20,rembrandt,6,portrait,4,Baroque,1382,1799,RGB,984d6797336d8c92,6437,1
21434,103,hans-memling,7,religious_painting,17,Northern_Renaissance,1382,4238,RGB,85d0aacbb0acf2ec,6438,1
445,25,albrecht-durer,6,portrait,17,Northern_Renaissance,1382,2023,RGB,ed69d45ab0133ab4,6439,1
30134,0,Unknown Artist,7,religious_painting,8,Early_Renaissance,1842,1382,RGB,914e6d6137647e1a,6440,1
63502,0,Unknown Artist,6,portrait,11,High_Renaissance,1382,2073,RGB,efaad0a50e82799a,6441,1
33742,0,Unknown Artist,7,religious_painting,11,High_Renaissance,3642,1382,RGB,96e8863b6c1a393e,6442,1
46504,58,pietro-perugino,7,religious_painting,11,High_Renaissance,1382,1893,RGB,f97866078e83f04d,6443,1
37128,0,Unknown Artist,2,genre_painting,4,Baroque,1381,1848,RGB,9436fa4bce276149,6444,1
74835,0,Unknown Artist,10,Unknown Genre,17,Northern_Renaissance,1496,1382,RGB,e6ebeb921d101837,6445,1
19972,82,paolo-veronese,7,religious_painting,13,Mannerism_Late_Renaissance,2098,1382,RGB,cad933266d30da27,6446,1
57057,0,Unknown Artist,7,religious_painting,4,Baroque,1382,1933,RGB,921f2cc19f4e36b2,6447,1
54007,0,Unknown Artist,2,genre_painting,22,Rococo,1652,1382,RGB,fcfc1390dce0b605,6448,1
65109,116,frans-hals,6,portrait,4,Baroque,1382,1827,RGB,cfcecaa13c38689c,6449,1
31902,0,Unknown Artist,6,portrait,22,Rococo,1382,1626,RGB,d83f649637600ef1,6450,1
48156,87,michelangelo,5,nude_painting,11,High_Renaissance,1382,1835,RGB,dc8ee4f881c48fc6,6451,1
42800,69,raphael,6,portrait,11,High_Renaissance,1382,1764,RGB,d92827f6839976c8,6452,1
69921,0,Unknown Artist,10,Unknown Genre,17,Northern_Renaissance,1382,1828,RGB,d1c9d2fb92679049,6453,1
9022,25,albrecht-durer,6,portrait,17,Northern_Renaissance,1382,2111,RGB,cacb5250e5a71d4b,6454,1
45450,0,Unknown Artist,7,religious_painting,8,Early_Renaissance,1382,1542,RGB,d769ecb4b2c20927,6455,1
52559,0,Unknown Artist,4,landscape,4,Baroque,1872,1382,RGB,c2c2c69c193f2e73,6456,1
40774,24,leonardo-da-vinci,8,sketch_and_study,11,High_Renaissance,1382,1992,RGB,e5c3262d9a344fc9,6457,1
36697,0,Unknown Artist,2,genre_painting,4,Baroque,1948,1382,RGB,9297cdecb472b830,6458,1
19655,0,Unknown Artist,7,religious_painting,11,High_Renaissance,1382,1556,RGB,c91336c666ac70cf,6459,1
20828,121,el-greco,7,religious_painting,13,Mannerism_Late_Renaissance,1672,1382,RGB,a6383ba7ec5b4c22,6460,1
24724,0,Unknown Artist,7,religious_painting,17,Northern_Renaissance,1382,1747,RGB,db1dc86c8c780f71,6461,1
47907,0,Unknown Artist,6,portrait,11,High_Renaissance,1579,1382,RGB,ecdd3033038ccb37,6462,1
23675,0,Unknown Artist,6,portrait,13,Mannerism_Late_Renaissance,1382,1846,RGB,cc07377c30c333cb,6463,1
24329,0,Unknown Artist,7,religious_painting,11,High_Renaissance,1382,1927,RGB,ceda304965338b67,6464,1
20047,23,hieronymus-bosch,7,religious_painting,17,Northern_Renaissance,1382,1685,RGB,8f7c41030699e7fc,6465,1
6218,20,rembrandt,6,portrait,4,Baroque,1382,1476,RGB,ea6bb4968b9c845a,2081,2
76064,0,Unknown Artist,10,Unknown Genre,22,Rococo,1901,1382,RGB,d58d225bb04a7ad5,6466,1
23815,0,Unknown Artist,7,religious_painting,11,High_Renaissance,1382,2133,RGB,abaef8ede0e0b090,6467,1
10954,0,Unknown Artist,10,Unknown Genre,17,Northern_Renaissance,1382,3484,RGB,b2cb733cc63513c2,6468,1
44562,58,pietro-perugino,7,religious_painting,11,High_Renaissance,1381,1827,RGB,cdb951f62447c721,6469,1
23075,0,Unknown Artist,7,religious_painting,4,Baroque,1577,1382,RGB,926d4bb2f409e8b6,6470,1
25846,0,Unknown Artist,7,religious_painting,8,Early_Renaissance,1393,1382,RGB,eb95a067914a94bb,6471,1
38482,0,Unknown Artist,7,religious_painting,11,High_Renaissance,1382,1835,RGB,96c62957932d5a39,6472,1
52226,82,paolo-veronese,7,religious_painting,13,Mannerism_Late_Renaissance,1382,2074,RGB,d18c6d6b07793833,6473,1
50321,67,tintoretto,7,religious_painting,13,Mannerism_Late_Renaissance,2055,1382,RGB,d18c0fb2f2490f9b,6474,1
11879,20,rembrandt,8,sketch_and_study,4,Baroque,1382,1572,RGB,bae8c5c7ec4c121b,6475,1
22723,0,Unknown Artist,6,portrait,17,Northern_Renaissance,1382,1994,RGB,f828b63369d90ce6,6476,1
19712,0,Unknown Artist,6,portrait,22,Rococo,1382,1807,RGB,ec3eb3f0a437d024,6477,1
38082,0,Unknown Artist,6,portrait,22,Rococo,1382,1683,RGB,dc2d4b36664336cc,6478,1
40981,82,paolo-veronese,6,portrait,13,Mannerism_Late_Renaissance,1382,1826,RGB,979fb47832343331,6479,1
38087,0,Unknown Artist,7,religious_painting,8,Early_Renaissance,1382,1793,RGB,ce3ee0c33fc0858e,6480,1
50216,83,joshua-reynolds,8,sketch_and_study,22,Rococo,1382,1724,RGB,d6f865c64cd62b05,6481,1
38300,103,hans-memling,7,religious_painting,17,Northern_Renaissance,1382,3315,RGB,eebcb3b2a4c49191,6482,1
48838,0,Unknown Artist,7,religious_painting,4,Baroque,1382,1837,RGB,ff2f41c8421dd0e3,6483,1
30336,83,joshua-reynolds,6,portrait,22,Rococo,1382,1842,RGB,f3e82d9766b50d01,6484,1
33015,121,el-greco,7,religious_painting,13,Mannerism_Late_Renaissance,1382,1693,RGB,fcec8ba1eeb10c30,6485,1
43387,23,hieronymus-bosch,7,religious_painting,17,Northern_Renaissance,1382,4245,RGB,edad81f0f4e252c2,6486,1
32103,29,lucas-cranach-the-elder,7,religious_painting,17,Northern_Renaissance,1713,1381,RGB,97837839639587c3,6487,1
18104,0,Unknown Artist,10,Unknown Genre,17,Northern_Renaissance,1382,1545,RGB,e61b882da1d2ceb3,6488,1
73067,0,Unknown Artist,10,Unknown Genre,11,High_Renaissance,1382,1992,RGB,ad9613d911a56667,6489,1
33576,0,Unknown Artist,7,religious_painting,22,Rococo,1819,1382,RGB,c73d30c24e3be18d,6490,1
27505,0,Unknown Artist,7,religious_painting,8,Early_Renaissance,1484,1382,RGB,978250374875fd9c,6491,1
25016,0,Unknown Artist,7,religious_painting,17,Northern_Renaissance,1382,1898,RGB,92676d3ec4c8b153,6492,1
71323,0,Unknown Artist,10,Unknown Genre,13,Mannerism_Late_Renaissance,1382,2062,RGB,9469658f3a364d5a,6493,1
20187,0,Unknown Artist,6,portrait,11,High_Renaissance,1382,1705,RGB,9d7863b696698c85,6494,1
56146,77,titian,7,religious_painting,13,Mannerism_Late_Renaissance,1382,1413,RGB,aec31119748edb65,6495,1
55617,0,Unknown Artist,7,religious_painting,13,Mannerism_Late_Renaissance,1382,3204,RGB,aaa28f94bd93858d,6496,1
34941,0,Unknown Artist,6,portrait,22,Rococo,1382,1692,RGB,8ccc3b3333d3cc4c,6497,1
19415,0,Unknown Artist,7,religious_painting,8,Early_Renaissance,1382,4181,RGB,bf3e3a344da884c9,6498,1
34341,0,Unknown Artist,2,genre_painting,22,Rococo,1382,1854,RGB,cb1e38a394706f39,6499,1
9682,25,albrecht-durer,7,religious_painting,17,Northern_Renaissance,1382,1801,RGB,fc2e4b1e186a89b9,6500,1
55968,58,pietro-perugino,7,religious_painting,8,Early_Renaissance,1382,1862,RGB,80976b7cd07837c6,6501,1
28177,121,el-greco,7,religious_painting,13,Mannerism_Late_Renaissance,1382,1780,RGB,ade5f031c18b930f,6502,1
13163,20,rembrandt,2,genre_painting,4,Baroque,1382,1684,RGB,ae73a50ed43cd107,6503,1
36873,58,pietro-perugino,7,religious_painting,11,High_Renaissance,2358,1381,RGB,bef8a187c60ace8a,6504,1
34536,0,Unknown Artist,1,cityscape,22,Rococo,2023,1382,RGB,d0a92e281bdcf497,6505,1
22841,0,Unknown Artist,7,religious_painting,11,High_Renaissance,1382,1663,RGB,a77e78221819ed65,6506,1
33432,58,pietro-perugino,7,religious_painting,11,High_Renaissance,1382,2273,RGB,ebb1b585d0628697,6507,1
55241,0,Unknown Artist,2,genre_painting,17,Northern_Renaissance,1986,1382,RGB,cadb34241f8396b6,6508,1
79384,0,Unknown Artist,10,Unknown Genre,11,High_Renaissance,1959,1382,RGB,861f7b7a2c60c59a,6509,1
50126,0,Unknown Artist,6,portrait,4,Baroque,1382,1576,RGB,e614694bd8637c36,6510,1
24990,69,raphael,8,sketch_and_study,11,High_Renaissance,1382,1958,RGB,9e0f53d0e0a159db,6511,1
22121,0,Unknown Artist,6,portrait,11,High_Renaissance,1382,1832,RGB,aca613593313cde6,6512,1
73912,0,Unknown Artist,10,Unknown Genre,4,Baroque,1382,1646,RGB,ef26bcb1a1cc96c0,6513,1
51147,0,Unknown Artist,2,genre_painting,4,Baroque,1779,1382,RGB,adf684188d647b95,6514,1
26594,0,Unknown Artist,7,religious_painting,11,High_Renaissance,1733,1382,RGB,abadc9e94c46e234,6515,1
43628,0,Unknown Artist,7,religious_painting,8,Early_Renaissance,2065,1382,RGB,8671d85ec69ca4cd,6516,1
35937,0,Unknown Artist,8,sketch_and_study,17,Northern_Renaissance,1382,2263,RGB,bce1431fc10edc63,6517,1
46595,0,Unknown Artist,2,genre_painting,4,Baroque,1828,1382,RGB,909a8de53b33738c,6518,1
45434,87,michelangelo,7,religious_painting,11,High_Renaissance,1382,1815,RGB,9ac848bcf4439fd8,6519,1
55759,77,titian,7,religious_painting,13,Mannerism_Late_Renaissance,1382,1915,RGB,946269758abb9d16,6520,1
29044,0,Unknown Artist,2,genre_painting,4,Baroque,1382,1783,RGB,d06c1be49e33e49a,6521,1
71282,0,Unknown Artist,10,Unknown Genre,4,Baroque,2159,1382,RGB,95b1398766b463d8,6522,1
51213,0,Unknown Artist,2,genre_painting,4,Baroque,1382,1847,RGB,8bba356996665a0b,6523,1
63906,77,titian,6,portrait,11,High_Renaissance,1382,1805,RGB,cb343ae1673c61e4,6524,1
29612,0,Unknown Artist,7,religious_painting,8,Early_Renaissance,1382,1797,RGB,a7784983bc788f16,6525,1
21989,0,Unknown Artist,6,portrait,22,Rococo,1382,1758,RGB,d21d6d6697389361,6526,1
65208,0,Unknown Artist,6,portrait,13,Mannerism_Late_Renaissance,1382,1840,RGB,efa93071918dc4cb,6527,1
56025,0,Unknown Artist,7,religious_painting,11,High_Renaissance,1382,2181,RGB,fda2baecace0a085,6528,1
63346,83,joshua-reynolds,6,portrait,22,Rococo,1382,2218,RGB,8e393166539bcc65,6529,1
32020,0,Unknown Artist,6,portrait,8,Early_Renaissance,1382,1917,RGB,c3c3383899e56cc7,6530,1
42988,0,Unknown Artist,6,portrait,4,Baroque,1382,1457,RGB,af99d82cc087c7c3,6531,1
55649,69,raphael,7,religious_painting,11,High_Renaissance,1995,1382,RGB,c0cb4f5cae2781d5,6532,1
50641,0,Unknown Artist,7,religious_painting,13,Mannerism_Late_Renaissance,1382,2348,RGB,e0b3bfe878a434e0,6533,1
74005,0,Unknown Artist,10,Unknown Genre,11,High_Renaissance,1382,1813,RGB,efacb012b0c9c3c7,6534,1
11600,25,albrecht-durer,7,religious_painting,17,Northern_Renaissance,1382,2258,RGB,d4c229701ff56c59,6535,1
46192,82,paolo-veronese,7,religious_painting,13,Mannerism_Late_Renaissance,1382,1699,RGB,e8f1430e75ca19c7,6536,1
46816,0,Unknown Artist,9,still_life,11,High_Renaissance,1382,1677,RGB,833d6cb3de254c2c,6537,1
36262,0,Unknown Artist,6,portrait,13,Mannerism_Late_Renaissance,1382,1869,RGB,dd9e601674671ba1,6538,1
43787,0,Unknown Artist,2,genre_painting,4,Baroque,1842,1382,RGB,a55b5aa565d0970e,6539,1
55866,0,Unknown Artist,7,religious_painting,13,Mannerism_Late_Renaissance,1382,1528,RGB,866d7c81833f7895,6540,1
55840,0,Unknown Artist,7,religious_painting,17,Northern_Renaissance,1382,1619,RGB,d90a2678d86b26dd,6541,1
68176,0,Unknown Artist,10,Unknown Genre,17,Northern_Renaissance,1382,1776,RGB,c8a2bfdec531550c,6542,1
24003,23,hieronymus-bosch,7,religious_painting,17,Northern_Renaissance,1382,2245,RGB,a1baaeaf49632a19,6543,1
56143,0,Unknown Artist,7,religious_painting,17,Northern_Renaissance,1382,2262,RGB,e33e3c4794628d3c,6544,1
79392,0,Unknown Artist,10,Unknown Genre,11,High_Renaissance,1745,1382,RGB,ea4aa59d85a5b435,6545,1
55714,0,Unknown Artist,7,religious_painting,11,High_Renaissance,1382,2290,RGB,83c7103c0fc37b3e,6546,1
56430,0,Unknown Artist,7,religious_painting,17,Northern_Renaissance,2090,1382,RGB,8ec81f724a17715e,6547,1
56298,67,tintoretto,7,religious_painting,13,Mannerism_Late_Renaissance,1729,1382,RGB,ffd195d1c0ea4aa0,6548,1
40873,24,leonardo-da-vinci,8,sketch_and_study,8,Early_Renaissance,1382,1936,RGB,f5c20df59f483464,6549,1
52764,77,titian,6,portrait,11,High_Renaissance,1382,1779,RGB,8dd831622776ce63,6550,1
30590,121,el-greco,6,portrait,13,Mannerism_Late_Renaissance,1382,1595,RGB,8cd688733333dd4a,6551,1
47959,0,Unknown Artist,7,religious_painting,22,Rococo,1382,2066,RGB,bf386061c5d3d296,6552,1
40051,0,Unknown Artist,7,religious_painting,8,Early_Renaissance,1382,1677,RGB,d8896d6614774de4,6553,1
27738,116,frans-hals,6,portrait,4,Baroque,1382,1689,RGB,bc2a21c296bc8ddb,6554,1
73663,0,Unknown Artist,10,Unknown Genre,11,High_Renaissance,1382,1820,RGB,c63f7361941e38e4,6555,1
21386,0,Unknown Artist,1,cityscape,22,Rococo,1382,1842,RGB,a1f7164abd0c58e5,6556,1
63811,116,frans-hals,6,portrait,4,Baroque,1382,1887,RGB,cf24389965c71b71,6557,1
65659,0,Unknown Artist,6,portrait,13,Mannerism_Late_Renaissance,1382,1726,RGB,8647b9186e2467f3,6558,1
34256,0,Unknown Artist,2,genre_painting,22,Rococo,1797,1382,RGB,8e633133bf8e6981,6559,1
3782,25,albrecht-durer,1,cityscape,17,Northern_Renaissance,1382,1467,RGB,9c00c760f379bc5e,6560,1
32809,0,Unknown Artist,2,genre_painting,4,Baroque,1710,1382,RGB,99b838c56e6e4b1a,6561,1
45900,0,Unknown Artist,7,religious_painting,11,High_Renaissance,1778,1382,RGB,a59e6927879694b2,6562,1
79409,0,Unknown Artist,10,Unknown Genre,11,High_Renaissance,1881,1382,RGB,d3662c299af61e91,6563,1
47500,121,el-greco,7,religious_painting,13,Mannerism_Late_Renaissance,1382,2716,RGB,94c5366ce8997356,6564,1
56251,0,Unknown Artist,7,religious_painting,8,Early_Renaissance,2742,1382,RGB,d9d64e38970de843,6565,1
17744,20,rembrandt,7,religious_painting,4,Baroque,1382,1785,RGB,ea8df6629136854b,6566,1
46129,0,Unknown Artist,6,portrait,11,High_Renaissance,1382,1633,RGB,d80c573337e016dd,6567,1
37522,0,Unknown Artist,7,religious_painting,8,Early_Renaissance,3044,1382,RGB,ac8d1994362edb2d,6568,1
50053,58,pietro-perugino,7,religious_painting,11,High_Renaissance,3158,1382,RGB,8086e38938673f5f,6569,1
41556,0,Unknown Artist,7,religious_painting,13,Mannerism_Late_Renaissance,1382,1818,RGB,996ed69a65c92136,6570,1
51537,0,Unknown Artist,6,portrait,11,High_Renaissance,1719,1382,RGB,974a492432e7d3e3,6571,1
28791,126,thomas-gainsborough,4,landscape,22,Rococo,1675,1382,RGB,8eabed9c66d03461,6572,1
34061,0,Unknown Artist,7,religious_painting,17,Northern_Renaissance,1382,2037,RGB,dc663c51a524ba1f,6573,1
36825,0,Unknown Artist,7,religious_painting,17,Northern_Renaissance,1382,1708,RGB,f5e3622c699191f2,6574,1
80531,0,Unknown Artist,10,Unknown Genre,8,Early_Renaissance,1382,1788,RGB,c0a05a9f5e65699b,6575,1
27610,0,Unknown Artist,7,religious_painting,13,Mannerism_Late_Renaissance,1382,1882,RGB,bdb4e1c2921f830f,6576,1
23895,83,joshua-reynolds,6,portrait,22,Rococo,1382,1767,RGB,dc293ce6438f38e2,6577,1
18075,25,albrecht-durer,6,portrait,17,Northern_Renaissance,1382,1902,RGB,bebcc363e4c0131e,6578,1
51640,38,fra-angelico,7,religious_painting,8,Early_Renaissance,1702,1382,RGB,d27ddc682d018797,6579,1
51752,77,titian,6,portrait,13,Mannerism_Late_Renaissance,1382,1982,RGB,9939676632673466,6580,1
64652,0,Unknown Artist,6,portrait,22,Rococo,1382,2086,RGB,b691c96cc606b3d9,6581,1
64724,0,Unknown Artist,6,portrait,11,High_Renaissance,1382,1852,RGB,9b116e6463649e9b,6582,1
54427,0,Unknown Artist,2,genre_painting,22,Rococo,1774,1382,RGB,b1a8da4387799636,6583,1
21002,24,leonardo-da-vinci,6,portrait,8,Early_Renaissance,1382,1906,RGB,b1a6d05b4ef1390d,6584,1
56590,0,Unknown Artist,7,religious_painting,11,High_Renaissance,1382,1762,RGB,c5ec2d43125e3b6c,4440,2
69878,0,Unknown Artist,10,Unknown Genre,17,Northern_Renaissance,1382,2416,RGB,ca6f111445b86bd7,6585,1
22002,0,Unknown Artist,6,portrait,22,Rococo,1763,1382,RGB,c91931c7667634e3,6586,1
24074,24,leonardo-da-vinci,8,sketch_and_study,11,High_Renaissance,1382,1448,RGB,be1ac169c69e1d98,6587,1
81146,0,Unknown Artist,10,Unknown Genre,17,Northern_Renaissance,1532,1382,RGB,97c8e0b5186f661b,6588,1
10124,25,albrecht-durer,7,religious_painting,17,Northern_Renaissance,1382,1902,RGB,e9c6d671a3b600dc,6589,1
56492,0,Unknown Artist,7,religious_painting,8,Early_Renaissance,1976,1382,RGB,ccb6177aa15cd80b,6590,1
63093,0,Unknown Artist,6,portrait,17,Northern_Renaissance,1382,2351,RGB,d35aace5479a31d0,6591,1
55639,69,raphael,7,religious_painting,11,High_Renaissance,1382,2209,RGB,ca1a37766cc11dd8,6592,1
32942,0,Unknown Artist,6,portrait,17,Northern_Renaissance,1382,1818,RGB,ea6e95b16158d683,6593,1
64920,83,joshua-reynolds,6,portrait,22,Rococo,1382,2139,RGB,db892066e626b8db,6594,1
19216,0,Unknown Artist,7,religious_painting,13,Mannerism_Late_Renaissance,1382,1555,RGB,9433939627d836cd,6595,1
30550,69,raphael,7,religious_painting,11,High_Renaissance,2201,1382,RGB,93b36c3ccce42479,6596,1
79412,0,Unknown Artist,10,Unknown Genre,11,High_Renaissance,1382,1521,RGB,daf141b0a4f67169,6597,1
17985,25,albrecht-durer,2,genre_painting,17,Northern_Renaissance,1382,1888,RGB,9f94a40fe12e86b9,6598,1
25772,87,michelangelo,7,religious_painting,11,High_Renaissance,1802,1382,RGB,8c7cba2c923fc90e,6599,1
24448,0,Unknown Artist,6,portrait,8,Early_Renaissance,1382,2058,RGB,afed1132d04483fd,6600,1
50597,67,tintoretto,7,religious_painting,13,Mannerism_Late_Renaissance,1382,2095,RGB,f2d0054c4a1b3f6f,6601,1
55681,87,michelangelo,7,religious_painting,11,High_Renaissance,2246,1382,RGB,c41d1a336f2c71bc,6602,1
40864,0,Unknown Artist,7,religious_painting,8,Early_Renaissance,1382,1780,RGB,9c8c72f243a9d4d3,6603,1
10758,20,rembrandt,7,religious_painting,4,Baroque,1382,1853,RGB,9bba6fe4b4d09190,6604,1
56902,0,Unknown Artist,7,religious_painting,8,Early_Renaissance,1382,1574,RGB,a8144fb1b6d0e0fe,6605,1
26811,121,el-greco,7,religious_painting,13,Mannerism_Late_Renaissance,1382,1801,RGB,c85d3f3c81c4e327,6606,1
19999,67,tintoretto,7,religious_painting,13,Mannerism_Late_Renaissance,1382,2720,RGB,c58183cb970cdf4e,6607,1
55772,0,Unknown Artist,7,religious_painting,17,Northern_Renaissance,1382,2165,RGB,d898e146b6ea86f1,6608,1
49023,77,titian,6,portrait,11,High_Renaissance,1382,1878,RGB,9e4c3b73333330cc,6609,1
56615,29,lucas-cranach-the-elder,7,religious_painting,17,Northern_Renaissance,2013,1382,RGB,9a9b1d6427ec5899,6610,1
64176,0,Unknown Artist,6,portrait,13,Mannerism_Late_Renaissance,1382,1696,RGB,e15918af47267a35,6611,1
53080,0,Unknown Artist,7,religious_painting,13,Mannerism_Late_Renaissance,1382,1621,RGB,8692d93d72e5d560,6612,1
37959,128,canaletto,1,cityscape,4,Baroque,2738,1382,RGB,84801b6fc4397bcf,6613,1
30414,0,Unknown Artist,7,religious_painting,17,Northern_Renaissance,1382,1848,RGB,d0a9041f97e6e39a,6614,1
48097,103,hans-memling,7,religious_painting,17,Northern_Renaissance,1382,1604,RGB,c8093ee23b33373c,6615,1
62254,69,raphael,8,sketch_and_study,11,High_Renaissance,1382,2081,RGB,e7c609d90bcd9a23,6616,1
64248,114,anthony-van-dyck,6,portrait,4,Baroque,1382,1958,RGB,eac2973fe06d482c,6617,1
49883,0,Unknown Artist,5,nude_painting,13,Mannerism_Late_Renaissance,1559,1382,RGB,b01b60dcd1f87663,6618,1
71010,0,Unknown Artist,10,Unknown Genre,4,Baroque,2680,1382,RGB,daa016eae5cb245b,6619,1
57038,0,Unknown Artist,7,religious_painting,8,Early_Renaissance,1836,1382,RGB,c139f54b25b0d9d4,6620,1
32948,0,Unknown Artist,2,genre_painting,4,Baroque,1382,1808,RGB,9b7966469528d9c9,6621,1
55692,38,fra-angelico,7,religious_painting,8,Early_Renaissance,1382,1617,RGB,9a335705695e4e2b,6622,1
6720,20,rembrandt,6,portrait,4,Baroque,1382,1627,RGB,8c6973376bcc8436,6623,1
40377,87,michelangelo,8,sketch_and_study,11,High_Renaissance,1382,1797,RGB,e96c56929c91b5ca,6624,1
9114,25,albrecht-durer,7,religious_painting,17,Northern_Renaissance,1382,1822,RGB,da0589db88f2cf68,6625,1
38564,0,Unknown Artist,2,genre_painting,4,Baroque,1568,1382,RGB,ff5900368861ef8e,6626,1
10334,20,rembrandt,7,religious_painting,4,Baroque,1798,1382,RGB,87d9739768427487,6627,1
54910,126,thomas-gainsborough,2,genre_painting,22,Rococo,1382,1585,RGB,933298c7339aeda8,6628,1
76332,0,Unknown Artist,10,Unknown Genre,22,Rococo,1382,1868,RGB,90ed4f713c9161ce,6629,1
19071,0,Unknown Artist,7,religious_painting,17,Northern_Renaissance,1382,1792,RGB,cbc4c56272793399,6630,1
63820,0,Unknown Artist,6,portrait,13,Mannerism_Late_Renaissance,1761,1382,RGB,d094297b3e232f4e,6631,1
27943,0,Unknown Artist,7,religious_painting,17,Northern_Renaissance,1382,2876,RGB,d246a842ef5dac3c,6632,1
74682,0,Unknown Artist,10,Unknown Genre,4,Baroque,2025,1382,RGB,9bde632191dce720,6633,1
12439,20,rembrandt,10,Unknown Genre,4,Baroque,1382,1608,RGB,af87de389142a764,6634,1
55858,0,Unknown Artist,7,religious_painting,13,Mannerism_Late_Renaissance,1382,1842,RGB,c8f85d6c27423337,6635,1
62424,0,Unknown Artist,8,sketch_and_study,22,Rococo,1381,1767,RGB,ccd1340f3739786c,6636,1
59341,126,thomas-gainsborough,4,landscape,22,Rococo,1654,1382,RGB,e6e6a629099ecad2,6637,1
62299,0,Unknown Artist,8,sketch_and_study,22,Rococo,2073,1382,RGB,fb33848cc0e7d16c,6638,1
73895,0,Unknown Artist,10,Unknown Genre,4,Baroque,1867,1382,RGB,9e2d33506fc6c0dc,6639,1
21986,0,Unknown Artist,6,portrait,13,Mannerism_Late_Renaissance,1382,1759,RGB,cd1c7663c0db6331,1479,2
63074,77,titian,6,portrait,13,Mannerism_Late_Renaissance,1382,1587,RGB,9a3869869e733336,6640,1
33787,0,Unknown Artist,6,portrait,13,Mannerism_Late_Renaissance,1382,1779,RGB,adb2c2ca5dac3354,6641,1
55801,0,Unknown Artist,7,religious_painting,4,Baroque,1382,1823,RGB,e986963ada345993,6642,1
78650,0,Unknown Artist,10,Unknown Genre,4,Baroque,2090,1381,RGB,9359620d0d36db5b,6643,1
55677,0,Unknown Artist,7,religious_painting,17,Northern_Renaissance,2700,1382,RGB,e4a1751a5b3b031f,6644,1
72889,0,Unknown Artist,10,Unknown Genre,17,Northern_Renaissance,1382,2017,RGB,faa5c3e2c2961599,6645,1
52881,117,hans-holbein-the-younger,7,religious_painting,17,Northern_Renaissance,1382,3560,RGB,d0c5c73239cc2ee6,6646,1
78665,0,Unknown Artist,10,Unknown Genre,4,Baroque,1382,1771,RGB,8c6733d639b066a3,6647,1
21329,69,raphael,7,religious_painting,11,High_Renaissance,1382,1650,RGB,aa272d7ee1b1b085,6648,1
50337,0,Unknown Artist,7,religious_painting,17,Northern_Renaissance,1382,1541,RGB,d9974e784b4ab550,6649,1
63005,0,Unknown Artist,6,portrait,11,High_Renaissance,1382,1856,RGB,ce4ccce491733371,6650,1
47097,83,joshua-reynolds,6,portrait,22,Rococo,1382,2304,RGB,8da752f4895ac91d,6651,1
50929,58,pietro-perugino,7,religious_painting,11,High_Renaissance,1707,1382,RGB,afacf4b1c282c28f,6652,1
46058,0,Unknown Artist,7,religious_painting,11,High_Renaissance,1712,1382,RGB,c8098774368fe1f6,6653,1
52432,0,Unknown Artist,7,religious_painting,17,Northern_Renaissance,1382,1487,RGB,ad0fa850d2527bcd,6654,1
24251,0,Unknown Artist,7,religious_painting,13,Mannerism_Late_Renaissance,1382,1949,RGB,8e4b67f4b11939c4,6655,1
56169,103,hans-memling,7,religious_painting,17,Northern_Renaissance,1630,1382,RGB,b2997c4365a4f4f0,6656,1
27482,0,Unknown Artist,6,portrait,13,Mannerism_Late_Renaissance,1382,1901,RGB,8bcb9d552c89389b,6657,1
31197,0,Unknown Artist,7,religious_painting,8,Early_Renaissance,1382,3179,RGB,afc0196c81b78d2f,6658,1
37935,0,Unknown Artist,6,portrait,22,Rococo,1382,1734,RGB,891d36b24f99794c,6659,1
68842,0,Unknown Artist,10,Unknown Genre,22,Rococo,1808,1382,RGB,879c78ad9cf164c2,6660,1
32140,0,Unknown Artist,5,nude_painting,22,Rococo,1713,1382,RGB,c46c17cbec33ab0c,6661,1
78752,0,Unknown Artist,10,Unknown Genre,4,Baroque,1859,1382,RGB,9581c143f6a66ecd,6662,1
55718,0,Unknown Artist,7,religious_painting,11,High_Renaissance,1382,1679,RGB,a9e9179693c143c7,6663,1
48836,116,frans-hals,6,portrait,4,Baroque,1382,1744,RGB,beb831cdc60239e6,6664,1
26558,67,tintoretto,7,religious_painting,13,Mannerism_Late_Renaissance,2374,1382,RGB,cf14907f651874b9,6665,1
76900,0,Unknown Artist,10,Unknown Genre,13,Mannerism_Late_Renaissance,1540,1382,RGB,f06d64f039d04f4b,6666,1
61970,0,Unknown Artist,8,sketch_and_study,13,Mannerism_Late_Renaissance,1382,1930,RGB,882c9d9fd2b4c1e6,6667,1
78595,0,Unknown Artist,10,Unknown Genre,4,Baroque,2010,1382,RGB,8f35421b24cd7aa7,6668,1
32587,0,Unknown Artist,7,religious_painting,8,Early_Renaissance,1382,1507,RGB,8bc23c358ddced03,6669,1
56012,77,titian,7,religious_painting,11,High_Renaissance,1867,1382,RGB,c839a2cbcc631fcc,6670,1
31036,29,lucas-cranach-the-elder,6,portrait,17,Northern_Renaissance,1382,1842,RGB,ce9b316c39336631,6671,1
81082,0,Unknown Artist,10,Unknown Genre,17,Northern_Renaissance,1992,1382,RGB,b54709b678e924bc,6672,1
56189,23,hieronymus-bosch,7,religious_painting,17,Northern_Renaissance,1382,3675,RGB,e1bf976a640639c2,6673,1
51160,0,Unknown Artist,2,genre_painting,4,Baroque,1382,1767,RGB,9b642cdba56c954a,6674,1
25577,0,Unknown Artist,4,landscape,22,Rococo,2125,1382,RGB,88a7327c51f88d76,6675,1
31101,83,joshua-reynolds,6,portrait,22,Rococo,1382,1727,RGB,c83c76c33b70cc93,6676,1
49907,0,Unknown Artist,6,portrait,4,Baroque,1771,1382,RGB,f58f9a704b348d29,6677,1
24914,69,raphael,7,religious_painting,11,High_Renaissance,1382,1660,RGB,8c87b3393546476b,6678,1
21180,0,Unknown Artist,7,religious_painting,13,Mannerism_Late_Renaissance,1382,2152,RGB,ae263053435c6e9f,6679,1
34512,0,Unknown Artist,3,illustration,22,Rococo,1883,1382,RGB,ceec6a993c729381,6680,1
33406,0,Unknown Artist,6,portrait,13,Mannerism_Late_Renaissance,1382,1677,RGB,d9230c776609f3d8,6681,1
56302,0,Unknown Artist,7,religious_painting,8,Early_Renaissance,1382,3526,RGB,bef8e125b6b2e084,6682,1
31205,121,el-greco,7,religious_painting,13,Mannerism_Late_Renaissance,1382,2093,RGB,c1e96727ccc36742,6683,1
20411,67,tintoretto,7,religious_painting,13,Mannerism_Late_Renaissance,1931,1382,RGB,853e484cdd3ef149,6684,1
24388,0,Unknown Artist,6,portrait,13,Mannerism_Late_Renaissance,1382,1924,RGB,844fe23593591df2,6685,1
77365,0,Unknown Artist,10,Unknown Genre,11,High_Renaissance,1382,2131,RGB,94efc59919c36323,6686,1
20178,103,hans-memling,7,religious_painting,17,Northern_Renaissance,1382,4366,RGB,fb2c72fb05855906,6687,1
4493,20,rembrandt,4,landscape,4,Baroque,3293,1382,RGB,9f8ecc23f864e066,6688,1
31053,24,leonardo-da-vinci,7,religious_painting,11,High_Renaissance,1382,1724,RGB,d34fa0300de4d73b,6689,1
74995,0,Unknown Artist,10,Unknown Genre,17,Northern_Renaissance,1859,1382,RGB,8ca717d3388f6331,6690,1
28610,0,Unknown Artist,7,religious_painting,8,Early_Renaissance,1382,2191,RGB,f9ba66a125c680f3,6691,1
7460,25,albrecht-durer,7,religious_painting,17,Northern_Renaissance,1382,1979,RGB,bae38835d6626da4,6692,1
19683,0,Unknown Artist,6,portrait,4,Baroque,1382,1874,RGB,99990d6b620fb6c6,6693,1
32854,69,raphael,7,religious_painting,11,High_Renaissance,1382,2082,RGB,e74b9f9419684c9c,6694,1
81116,0,Unknown Artist,10,Unknown Genre,17,Northern_Renaissance,1788,1382,RGB,e3c6dc398d20f82d,6695,1
49488,29,lucas-cranach-the-elder,6,portrait,17,Northern_Renaissance,1382,2139,RGB,cdcfb73cb013d048,6696,1
40245,77,titian,6,portrait,13,Mannerism_Late_Renaissance,1382,1792,RGB,ec84de100ff12773,6697,1
64817,77,titian,6,portrait,11,High_Renaissance,1382,1836,RGB,fde0a61793134e62,6698,1
78739,0,Unknown Artist,10,Unknown Genre,4,Baroque,1382,1962,RGB,f1618edeb2899998,6699,1
78488,0,Unknown Artist,10,Unknown Genre,13,Mannerism_Late_Renaissance,1536,1382,RGB,c0cf5bf831c1e323,6700,1
56410,0,Unknown Artist,7,religious_painting,8,Early_Renaissance,1382,1382,RGB,eb9cbcd3a0299549,6701,1
56249,0,Unknown Artist,7,religious_painting,11,High_Renaissance,1382,1406,RGB,c7ad90e013971bda,6702,1
33602,0,Unknown Artist,2,genre_painting,4,Baroque,1847,1382,RGB,c1c595bd3f8084f3,6703,1
71674,0,Unknown Artist,10,Unknown Genre,11,High_Renaissance,1382,2836,RGB,95584b2c2c93f5e3,6704,1
27503,24,leonardo-da-vinci,8,sketch_and_study,8,Early_Renaissance,1382,1945,RGB,b93160ce4fc2de8c,6705,1
43388,77,titian,6,portrait,11,High_Renaissance,1382,1903,RGB,8919b2c32e6a35eb,6706,1
54156,0,Unknown Artist,2,genre_painting,22,Rococo,1382,1660,RGB,8abb0474f37c9256,6707,1
52592,67,tintoretto,6,portrait,13,Mannerism_Late_Renaissance,1382,1721,RGB,b9d949c916676236,6708,1
63442,0,Unknown Artist,6,portrait,13,Mannerism_Late_Renaissance,1382,1731,RGB,9a3065873196debc,6709,1
72305,0,Unknown Artist,10,Unknown Genre,11,High_Renaissance,1382,3197,RGB,e4b31ac7989469f1,6710,1
42667,0,Unknown Artist,7,religious_painting,8,Early_Renaissance,1382,2306,RGB,9a89c13273939ef8,6711,1
18037,25,albrecht-durer,6,portrait,17,Northern_Renaissance,1382,1920,RGB,874f603e6a917cca,6712,1
51013,0,Unknown Artist,1,cityscape,4,Baroque,2121,1382,RGB,d3b984ee5c0be071,6713,1
70521,0,Unknown Artist,10,Unknown Genre,22,Rococo,1382,3121,RGB,e7f1333c9cb1ac40,6714,1
1906,0,Unknown Artist,10,Unknown Genre,17,Northern_Renaissance,2116,1382,RGB,da5b16ee2aa52929,6715,1
38941,0,Unknown Artist,7,religious_painting,8,Early_Renaissance,1382,1951,RGB,eea417f0185fe189,6716,1
50851,0,Unknown Artist,7,religious_painting,8,Early_Renaissance,1382,1440,RGB,c3d41e4a6b396d64,6717,1
76430,0,Unknown Artist,10,Unknown Genre,4,Baroque,1382,1777,RGB,ca7b09388df964b4,6718,1
47125,0,Unknown Artist,7,religious_painting,11,High_Renaissance,2704,1382,RGB,949d7d7918c64e32,6719,1
75935,0,Unknown Artist,10,Unknown Genre,11,High_Renaissance,1382,1953,RGB,f595cc09ce789364,6720,1
68500,0,Unknown Artist,10,Unknown Genre,22,Rococo,2516,1382,RGB,8d96e30d57a13c6c,6721,1
27256,0,Unknown Artist,2,genre_painting,22,Rococo,1382,1758,RGB,9b643499673e688e,6722,1
26597,77,titian,6,portrait,11,High_Renaissance,1382,2447,RGB,c57c3ba3d11934e8,6723,1
20593,0,Unknown Artist,7,religious_painting,4,Baroque,1382,2280,RGB,9b7966a6e412b9c1,6724,1
76781,0,Unknown Artist,10,Unknown Genre,8,Early_Renaissance,1382,2173,RGB,81b837c5f87b6630,6725,1
74142,0,Unknown Artist,10,Unknown Genre,4,Baroque,1382,1910,RGB,9fe5101c2727ec5c,6726,1
54981,0,Unknown Artist,2,genre_painting,4,Baroque,1811,1382,RGB,976879341e0ecbb1,6727,1
5315,0,Unknown Artist,10,Unknown Genre,17,Northern_Renaissance,1382,2170,RGB,bbc2c41e92c35bb4,6728,1
23757,0,Unknown Artist,2,genre_painting,4,Baroque,1382,1644,RGB,9bacb28bb4959136,6729,1
69855,0,Unknown Artist,10,Unknown Genre,22,Rococo,2065,1382,RGB,d2535dcd8e26c2f0,6730,1
78598,0,Unknown Artist,10,Unknown Genre,4,Baroque,1779,1382,RGB,9c9451997d33cc56,6731,1
26412,0,Unknown Artist,7,religious_painting,13,Mannerism_Late_Renaissance,1499,1382,RGB,e4437b8c71fb0338,6732,1
32259,80,peter-paul-rubens,7,religious_painting,4,Baroque,1382,3645,RGB,bf60a52b93cce8b0,6733,1
48101,110,joseph-wright,6,portrait,22,Rococo,1382,1970,RGB,8dae52414e3cd19f,6734,1
72352,0,Unknown Artist,10,Unknown Genre,11,High_Renaissance,1663,1382,RGB,8a89e36075359c9f,6735,1
63299,126,thomas-gainsborough,6,portrait,22,Rococo,1564,1382,RGB,8f9e15a6b769d041,6736,1
30360,0,Unknown Artist,2,genre_painting,4,Baroque,1382,1570,RGB,d62d815ac8f38ecc,6737,1
25526,0,Unknown Artist,2,genre_painting,22,Rococo,1753,1382,RGB,f937660849e136dc,6738,1
54309,0,Unknown Artist,2,genre_painting,22,Rococo,1680,1382,RGB,97ea9866c9b46c92,6739,1
50301,24,leonardo-da-vinci,8,sketch_and_study,11,High_Renaissance,1382,2145,RGB,a9a687d638e98d98,6740,1
62752,0,Unknown Artist,3,illustration,22,Rococo,1382,1739,RGB,cad2f4499a7c9d11,6741,1
5428,20,rembrandt,7,religious_painting,4,Baroque,1382,1756,RGB,afe09495e28d7a07,6742,1
79386,0,Unknown Artist,10,Unknown Genre,11,High_Renaissance,1523,1382,RGB,a853c9e6931179f4,6743,1
74826,0,Unknown Artist,10,Unknown Genre,8,Early_Renaissance,1661,1382,RGB,dc27616c85d44d7a,6744,1
32038,0,Unknown Artist,7,religious_painting,8,Early_Renaissance,1382,2679,RGB,bd7ab8e2e5b49090,6745,1
63762,80,peter-paul-rubens,6,portrait,4,Baroque,1465,1382,RGB,83b63d49c1d34e9c,6746,1
56863,0,Unknown Artist,7,religious_painting,11,High_Renaissance,1382,1386,RGB,bec4e019853fc3b2,6747,1
26507,0,Unknown Artist,9,still_life,22,Rococo,1680,1382,RGB,843f5bc01e73609f,6748,1
55901,0,Unknown Artist,7,religious_painting,13,Mannerism_Late_Renaissance,1382,2362,RGB,f7aab282c8c5ada1,6749,1
57010,121,el-greco,7,religious_painting,13,Mannerism_Late_Renaissance,1382,2596,RGB,91f665cd18366789,6750,1
17590,20,rembrandt,10,Unknown Genre,4,Baroque,1382,1553,RGB,b894cbc38c6c967a,6751,1
35541,58,pietro-perugino,7,religious_painting,11,High_Renaissance,1382,1887,RGB,c76f62b01d3a78a1,6752,1
46947,0,Unknown Artist,8,sketch_and_study,22,Rococo,1382,2044,RGB,83433e3d693626d9,6753,1
64189,0,Unknown Artist,6,portrait,17,Northern_Renaissance,1381,1994,RGB,8af5103b46e7c89d,6754,1
20031,80,peter-paul-rubens,6,portrait,4,Baroque,1382,2063,RGB,c81f613f33c81667,6755,1
64887,126,thomas-gainsborough,6,portrait,22,Rococo,1382,1842,RGB,8b6156528bb36937,6756,1
35946,0,Unknown Artist,7,religious_painting,17,Northern_Renaissance,1382,1753,RGB,c46c2f3293197a6e,6757,1
78676,0,Unknown Artist,10,Unknown Genre,4,Baroque,1382,1882,RGB,d90c2df3b4033be4,6758,1
75916,0,Unknown Artist,10,Unknown Genre,22,Rococo,1382,1884,RGB,c5d96846ed06c37a,6759,1
49143,0,Unknown Artist,6,portrait,11,High_Renaissance,1382,1740,RGB,c726f3d13869b00f,6760,1
25270,0,Unknown Artist,2,genre_painting,17,Northern_Renaissance,1814,1382,RGB,f69a91e0ad19a32d,6761,1
51748,58,pietro-perugino,6,portrait,11,High_Renaissance,1382,1448,RGB,8e933c79616c7166,6762,1
45009,0,Unknown Artist,9,still_life,4,Baroque,2008,1381,RGB,e03a7cf08f78c193,6763,1
41278,58,pietro-perugino,7,religious_painting,11,High_Renaissance,3184,1382,RGB,8d5282adf327716a,6764,1
49667,110,joseph-wright,6,portrait,22,Rococo,1382,1759,RGB,dea504316fe9521d,6765,1
28914,0,Unknown Artist,2,genre_painting,22,Rococo,1954,1382,RGB,d1db3cf8163dea00,6766,1
49986,58,pietro-perugino,7,religious_painting,8,Early_Renaissance,1382,1939,RGB,c4b16a6eb14e3dc2,6767,1
4480,20,rembrandt,8,sketch_and_study,4,Baroque,1382,1531,RGB,e4355393c78e582d,6768,1
42524,69,raphael,6,portrait,11,High_Renaissance,1382,2038,RGB,b6bec8610b87ce4c,6769,1
56439,67,tintoretto,7,religious_painting,13,Mannerism_Late_Renaissance,1402,1382,RGB,bb95e472c1689633,6770,1
70493,0,Unknown Artist,10,Unknown Genre,4,Baroque,2100,1382,RGB,95b5364a61e66d94,6771,1
60830,128,canaletto,4,landscape,22,Rococo,1711,1382,RGB,f7c50a5b71e4085b,6772,1
37323,58,pietro-perugino,7,religious_painting,11,High_Renaissance,1382,1406,RGB,8ae477b91d5b1852,6773,1
27622,0,Unknown Artist,6,portrait,22,Rococo,1382,1725,RGB,923be46d936c8993,6774,1
76711,0,Unknown Artist,10,Unknown Genre,13,Mannerism_Late_Renaissance,1526,1382,RGB,83677a907d76861c,6775,1
58141,0,Unknown Artist,1,cityscape,22,Rococo,2442,1382,RGB,8180ac5d339e6afd,6776,1
25320,0,Unknown Artist,8,sketch_and_study,8,Early_Renaissance,1382,2160,RGB,ea8ed59994390d66,6777,1
3375,25,albrecht-durer,6,portrait,17,Northern_Renaissance,1382,1915,RGB,b9bc1693cccd620e,6778,1
28527,23,hieronymus-bosch,7,religious_painting,17,Northern_Renaissance,1382,3574,RGB,e0c3b8213f4742fe,6779,1
30000,0,Unknown Artist,6,portrait,22,Rococo,1382,1871,RGB,f1f91f0e02a58d59,6780,1
56013,0,Unknown Artist,7,religious_painting,8,Early_Renaissance,2875,1382,RGB,da61485ae154bfd1,6781,1
19219,67,tintoretto,7,religious_painting,13,Mannerism_Late_Renaissance,1581,1382,RGB,b4b78cc94b4d9594,6782,1
74573,0,Unknown Artist,10,Unknown Genre,22,Rococo,2113,1382,RGB,ddd1423f0c937c0d,6783,1
56490,0,Unknown Artist,7,religious_painting,8,Early_Renaissance,1382,1782,RGB,8b3670c9d287ce5c,6784,1
41259,0,Unknown Artist,7,religious_painting,22,Rococo,1382,2570,RGB,d2daec14bf0390cd,6785,1
4422,25,albrecht-durer,7,religious_painting,17,Northern_Renaissance,1382,1808,RGB,cd6b807c1d9a74f0,6786,1
38510,80,peter-paul-rubens,6,portrait,4,Baroque,1382,2009,RGB,bfc8a633409dcc6c,6787,1
48217,67,tintoretto,7,religious_painting,13,Mannerism_Late_Renaissance,1382,1727,RGB,d84e6cb1124e6977,6788,1
28589,23,hieronymus-bosch,6,portrait,17,Northern_Renaissance,1382,3575,RGB,c2ec271b32390f37,6789,1
48161,0,Unknown Artist,9,still_life,4,Baroque,1647,1382,RGB,99197cc63e32c31b,6790,1
78495,0,Unknown Artist,10,Unknown Genre,13,Mannerism_Late_Renaissance,1382,1661,RGB,9c8c673333d3929c,6791,1
48869,24,leonardo-da-vinci,8,sketch_and_study,11,High_Renaissance,1382,1707,RGB,8a7a212dd7473596,6792,1
55878,0,Unknown Artist,7,religious_painting,11,High_Renaissance,1382,1914,RGB,bec1413e61661d79,6793,1
26021,121,el-greco,7,religious_painting,13,Mannerism_Late_Renaissance,1382,2779,RGB,b98ce29b4d2649da,6794,1
28772,77,titian,6,portrait,13,Mannerism_Late_Renaissance,1382,1633,RGB,ce3c613636c3b139,6795,1
71851,0,Unknown Artist,10,Unknown Genre,17,Northern_Renaissance,1382,1876,RGB,cc852b6c32b353ec,6796,1
70471,0,Unknown Artist,10,Unknown Genre,22,Rococo,1382,2030,RGB,d7f1119b658c874c,6797,1
42440,58,pietro-perugino,7,religious_painting,11,High_Renaissance,1382,2441,RGB,afe5f891b461b304,6798,1
18101,0,Unknown Artist,10,Unknown Genre,17,Northern_Renaissance,1758,1382,RGB,fbd60d1d6272c08b,6799,1
37312,0,Unknown Artist,7,religious_painting,8,Early_Renaissance,1647,1382,RGB,945b722b25cf874a,6800,1
71354,0,Unknown Artist,10,Unknown Genre,4,Baroque,1829,1382,RGB,d0911c2fcf6570f8,6801,1
46751,0,Unknown Artist,2,genre_painting,22,Rococo,1382,2604,RGB,91814e2e587963fe,6802,1
63509,0,Unknown Artist,6,portrait,11,High_Renaissance,1382,1760,RGB,db536e4c39672c18,6803,1
28996,24,leonardo-da-vinci,8,sketch_and_study,11,High_Renaissance,1561,1382,RGB,aca4559ae1dbf80c,6804,1
46093,80,peter-paul-rubens,7,religious_painting,4,Baroque,1382,1439,RGB,981d66e423becc93,6805,1
70657,0,Unknown Artist,10,Unknown Genre,13,Mannerism_Late_Renaissance,1382,1821,RGB,c84935e66c9d6399,6806,1
62038,0,Unknown Artist,8,sketch_and_study,13,Mannerism_Late_Renaissance,1382,2146,RGB,da756a412ad429d7,6807,1
27480,0,Unknown Artist,8,sketch_and_study,8,Early_Renaissance,1382,1382,RGB,ea95b9c491c9c54e,6808,1
57043,29,lucas-cranach-the-elder,7,religious_painting,17,Northern_Renaissance,1382,1784,RGB,d0604b1f0f7d6c39,6809,1
63636,0,Unknown Artist,6,portrait,8,Early_Renaissance,1382,1726,RGB,8c6cb3307887d9cb,6810,1
30599,67,tintoretto,7,religious_painting,13,Mannerism_Late_Renaissance,1382,2264,RGB,d866501b0d172fdd,6811,1
63760,82,paolo-veronese,6,portrait,13,Mannerism_Late_Renaissance,1382,1610,RGB,e3e124180bf6f333,6812,1
55809,0,Unknown Artist,7,religious_painting,13,Mannerism_Late_Renaissance,1381,2122,RGB,f8fa0f6ce8d0c4c1,6813,1
48611,0,Unknown Artist,7,religious_painting,8,Early_Renaissance,1842,1382,RGB,d167a4989b0df4b2,6814,1
26650,77,titian,6,portrait,11,High_Renaissance,1575,1382,RGB,b5f29830798562cf,6815,1
68719,0,Unknown Artist,10,Unknown Genre,22,Rococo,1382,1595,RGB,ef979561c07ad01c,6816,1
20690,0,Unknown Artist,6,portrait,22,Rococo,1382,1719,RGB,c9d6663b982c3393,6817,1
23814,0,Unknown Artist,6,portrait,13,Mannerism_Late_Renaissance,1382,1652,RGB,f8f5d34c8cccc283,6818,1
64686,0,Unknown Artist,6,portrait,4,Baroque,1382,1792,RGB,9c4a2df1636d9cc2,6819,1
62262,0,Unknown Artist,8,sketch_and_study,8,Early_Renaissance,1382,1977,RGB,aa4ad43d817a36f4,6820,1
46221,0,Unknown Artist,6,portrait,8,Early_Renaissance,1382,2112,RGB,c4f5f5ca0b1e8296,6821,1
26142,0,Unknown Artist,7,religious_painting,11,High_Renaissance,1382,2363,RGB,8c82ab0a3f78fec1,6822,1
37605,0,Unknown Artist,7,religious_painting,8,Early_Renaissance,1382,1969,RGB,954b68977287633c,1263,2
45891,77,titian,7,religious_painting,13,Mannerism_Late_Renaissance,1382,2362,RGB,c0375bc09473a75e,6823,1
44067,0,Unknown Artist,6,portrait,22,Rococo,1862,1382,RGB,bf98e947f0cec018,6824,1
55857,58,pietro-perugino,7,religious_painting,11,High_Renaissance,2522,1382,RGB,ceb3bb2c2a2868c7,6825,1
40899,67,tintoretto,7,religious_painting,13,Mannerism_Late_Renaissance,3237,1382,RGB,a5b7b236cc4c7069,6826,1
56317,121,el-greco,7,religious_painting,13,Mannerism_Late_Renaissance,1381,1829,RGB,94592bb0c6972d3e,6827,1
41989,0,Unknown Artist,6,portrait,22,Rococo,1382,1673,RGB,c48d9cf22379349b,6828,1
7634,25,albrecht-durer,2,genre_painting,17,Northern_Renaissance,1382,1882,RGB,af9a93e4a413c39c,6829,1
45523,0,Unknown Artist,7,religious_painting,8,Early_Renaissance,2087,1381,RGB,eda892d384f69a85,6830,1
22586,117,hans-holbein-the-younger,7,religious_painting,17,Northern_Renaissance,1641,1382,RGB,c8d333ac5cd1a947,6831,1
19857,0,Unknown Artist,6,portrait,13,Mannerism_Late_Renaissance,1382,1802,RGB,cc889327ea35cf32,6832,1
46280,0,Unknown Artist,2,genre_painting,22,Rococo,1920,1382,RGB,c0c5ba333d928dbc,6833,1
56961,0,Unknown Artist,7,religious_painting,4,Baroque,1382,2073,RGB,9eb1b187992966d2,6834,1
42198,0,Unknown Artist,6,portrait,22,Rococo,1382,1730,RGB,bc5b21731fcc4c2c,6835,1
63514,0,Unknown Artist,6,portrait,22,Rococo,1382,1914,RGB,88cb77bc1c307175,6836,1
37515,29,lucas-cranach-the-elder,7,religious_painting,17,Northern_Renaissance,1382,4016,RGB,bda092d8c94facd4,6837,1
52455,116,frans-hals,6,portrait,4,Baroque,1382,1805,RGB,cc86396187b7596c,6838,1
63732,0,Unknown Artist,6,portrait,17,Northern_Renaissance,1382,1862,RGB,91b16ede2b3ed048,6839,1
46471,69,raphael,7,religious_painting,11,High_Renaissance,1382,1390,RGB,ee97b14aa05b459c,6840,1
44982,121,el-greco,7,religious_painting,13,Mannerism_Late_Renaissance,1382,1833,RGB,ead1193ff22264e4,6841,1
61077,0,Unknown Artist,4,landscape,17,Northern_Renaissance,1382,1950,RGB,949525e19763e29e,6842,1
25575,0,Unknown Artist,7,religious_painting,22,Rococo,1382,1682,RGB,c1c72e367f880ace,6843,1
44846,126,thomas-gainsborough,6,portrait,22,Rococo,1382,2193,RGB,8609f936654cd2de,6844,1
52123,0,Unknown Artist,6,portrait,22,Rococo,1382,1705,RGB,d999367326e698c2,6845,1
57106,0,Unknown Artist,7,religious_painting,8,Early_Renaissance,1382,2614,RGB,98a24397ed5a51b9,6846,1
56281,82,paolo-veronese,7,religious_painting,13,Mannerism_Late_Renaissance,1382,1670,RGB,e4401afc7c7a3e07,6847,1
68493,0,Unknown Artist,10,Unknown Genre,22,Rococo,1382,1954,RGB,84e26718c73e5337,6848,1
55668,0,Unknown Artist,7,religious_painting,8,Early_Renaissance,1382,1596,RGB,fea93de6a1919013,6849,1
69411,0,Unknown Artist,10,Unknown Genre,22,Rococo,1790,1382,RGB,f4789b459b6e9409,6850,1
29383,103,hans-memling,7,religious_painting,17,Northern_Renaissance,1382,1980,RGB,99bafae5e6316084,6851,1
27561,0,Unknown Artist,7,religious_painting,8,Early_Renaissance,1382,1490,RGB,abc64d7996453316,6852,1
23795,69,raphael,7,religious_painting,11,High_Renaissance,1382,1609,RGB,c4ac7c24279b5373,6853,1
25465,0,Unknown Artist,7,religious_painting,4,Baroque,1382,2082,RGB,fad2c3850e6b7930,6854,1
36396,0,Unknown Artist,7,religious_painting,8,Early_Renaissance,1382,1997,RGB,e8b416ebb181b6c3,6855,1
45939,0,Unknown Artist,7,religious_painting,8,Early_Renaissance,1924,1382,RGB,ff7a4091ac9aa31c,6856,1
44282,0,Unknown Artist,6,portrait,11,High_Renaissance,1382,1683,RGB,988827667a1b1ff2,6857,1
36038,0,Unknown Artist,7,religious_painting,11,High_Renaissance,1382,2123,RGB,eaeab135d8a5e422,6858,1
35002,61,bartolome-esteban-murillo,7,religious_painting,4,Baroque,1382,1954,RGB,ffd9a42686c984b4,6859,1
24834,29,lucas-cranach-the-elder,6,portrait,17,Northern_Renaissance,1382,2012,RGB,c9b8274e57243735,6860,1
21523,38,fra-angelico,7,religious_painting,8,Early_Renaissance,2312,1382,RGB,fa1f037208c23df3,6861,1
57158,38,fra-angelico,7,religious_painting,8,Early_Renaissance,1382,3014,RGB,945b6b2cbc6174b1,6862,1
63444,0,Unknown Artist,6,portrait,22,Rococo,1382,1843,RGB,cfcf363830706197,6863,1
62011,0,Unknown Artist,8,sketch_and_study,22,Rococo,1382,1838,RGB,8887373e7171bc68,6864,1
64870,0,Unknown Artist,6,portrait,11,High_Renaissance,1382,1804,RGB,8ccfe031b07acaa7,6865,1
72887,0,Unknown Artist,10,Unknown Genre,4,Baroque,1934,1382,RGB,85936a5d698ce27a,6866,1
56971,0,Unknown Artist,7,religious_painting,8,Early_Renaissance,1382,2731,RGB,b8ebe3a4b4b46451,6867,1
42669,0,Unknown Artist,6,portrait,11,High_Renaissance,1382,1480,RGB,c5a45e557963ea18,6868,1
55705,0,Unknown Artist,7,religious_painting,11,High_Renaissance,1382,2196,RGB,ccabfb346290e525,6869,1
32152,0,Unknown Artist,8,sketch_and_study,13,Mannerism_Late_Renaissance,1382,2132,RGB,dd65068f98fa4664,6870,1
68324,0,Unknown Artist,10,Unknown Genre,4,Baroque,1382,1387,RGB,b22a6d9663ec1963,6871,1
79357,0,Unknown Artist,10,Unknown Genre,11,High_Renaissance,1382,1981,RGB,9b70e50fd12e0ef0,6872,1
78649,0,Unknown Artist,10,Unknown Genre,4,Baroque,1908,1382,RGB,96af3bd26218d465,6873,1
33409,0,Unknown Artist,9,still_life,22,Rococo,1382,1835,RGB,edb49259b3468939,6874,1
50437,0,Unknown Artist,6,portrait,22,Rococo,1382,1780,RGB,c59b4274290ad6f7,6875,1
73606,0,Unknown Artist,10,Unknown Genre,11,High_Renaissance,1382,1799,RGB,f1d90c86ce8d1cea,6876,1
49770,0,Unknown Artist,7,religious_painting,8,Early_Renaissance,1771,1382,RGB,c4c869bd392b163d,6877,1
78656,0,Unknown Artist,10,Unknown Genre,4,Baroque,2399,1382,RGB,81877e5dacd13952,6878,1
27927,69,raphael,6,portrait,11,High_Renaissance,1382,1864,RGB,886f96631e55a91d,6879,1
20106,0,Unknown Artist,7,religious_painting,8,Early_Renaissance,1382,3022,RGB,ea5f351cd1d0d164,6880,1
38248,0,Unknown Artist,7,religious_painting,13,Mannerism_Late_Renaissance,1382,1951,RGB,e0c3c7f073277864,6881,1
41723,0,Unknown Artist,7,religious_painting,4,Baroque,1382,1944,RGB,9b7866c628655e99,6882,1
47313,82,paolo-veronese,7,religious_painting,13,Mannerism_Late_Renaissance,2708,1382,RGB,952a1999607a9ef6,6883,1
56268,77,titian,7,religious_painting,13,Mannerism_Late_Renaissance,1382,2271,RGB,95e50f35306497e3,6884,1
34573,87,michelangelo,7,religious_painting,11,High_Renaissance,1759,1382,RGB,b5d878a716832cdc,6885,1
56840,0,Unknown Artist,7,religious_painting,4,Baroque,1382,2190,RGB,c6cd61766f399c40,6886,1
56035,77,titian,7,religious_painting,11,High_Renaissance,1382,2059,RGB,eee9e8aea1b4a0b0,6887,1
23960,0,Unknown Artist,2,genre_painting,17,Northern_Renaissance,2017,1382,RGB,91d3f1e97cc924c1,6888,1
63109,0,Unknown Artist,6,portrait,22,Rococo,1382,1821,RGB,9ccc69327164e667,6889,1
11750,25,albrecht-durer,7,religious_painting,17,Northern_Renaissance,1382,2176,RGB,cf56b820ce99b16a,6890,1
31075,0,Unknown Artist,6,portrait,8,Early_Renaissance,1382,1908,RGB,d6f2f39818878699,1450,2
28394,0,Unknown Artist,7,religious_painting,17,Northern_Renaissance,1382,2157,RGB,e95b7722c40ad9c9,6891,1
55906,58,pietro-perugino,7,religious_painting,11,High_Renaissance,1850,1382,RGB,90edfca82972273a,6892,1
56042,38,fra-angelico,7,religious_painting,8,Early_Renaissance,1382,1386,RGB,a8ab77d062644b8f,6893,1
7444,25,albrecht-durer,5,nude_painting,17,Northern_Renaissance,1382,2362,RGB,ac4f9232967cda83,6894,1
55921,117,hans-holbein-the-younger,7,religious_painting,17,Northern_Renaissance,1382,1992,RGB,ef1ab04bea34c0e5,6895,1
68269,0,Unknown Artist,10,Unknown Genre,17,Northern_Renaissance,1951,1382,RGB,a82ba81d25f9559b,6896,1
63327,69,raphael,6,portrait,11,High_Renaissance,1382,1784,RGB,945a6aa57334c8be,6897,1
37775,0,Unknown Artist,6,portrait,22,Rococo,1382,1770,RGB,998d73770e641e98,6898,1
59093,0,Unknown Artist,4,landscape,17,Northern_Renaissance,1382,1515,RGB,cca9313973471e53,6899,1
31757,0,Unknown Artist,9,still_life,4,Baroque,2239,1382,RGB,c1e26536831d769d,6900,1
63901,29,lucas-cranach-the-elder,6,portrait,17,Northern_Renaissance,1382,2074,RGB,8ced32608bcfc768,6901,1
73330,0,Unknown Artist,10,Unknown Genre,22,Rococo,1858,1382,RGB,dc3b23c63c611af4,6902,1
49700,121,el-greco,7,religious_painting,13,Mannerism_Late_Renaissance,1382,1866,RGB,dc0938f5e67266b0,6903,1
33110,82,paolo-veronese,7,religious_painting,13,Mannerism_Late_Renaissance,1382,2444,RGB,baa3e1f4a5e085e1,6904,1
65075,0,Unknown Artist,6,portrait,8,Early_Renaissance,1382,1776,RGB,c3c13c3e89c8c767,6905,1
19721,80,peter-paul-rubens,7,religious_painting,4,Baroque,1382,1409,RGB,ee9cb1c79198c453,6906,1
24028,0,Unknown Artist,7,religious_painting,22,Rococo,1382,1727,RGB,9d886a7a4f6d680d,6907,1
56675,0,Unknown Artist,7,religious_painting,11,High_Renaissance,2046,1382,RGB,85d31337616c1f3a,6908,1
38196,77,titian,7,religious_painting,13,Mannerism_Late_Renaissance,1382,2129,RGB,9ca75c1a3b0c96e9,6909,1
55818,38,fra-angelico,7,religious_painting,8,Early_Renaissance,2099,1382,RGB,86439747e829b73c,6910,1
79352,0,Unknown Artist,10,Unknown Genre,11,High_Renaissance,1382,1742,RGB,a8389c94f66372d9,6911,1
79393,0,Unknown Artist,10,Unknown Genre,11,High_Renaissance,1382,1383,RGB,958ffa3136362d03,6912,1
48655,0,Unknown Artist,7,religious_painting,8,Early_Renaissance,1382,1928,RGB,be9891136c68737a,6913,1
76235,0,Unknown Artist,10,Unknown Genre,13,Mannerism_Late_Renaissance,1382,1875,RGB,f5c26d6b5239b640,6914,1
70939,0,Unknown Artist,10,Unknown Genre,22,Rococo,1640,1382,RGB,989e4763b1365939,6915,1
81133,0,Unknown Artist,10,Unknown Genre,17,Northern_Renaissance,1934,1382,RGB,bf169456920b95cd,6916,1
56912,0,Unknown Artist,7,religious_painting,8,Early_Renaissance,1382,4242,RGB,aead78d8d0f0f182,6917,1
11018,25,albrecht-durer,2,genre_painting,17,Northern_Renaissance,1847,1382,RGB,9bb9ee069111fae0,6918,1
76609,0,Unknown Artist,10,Unknown Genre,13,Mannerism_Late_Renaissance,1736,1382,RGB,81c4729ae7f189ce,6919,1
33000,87,michelangelo,7,religious_painting,11,High_Renaissance,2432,1382,RGB,fabaa5f48243e303,6920,1
29064,0,Unknown Artist,6,portrait,22,Rococo,1382,1917,RGB,9c1961e69e736067,6921,1
56556,23,hieronymus-bosch,7,religious_painting,17,Northern_Renaissance,1382,2419,RGB,8e919d4a6706ecda,6922,1
28641,0,Unknown Artist,1,cityscape,13,Mannerism_Late_Renaissance,1612,1382,RGB,eced9416f325f210,6923,1
56370,0,Unknown Artist,7,religious_painting,11,High_Renaissance,2221,1381,RGB,c16823873746ecf3,6924,1
73070,0,Unknown Artist,10,Unknown Genre,8,Early_Renaissance,1763,1382,RGB,c4850fe39be0197e,6925,1
8039,20,rembrandt,2,genre_painting,4,Baroque,1382,1590,RGB,bef6a12cc467d098,6926,1
69859,0,Unknown Artist,10,Unknown Genre,13,Mannerism_Late_Renaissance,1382,1868,RGB,943e6953b74cc8ca,6927,1
6736,25,albrecht-durer,6,portrait,17,Northern_Renaissance,1382,1967,RGB,9a6aa924a5d4fa95,6928,1
69880,0,Unknown Artist,10,Unknown Genre,13,Mannerism_Late_Renaissance,1382,1838,RGB,9d724eb9233cc44b,6929,1
44684,0,Unknown Artist,8,sketch_and_study,13,Mannerism_Late_Renaissance,1382,3251,RGB,eb621470969d3766,6930,1
70225,0,Unknown Artist,10,Unknown Genre,13,Mannerism_Late_Renaissance,2187,1382,RGB,e3321edf61a009cf,6931,1
39535,0,Unknown Artist,7,religious_painting,17,Northern_Renaissance,1885,1382,RGB,b095e5c2c64ead1d,6932,1
57006,23,hieronymus-bosch,7,religious_painting,17,Northern_Renaissance,1382,2709,RGB,8707df9e8363f060,6933,1
27080,0,Unknown Artist,7,religious_painting,4,Baroque,1920,1382,RGB,e1b0b698cacece89,6934,1
50170,0,Unknown Artist,8,sketch_and_study,8,Early_Renaissance,1382,2038,RGB,846c52b665595bd5,6935,1
34406,0,Unknown Artist,7,religious_painting,17,Northern_Renaissance,1382,1794,RGB,c93a32e78ce42dd8,6936,1
24222,0,Unknown Artist,7,religious_painting,17,Northern_Renaissance,1382,1976,RGB,fba4287aacb8a92c,6937,1
26221,87,michelangelo,8,sketch_and_study,11,High_Renaissance,1382,1864,RGB,eba7c6d7309c1328,6938,1
49799,0,Unknown Artist,6,portrait,22,Rococo,1382,2236,RGB,adfe7049cb363418,6939,1
55958,82,paolo-veronese,7,religious_painting,13,Mannerism_Late_Renaissance,1382,1608,RGB,b84d12f2c3b806ef,6940,1
21637,0,Unknown Artist,7,religious_painting,8,Early_Renaissance,1382,1799,RGB,ce9861395e563cb1,6941,1
46300,0,Unknown Artist,7,religious_painting,17,Northern_Renaissance,1382,2194,RGB,a37814615ae6dfa4,6942,1
45867,29,lucas-cranach-the-elder,7,religious_painting,17,Northern_Renaissance,1382,2145,RGB,fec04d891bbcb0d2,6943,1
23428,0,Unknown Artist,7,religious_painting,8,Early_Renaissance,1844,1382,RGB,cf473038249dccf3,6944,1
29891,24,leonardo-da-vinci,8,sketch_and_study,11,High_Renaissance,1382,1944,RGB,8ac9545c9b6af585,6945,1
35405,0,Unknown Artist,2,genre_painting,17,Northern_Renaissance,2165,1382,RGB,98c6d8d38bbd2525,6946,1
44215,0,Unknown Artist,7,religious_painting,8,Early_Renaissance,1382,5237,RGB,bfaa689deaa0c0a5,6947,1
42889,0,Unknown Artist,7,religious_painting,8,Early_Renaissance,1736,1382,RGB,9efae201c549e26e,6948,1
25499,0,Unknown Artist,7,religious_painting,8,Early_Renaissance,1382,4466,RGB,fac8004b2736b0ff,6949,1
23331,0,Unknown Artist,2,genre_painting,17,Northern_Renaissance,1874,1382,RGB,84c6cf2cd4d1a3ea,6950,1
39281,0,Unknown Artist,2,genre_painting,22,Rococo,1382,1727,RGB,cd7332ccc6999833,6951,1
63965,0,Unknown Artist,6,portrait,22,Rococo,1382,1825,RGB,84de52273973a758,6952,1
55661,0,Unknown Artist,7,religious_painting,13,Mannerism_Late_Renaissance,1587,1382,RGB,8e703a8e6f9742ac,6953,1
37897,29,lucas-cranach-the-elder,6,portrait,17,Northern_Renaissance,1382,2017,RGB,b93cc2c6cb999964,6954,1
52170,0,Unknown Artist,7,religious_painting,17,Northern_Renaissance,1382,1796,RGB,aae1f586d0de9292,6955,1
65796,0,Unknown Artist,6,portrait,17,Northern_Renaissance,1858,1382,RGB,e94a0ef74199dec0,6956,1
70624,0,Unknown Artist,10,Unknown Genre,11,High_Renaissance,1533,1382,RGB,9919226674ea33af,6957,1
57193,87,michelangelo,5,nude_painting,11,High_Renaissance,1382,1792,RGB,cce346db99b489a4,6958,1
23613,0,Unknown Artist,7,religious_painting,8,Early_Renaissance,1771,1382,RGB,d40b1bc8235f3a9d,6959,1
70550,0,Unknown Artist,10,Unknown Genre,22,Rococo,2306,1382,RGB,91f06e2f730c3533,6960,1
49155,69,raphael,7,religious_painting,11,High_Renaissance,1382,1747,RGB,83a4b9dd5e532c64,6961,1
30991,0,Unknown Artist,6,portrait,11,High_Renaissance,1382,1756,RGB,eee41131b8ca8f47,6962,1
31454,103,hans-memling,6,portrait,17,Northern_Renaissance,1382,1973,RGB,f8c843333766d89c,6963,1
40689,24,leonardo-da-vinci,8,sketch_and_study,11,High_Renaissance,1382,1973,RGB,ace287979b78988c,6964,1
56276,0,Unknown Artist,7,religious_painting,11,High_Renaissance,1382,1465,RGB,d8192666339bd98d,6965,1
47152,0,Unknown Artist,7,religious_painting,8,Early_Renaissance,1382,5479,RGB,ca4cb1469e3366ce,6966,1
56506,0,Unknown Artist,7,religious_painting,17,Northern_Renaissance,1382,1928,RGB,abb67b2d1461a1e4,6967,1
54968,126,thomas-gainsborough,2,genre_painting,22,Rococo,1617,1382,RGB,810ede3965336f26,6968,1
39872,61,bartolome-esteban-murillo,8,sketch_and_study,4,Baroque,2073,1382,RGB,fe85d13ac51bc264,6969,1
28972,0,Unknown Artist,7,religious_painting,13,Mannerism_Late_Renaissance,1427,1382,RGB,fbaeffb110c03412,6970,1
56764,77,titian,7,religious_painting,11,High_Renaissance,1394,1382,RGB,956a4995626e6d93,6971,1
55680,0,Unknown Artist,7,religious_painting,8,Early_Renaissance,1382,1898,RGB,e7a8982795d46f41,6972,1
30763,126,thomas-gainsborough,6,portrait,22,Rococo,1382,2143,RGB,d090cd99e03e8fc7,6973,1
74430,0,Unknown Artist,10,Unknown Genre,22,Rococo,1382,1518,RGB,e4930be4f88eb269,6974,1
65926,0,Unknown Artist,6,portrait,22,Rococo,1382,1661,RGB,8d1c6917327169e7,6975,1
52443,0,Unknown Artist,3,illustration,8,Early_Renaissance,3017,1382,RGB,b4d77c04ab6cc670,6976,1
63546,0,Unknown Artist,6,portrait,22,Rococo,1382,1727,RGB,882d67c5b9d91764,6977,1
31336,67,tintoretto,7,religious_painting,13,Mannerism_Late_Renaissance,1382,1644,RGB,c0b64dc92709bbda,6978,1
55763,0,Unknown Artist,7,religious_painting,17,Northern_Renaissance,3243,1382,RGB,83b1d6fa734c5249,6979,1
33441,0,Unknown Artist,7,religious_painting,4,Baroque,1382,1798,RGB,9429f39426e99df0,6980,1
40150,24,leonardo-da-vinci,8,sketch_and_study,11,High_Renaissance,1382,1773,RGB,b1f0c69d92c6c399,6981,1
19917,0,Unknown Artist,6,portrait,4,Baroque,1382,1721,RGB,99786e65867689d8,6982,1
30562,24,leonardo-da-vinci,8,sketch_and_study,8,Early_Renaissance,1382,1972,RGB,b5d133c4873bb4c4,6983,1
8238,25,albrecht-durer,6,portrait,17,Northern_Renaissance,1382,1872,RGB,ad9296c87b859959,6984,1
17995,25,albrecht-durer,4,landscape,17,Northern_Renaissance,1734,1382,RGB,af7898a4c381e4cf,6985,1
22236,80,peter-paul-rubens,8,sketch_and_study,4,Baroque,1382,2073,RGB,e0e3177ed232256a,6986,1
23961,67,tintoretto,7,religious_painting,13,Mannerism_Late_Renaissance,1834,1382,RGB,b5124ad9a6259f63,6987,1
80054,0,Unknown Artist,10,Unknown Genre,22,Rococo,1382,1675,RGB,c16e2d331cc74c9b,6988,1
6267,20,rembrandt,10,Unknown Genre,4,Baroque,1382,1671,RGB,b2c78f489c33e323,6989,1
55843,0,Unknown Artist,7,religious_painting,13,Mannerism_Late_Renaissance,1382,1689,RGB,c1b57d306f465ca8,6990,1
33348,83,joshua-reynolds,6,portrait,22,Rococo,1382,1712,RGB,c82d37838bf8740f,6991,1
47577,114,anthony-van-dyck,6,portrait,4,Baroque,1382,1643,RGB,ccc0793719cce363,6992,1
17601,20,rembrandt,7,religious_painting,4,Baroque,1692,1382,RGB,c21e3c6961339ee6,6993,1
35216,77,titian,6,portrait,13,Mannerism_Late_Renaissance,1382,1820,RGB,9c6c69a5379223d3,6994,1
30880,0,Unknown Artist,6,portrait,11,High_Renaissance,1382,1925,RGB,c11f666d25e63619,6995,1
46441,23,hieronymus-bosch,7,religious_painting,17,Northern_Renaissance,1382,1928,RGB,c196be070ab5b2da,6996,1
68262,0,Unknown Artist,10,Unknown Genre,22,Rococo,1382,1827,RGB,d919e67423649679,6997,1
65835,117,hans-holbein-the-younger,6,portrait,17,Northern_Renaissance,2446,1381,RGB,ce62b11c1d419e9f,6998,1
55638,0,Unknown Artist,7,religious_painting,8,Early_Renaissance,2587,1382,RGB,fea8c58498d39297,6999,1
37000,0,Unknown Artist,6,portrait,11,High_Renaissance,1382,1946,RGB,cc0676b133e6c19b,7000,1
53049,0,Unknown Artist,6,portrait,17,Northern_Renaissance,1382,2720,RGB,d39396468f584b6c,7001,1
70019,0,Unknown Artist,10,Unknown Genre,11,High_Renaissance,1382,1911,RGB,d4626662619d5bb6,7002,1
72458,0,Unknown Artist,10,Unknown Genre,22,Rococo,1991,1382,RGB,9bca4e6691b1e1a3,7003,1
55967,0,Unknown Artist,7,religious_painting,4,Baroque,1382,1895,RGB,e9b9a1c5564a3969,7004,1
40348,0,Unknown Artist,6,portrait,17,Northern_Renaissance,1382,1572,RGB,ffd4920c78791499,7005,1
69451,0,Unknown Artist,10,Unknown Genre,13,Mannerism_Late_Renaissance,1826,1382,RGB,d0d3943d9c982f66,7006,1
38058,77,titian,7,religious_painting,11,High_Renaissance,1382,2238,RGB,a8e4bd11743a93e3,7007,1
23967,121,el-greco,7,religious_painting,13,Mannerism_Late_Renaissance,1382,1798,RGB,eae49493751433d6,7008,1
38149,24,leonardo-da-vinci,7,religious_painting,11,High_Renaissance,3161,1382,RGB,c8c4ec4be1e3965a,7009,1
63602,0,Unknown Artist,6,portrait,17,Northern_Renaissance,1382,1748,RGB,9c9e71153334c733,7010,1
23385,23,hieronymus-bosch,7,religious_painting,17,Northern_Renaissance,1382,1711,RGB,f4a51db271e5864a,7011,1
27183,114,anthony-van-dyck,6,portrait,4,Baroque,1382,1918,RGB,d8cc277272c99b26,7012,1
21264,0,Unknown Artist,8,sketch_and_study,22,Rococo,1382,2193,RGB,bbcc6635a91ab216,7013,1
41966,0,Unknown Artist,7,religious_painting,11,High_Renaissance,1382,2073,RGB,f2fd21e6ac5243c2,7014,1
68922,0,Unknown Artist,10,Unknown Genre,22,Rococo,1382,1793,RGB,dcea857a63e20995,7015,1
52853,0,Unknown Artist,7,religious_painting,8,Early_Renaissance,1382,1511,RGB,a3ae415736a58537,7016,1
30831,24,leonardo-da-vinci,6,portrait,11,High_Renaissance,1382,1843,RGB,d54c31b5b91332e6,7017,1
19735,0,Unknown Artist,3,illustration,17,Northern_Renaissance,1693,1382,RGB,a6e0ed749368839b,7018,1
29659,82,paolo-veronese,7,religious_painting,13,Mannerism_Late_Renaissance,1382,1511,RGB,efd11893d1b93618,7019,1
64969,0,Unknown Artist,6,portrait,22,Rococo,1382,1841,RGB,c918376766619ed8,7020,1
56890,121,el-greco,7,religious_painting,13,Mannerism_Late_Renaissance,1382,1734,RGB,cfb830e3d16c388e,7021,1
44553,29,lucas-cranach-the-elder,7,religious_painting,17,Northern_Renaissance,1382,2389,RGB,91b39d0f1e276c61,7022,1
63486,0,Unknown Artist,6,portrait,4,Baroque,1382,1863,RGB,8c5c63b33168cdbc,7023,1
68414,0,Unknown Artist,10,Unknown Genre,22,Rococo,1382,2124,RGB,cfc21235d9193637,7024,1
6856,0,Unknown Artist,10,Unknown Genre,17,Northern_Renaissance,1382,1430,RGB,c6d513e6ece2a134,6320,2
27803,0,Unknown Artist,7,religious_painting,17,Northern_Renaissance,1382,1672,RGB,d0e11f96232d6778,7025,1
55620,0,Unknown Artist,7,religious_painting,8,Early_Renaissance,1623,1382,RGB,b5f090c6031fda6b,7026,1
46602,58,pietro-perugino,7,religious_painting,11,High_Renaissance,1382,1645,RGB,f6a8ae21e4d7c192,7027,1
55775,0,Unknown Artist,7,religious_painting,8,Early_Renaissance,2062,1382,RGB,d1e9b0fe0f828cd4,7028,1
20098,29,lucas-cranach-the-elder,7,religious_painting,17,Northern_Renaissance,1382,1818,RGB,b0ee6f1a46b511f0,7029,1
38907,23,hieronymus-bosch,7,religious_painting,17,Northern_Renaissance,1382,2657,RGB,eef14e9421ce313a,7030,1
22541,69,raphael,7,religious_painting,11,High_Renaissance,1777,1382,RGB,dbe90367cc660c96,7031,1
52214,0,Unknown Artist,2,genre_painting,4,Baroque,1745,1382,RGB,f6ee3c3241de1a21,7032,1
38438,82,paolo-veronese,6,portrait,13,Mannerism_Late_Renaissance,1382,1831,RGB,ed18b33262a77227,7033,1
56809,0,Unknown Artist,7,religious_painting,8,Early_Renaissance,2215,1382,RGB,ccd5f74db0d64023,7034,1
781,25,albrecht-durer,6,portrait,17,Northern_Renaissance,1382,1705,RGB,c00f3d72f1336d32,7035,1
19859,0,Unknown Artist,7,religious_painting,4,Baroque,1382,1821,RGB,959a467d692435b3,7036,1
63996,80,peter-paul-rubens,6,portrait,4,Baroque,1381,1948,RGB,cfcc343332916ecc,1931,2
47657,0,Unknown Artist,6,portrait,22,Rococo,1382,1728,RGB,872c73f3099fe209,7037,1
18026,25,albrecht-durer,6,portrait,17,Northern_Renaissance,1382,1785,RGB,c4da4a1b37a57f04,7038,1
57417,0,Unknown Artist,5,nude_painting,22,Rococo,2287,1382,RGB,ad87f0f8843e07d1,7039,1
56674,121,el-greco,7,religious_painting,13,Mannerism_Late_Renaissance,1382,1821,RGB,c92e39f1c63b6431,7040,1
48757,0,Unknown Artist,7,religious_painting,17,Northern_Renaissance,1808,1382,RGB,ea64c461cf42e13f,7041,1
75611,0,Unknown Artist,10,Unknown Genre,4,Baroque,1382,1894,RGB,dd4629f8f1021af6,7042,1
63226,0,Unknown Artist,6,portrait,4,Baroque,1382,1746,RGB,accc5b3133c6c64b,7043,1
19757,0,Unknown Artist,7,religious_painting,4,Baroque,1382,2056,RGB,c11f7ac147725bc4,7044,1
25103,0,Unknown Artist,6,portrait,22,Rococo,1382,2108,RGB,8c3336cc50e6d9b6,7045,1
33925,126,thomas-gainsborough,4,landscape,22,Rococo,1690,1382,RGB,c1e0be92d3d69c26,7046,1
53974,0,Unknown Artist,2,genre_painting,4,Baroque,1382,1801,RGB,c62719cea6399467,7047,1
22096,38,fra-angelico,7,religious_painting,8,Early_Renaissance,1695,1382,RGB,e7960a8935ee322b,7048,1
56129,121,el-greco,7,religious_painting,13,Mannerism_Late_Renaissance,1382,2313,RGB,a1e19f0ed7954c8c,7049,1
37020,0,Unknown Artist,6,portrait,13,Mannerism_Late_Renaissance,1382,1382,RGB,bec4e193c14f964c,7050,1
30942,69,raphael,7,religious_painting,11,High_Renaissance,1382,2270,RGB,e8a61bcfb7996410,7051,1
31506,103,hans-memling,6,portrait,17,Northern_Renaissance,1382,1755,RGB,c81e63709fc31ec9,7052,1
68182,0,Unknown Artist,10,Unknown Genre,22,Rococo,1862,1382,RGB,c068e943af67b58c,7053,1
75330,0,Unknown Artist,10,Unknown Genre,4,Baroque,1922,1382,RGB,8c7371ce66914f94,7054,1
19052,24,leonardo-da-vinci,8,sketch_and_study,8,Early_Renaissance,1382,1963,RGB,e8973c629d6c12ad,7055,1
27094,121,el-greco,6,portrait,13,Mannerism_Late_Renaissance,1382,1495,RGB,8f95748f13788c53,7056,1
17754,20,rembrandt,10,Unknown Genre,4,Baroque,1485,1382,RGB,b9c2873dc4374c3c,7057,1
7689,25,albrecht-durer,7,religious_painting,17,Northern_Renaissance,1382,1887,RGB,984f37b0713d21f2,7058,1
80092,0,Unknown Artist,10,Unknown Genre,22,Rococo,1402,1382,RGB,b867659cb4e9d0e0,7059,1
19137,0,Unknown Artist,6,portrait,22,Rococo,1382,1755,RGB,8a9c37e339875c34,7060,1
36403,67,tintoretto,6,portrait,13,Mannerism_Late_Renaissance,1382,1701,RGB,b7939bb538782548,7061,1
48237,0,Unknown Artist,2,genre_painting,8,Early_Renaissance,2081,1382,RGB,9c2f224f5c644e6b,7062,1
36346,0,Unknown Artist,8,sketch_and_study,13,Mannerism_Late_Renaissance,2329,1382,RGB,9084cfc127f6538f,7063,1
41248,0,Unknown Artist,6,portrait,17,Northern_Renaissance,1382,1437,RGB,9db1e84a931e932e,7064,1
37457,58,pietro-perugino,7,religious_painting,11,High_Renaissance,1382,1867,RGB,d2c4a53b2d39669c,7065,1
56896,0,Unknown Artist,7,religious_painting,11,High_Renaissance,1382,1665,RGB,fc286b2f9a8a2ee0,7066,1
78558,0,Unknown Artist,10,Unknown Genre,4,Baroque,1382,1946,RGB,e168ee1598274b9d,7067,1
25222,0,Unknown Artist,7,religious_painting,11,High_Renaissance,1382,1540,RGB,bbb54204bd576352,7068,1
48159,0,Unknown Artist,7,religious_painting,13,Mannerism_Late_Renaissance,1382,1883,RGB,a2de0d9778317836,7069,1
56916,0,Unknown Artist,7,religious_painting,8,Early_Renaissance,1552,1382,RGB,eab6914cd027e137,7070,1
69772,0,Unknown Artist,10,Unknown Genre,8,Early_Renaissance,1382,1985,RGB,bf70906783b3c30e,7071,1
31767,69,raphael,7,religious_painting,11,High_Renaissance,1382,2082,RGB,83ced2f54c7994c1,7072,1
25673,0,Unknown Artist,8,sketch_and_study,22,Rococo,1382,1941,RGB,cb4a703532673b9c,7073,1
55018,0,Unknown Artist,2,genre_painting,4,Baroque,1646,1382,RGB,d1fa6f614831e4e8,7074,1
55941,67,tintoretto,7,religious_painting,13,Mannerism_Late_Renaissance,1382,2084,RGB,8cfcb12d8ed24359,7075,1
24241,114,anthony-van-dyck,6,portrait,4,Baroque,1382,1648,RGB,c10f6ff0344b32e5,7076,1
30544,69,raphael,7,religious_painting,11,High_Renaissance,1382,2013,RGB,e0a5140b1f4f3f78,7077,1
45946,0,Unknown Artist,7,religious_painting,8,Early_Renaissance,1382,1867,RGB,a967ecc4b5940e5a,7078,1
65015,83,joshua-reynolds,6,portrait,22,Rococo,1382,1808,RGB,972f6c62924ccb93,7079,1
44693,0,Unknown Artist,7,religious_painting,17,Northern_Renaissance,1387,1382,RGB,f7e7b0cb04184d4e,7080,1
71292,0,Unknown Artist,10,Unknown Genre,22,Rococo,1894,1382,RGB,95bac673b98e020f,1462,2
45569,0,Unknown Artist,7,religious_painting,8,Early_Renaissance,1852,1382,RGB,afc314acc15ac23f,7081,1
80052,0,Unknown Artist,10,Unknown Genre,22,Rococo,1382,2421,RGB,cfce60212cbaf43a,7082,1
55781,0,Unknown Artist,7,religious_painting,11,High_Renaissance,1382,1818,RGB,f3b2890c75f4942d,7083,1
39715,69,raphael,8,sketch_and_study,11,High_Renaissance,1382,2164,RGB,b130693836c6cfc7,7084,1
27082,0,Unknown Artist,7,religious_painting,8,Early_Renaissance,1382,1748,RGB,b364cd19cc3ee01b,7085,1
63870,114,anthony-van-dyck,6,portrait,4,Baroque,1382,1957,RGB,cf38b361661e1993,7086,1
56046,0,Unknown Artist,7,religious_painting,8,Early_Renaissance,1382,1649,RGB,cc6f47414b5260fb,7087,1
26773,0,Unknown Artist,7,religious_painting,8,Early_Renaissance,1382,1597,RGB,b3ecadb2c491c487,7088,1
56607,125,jacob-jordaens,7,religious_painting,4,Baroque,1382,1489,RGB,8db5e6ca8324a99b,7089,1
32099,0,Unknown Artist,6,portrait,11,High_Renaissance,1382,1811,RGB,cc0afd423b61c19f,7090,1
18024,0,Unknown Artist,10,Unknown Genre,17,Northern_Renaissance,1984,1382,RGB,8df99216916ad49d,7091,1
41183,0,Unknown Artist,2,genre_painting,22,Rococo,1853,1382,RGB,9dbe2a6131db648c,7092,1
46517,77,titian,7,religious_painting,11,High_Renaissance,1646,1382,RGB,f4e8869308b67d96,7093,1
51330,83,joshua-reynolds,6,portrait,22,Rococo,1382,1639,RGB,986c63973fe00df0,7094,1
1484,20,rembrandt,10,Unknown Genre,4,Baroque,1382,1658,RGB,dc0c33f22679cd86,7095,1
26297,0,Unknown Artist,7,religious_painting,13,Mannerism_Late_Renaissance,1382,2355,RGB,8bd5a4aad039972e,7096,1
25211,0,Unknown Artist,7,religious_painting,11,High_Renaissance,1382,2145,RGB,c9051ef72a9a52c7,7097,1
19938,87,michelangelo,8,sketch_and_study,11,High_Renaissance,1700,1382,RGB,b3c23e4d461f433c,7098,1
55745,0,Unknown Artist,7,religious_painting,8,Early_Renaissance,1382,1415,RGB,c068867bc5cc33b7,7099,1
58691,128,canaletto,4,landscape,22,Rococo,2278,1382,RGB,a5da456f96c8658a,7100,1
62076,0,Unknown Artist,8,sketch_and_study,8,Early_Renaissance,1979,1382,RGB,926d81fe6eb51a12,7101,1
21567,0,Unknown Artist,7,religious_painting,8,Early_Renaissance,1876,1382,RGB,9ad6a42da918f2e5,7102,1
25184,0,Unknown Artist,7,religious_painting,13,Mannerism_Late_Renaissance,1382,2028,RGB,c5ca7f243b536831,7103,1
57155,0,Unknown Artist,7,religious_painting,11,High_Renaissance,1382,2053,RGB,87345b8e3cd30e2d,7104,1
32027,0,Unknown Artist,7,religious_painting,11,High_Renaissance,1382,1727,RGB,de86121b66d9e9a2,7105,1
80015,0,Unknown Artist,10,Unknown Genre,22,Rococo,1382,1796,RGB,93bc78631c99478b,7106,1
76459,0,Unknown Artist,10,Unknown Genre,4,Baroque,2627,1382,RGB,bed2876a65271ca8,7107,1
36993,0,Unknown Artist,7,religious_painting,8,Early_Renaissance,1382,2254,RGB,dcef9610333e6285,7108,1
39147,0,Unknown Artist,9,still_life,4,Baroque,1792,1382,RGB,e633b94cc722483f,7109,1
34452,0,Unknown Artist,6,portrait,11,High_Renaissance,1767,1382,RGB,cef831299987f60c,7110,1
25912,0,Unknown Artist,7,religious_painting,8,Early_Renaissance,2221,1381,RGB,c13a2d70dac29e3b,7111,1
45856,69,raphael,6,portrait,11,High_Renaissance,1398,1382,RGB,a8139dad3227e56a,7112,1
48088,0,Unknown Artist,2,genre_painting,4,Baroque,1751,1382,RGB,82576d14903ddee3,7113,1
47446,114,anthony-van-dyck,7,religious_painting,4,Baroque,1382,1719,RGB,ccd9b17266336686,7114,1
21503,0,Unknown Artist,7,religious_painting,11,High_Renaissance,1382,1536,RGB,8def730c6a631cc8,7115,1
81147,0,Unknown Artist,10,Unknown Genre,17,Northern_Renaissance,1382,1721,RGB,917d44c76f201e37,7116,1
32071,0,Unknown Artist,1,cityscape,22,Rococo,2459,1382,RGB,d2e4ba4436bb446b,7117,1
47149,0,Unknown Artist,7,religious_painting,13,Mannerism_Late_Renaissance,1382,2247,RGB,aff3faa5e0818485,7118,1
55737,87,michelangelo,7,religious_painting,11,High_Renaissance,2266,1382,RGB,cc59772b292cbc64,7119,1
19763,67,tintoretto,7,religious_painting,13,Mannerism_Late_Renaissance,1382,2378,RGB,9fb56382c0fae0e8,7120,1
56391,0,Unknown Artist,7,religious_painting,4,Baroque,1382,1727,RGB,c642c3e6e61e8d65,7121,1
63281,0,Unknown Artist,6,portrait,22,Rococo,1382,1660,RGB,ce9c537332313363,7122,1
24750,117,hans-holbein-the-younger,8,sketch_and_study,17,Northern_Renaissance,1382,1952,RGB,b83831e3e7c40c9f,7123,1
74470,0,Unknown Artist,10,Unknown Genre,17,Northern_Renaissance,2117,1382,RGB,c1391dc9669ed235,7124,1
27560,0,Unknown Artist,7,religious_painting,11,High_Renaissance,1517,1382,RGB,fb69e48603835e27,1117,2
28188,0,Unknown Artist,8,sketch_and_study,22,Rococo,2047,1382,RGB,b6e26193ce2dd819,7125,1
4933,25,albrecht-durer,7,religious_painting,17,Northern_Renaissance,1382,2225,RGB,f28a4bb22d4bacb1,7126,1
55800,0,Unknown Artist,7,religious_painting,8,Early_Renaissance,1762,1382,RGB,bf3cc04c5a493fe0,7127,1
26850,0,Unknown Artist,4,landscape,4,Baroque,1983,1382,RGB,8ce90b74857ae3ac,7128,1
56355,0,Unknown Artist,7,religious_painting,8,Early_Renaissance,1382,1890,RGB,c4ebfc4413329b5c,7129,1
78685,0,Unknown Artist,10,Unknown Genre,4,Baroque,1382,1651,RGB,cc33373266ce13cc,7130,1
55813,0,Unknown Artist,7,religious_painting,11,High_Renaissance,1382,1661,RGB,eb158545135e8e6b,7131,1
56709,69,raphael,7,religious_painting,11,High_Renaissance,1382,1932,RGB,d9648d96d135ca2e,7132,1
36708,87,michelangelo,7,religious_painting,11,High_Renaissance,1838,1382,RGB,cea90dd67a88c03f,7133,1
80068,0,Unknown Artist,10,Unknown Genre,22,Rococo,1382,1635,RGB,e1e72639d30cdc64,7134,1
39536,0,Unknown Artist,7,religious_painting,17,Northern_Renaissance,1382,1782,RGB,d6a13a6361beb146,7135,1
43032,82,paolo-veronese,7,religious_painting,13,Mannerism_Late_Renaissance,3413,1382,RGB,fa94bd998363a234,7136,1
72965,0,Unknown Artist,10,Unknown Genre,17,Northern_Renaissance,1382,1772,RGB,ef8784fc9890b85a,7137,1
72418,0,Unknown Artist,10,Unknown Genre,4,Baroque,1968,1382,RGB,f56f4b5a0ec945a0,7138,1
45626,0,Unknown Artist,6,portrait,22,Rococo,1382,1715,RGB,be26f1d1e12cc4c3,7139,1
362,25,albrecht-durer,7,religious_painting,17,Northern_Renaissance,1382,1827,RGB,ec2e2ffdb4708031,7140,1
56614,58,pietro-perugino,7,religious_painting,11,High_Renaissance,1382,1796,RGB,e0aca6c25a1bba37,7141,1
40117,0,Unknown Artist,7,religious_painting,13,Mannerism_Late_Renaissance,1382,2196,RGB,ea8cd1870fc2f46c,7142,1
68593,0,Unknown Artist,10,Unknown Genre,17,Northern_Renaissance,1382,2703,RGB,dde1c0d842978d9d,7143,1
40810,29,lucas-cranach-the-elder,7,religious_painting,17,Northern_Renaissance,1382,1969,RGB,fdfce88789099443,7144,1
48806,0,Unknown Artist,7,religious_painting,17,Northern_Renaissance,1382,3123,RGB,aa81317cd44f1d3d,7145,1
17596,20,rembrandt,10,Unknown Genre,4,Baroque,1382,1715,RGB,cdcd303037c7c39c,7146,1
