idx,artist_id,artist_name,genre_id,genre_name,style_id,style_name,width,height,image_mode
25182,0,Unknown Artist,7,religious_painting,11,High_Renaissance,1382,2820,RGB
31550,58,pietro-perugino,7,religious_painting,11,High_Renaissance,1382,2075,RGB
34042,77,titian,7,religious_painting,13,Mannerism_Late_Renaissance,1382,1571,RGB
56125,0,Unknown Artist,7,religious_painting,8,Early_Renaissance,1382,2181,RGB
56401,77,titian,7,religious_painting,11,High_Renaissance,1382,1391,RGB
37422,0,Unknown Artist,2,genre_painting,4,Baroque,1382,1653,RGB
47245,0,Unknown Artist,2,genre_painting,22,Rococo,1382,1733,RGB
20894,69,raphael,8,sketch_and_study,11,High_Renaissance,1382,1951,RGB
44263,0,Unknown Artist,7,religious_painting,13,Mannerism_Late_Renaissance,1382,1776,RGB
21552,0,Unknown Artist,2,genre_painting,4,Baroque,1711,1382,RGB
37577,0,Unknown Artist,7,religious_painting,8,Early_Renaissance,1829,1382,RGB
61990,0,Unknown Artist,8,sketch_and_study,8,Early_Renaissance,1382,2073,RGB
56862,0,Unknown Artist,7,religious_painting,8,Early_Renaissance,1382,3617,RGB
49846,69,raphael,7,religious_painting,11,High_Renaissance,2772,1382,RGB
40469,67,tintoretto,7,religious_painting,13,Mannerism_Late_Renaissance,1382,1870,RGB
55980,38,fra-angelico,7,religious_painting,8,Early_Renaissance,1382,1937,RGB
26405,0,Unknown Artist,1,cityscape,22,Rococo,1849,1382,RGB
24638,0,Unknown Artist,7,religious_painting,4,Baroque,1382,2112,RGB
51673,0,Unknown Artist,2,genre_painting,4,Baroque,1382,1629,RGB
51445,69,raphael,7,religious_painting,11,High_Renaissance,2072,1382,RGB
75777,0,Unknown Artist,10,Unknown Genre,11,High_Renaissance,1901,1382,RGB
56706,121,el-greco,7,religious_painting,13,Mannerism_Late_Renaissance,1382,1636,RGB
40812,24,leonardo-da-vinci,6,portrait,11,High_Renaissance,1382,1628,RGB
68561,0,Unknown Artist,10,Unknown Genre,11,High_Renaissance,6608,1382,RGB
59668,0,Unknown Artist,4,landscape,22,Rococo,2186,1382,RGB
22357,0,Unknown Artist,7,religious_painting,11,High_Renaissance,2991,1382,RGB
33516,0,Unknown Artist,9,still_life,4,Baroque,1603,1382,RGB
63248,0,Unknown Artist,6,portrait,22,Rococo,1382,1748,RGB
42905,0,Unknown Artist,6,portrait,13,Mannerism_Late_Renaissance,1381,1893,RGB
26167,38,fra-angelico,7,religious_painting,8,Early_Renaissance,2839,1382,RGB
18017,25,albrecht-durer,2,genre_painting,17,Northern_Renaissance,7735,1382,RGB
29414,0,Unknown Artist,7,religious_painting,11,High_Renaissance,1382,1679,RGB
55806,0,Unknown Artist,7,religious_painting,8,Early_Renaissance,2859,1382,RGB
48287,38,fra-angelico,7,religious_painting,8,Early_Renaissance,1382,1647,RGB
58562,0,Unknown Artist,1,cityscape,22,Rococo,2379,1382,RGB
73047,0,Unknown Artist,10,Unknown Genre,11,High_Renaissance,1382,2040,RGB
8522,20,rembrandt,7,religious_painting,4,Baroque,1382,1783,RGB
71224,0,Unknown Artist,10,Unknown Genre,4,Baroque,2280,1382,RGB
37582,87,michelangelo,5,nude_painting,11,High_Renaissance,1382,1888,RGB
70518,0,Unknown Artist,10,Unknown Genre,17,Northern_Renaissance,1382,2926,RGB
65219,0,Unknown Artist,6,portrait,13,Mannerism_Late_Renaissance,1382,3446,RGB
36425,69,raphael,7,religious_painting,11,High_Renaissance,1382,2084,RGB
55922,0,Unknown Artist,7,religious_painting,13,Mannerism_Late_Renaissance,1382,1399,RGB
75017,0,Unknown Artist,10,Unknown Genre,13,Mannerism_Late_Renaissance,2336,1382,RGB
35390,69,raphael,7,religious_painting,11,High_Renaissance,1382,1747,RGB
18140,0,Unknown Artist,10,Unknown Genre,17,Northern_Renaissance,1382,1747,RGB
55726,67,tintoretto,7,religious_painting,13,Mannerism_Late_Renaissance,2118,1382,RGB
49965,0,Unknown Artist,6,portrait,11,High_Renaissance,1382,1475,RGB
45028,0,Unknown Artist,7,religious_painting,11,High_Renaissance,1382,2121,RGB
23384,82,paolo-veronese,7,religious_painting,13,Mannerism_Late_Renaissance,2133,1382,RGB
657,20,rembrandt,7,religious_painting,4,Baroque,1858,1382,RGB
31078,117,hans-holbein-the-younger,6,portrait,17,Northern_Renaissance,1382,1775,RGB
64205,0,Unknown Artist,6,portrait,22,Rococo,1382,1788,RGB
42778,87,michelangelo,8,sketch_and_study,11,High_Renaissance,1382,2723,RGB
74558,0,Unknown Artist,10,Unknown Genre,22,Rococo,1382,2355,RGB
11963,20,rembrandt,6,portrait,4,Baroque,1382,1731,RGB
66289,0,Unknown Artist,6,portrait,17,Northern_Renaissance,1382,2335,RGB
52847,77,titian,6,portrait,11,High_Renaissance,1382,2118,RGB
34661,38,fra-angelico,7,religious_painting,8,Early_Renaissance,1382,1757,RGB
56799,0,Unknown Artist,7,religious_painting,17,Northern_Renaissance,1382,1910,RGB
28196,0,Unknown Artist,9,still_life,4,Baroque,2273,1382,RGB
43033,0,Unknown Artist,7,religious_painting,17,Northern_Renaissance,1381,1715,RGB
66211,24,leonardo-da-vinci,6,portrait,8,Early_Renaissance,1382,1467,RGB
23143,0,Unknown Artist,7,religious_painting,4,Baroque,1382,1638,RGB
56644,0,Unknown Artist,7,religious_painting,11,High_Renaissance,1382,1592,RGB
21678,67,tintoretto,6,portrait,13,Mannerism_Late_Renaissance,1842,1382,RGB
78698,0,Unknown Artist,10,Unknown Genre,4,Baroque,1382,1997,RGB
42514,38,fra-angelico,7,religious_painting,8,Early_Renaissance,1382,4090,RGB
56529,0,Unknown Artist,7,religious_painting,8,Early_Renaissance,2856,1382,RGB
7222,25,albrecht-durer,8,sketch_and_study,17,Northern_Renaissance,1382,1596,RGB
30058,0,Unknown Artist,7,religious_painting,8,Early_Renaissance,1842,1382,RGB
24412,38,fra-angelico,7,religious_painting,8,Early_Renaissance,1382,2009,RGB
46182,58,pietro-perugino,7,religious_painting,11,High_Renaissance,1598,1382,RGB
23386,38,fra-angelico,7,religious_painting,8,Early_Renaissance,1382,1696,RGB
52497,0,Unknown Artist,7,religious_painting,8,Early_Renaissance,1382,1794,RGB
47146,83,joshua-reynolds,6,portrait,22,Rococo,1382,1761,RGB
51759,0,Unknown Artist,6,portrait,22,Rococo,1382,1839,RGB
4521,20,rembrandt,6,portrait,4,Baroque,1818,1382,RGB
38746,0,Unknown Artist,6,portrait,22,Rococo,1382,1713,RGB
56453,121,el-greco,7,religious_painting,13,Mannerism_Late_Renaissance,1382,1815,RGB
74002,0,Unknown Artist,10,Unknown Genre,13,Mannerism_Late_Renaissance,1382,1872,RGB
42572,0,Unknown Artist,4,landscape,4,Baroque,1923,1382,RGB
56031,117,hans-holbein-the-younger,7,religious_painting,17,Northern_Renaissance,1382,1401,RGB
56610,0,Unknown Artist,7,religious_painting,8,Early_Renaissance,1791,1382,RGB
28374,0,Unknown Artist,6,portrait,22,Rococo,1382,1771,RGB
40505,0,Unknown Artist,6,portrait,13,Mannerism_Late_Renaissance,1382,1933,RGB
55984,87,michelangelo,7,religious_painting,11,High_Renaissance,2366,1382,RGB
21218,0,Unknown Artist,6,portrait,11,High_Renaissance,1382,1900,RGB
17976,25,albrecht-durer,8,sketch_and_study,17,Northern_Renaissance,1382,1904,RGB
74095,0,Unknown Artist,10,Unknown Genre,11,High_Renaissance,1382,1753,RGB
7807,25,albrecht-durer,8,sketch_and_study,17,Northern_Renaissance,1908,1382,RGB
3011,20,rembrandt,6,portrait,4,Baroque,1382,1857,RGB
56970,0,Unknown Artist,7,religious_painting,11,High_Renaissance,1381,1406,RGB
25807,0,Unknown Artist,6,portrait,22,Rococo,1382,2036,RGB
56460,0,Unknown Artist,7,religious_painting,17,Northern_Renaissance,1382,1771,RGB
39088,0,Unknown Artist,2,genre_painting,4,Baroque,1658,1382,RGB
64952,0,Unknown Artist,6,portrait,13,Mannerism_Late_Renaissance,1382,1732,RGB
80106,0,Unknown Artist,10,Unknown Genre,22,Rococo,1879,1382,RGB
31729,0,Unknown Artist,4,landscape,4,Baroque,1859,1382,RGB
8111,25,albrecht-durer,7,religious_painting,17,Northern_Renaissance,1382,2084,RGB
69585,0,Unknown Artist,10,Unknown Genre,17,Northern_Renaissance,1382,1838,RGB
62243,0,Unknown Artist,8,sketch_and_study,22,Rococo,1382,2198,RGB
34787,83,joshua-reynolds,6,portrait,22,Rococo,1760,1382,RGB
17667,20,rembrandt,6,portrait,4,Baroque,1381,1472,RGB
19141,0,Unknown Artist,6,portrait,11,High_Renaissance,1382,1710,RGB
53175,0,Unknown Artist,2,genre_painting,4,Baroque,2075,1382,RGB
56983,77,titian,7,religious_painting,13,Mannerism_Late_Renaissance,1382,1749,RGB
73977,0,Unknown Artist,10,Unknown Genre,4,Baroque,2263,1382,RGB
49437,0,Unknown Artist,6,portrait,22,Rococo,1382,1775,RGB
40473,58,pietro-perugino,7,religious_painting,11,High_Renaissance,1382,1817,RGB
28884,58,pietro-perugino,7,religious_painting,11,High_Renaissance,1382,3078,RGB
43987,0,Unknown Artist,7,religious_painting,22,Rococo,1382,2068,RGB
64076,0,Unknown Artist,6,portrait,13,Mannerism_Late_Renaissance,1382,2679,RGB
61963,0,Unknown Artist,8,sketch_and_study,4,Baroque,1382,1890,RGB
51697,0,Unknown Artist,2,genre_painting,22,Rococo,1988,1382,RGB
49582,67,tintoretto,7,religious_painting,13,Mannerism_Late_Renaissance,1382,2404,RGB
52327,0,Unknown Artist,7,religious_painting,8,Early_Renaissance,3204,1382,RGB
28150,61,bartolome-esteban-murillo,7,religious_painting,4,Baroque,2073,1382,RGB
42555,0,Unknown Artist,7,religious_painting,8,Early_Renaissance,1937,1382,RGB
10070,25,albrecht-durer,6,portrait,17,Northern_Renaissance,1382,1939,RGB
41181,0,Unknown Artist,7,religious_painting,8,Early_Renaissance,1382,1714,RGB
46164,0,Unknown Artist,7,religious_painting,17,Northern_Renaissance,1382,1876,RGB
35403,110,joseph-wright,6,portrait,22,Rococo,1382,1765,RGB
51930,23,hieronymus-bosch,7,religious_painting,17,Northern_Renaissance,1382,1713,RGB
49917,23,hieronymus-bosch,7,religious_painting,17,Northern_Renaissance,1382,4295,RGB
75499,0,Unknown Artist,10,Unknown Genre,22,Rococo,1382,1625,RGB
24590,29,lucas-cranach-the-elder,7,religious_painting,17,Northern_Renaissance,1520,1382,RGB
78617,0,Unknown Artist,10,Unknown Genre,4,Baroque,1382,1897,RGB
24755,0,Unknown Artist,2,genre_painting,4,Baroque,2068,1382,RGB
70404,0,Unknown Artist,10,Unknown Genre,11,High_Renaissance,1382,1881,RGB
51928,0,Unknown Artist,7,religious_painting,11,High_Renaissance,1382,1743,RGB
25932,0,Unknown Artist,7,religious_painting,11,High_Renaissance,1382,1677,RGB
56683,38,fra-angelico,7,religious_painting,8,Early_Renaissance,1382,2162,RGB
37471,0,Unknown Artist,2,genre_painting,4,Baroque,1382,1656,RGB
25872,0,Unknown Artist,9,still_life,22,Rococo,1687,1382,RGB
44400,103,hans-memling,6,portrait,17,Northern_Renaissance,1382,2154,RGB
56819,82,paolo-veronese,7,religious_painting,13,Mannerism_Late_Renaissance,1382,1822,RGB
25982,0,Unknown Artist,6,portrait,13,Mannerism_Late_Renaissance,1382,1659,RGB
65804,77,titian,6,portrait,13,Mannerism_Late_Renaissance,1382,1785,RGB
32748,0,Unknown Artist,2,genre_painting,4,Baroque,1382,1799,RGB
18117,25,albrecht-durer,7,religious_painting,17,Northern_Renaissance,1382,1788,RGB
56897,0,Unknown Artist,7,religious_painting,11,High_Renaissance,1382,2040,RGB
62308,87,michelangelo,8,sketch_and_study,11,High_Renaissance,1619,1381,RGB
75641,0,Unknown Artist,10,Unknown Genre,22,Rococo,1735,1382,RGB
37517,0,Unknown Artist,7,religious_painting,8,Early_Renaissance,1382,1961,RGB
45947,126,thomas-gainsborough,6,portrait,22,Rococo,1736,1382,RGB
32261,0,Unknown Artist,7,religious_painting,8,Early_Renaissance,3838,1382,RGB
25896,126,thomas-gainsborough,6,portrait,22,Rococo,1381,1721,RGB
51574,24,leonardo-da-vinci,8,sketch_and_study,11,High_Renaissance,1816,1382,RGB
55134,0,Unknown Artist,2,genre_painting,22,Rococo,1680,1382,RGB
46288,77,titian,6,portrait,13,Mannerism_Late_Renaissance,1382,1752,RGB
45077,114,anthony-van-dyck,6,portrait,4,Baroque,1382,1690,RGB
21917,0,Unknown Artist,6,portrait,22,Rococo,1382,1758,RGB
27847,0,Unknown Artist,7,religious_painting,8,Early_Renaissance,2703,1382,RGB
29811,0,Unknown Artist,7,religious_painting,17,Northern_Renaissance,1382,2634,RGB
63132,0,Unknown Artist,6,portrait,22,Rococo,1382,1684,RGB
65935,83,joshua-reynolds,6,portrait,22,Rococo,1382,1791,RGB
35510,82,paolo-veronese,7,religious_painting,13,Mannerism_Late_Renaissance,1389,1382,RGB
7162,20,rembrandt,6,portrait,4,Baroque,1382,1661,RGB
41631,0,Unknown Artist,6,portrait,4,Baroque,1382,1877,RGB
27809,114,anthony-van-dyck,7,religious_painting,4,Baroque,1382,1593,RGB
39513,0,Unknown Artist,8,sketch_and_study,22,Rococo,1382,2007,RGB
19342,58,pietro-perugino,7,religious_painting,11,High_Renaissance,1382,1496,RGB
49517,0,Unknown Artist,7,religious_painting,11,High_Renaissance,1382,1677,RGB
54043,0,Unknown Artist,2,genre_painting,4,Baroque,1382,1625,RGB
46281,58,pietro-perugino,7,religious_painting,11,High_Renaissance,1382,1382,RGB
26329,116,frans-hals,6,portrait,4,Baroque,1382,1612,RGB
28811,0,Unknown Artist,1,cityscape,22,Rococo,1764,1382,RGB
13294,0,Unknown Artist,10,Unknown Genre,17,Northern_Renaissance,1858,1382,RGB
46933,82,paolo-veronese,7,religious_painting,13,Mannerism_Late_Renaissance,2146,1382,RGB
62153,24,leonardo-da-vinci,8,sketch_and_study,11,High_Renaissance,1382,1477,RGB
49571,77,titian,7,religious_painting,11,High_Renaissance,1382,3272,RGB
73242,0,Unknown Artist,10,Unknown Genre,13,Mannerism_Late_Renaissance,1382,1776,RGB
31431,0,Unknown Artist,7,religious_painting,13,Mannerism_Late_Renaissance,1382,1630,RGB
33149,69,raphael,7,religious_painting,11,High_Renaissance,1382,1851,RGB
37604,0,Unknown Artist,7,religious_painting,8,Early_Renaissance,1382,1659,RGB
56469,0,Unknown Artist,7,religious_painting,8,Early_Renaissance,2050,1382,RGB
7269,25,albrecht-durer,6,portrait,17,Northern_Renaissance,1382,1862,RGB
64667,0,Unknown Artist,6,portrait,8,Early_Renaissance,1382,1959,RGB
55779,0,Unknown Artist,7,religious_painting,8,Early_Renaissance,1382,1896,RGB
55944,38,fra-angelico,7,religious_painting,8,Early_Renaissance,1382,1877,RGB
24904,82,paolo-veronese,7,religious_painting,13,Mannerism_Late_Renaissance,1442,1382,RGB
20407,0,Unknown Artist,2,genre_painting,4,Baroque,1381,1769,RGB
65326,77,titian,6,portrait,11,High_Renaissance,1382,1633,RGB
7434,20,rembrandt,2,genre_painting,4,Baroque,1382,2145,RGB
27103,0,Unknown Artist,7,religious_painting,17,Northern_Renaissance,1382,1990,RGB
62128,24,leonardo-da-vinci,8,sketch_and_study,11,High_Renaissance,1382,1811,RGB
47498,69,raphael,7,religious_painting,11,High_Renaissance,1382,1827,RGB
55810,0,Unknown Artist,7,religious_painting,22,Rococo,1382,1868,RGB
56856,67,tintoretto,7,religious_painting,13,Mannerism_Late_Renaissance,2445,1382,RGB
37806,0,Unknown Artist,3,illustration,8,Early_Renaissance,1382,2139,RGB
40078,67,tintoretto,6,portrait,13,Mannerism_Late_Renaissance,1382,1951,RGB
6694,0,Unknown Artist,10,Unknown Genre,17,Northern_Renaissance,1382,2340,RGB
56826,0,Unknown Artist,7,religious_painting,17,Northern_Renaissance,1382,1677,RGB
72810,0,Unknown Artist,10,Unknown Genre,4,Baroque,1573,1382,RGB
56235,0,Unknown Artist,7,religious_painting,17,Northern_Renaissance,1382,1698,RGB
72109,0,Unknown Artist,10,Unknown Genre,11,High_Renaissance,1982,1382,RGB
56727,38,fra-angelico,7,religious_painting,8,Early_Renaissance,1575,1382,RGB
355,20,rembrandt,6,portrait,4,Baroque,1694,1382,RGB
27990,0,Unknown Artist,8,sketch_and_study,8,Early_Renaissance,2026,1382,RGB
5166,25,albrecht-durer,8,sketch_and_study,17,Northern_Renaissance,1382,1762,RGB
24353,0,Unknown Artist,6,portrait,22,Rococo,1382,1679,RGB
22151,0,Unknown Artist,6,portrait,11,High_Renaissance,1382,1641,RGB
25317,0,Unknown Artist,2,genre_painting,11,High_Renaissance,1382,1699,RGB
20746,69,raphael,7,religious_painting,11,High_Renaissance,1382,1876,RGB
48900,24,leonardo-da-vinci,7,religious_painting,8,Early_Renaissance,6072,1382,RGB
63487,0,Unknown Artist,6,portrait,22,Rococo,1382,1755,RGB
30641,121,el-greco,7,religious_painting,13,Mannerism_Late_Renaissance,1382,1992,RGB
70828,0,Unknown Artist,10,Unknown Genre,13,Mannerism_Late_Renaissance,1382,2106,RGB
78700,0,Unknown Artist,10,Unknown Genre,4,Baroque,1768,1382,RGB
50311,0,Unknown Artist,6,portrait,13,Mannerism_Late_Renaissance,1382,1473,RGB
42388,0,Unknown Artist,2,genre_painting,4,Baroque,1382,1616,RGB
41641,0,Unknown Artist,7,religious_painting,17,Northern_Renaissance,1382,1897,RGB
55339,0,Unknown Artist,2,genre_painting,13,Mannerism_Late_Renaissance,1617,1382,RGB
51180,0,Unknown Artist,6,portrait,13,Mannerism_Late_Renaissance,1382,1753,RGB
55647,80,peter-paul-rubens,7,religious_painting,4,Baroque,1382,1869,RGB
56579,121,el-greco,7,religious_painting,13,Mannerism_Late_Renaissance,1381,2116,RGB
27680,0,Unknown Artist,7,religious_painting,4,Baroque,1382,2063,RGB
23069,103,hans-memling,7,religious_painting,17,Northern_Renaissance,1382,2474,RGB
65942,83,joshua-reynolds,6,portrait,22,Rococo,1382,1791,RGB
55758,121,el-greco,7,religious_painting,13,Mannerism_Late_Renaissance,1399,1382,RGB
71002,0,Unknown Artist,10,Unknown Genre,4,Baroque,1382,1689,RGB
33527,0,Unknown Artist,7,religious_painting,11,High_Renaissance,1780,1382,RGB
47351,24,leonardo-da-vinci,8,sketch_and_study,8,Early_Renaissance,2407,1382,RGB
48260,77,titian,7,religious_painting,13,Mannerism_Late_Renaissance,1382,1809,RGB
25088,121,el-greco,6,portrait,13,Mannerism_Late_Renaissance,1382,1788,RGB
38283,24,leonardo-da-vinci,8,sketch_and_study,11,High_Renaissance,2069,1382,RGB
17979,25,albrecht-durer,7,religious_painting,17,Northern_Renaissance,1382,1959,RGB
25458,0,Unknown Artist,7,religious_painting,11,High_Renaissance,1382,1922,RGB
44574,0,Unknown Artist,7,religious_painting,8,Early_Renaissance,1382,1817,RGB
70344,0,Unknown Artist,10,Unknown Genre,17,Northern_Renaissance,1382,2030,RGB
28215,0,Unknown Artist,7,religious_painting,8,Early_Renaissance,1382,1962,RGB
27923,0,Unknown Artist,7,religious_painting,11,High_Renaissance,1382,1700,RGB
55743,69,raphael,7,religious_painting,11,High_Renaissance,1382,1659,RGB
28715,0,Unknown Artist,7,religious_painting,13,Mannerism_Late_Renaissance,1382,1909,RGB
56030,0,Unknown Artist,7,religious_painting,4,Baroque,1382,2084,RGB
75674,0,Unknown Artist,10,Unknown Genre,4,Baroque,1860,1382,RGB
56275,87,michelangelo,7,religious_painting,11,High_Renaissance,2469,1382,RGB
25940,87,michelangelo,8,sketch_and_study,11,High_Renaissance,1382,1980,RGB
54961,77,titian,2,genre_painting,11,High_Renaissance,1385,1382,RGB
58290,0,Unknown Artist,1,cityscape,13,Mannerism_Late_Renaissance,1856,1382,RGB
80517,0,Unknown Artist,10,Unknown Genre,8,Early_Renaissance,1382,2969,RGB
38214,125,jacob-jordaens,7,religious_painting,4,Baroque,1382,2073,RGB
68273,0,Unknown Artist,10,Unknown Genre,4,Baroque,2179,1382,RGB
41696,61,bartolome-esteban-murillo,2,genre_painting,4,Baroque,1382,1729,RGB
57132,61,bartolome-esteban-murillo,7,religious_painting,4,Baroque,1382,1849,RGB
27026,126,thomas-gainsborough,6,portrait,22,Rococo,1382,1655,RGB
55964,0,Unknown Artist,7,religious_painting,17,Northern_Renaissance,2571,1382,RGB
33993,0,Unknown Artist,2,genre_painting,22,Rococo,1382,1597,RGB
55410,114,anthony-van-dyck,2,genre_painting,4,Baroque,1682,1382,RGB
81141,0,Unknown Artist,10,Unknown Genre,17,Northern_Renaissance,1842,1382,RGB
20350,0,Unknown Artist,6,portrait,13,Mannerism_Late_Renaissance,1382,1689,RGB
50840,67,tintoretto,7,religious_painting,13,Mannerism_Late_Renaissance,3571,1382,RGB
55971,82,paolo-veronese,7,religious_painting,13,Mannerism_Late_Renaissance,1382,1856,RGB
76754,0,Unknown Artist,10,Unknown Genre,22,Rococo,1382,1802,RGB
17963,25,albrecht-durer,6,portrait,17,Northern_Renaissance,1382,1757,RGB
20486,0,Unknown Artist,2,genre_painting,4,Baroque,1619,1382,RGB
53002,61,bartolome-esteban-murillo,7,religious_painting,4,Baroque,1382,2197,RGB
32464,67,tintoretto,7,religious_painting,13,Mannerism_Late_Renaissance,1382,1858,RGB
25145,0,Unknown Artist,7,religious_painting,13,Mannerism_Late_Renaissance,1382,2002,RGB
54109,0,Unknown Artist,2,genre_painting,4,Baroque,1382,1909,RGB
55708,0,Unknown Artist,7,religious_painting,8,Early_Renaissance,1382,1400,RGB
29458,0,Unknown Artist,6,portrait,17,Northern_Renaissance,1382,1867,RGB
78508,0,Unknown Artist,10,Unknown Genre,13,Mannerism_Late_Renaissance,1382,1977,RGB
11955,25,albrecht-durer,7,religious_painting,17,Northern_Renaissance,1412,1382,RGB
46835,0,Unknown Artist,7,religious_painting,13,Mannerism_Late_Renaissance,1382,2128,RGB
48011,0,Unknown Artist,7,religious_painting,8,Early_Renaissance,1445,1382,RGB
56447,87,michelangelo,7,religious_painting,11,High_Renaissance,1382,1406,RGB
34647,0,Unknown Artist,6,portrait,13,Mannerism_Late_Renaissance,1382,1789,RGB
56038,0,Unknown Artist,7,religious_painting,4,Baroque,1699,1382,RGB
56943,0,Unknown Artist,7,religious_painting,8,Early_Renaissance,1397,1382,RGB
12172,25,albrecht-durer,7,religious_painting,17,Northern_Renaissance,1382,1934,RGB
24903,126,thomas-gainsborough,6,portrait,22,Rococo,1382,1673,RGB
30364,58,pietro-perugino,7,religious_painting,8,Early_Renaissance,1382,3469,RGB
19320,0,Unknown Artist,2,genre_painting,22,Rococo,1625,1382,RGB
18061,0,Unknown Artist,10,Unknown Genre,17,Northern_Renaissance,1382,1442,RGB
78478,0,Unknown Artist,10,Unknown Genre,13,Mannerism_Late_Renaissance,1382,1799,RGB
23751,116,frans-hals,6,portrait,4,Baroque,1382,1663,RGB
41092,126,thomas-gainsborough,2,genre_painting,22,Rococo,1780,1382,RGB
34630,80,peter-paul-rubens,6,portrait,4,Baroque,1382,1679,RGB
24756,80,peter-paul-rubens,8,sketch_and_study,4,Baroque,1382,1998,RGB
31713,0,Unknown Artist,5,nude_painting,13,Mannerism_Late_Renaissance,1382,1963,RGB
11647,25,albrecht-durer,2,genre_painting,17,Northern_Renaissance,1382,1738,RGB
65540,0,Unknown Artist,6,portrait,4,Baroque,1382,1969,RGB
18004,25,albrecht-durer,7,religious_painting,17,Northern_Renaissance,1382,1685,RGB
33704,0,Unknown Artist,7,religious_painting,11,High_Renaissance,1382,2909,RGB
45887,125,jacob-jordaens,7,religious_painting,4,Baroque,1382,2121,RGB
43743,0,Unknown Artist,7,religious_painting,13,Mannerism_Late_Renaissance,1867,1382,RGB
21381,0,Unknown Artist,6,portrait,22,Rococo,1382,2382,RGB
80039,0,Unknown Artist,10,Unknown Genre,22,Rococo,1382,1554,RGB
69768,0,Unknown Artist,10,Unknown Genre,17,Northern_Renaissance,1382,2026,RGB
65694,82,paolo-veronese,6,portrait,13,Mannerism_Late_Renaissance,1382,1853,RGB
39646,0,Unknown Artist,7,religious_painting,17,Northern_Renaissance,1382,3340,RGB
49294,103,hans-memling,7,religious_painting,17,Northern_Renaissance,1382,1925,RGB
40956,121,el-greco,7,religious_painting,13,Mannerism_Late_Renaissance,1393,1382,RGB
10909,0,Unknown Artist,10,Unknown Genre,17,Northern_Renaissance,1382,2113,RGB
28993,82,paolo-veronese,7,religious_painting,13,Mannerism_Late_Renaissance,1382,1653,RGB
41540,0,Unknown Artist,7,religious_painting,8,Early_Renaissance,2991,1382,RGB
48847,0,Unknown Artist,8,sketch_and_study,17,Northern_Renaissance,2124,1382,RGB
35147,82,paolo-veronese,7,religious_painting,13,Mannerism_Late_Renaissance,1382,1665,RGB
18187,25,albrecht-durer,7,religious_painting,17,Northern_Renaissance,1382,1420,RGB
71572,0,Unknown Artist,10,Unknown Genre,17,Northern_Renaissance,1382,1890,RGB
25780,0,Unknown Artist,7,religious_painting,4,Baroque,1382,1905,RGB
56379,38,fra-angelico,7,religious_painting,8,Early_Renaissance,1833,1382,RGB
18090,25,albrecht-durer,6,portrait,17,Northern_Renaissance,1382,1874,RGB
75705,0,Unknown Artist,10,Unknown Genre,4,Baroque,1428,1382,RGB
3813,20,rembrandt,6,portrait,4,Baroque,1382,1749,RGB
55679,87,michelangelo,7,religious_painting,11,High_Renaissance,1983,1382,RGB
22790,103,hans-memling,7,religious_painting,17,Northern_Renaissance,1382,4519,RGB
22544,103,hans-memling,7,religious_painting,17,Northern_Renaissance,2824,1382,RGB
55867,0,Unknown Artist,7,religious_painting,13,Mannerism_Late_Renaissance,1382,1681,RGB
44946,0,Unknown Artist,6,portrait,8,Early_Renaissance,1382,1796,RGB
628,20,rembrandt,2,genre_painting,4,Baroque,1381,1613,RGB
43445,0,Unknown Artist,6,portrait,17,Northern_Renaissance,1382,2002,RGB
25981,0,Unknown Artist,6,portrait,13,Mannerism_Late_Renaissance,1382,1768,RGB
56520,121,el-greco,7,religious_painting,13,Mannerism_Late_Renaissance,1382,1922,RGB
10803,20,rembrandt,2,genre_painting,4,Baroque,1994,1382,RGB
46361,0,Unknown Artist,7,religious_painting,8,Early_Renaissance,1382,3282,RGB
61479,0,Unknown Artist,9,still_life,13,Mannerism_Late_Renaissance,1382,1823,RGB
55954,0,Unknown Artist,7,religious_painting,8,Early_Renaissance,1382,1624,RGB
80525,0,Unknown Artist,10,Unknown Genre,8,Early_Renaissance,1382,1382,RGB
49259,61,bartolome-esteban-murillo,7,religious_painting,4,Baroque,1382,2026,RGB
71898,0,Unknown Artist,10,Unknown Genre,22,Rococo,1382,1855,RGB
53599,0,Unknown Artist,2,genre_painting,22,Rococo,1382,1825,RGB
56164,0,Unknown Artist,7,religious_painting,11,High_Renaissance,1673,1382,RGB
42419,0,Unknown Artist,6,portrait,22,Rococo,1382,1678,RGB
22499,58,pietro-perugino,7,religious_painting,11,High_Renaissance,1422,1382,RGB
62976,0,Unknown Artist,6,portrait,22,Rococo,1382,1627,RGB
53972,0,Unknown Artist,2,genre_painting,22,Rococo,1765,1382,RGB
72254,0,Unknown Artist,10,Unknown Genre,17,Northern_Renaissance,1382,3155,RGB
45167,0,Unknown Artist,7,religious_painting,17,Northern_Renaissance,1382,1922,RGB
57079,38,fra-angelico,7,religious_painting,8,Early_Renaissance,1382,2288,RGB
40302,0,Unknown Artist,6,portrait,11,High_Renaissance,1382,1886,RGB
19413,38,fra-angelico,7,religious_painting,8,Early_Renaissance,2326,1382,RGB
50604,121,el-greco,7,religious_painting,13,Mannerism_Late_Renaissance,1382,1826,RGB
12948,25,albrecht-durer,3,illustration,17,Northern_Renaissance,1382,1842,RGB
55939,0,Unknown Artist,7,religious_painting,22,Rococo,1688,1382,RGB
44010,0,Unknown Artist,7,religious_painting,13,Mannerism_Late_Renaissance,1382,2317,RGB
40712,24,leonardo-da-vinci,8,sketch_and_study,11,High_Renaissance,1382,1916,RGB
81108,0,Unknown Artist,10,Unknown Genre,17,Northern_Renaissance,1382,1510,RGB
24065,0,Unknown Artist,7,religious_painting,17,Northern_Renaissance,1382,2792,RGB
48172,82,paolo-veronese,6,portrait,13,Mannerism_Late_Renaissance,1382,1640,RGB
39483,0,Unknown Artist,6,portrait,13,Mannerism_Late_Renaissance,1382,1845,RGB
56967,0,Unknown Artist,7,religious_painting,8,Early_Renaissance,2133,1382,RGB
55854,0,Unknown Artist,7,religious_painting,8,Early_Renaissance,1382,2011,RGB
29749,0,Unknown Artist,7,religious_painting,17,Northern_Renaissance,2087,1382,RGB
77324,0,Unknown Artist,10,Unknown Genre,17,Northern_Renaissance,2040,1382,RGB
658,20,rembrandt,8,sketch_and_study,4,Baroque,1382,1547,RGB
47723,0,Unknown Artist,7,religious_painting,8,Early_Renaissance,1382,1794,RGB
51292,0,Unknown Artist,6,portrait,17,Northern_Renaissance,1382,2043,RGB
65611,24,leonardo-da-vinci,6,portrait,8,Early_Renaissance,1382,1912,RGB
78480,0,Unknown Artist,10,Unknown Genre,13,Mannerism_Late_Renaissance,2874,1382,RGB
32577,87,michelangelo,8,sketch_and_study,11,High_Renaissance,1961,1382,RGB
71841,0,Unknown Artist,10,Unknown Genre,17,Northern_Renaissance,1682,1382,RGB
55720,0,Unknown Artist,7,religious_painting,8,Early_Renaissance,4162,1382,RGB
56806,58,pietro-perugino,7,religious_painting,11,High_Renaissance,1382,2855,RGB
75637,0,Unknown Artist,10,Unknown Genre,17,Northern_Renaissance,1382,2677,RGB
68150,0,Unknown Artist,10,Unknown Genre,13,Mannerism_Late_Renaissance,1382,1579,RGB
54058,126,thomas-gainsborough,2,genre_painting,22,Rococo,1744,1382,RGB
55651,125,jacob-jordaens,7,religious_painting,4,Baroque,1382,2746,RGB
30695,126,thomas-gainsborough,6,portrait,22,Rococo,1382,2172,RGB
75819,0,Unknown Artist,10,Unknown Genre,22,Rococo,1891,1382,RGB
45347,0,Unknown Artist,6,portrait,13,Mannerism_Late_Renaissance,1382,1927,RGB
20808,0,Unknown Artist,2,genre_painting,4,Baroque,1382,1800,RGB
36635,23,hieronymus-bosch,7,religious_painting,17,Northern_Renaissance,1942,1382,RGB
23336,0,Unknown Artist,6,portrait,4,Baroque,1382,2697,RGB
71842,0,Unknown Artist,10,Unknown Genre,4,Baroque,2060,1382,RGB
38912,0,Unknown Artist,7,religious_painting,17,Northern_Renaissance,1382,1930,RGB
35442,0,Unknown Artist,7,religious_painting,17,Northern_Renaissance,1382,1844,RGB
45272,0,Unknown Artist,7,religious_painting,11,High_Renaissance,1963,1382,RGB
56820,0,Unknown Artist,7,religious_painting,8,Early_Renaissance,1382,3457,RGB
32812,0,Unknown Artist,7,religious_painting,11,High_Renaissance,1589,1382,RGB
21573,24,leonardo-da-vinci,7,religious_painting,11,High_Renaissance,1382,2169,RGB
78686,0,Unknown Artist,10,Unknown Genre,4,Baroque,1382,1545,RGB
20075,67,tintoretto,7,religious_painting,13,Mannerism_Late_Renaissance,1382,2368,RGB
64509,0,Unknown Artist,6,portrait,22,Rococo,1382,1816,RGB
27814,0,Unknown Artist,2,genre_painting,22,Rococo,1791,1382,RGB
28008,0,Unknown Artist,7,religious_painting,8,Early_Renaissance,1382,2010,RGB
41163,0,Unknown Artist,2,genre_painting,22,Rococo,1382,1771,RGB
5438,25,albrecht-durer,6,portrait,17,Northern_Renaissance,1382,2055,RGB
42344,0,Unknown Artist,7,religious_painting,8,Early_Renaissance,2450,1382,RGB
63555,0,Unknown Artist,6,portrait,13,Mannerism_Late_Renaissance,1382,1849,RGB
75719,0,Unknown Artist,10,Unknown Genre,4,Baroque,2779,1382,RGB
56061,0,Unknown Artist,7,religious_painting,11,High_Renaissance,1382,1409,RGB
79378,0,Unknown Artist,10,Unknown Genre,11,High_Renaissance,1382,1811,RGB
40753,126,thomas-gainsborough,6,portrait,22,Rococo,1382,1680,RGB
63950,0,Unknown Artist,6,portrait,11,High_Renaissance,1382,1673,RGB
81113,0,Unknown Artist,10,Unknown Genre,17,Northern_Renaissance,1382,2663,RGB
61123,80,peter-paul-rubens,4,landscape,4,Baroque,2442,1382,RGB
2306,0,Unknown Artist,10,Unknown Genre,17,Northern_Renaissance,1382,2026,RGB
26849,0,Unknown Artist,6,portrait,22,Rococo,1382,1887,RGB
48203,0,Unknown Artist,7,religious_painting,8,Early_Renaissance,1382,1834,RGB
25712,0,Unknown Artist,5,nude_painting,13,Mannerism_Late_Renaissance,1382,1828,RGB
67811,0,Unknown Artist,10,Unknown Genre,13,Mannerism_Late_Renaissance,1850,1382,RGB
24305,0,Unknown Artist,6,portrait,13,Mannerism_Late_Renaissance,1382,1718,RGB
52782,0,Unknown Artist,7,religious_painting,8,Early_Renaissance,1382,2075,RGB
40045,0,Unknown Artist,4,landscape,17,Northern_Renaissance,1722,1382,RGB
37406,0,Unknown Artist,8,sketch_and_study,22,Rococo,1382,1907,RGB
46243,24,leonardo-da-vinci,7,religious_painting,8,Early_Renaissance,1382,1670,RGB
44951,126,thomas-gainsborough,2,genre_painting,22,Rococo,1804,1382,RGB
30666,0,Unknown Artist,7,religious_painting,8,Early_Renaissance,1382,2093,RGB
32517,0,Unknown Artist,7,religious_painting,11,High_Renaissance,2182,1382,RGB
75548,0,Unknown Artist,10,Unknown Genre,11,High_Renaissance,1419,1382,RGB
64805,0,Unknown Artist,6,portrait,22,Rococo,1382,1745,RGB
53802,0,Unknown Artist,2,genre_painting,4,Baroque,1382,1547,RGB
80046,0,Unknown Artist,10,Unknown Genre,22,Rococo,2596,1382,RGB
62176,24,leonardo-da-vinci,8,sketch_and_study,11,High_Renaissance,1382,1983,RGB
34461,87,michelangelo,5,nude_painting,11,High_Renaissance,1382,2100,RGB
38339,0,Unknown Artist,7,religious_painting,8,Early_Renaissance,1382,1388,RGB
71838,0,Unknown Artist,10,Unknown Genre,13,Mannerism_Late_Renaissance,1638,1381,RGB
56777,0,Unknown Artist,7,religious_painting,8,Early_Renaissance,1734,1382,RGB
49629,0,Unknown Artist,6,portrait,22,Rococo,1382,1770,RGB
48861,38,fra-angelico,7,religious_painting,8,Early_Renaissance,2474,1382,RGB
56470,0,Unknown Artist,7,religious_painting,8,Early_Renaissance,1845,1382,RGB
43305,0,Unknown Artist,7,religious_painting,17,Northern_Renaissance,2610,1382,RGB
73933,0,Unknown Artist,10,Unknown Genre,22,Rococo,1382,1704,RGB
41136,0,Unknown Artist,6,portrait,22,Rococo,1382,1640,RGB
5503,20,rembrandt,6,portrait,4,Baroque,1382,1843,RGB
25311,0,Unknown Artist,7,religious_painting,11,High_Renaissance,2766,1382,RGB
22148,0,Unknown Artist,6,portrait,8,Early_Renaissance,1382,2145,RGB
37027,0,Unknown Artist,7,religious_painting,22,Rococo,1382,1674,RGB
46415,77,titian,6,portrait,11,High_Renaissance,1382,1519,RGB
49358,0,Unknown Artist,7,religious_painting,17,Northern_Renaissance,1941,1382,RGB
80027,0,Unknown Artist,10,Unknown Genre,22,Rococo,1763,1382,RGB
40978,67,tintoretto,7,religious_painting,13,Mannerism_Late_Renaissance,1382,2764,RGB
37247,0,Unknown Artist,7,religious_painting,17,Northern_Renaissance,1382,1737,RGB
32686,0,Unknown Artist,6,portrait,4,Baroque,1382,1782,RGB
56623,0,Unknown Artist,7,religious_painting,8,Early_Renaissance,1695,1382,RGB
56233,0,Unknown Artist,7,religious_painting,8,Early_Renaissance,1382,1763,RGB
81102,0,Unknown Artist,10,Unknown Genre,17,Northern_Renaissance,1382,1974,RGB
56158,38,fra-angelico,7,religious_painting,8,Early_Renaissance,1382,1567,RGB
55839,0,Unknown Artist,7,religious_painting,17,Northern_Renaissance,1382,1502,RGB
65376,126,thomas-gainsborough,6,portrait,22,Rococo,1382,1864,RGB
49829,125,jacob-jordaens,6,portrait,4,Baroque,1382,1698,RGB
65613,0,Unknown Artist,6,portrait,22,Rococo,1382,1823,RGB
42753,103,hans-memling,9,still_life,17,Northern_Renaissance,1382,1879,RGB
32161,80,peter-paul-rubens,6,portrait,4,Baroque,1382,2667,RGB
41184,0,Unknown Artist,7,religious_painting,17,Northern_Renaissance,1382,1719,RGB
63826,0,Unknown Artist,6,portrait,22,Rococo,1733,1382,RGB
51062,0,Unknown Artist,6,portrait,13,Mannerism_Late_Renaissance,1382,1797,RGB
22248,69,raphael,7,religious_painting,11,High_Renaissance,1382,1869,RGB
9996,25,albrecht-durer,7,religious_painting,17,Northern_Renaissance,1382,1902,RGB
55470,0,Unknown Artist,2,genre_painting,22,Rococo,1634,1382,RGB
57139,0,Unknown Artist,7,religious_painting,13,Mannerism_Late_Renaissance,1382,1749,RGB
80104,0,Unknown Artist,10,Unknown Genre,22,Rococo,1382,1492,RGB
35038,0,Unknown Artist,7,religious_painting,8,Early_Renaissance,1382,2056,RGB
69232,0,Unknown Artist,10,Unknown Genre,4,Baroque,1874,1382,RGB
28179,0,Unknown Artist,6,portrait,22,Rococo,1382,1856,RGB
40535,24,leonardo-da-vinci,8,sketch_and_study,8,Early_Renaissance,1777,1382,RGB
76795,0,Unknown Artist,10,Unknown Genre,22,Rococo,1711,1382,RGB
43036,0,Unknown Artist,6,portrait,22,Rococo,1382,1785,RGB
42411,0,Unknown Artist,2,genre_painting,22,Rococo,1608,1382,RGB
67975,0,Unknown Artist,10,Unknown Genre,17,Northern_Renaissance,1382,1964,RGB
68503,0,Unknown Artist,10,Unknown Genre,22,Rococo,1849,1382,RGB
56330,0,Unknown Artist,7,religious_painting,8,Early_Renaissance,1382,1392,RGB
75530,0,Unknown Artist,10,Unknown Genre,22,Rococo,1889,1382,RGB
56855,0,Unknown Artist,7,religious_painting,4,Baroque,1382,1557,RGB
77125,0,Unknown Artist,10,Unknown Genre,13,Mannerism_Late_Renaissance,1382,1686,RGB
48805,58,pietro-perugino,7,religious_painting,11,High_Renaissance,1382,2709,RGB
37770,38,fra-angelico,7,religious_painting,8,Early_Renaissance,1382,1628,RGB
53780,0,Unknown Artist,2,genre_painting,4,Baroque,1382,1701,RGB
71544,0,Unknown Artist,10,Unknown Genre,13,Mannerism_Late_Renaissance,1714,1382,RGB
76361,0,Unknown Artist,10,Unknown Genre,22,Rococo,1807,1382,RGB
76949,0,Unknown Artist,10,Unknown Genre,22,Rococo,1382,1689,RGB
33148,0,Unknown Artist,2,genre_painting,4,Baroque,1382,1586,RGB
76114,0,Unknown Artist,10,Unknown Genre,4,Baroque,1382,1706,RGB
56548,0,Unknown Artist,7,religious_painting,8,Early_Renaissance,1842,1382,RGB
3709,25,albrecht-durer,7,religious_painting,17,Northern_Renaissance,1382,2026,RGB
50654,69,raphael,8,sketch_and_study,11,High_Renaissance,1382,1641,RGB
62512,0,Unknown Artist,8,sketch_and_study,13,Mannerism_Late_Renaissance,2067,1382,RGB
62146,24,leonardo-da-vinci,8,sketch_and_study,11,High_Renaissance,1382,1763,RGB
46960,0,Unknown Artist,7,religious_painting,8,Early_Renaissance,2079,1382,RGB
30850,0,Unknown Artist,7,religious_painting,17,Northern_Renaissance,2256,1382,RGB
45302,114,anthony-van-dyck,7,religious_painting,4,Baroque,1381,1800,RGB
48958,67,tintoretto,7,religious_painting,13,Mannerism_Late_Renaissance,1382,1754,RGB
56712,69,raphael,7,religious_painting,11,High_Renaissance,2072,1382,RGB
78499,0,Unknown Artist,10,Unknown Genre,13,Mannerism_Late_Renaissance,1753,1382,RGB
72848,0,Unknown Artist,10,Unknown Genre,11,High_Renaissance,1382,1945,RGB
78521,0,Unknown Artist,10,Unknown Genre,13,Mannerism_Late_Renaissance,1535,1382,RGB
29181,0,Unknown Artist,6,portrait,22,Rococo,1382,1800,RGB
23660,0,Unknown Artist,8,sketch_and_study,13,Mannerism_Late_Renaissance,1409,1382,RGB
18182,25,albrecht-durer,2,genre_painting,17,Northern_Renaissance,2197,1382,RGB
46666,83,joshua-reynolds,6,portrait,22,Rococo,1382,1653,RGB
77245,0,Unknown Artist,10,Unknown Genre,4,Baroque,1951,1382,RGB
39229,0,Unknown Artist,7,religious_painting,13,Mannerism_Late_Renaissance,1382,1855,RGB
41564,38,fra-angelico,7,religious_painting,8,Early_Renaissance,1398,1382,RGB
36095,0,Unknown Artist,6,portrait,4,Baroque,1382,1628,RGB
23425,0,Unknown Artist,6,portrait,11,High_Renaissance,1382,1634,RGB
78462,0,Unknown Artist,10,Unknown Genre,13,Mannerism_Late_Renaissance,1382,1550,RGB
55656,0,Unknown Artist,7,religious_painting,13,Mannerism_Late_Renaissance,1382,2991,RGB
56811,0,Unknown Artist,7,religious_painting,17,Northern_Renaissance,1382,1869,RGB
23421,0,Unknown Artist,6,portrait,4,Baroque,1382,1934,RGB
32678,61,bartolome-esteban-murillo,7,religious_painting,4,Baroque,1382,1738,RGB
38963,82,paolo-veronese,7,religious_painting,13,Mannerism_Late_Renaissance,1382,2356,RGB
60662,80,peter-paul-rubens,4,landscape,4,Baroque,2410,1382,RGB
56457,0,Unknown Artist,7,religious_painting,8,Early_Renaissance,2193,1382,RGB
55834,0,Unknown Artist,7,religious_painting,11,High_Renaissance,1777,1382,RGB
44914,0,Unknown Artist,6,portrait,22,Rococo,1381,1688,RGB
55969,77,titian,7,religious_painting,11,High_Renaissance,1382,1839,RGB
80082,0,Unknown Artist,10,Unknown Genre,22,Rococo,1382,1949,RGB
43477,0,Unknown Artist,9,still_life,4,Baroque,2172,1382,RGB
69191,0,Unknown Artist,10,Unknown Genre,11,High_Renaissance,1413,1382,RGB
39991,0,Unknown Artist,2,genre_painting,4,Baroque,1382,1646,RGB
80533,0,Unknown Artist,10,Unknown Genre,8,Early_Renaissance,1382,1727,RGB
46101,0,Unknown Artist,7,religious_painting,8,Early_Renaissance,3338,1382,RGB
37379,0,Unknown Artist,6,portrait,22,Rococo,1382,1770,RGB
26732,0,Unknown Artist,1,cityscape,4,Baroque,3095,1382,RGB
65812,0,Unknown Artist,6,portrait,17,Northern_Renaissance,1382,1800,RGB
51573,0,Unknown Artist,6,portrait,13,Mannerism_Late_Renaissance,1382,1987,RGB
81123,0,Unknown Artist,10,Unknown Genre,17,Northern_Renaissance,1769,1382,RGB
32107,58,pietro-perugino,7,religious_painting,8,Early_Renaissance,1382,1903,RGB
38813,67,tintoretto,6,portrait,13,Mannerism_Late_Renaissance,1382,1642,RGB
34887,0,Unknown Artist,6,portrait,13,Mannerism_Late_Renaissance,1382,1791,RGB
9407,25,albrecht-durer,4,landscape,17,Northern_Renaissance,2981,1382,RGB
69290,0,Unknown Artist,10,Unknown Genre,8,Early_Renaissance,1382,1519,RGB
51186,0,Unknown Artist,6,portrait,4,Baroque,1381,1774,RGB
65117,0,Unknown Artist,6,portrait,13,Mannerism_Late_Renaissance,1382,1720,RGB
41501,24,leonardo-da-vinci,8,sketch_and_study,8,Early_Renaissance,1382,1665,RGB
5706,25,albrecht-durer,7,religious_painting,17,Northern_Renaissance,1886,1382,RGB
56905,38,fra-angelico,7,religious_painting,8,Early_Renaissance,1462,1382,RGB
56057,0,Unknown Artist,7,religious_painting,8,Early_Renaissance,1382,2113,RGB
32493,0,Unknown Artist,6,portrait,13,Mannerism_Late_Renaissance,1382,1847,RGB
20687,0,Unknown Artist,6,portrait,22,Rococo,1382,1665,RGB
46766,0,Unknown Artist,6,portrait,13,Mannerism_Late_Renaissance,1382,1863,RGB
47722,0,Unknown Artist,6,portrait,22,Rococo,1382,1738,RGB
49492,0,Unknown Artist,7,religious_painting,11,High_Renaissance,1382,1706,RGB
75036,0,Unknown Artist,10,Unknown Genre,11,High_Renaissance,1382,2695,RGB
27892,61,bartolome-esteban-murillo,7,religious_painting,4,Baroque,2006,1382,RGB
30617,0,Unknown Artist,6,portrait,11,High_Renaissance,1382,1608,RGB
55686,29,lucas-cranach-the-elder,7,religious_painting,17,Northern_Renaissance,1382,2034,RGB
32906,0,Unknown Artist,7,religious_painting,8,Early_Renaissance,1382,1482,RGB
20933,0,Unknown Artist,3,illustration,4,Baroque,1382,1836,RGB
10080,20,rembrandt,6,portrait,4,Baroque,1382,2238,RGB
72163,0,Unknown Artist,10,Unknown Genre,17,Northern_Renaissance,1382,1920,RGB
78519,0,Unknown Artist,10,Unknown Genre,13,Mannerism_Late_Renaissance,1382,1846,RGB
50730,58,pietro-perugino,7,religious_painting,11,High_Renaissance,1382,1701,RGB
44131,69,raphael,8,sketch_and_study,11,High_Renaissance,1544,1382,RGB
24579,114,anthony-van-dyck,6,portrait,4,Baroque,1382,1857,RGB
68944,0,Unknown Artist,10,Unknown Genre,11,High_Renaissance,1839,1382,RGB
43055,0,Unknown Artist,6,portrait,22,Rococo,1382,1647,RGB
40658,87,michelangelo,8,sketch_and_study,11,High_Renaissance,1382,1977,RGB
44773,0,Unknown Artist,6,portrait,22,Rococo,1382,2083,RGB
24230,77,titian,6,portrait,13,Mannerism_Late_Renaissance,1382,1744,RGB
37252,0,Unknown Artist,6,portrait,22,Rococo,1382,1647,RGB
75149,0,Unknown Artist,10,Unknown Genre,13,Mannerism_Late_Renaissance,1382,2270,RGB
55608,58,pietro-perugino,7,religious_painting,11,High_Renaissance,1382,1990,RGB
21326,0,Unknown Artist,7,religious_painting,8,Early_Renaissance,1382,1657,RGB
44164,23,hieronymus-bosch,7,religious_painting,17,Northern_Renaissance,1382,1763,RGB
55919,0,Unknown Artist,7,religious_painting,17,Northern_Renaissance,1842,1382,RGB
51409,0,Unknown Artist,7,religious_painting,8,Early_Renaissance,2831,1382,RGB
73337,0,Unknown Artist,10,Unknown Genre,4,Baroque,1846,1382,RGB
47321,0,Unknown Artist,2,genre_painting,22,Rococo,1382,1693,RGB
30504,0,Unknown Artist,4,landscape,4,Baroque,1382,1587,RGB
44259,0,Unknown Artist,6,portrait,8,Early_Renaissance,1382,2067,RGB
56339,0,Unknown Artist,7,religious_painting,8,Early_Renaissance,2200,1382,RGB
41537,0,Unknown Artist,7,religious_painting,13,Mannerism_Late_Renaissance,1842,1382,RGB
76458,0,Unknown Artist,10,Unknown Genre,17,Northern_Renaissance,1665,1382,RGB
25963,0,Unknown Artist,7,religious_painting,8,Early_Renaissance,1587,1382,RGB
74798,0,Unknown Artist,10,Unknown Genre,17,Northern_Renaissance,1382,1442,RGB
71647,0,Unknown Artist,10,Unknown Genre,11,High_Renaissance,2664,1382,RGB
81077,0,Unknown Artist,10,Unknown Genre,17,Northern_Renaissance,1382,1895,RGB
50510,0,Unknown Artist,6,portrait,13,Mannerism_Late_Renaissance,1382,1736,RGB
32236,0,Unknown Artist,8,sketch_and_study,22,Rococo,1382,1953,RGB
80103,0,Unknown Artist,10,Unknown Genre,22,Rococo,1919,1382,RGB
56138,0,Unknown Artist,7,religious_painting,17,Northern_Renaissance,1382,1727,RGB
30047,0,Unknown Artist,7,religious_painting,11,High_Renaissance,2253,1382,RGB
66190,0,Unknown Artist,6,portrait,22,Rococo,1382,1761,RGB
26040,0,Unknown Artist,7,religious_painting,8,Early_Renaissance,1759,1382,RGB
30051,67,tintoretto,6,portrait,13,Mannerism_Late_Renaissance,1382,2266,RGB
62460,0,Unknown Artist,8,sketch_and_study,8,Early_Renaissance,1382,1683,RGB
70798,0,Unknown Artist,10,Unknown Genre,13,Mannerism_Late_Renaissance,2065,1382,RGB
36901,67,tintoretto,6,portrait,13,Mannerism_Late_Renaissance,1382,1745,RGB
46000,69,raphael,7,religious_painting,11,High_Renaissance,1382,1645,RGB
39545,0,Unknown Artist,6,portrait,22,Rococo,1382,1985,RGB
62489,0,Unknown Artist,8,sketch_and_study,13,Mannerism_Late_Renaissance,1659,1382,RGB
32940,0,Unknown Artist,4,landscape,4,Baroque,1382,1771,RGB
73641,0,Unknown Artist,10,Unknown Genre,4,Baroque,1382,1677,RGB
24143,0,Unknown Artist,7,religious_painting,8,Early_Renaissance,1382,1808,RGB
40761,121,el-greco,8,sketch_and_study,13,Mannerism_Late_Renaissance,1382,1612,RGB
43837,83,joshua-reynolds,6,portrait,22,Rococo,1382,1709,RGB
65081,0,Unknown Artist,6,portrait,22,Rococo,1382,1909,RGB
46369,69,raphael,7,religious_painting,11,High_Renaissance,1382,2298,RGB
78454,0,Unknown Artist,10,Unknown Genre,13,Mannerism_Late_Renaissance,1382,2485,RGB
29660,0,Unknown Artist,8,sketch_and_study,8,Early_Renaissance,1382,1861,RGB
3117,25,albrecht-durer,7,religious_painting,17,Northern_Renaissance,1382,2045,RGB
68622,0,Unknown Artist,10,Unknown Genre,11,High_Renaissance,6617,1382,RGB
75971,0,Unknown Artist,10,Unknown Genre,22,Rococo,2228,1382,RGB
52870,121,el-greco,7,religious_painting,13,Mannerism_Late_Renaissance,1382,3369,RGB
29084,0,Unknown Artist,7,religious_painting,8,Early_Renaissance,1382,2709,RGB
23202,0,Unknown Artist,7,religious_painting,8,Early_Renaissance,1382,1876,RGB
46867,0,Unknown Artist,8,sketch_and_study,11,High_Renaissance,2507,1382,RGB
54202,0,Unknown Artist,2,genre_painting,4,Baroque,1382,1712,RGB
44652,77,titian,7,religious_painting,11,High_Renaissance,1382,2148,RGB
71440,0,Unknown Artist,10,Unknown Genre,8,Early_Renaissance,1382,1835,RGB
33055,125,jacob-jordaens,8,sketch_and_study,4,Baroque,1382,2423,RGB
33197,0,Unknown Artist,7,religious_painting,8,Early_Renaissance,1382,1806,RGB
66017,0,Unknown Artist,6,portrait,13,Mannerism_Late_Renaissance,1382,1660,RGB
8218,20,rembrandt,7,religious_painting,4,Baroque,1382,1813,RGB
71749,0,Unknown Artist,10,Unknown Genre,11,High_Renaissance,1382,1946,RGB
69707,0,Unknown Artist,10,Unknown Genre,22,Rococo,2146,1382,RGB
43170,0,Unknown Artist,7,religious_painting,8,Early_Renaissance,1382,1957,RGB
49789,103,hans-memling,7,religious_painting,17,Northern_Renaissance,1382,1750,RGB
45101,0,Unknown Artist,7,religious_painting,17,Northern_Renaissance,2820,1382,RGB
54769,0,Unknown Artist,2,genre_painting,4,Baroque,1382,1697,RGB
62986,83,joshua-reynolds,6,portrait,22,Rococo,1381,1516,RGB
66067,126,thomas-gainsborough,6,portrait,22,Rococo,1382,1588,RGB
49105,38,fra-angelico,7,religious_painting,8,Early_Renaissance,1382,4039,RGB
47420,87,michelangelo,5,nude_painting,11,High_Renaissance,1382,1751,RGB
32795,0,Unknown Artist,7,religious_painting,11,High_Renaissance,3474,1382,RGB
21752,0,Unknown Artist,7,religious_painting,8,Early_Renaissance,1382,1899,RGB
32931,61,bartolome-esteban-murillo,7,religious_painting,4,Baroque,1382,2046,RGB
48080,0,Unknown Artist,7,religious_painting,11,High_Renaissance,1382,1814,RGB
75040,0,Unknown Artist,10,Unknown Genre,13,Mannerism_Late_Renaissance,1808,1382,RGB
40420,0,Unknown Artist,6,portrait,22,Rococo,1382,1837,RGB
17769,20,rembrandt,2,genre_painting,4,Baroque,1382,2017,RGB
65821,0,Unknown Artist,6,portrait,11,High_Renaissance,1382,1788,RGB
63094,0,Unknown Artist,6,portrait,11,High_Renaissance,1382,1717,RGB
34303,0,Unknown Artist,7,religious_painting,8,Early_Renaissance,2064,1382,RGB
32292,0,Unknown Artist,7,religious_painting,8,Early_Renaissance,1495,1382,RGB
41697,0,Unknown Artist,7,religious_painting,13,Mannerism_Late_Renaissance,1563,1382,RGB
8064,20,rembrandt,6,portrait,4,Baroque,1382,1755,RGB
56949,69,raphael,7,religious_painting,11,High_Renaissance,2264,1382,RGB
52407,0,Unknown Artist,7,religious_painting,8,Early_Renaissance,1382,1882,RGB
863,20,rembrandt,2,genre_painting,4,Baroque,1382,2764,RGB
57138,61,bartolome-esteban-murillo,7,religious_painting,4,Baroque,1535,1382,RGB
42088,114,anthony-van-dyck,6,portrait,4,Baroque,1382,2204,RGB
23216,0,Unknown Artist,7,religious_painting,8,Early_Renaissance,2914,1382,RGB
56539,0,Unknown Artist,7,religious_painting,17,Northern_Renaissance,1382,1857,RGB
72375,0,Unknown Artist,10,Unknown Genre,8,Early_Renaissance,2373,1382,RGB
78463,0,Unknown Artist,10,Unknown Genre,13,Mannerism_Late_Renaissance,1731,1382,RGB
56638,38,fra-angelico,7,religious_painting,8,Early_Renaissance,1382,1910,RGB
49658,0,Unknown Artist,8,sketch_and_study,8,Early_Renaissance,1382,1526,RGB
28723,87,michelangelo,8,sketch_and_study,11,High_Renaissance,1975,1382,RGB
58084,0,Unknown Artist,1,cityscape,22,Rococo,2476,1382,RGB
18025,25,albrecht-durer,7,religious_painting,17,Northern_Renaissance,1382,1960,RGB
24838,0,Unknown Artist,7,religious_painting,17,Northern_Renaissance,1382,1875,RGB
52687,23,hieronymus-bosch,7,religious_painting,17,Northern_Renaissance,1382,1965,RGB
24741,87,michelangelo,8,sketch_and_study,11,High_Renaissance,1382,2330,RGB
48646,0,Unknown Artist,7,religious_painting,17,Northern_Renaissance,2720,1382,RGB
27307,29,lucas-cranach-the-elder,2,genre_painting,17,Northern_Renaissance,1382,1914,RGB
20616,24,leonardo-da-vinci,6,portrait,11,High_Renaissance,1382,2007,RGB
2400,20,rembrandt,7,religious_painting,4,Baroque,1381,1571,RGB
63033,114,anthony-van-dyck,6,portrait,4,Baroque,1382,1900,RGB
48586,69,raphael,6,portrait,11,High_Renaissance,1382,1839,RGB
56286,0,Unknown Artist,7,religious_painting,8,Early_Renaissance,2232,1382,RGB
25278,0,Unknown Artist,7,religious_painting,17,Northern_Renaissance,1382,3561,RGB
30704,0,Unknown Artist,2,genre_painting,22,Rococo,1382,1551,RGB
53979,0,Unknown Artist,2,genre_painting,22,Rococo,1727,1382,RGB
75784,0,Unknown Artist,10,Unknown Genre,13,Mannerism_Late_Renaissance,1418,1382,RGB
39055,0,Unknown Artist,7,religious_painting,11,High_Renaissance,1382,1767,RGB
4314,20,rembrandt,6,portrait,4,Baroque,1382,1742,RGB
39350,0,Unknown Artist,7,religious_painting,17,Northern_Renaissance,1382,1831,RGB
71752,0,Unknown Artist,10,Unknown Genre,17,Northern_Renaissance,1382,2106,RGB
31201,0,Unknown Artist,8,sketch_and_study,13,Mannerism_Late_Renaissance,2243,1382,RGB
32528,0,Unknown Artist,7,religious_painting,8,Early_Renaissance,4965,1382,RGB
26544,114,anthony-van-dyck,6,portrait,4,Baroque,1382,1822,RGB
74922,0,Unknown Artist,10,Unknown Genre,4,Baroque,1382,3012,RGB
75212,0,Unknown Artist,10,Unknown Genre,4,Baroque,1685,1382,RGB
34712,0,Unknown Artist,7,religious_painting,8,Early_Renaissance,1382,1921,RGB
22603,0,Unknown Artist,7,religious_painting,8,Early_Renaissance,1382,1440,RGB
56290,0,Unknown Artist,7,religious_painting,8,Early_Renaissance,2064,1382,RGB
51991,0,Unknown Artist,6,portrait,11,High_Renaissance,1382,1916,RGB
17706,20,rembrandt,8,sketch_and_study,4,Baroque,1954,1382,RGB
55895,0,Unknown Artist,7,religious_painting,8,Early_Renaissance,1382,1564,RGB
19263,0,Unknown Artist,6,portrait,8,Early_Renaissance,1382,1951,RGB
43219,38,fra-angelico,7,religious_painting,8,Early_Renaissance,1767,1382,RGB
63725,0,Unknown Artist,6,portrait,22,Rococo,1382,1778,RGB
78759,0,Unknown Artist,10,Unknown Genre,4,Baroque,1382,1624,RGB
56669,0,Unknown Artist,7,religious_painting,11,High_Renaissance,1382,1746,RGB
27162,80,peter-paul-rubens,6,portrait,4,Baroque,1382,2047,RGB
23211,0,Unknown Artist,2,genre_painting,22,Rococo,1382,1683,RGB
66140,114,anthony-van-dyck,6,portrait,4,Baroque,1382,1639,RGB
55636,0,Unknown Artist,7,religious_painting,8,Early_Renaissance,1401,1382,RGB
50675,87,michelangelo,7,religious_painting,11,High_Renaissance,2179,1382,RGB
26861,0,Unknown Artist,7,religious_painting,17,Northern_Renaissance,1382,1682,RGB
74547,0,Unknown Artist,10,Unknown Genre,4,Baroque,1382,1862,RGB
79358,0,Unknown Artist,10,Unknown Genre,11,High_Renaissance,1382,2976,RGB
56082,0,Unknown Artist,7,religious_painting,17,Northern_Renaissance,1382,1801,RGB
24440,0,Unknown Artist,9,still_life,11,High_Renaissance,1382,1673,RGB
44088,0,Unknown Artist,6,portrait,8,Early_Renaissance,1382,1819,RGB
50266,0,Unknown Artist,7,religious_painting,8,Early_Renaissance,1489,1382,RGB
49434,0,Unknown Artist,7,religious_painting,17,Northern_Renaissance,1382,1924,RGB
79997,0,Unknown Artist,10,Unknown Genre,22,Rococo,1382,1943,RGB
27599,0,Unknown Artist,1,cityscape,22,Rococo,2446,1382,RGB
37206,0,Unknown Artist,7,religious_painting,13,Mannerism_Late_Renaissance,1382,1834,RGB
36090,23,hieronymus-bosch,7,religious_painting,17,Northern_Renaissance,1382,2627,RGB
38563,80,peter-paul-rubens,6,portrait,4,Baroque,1382,1841,RGB
53779,0,Unknown Artist,2,genre_painting,22,Rococo,1382,2491,RGB
75309,0,Unknown Artist,10,Unknown Genre,4,Baroque,1382,1681,RGB
64385,116,frans-hals,6,portrait,4,Baroque,1382,1642,RGB
39598,0,Unknown Artist,6,portrait,11,High_Renaissance,1382,1693,RGB
78566,0,Unknown Artist,10,Unknown Genre,4,Baroque,2249,1382,RGB
30296,0,Unknown Artist,7,religious_painting,11,High_Renaissance,2802,1382,RGB
29979,0,Unknown Artist,7,religious_painting,8,Early_Renaissance,3324,1382,RGB
36618,0,Unknown Artist,6,portrait,22,Rococo,1382,1706,RGB
56304,0,Unknown Artist,7,religious_painting,4,Baroque,1382,2065,RGB
21145,103,hans-memling,7,religious_painting,17,Northern_Renaissance,1382,2274,RGB
36347,116,frans-hals,6,portrait,4,Baroque,1382,1628,RGB
19108,23,hieronymus-bosch,7,religious_painting,17,Northern_Renaissance,1382,1684,RGB
18049,0,Unknown Artist,10,Unknown Genre,17,Northern_Renaissance,1382,1713,RGB
49856,103,hans-memling,7,religious_painting,17,Northern_Renaissance,1382,1865,RGB
42496,0,Unknown Artist,7,religious_painting,8,Early_Renaissance,1382,1968,RGB
36570,0,Unknown Artist,7,religious_painting,4,Baroque,1382,1432,RGB
55914,0,Unknown Artist,7,religious_painting,8,Early_Renaissance,1382,1383,RGB
35856,77,titian,6,portrait,13,Mannerism_Late_Renaissance,1382,2450,RGB
55644,0,Unknown Artist,7,religious_painting,13,Mannerism_Late_Renaissance,1382,1403,RGB
523,25,albrecht-durer,8,sketch_and_study,17,Northern_Renaissance,2223,1381,RGB
38942,126,thomas-gainsborough,6,portrait,22,Rococo,1719,1382,RGB
61966,0,Unknown Artist,8,sketch_and_study,22,Rococo,1382,1805,RGB
32446,0,Unknown Artist,6,portrait,22,Rococo,1382,1798,RGB
62058,87,michelangelo,8,sketch_and_study,11,High_Renaissance,1382,1861,RGB
24282,0,Unknown Artist,6,portrait,17,Northern_Renaissance,1382,1783,RGB
56450,61,bartolome-esteban-murillo,7,religious_painting,4,Baroque,1467,1382,RGB
35907,0,Unknown Artist,7,religious_painting,22,Rococo,1934,1382,RGB
74491,0,Unknown Artist,10,Unknown Genre,11,High_Renaissance,1382,2100,RGB
73250,0,Unknown Artist,10,Unknown Genre,13,Mannerism_Late_Renaissance,1382,2416,RGB
49853,0,Unknown Artist,7,religious_painting,4,Baroque,1382,1730,RGB
56352,125,jacob-jordaens,7,religious_painting,4,Baroque,1382,1770,RGB
61992,69,raphael,8,sketch_and_study,11,High_Renaissance,1382,1398,RGB
80530,0,Unknown Artist,10,Unknown Genre,8,Early_Renaissance,1382,2617,RGB
43906,80,peter-paul-rubens,7,religious_painting,4,Baroque,1825,1382,RGB
21477,0,Unknown Artist,7,religious_painting,11,High_Renaissance,1382,1861,RGB
22094,29,lucas-cranach-the-elder,6,portrait,17,Northern_Renaissance,1382,2146,RGB
70562,0,Unknown Artist,10,Unknown Genre,4,Baroque,1382,1399,RGB
4514,20,rembrandt,7,religious_painting,4,Baroque,1410,1382,RGB
55847,0,Unknown Artist,7,religious_painting,8,Early_Renaissance,1382,1748,RGB
19466,29,lucas-cranach-the-elder,6,portrait,17,Northern_Renaissance,1382,2056,RGB
32717,61,bartolome-esteban-murillo,7,religious_painting,4,Baroque,1621,1382,RGB
26524,0,Unknown Artist,2,genre_painting,17,Northern_Renaissance,2087,1381,RGB
62956,116,frans-hals,6,portrait,4,Baroque,1382,1797,RGB
42363,0,Unknown Artist,2,genre_painting,13,Mannerism_Late_Renaissance,1749,1382,RGB
64551,126,thomas-gainsborough,6,portrait,22,Rococo,1382,1686,RGB
63841,83,joshua-reynolds,6,portrait,22,Rococo,1418,1382,RGB
47005,121,el-greco,7,religious_painting,13,Mannerism_Late_Renaissance,1382,1716,RGB
75279,0,Unknown Artist,10,Unknown Genre,13,Mannerism_Late_Renaissance,1382,2499,RGB
37073,0,Unknown Artist,7,religious_painting,8,Early_Renaissance,1382,1965,RGB
55872,80,peter-paul-rubens,7,religious_painting,4,Baroque,1382,2071,RGB
32932,114,anthony-van-dyck,6,portrait,4,Baroque,1382,2389,RGB
56681,0,Unknown Artist,7,religious_painting,8,Early_Renaissance,1905,1382,RGB
56657,0,Unknown Artist,7,religious_painting,17,Northern_Renaissance,1382,1880,RGB
41269,0,Unknown Artist,6,portrait,22,Rococo,1382,1867,RGB
36426,0,Unknown Artist,6,portrait,22,Rococo,1382,1934,RGB
21365,0,Unknown Artist,7,religious_painting,8,Early_Renaissance,1382,1443,RGB
75670,0,Unknown Artist,10,Unknown Genre,4,Baroque,1865,1382,RGB
57013,0,Unknown Artist,7,religious_painting,8,Early_Renaissance,1382,4765,RGB
77195,0,Unknown Artist,10,Unknown Genre,13,Mannerism_Late_Renaissance,2480,1382,RGB
17705,20,rembrandt,7,religious_painting,4,Baroque,1854,1382,RGB
56002,0,Unknown Artist,7,religious_painting,17,Northern_Renaissance,2602,1382,RGB
22105,0,Unknown Artist,6,portrait,22,Rococo,1381,1696,RGB
50990,58,pietro-perugino,7,religious_painting,11,High_Renaissance,2081,1382,RGB
74625,0,Unknown Artist,10,Unknown Genre,4,Baroque,2215,1382,RGB
62383,24,leonardo-da-vinci,8,sketch_and_study,11,High_Renaissance,1382,1457,RGB
19844,0,Unknown Artist,7,religious_painting,22,Rococo,1995,1382,RGB
48672,0,Unknown Artist,7,religious_painting,8,Early_Renaissance,1382,2093,RGB
78528,0,Unknown Artist,10,Unknown Genre,13,Mannerism_Late_Renaissance,1382,1630,RGB
2012,25,albrecht-durer,6,portrait,17,Northern_Renaissance,1382,1876,RGB
34684,23,hieronymus-bosch,7,religious_painting,17,Northern_Renaissance,1382,1997,RGB
40885,0,Unknown Artist,6,portrait,22,Rococo,1382,1805,RGB
41322,67,tintoretto,7,religious_painting,13,Mannerism_Late_Renaissance,1382,1687,RGB
2798,25,albrecht-durer,8,sketch_and_study,17,Northern_Renaissance,1382,1722,RGB
21001,0,Unknown Artist,7,religious_painting,11,High_Renaissance,1382,1901,RGB
51589,0,Unknown Artist,7,religious_painting,11,High_Renaissance,1382,1676,RGB
38975,0,Unknown Artist,7,religious_painting,8,Early_Renaissance,1382,2193,RGB
51789,38,fra-angelico,7,religious_painting,8,Early_Renaissance,1382,1643,RGB
54638,29,lucas-cranach-the-elder,2,genre_painting,17,Northern_Renaissance,1382,1656,RGB
58277,0,Unknown Artist,1,cityscape,22,Rococo,2520,1382,RGB
44333,0,Unknown Artist,6,portrait,11,High_Renaissance,1382,1667,RGB
79373,0,Unknown Artist,10,Unknown Genre,11,High_Renaissance,4341,1382,RGB
19943,77,titian,6,portrait,11,High_Renaissance,1382,1616,RGB
56029,0,Unknown Artist,7,religious_painting,8,Early_Renaissance,1762,1382,RGB
55614,38,fra-angelico,7,religious_painting,8,Early_Renaissance,1382,1645,RGB
32256,0,Unknown Artist,7,religious_painting,17,Northern_Renaissance,1382,1993,RGB
40266,0,Unknown Artist,6,portrait,11,High_Renaissance,1386,1382,RGB
56421,0,Unknown Artist,7,religious_painting,8,Early_Renaissance,1382,1841,RGB
27609,87,michelangelo,7,religious_painting,11,High_Renaissance,1956,1382,RGB
56426,0,Unknown Artist,7,religious_painting,17,Northern_Renaissance,1382,3157,RGB
66273,67,tintoretto,6,portrait,13,Mannerism_Late_Renaissance,1382,1777,RGB
70269,0,Unknown Artist,10,Unknown Genre,4,Baroque,1382,1815,RGB
20201,38,fra-angelico,7,religious_painting,8,Early_Renaissance,1382,1528,RGB
56210,29,lucas-cranach-the-elder,7,religious_painting,17,Northern_Renaissance,1382,2002,RGB
47027,0,Unknown Artist,6,portrait,22,Rococo,1382,1893,RGB
56267,0,Unknown Artist,7,religious_painting,4,Baroque,1895,1382,RGB
29893,67,tintoretto,7,religious_painting,13,Mannerism_Late_Renaissance,1382,1980,RGB
51504,0,Unknown Artist,7,religious_painting,11,High_Renaissance,1996,1382,RGB
56990,61,bartolome-esteban-murillo,7,religious_painting,4,Baroque,1506,1382,RGB
80000,0,Unknown Artist,10,Unknown Genre,22,Rococo,1382,1787,RGB
1935,25,albrecht-durer,7,religious_painting,17,Northern_Renaissance,1382,2147,RGB
56126,67,tintoretto,7,religious_painting,13,Mannerism_Late_Renaissance,1998,1382,RGB
30619,126,thomas-gainsborough,6,portrait,22,Rococo,1382,2021,RGB
30611,0,Unknown Artist,6,portrait,4,Baroque,1382,1646,RGB
56725,0,Unknown Artist,7,religious_painting,8,Early_Renaissance,1382,1999,RGB
63863,0,Unknown Artist,6,portrait,11,High_Renaissance,1382,1870,RGB
48051,0,Unknown Artist,7,religious_painting,8,Early_Renaissance,1382,1759,RGB
51197,0,Unknown Artist,6,portrait,13,Mannerism_Late_Renaissance,1382,1690,RGB
56797,0,Unknown Artist,7,religious_painting,8,Early_Renaissance,2413,1382,RGB
57116,82,paolo-veronese,7,religious_painting,13,Mannerism_Late_Renaissance,2961,1382,RGB
36978,38,fra-angelico,7,religious_painting,8,Early_Renaissance,1382,1411,RGB
24818,0,Unknown Artist,7,religious_painting,8,Early_Renaissance,1382,2684,RGB
42576,0,Unknown Artist,7,religious_painting,8,Early_Renaissance,1382,1959,RGB
30859,0,Unknown Artist,7,religious_painting,13,Mannerism_Late_Renaissance,1382,1769,RGB
56780,0,Unknown Artist,7,religious_painting,8,Early_Renaissance,1382,1873,RGB
56914,0,Unknown Artist,7,religious_painting,13,Mannerism_Late_Renaissance,1382,1898,RGB
50976,0,Unknown Artist,4,landscape,17,Northern_Renaissance,1382,1873,RGB
75683,0,Unknown Artist,10,Unknown Genre,13,Mannerism_Late_Renaissance,1668,1382,RGB
48889,0,Unknown Artist,7,religious_painting,17,Northern_Renaissance,1599,1382,RGB
27968,24,leonardo-da-vinci,7,religious_painting,11,High_Renaissance,1382,1914,RGB
64065,126,thomas-gainsborough,6,portrait,22,Rococo,1382,1645,RGB
31152,77,titian,7,religious_painting,11,High_Renaissance,1382,1394,RGB
62484,24,leonardo-da-vinci,8,sketch_and_study,11,High_Renaissance,1446,1382,RGB
70455,0,Unknown Artist,10,Unknown Genre,11,High_Renaissance,2205,1382,RGB
50951,0,Unknown Artist,2,genre_painting,17,Northern_Renaissance,2169,1382,RGB
56771,87,michelangelo,7,religious_painting,11,High_Renaissance,1382,1725,RGB
63167,80,peter-paul-rubens,6,portrait,4,Baroque,1382,1614,RGB
62553,0,Unknown Artist,8,sketch_and_study,13,Mannerism_Late_Renaissance,1382,2215,RGB
25773,0,Unknown Artist,7,religious_painting,17,Northern_Renaissance,1382,1988,RGB
75009,0,Unknown Artist,10,Unknown Genre,11,High_Renaissance,1873,1382,RGB
46683,29,lucas-cranach-the-elder,6,portrait,17,Northern_Renaissance,1382,1953,RGB
59821,0,Unknown Artist,4,landscape,4,Baroque,2048,1382,RGB
80023,0,Unknown Artist,10,Unknown Genre,22,Rococo,1382,1688,RGB
49364,0,Unknown Artist,6,portrait,17,Northern_Renaissance,1382,1645,RGB
26578,0,Unknown Artist,7,religious_painting,17,Northern_Renaissance,2189,1382,RGB
40354,0,Unknown Artist,6,portrait,17,Northern_Renaissance,1382,1919,RGB
56062,29,lucas-cranach-the-elder,7,religious_painting,17,Northern_Renaissance,1382,2101,RGB
31617,0,Unknown Artist,7,religious_painting,8,Early_Renaissance,1382,5674,RGB
80043,0,Unknown Artist,10,Unknown Genre,22,Rococo,2027,1382,RGB
49960,0,Unknown Artist,7,religious_painting,8,Early_Renaissance,1382,1946,RGB
23625,0,Unknown Artist,6,portrait,11,High_Renaissance,1382,1581,RGB
49042,87,michelangelo,8,sketch_and_study,11,High_Renaissance,1382,1782,RGB
72498,0,Unknown Artist,10,Unknown Genre,13,Mannerism_Late_Renaissance,1843,1382,RGB
18053,0,Unknown Artist,10,Unknown Genre,17,Northern_Renaissance,1382,1634,RGB
68410,0,Unknown Artist,10,Unknown Genre,13,Mannerism_Late_Renaissance,1842,1382,RGB
21151,0,Unknown Artist,7,religious_painting,17,Northern_Renaissance,1382,1882,RGB
44957,0,Unknown Artist,1,cityscape,22,Rococo,2185,1382,RGB
56991,69,raphael,7,religious_painting,11,High_Renaissance,1382,2057,RGB
76488,0,Unknown Artist,10,Unknown Genre,8,Early_Renaissance,2566,1381,RGB
23223,23,hieronymus-bosch,7,religious_painting,17,Northern_Renaissance,1908,1382,RGB
29838,0,Unknown Artist,7,religious_painting,13,Mannerism_Late_Renaissance,1382,2033,RGB
28387,77,titian,8,sketch_and_study,11,High_Renaissance,1382,2237,RGB
64431,0,Unknown Artist,6,portrait,22,Rococo,1382,1762,RGB
53982,0,Unknown Artist,2,genre_painting,4,Baroque,1382,1770,RGB
76716,0,Unknown Artist,10,Unknown Genre,4,Baroque,1382,1762,RGB
75758,0,Unknown Artist,10,Unknown Genre,17,Northern_Renaissance,1382,2016,RGB
45582,0,Unknown Artist,7,religious_painting,17,Northern_Renaissance,1382,1896,RGB
56217,0,Unknown Artist,7,religious_painting,4,Baroque,2183,1382,RGB
22068,82,paolo-veronese,7,religious_painting,13,Mannerism_Late_Renaissance,3936,1382,RGB
50594,116,frans-hals,6,portrait,4,Baroque,2652,1382,RGB
9833,25,albrecht-durer,6,portrait,17,Northern_Renaissance,1382,2144,RGB
21588,80,peter-paul-rubens,6,portrait,4,Baroque,1382,1683,RGB
60726,0,Unknown Artist,4,landscape,4,Baroque,2410,1382,RGB
31964,67,tintoretto,6,portrait,13,Mannerism_Late_Renaissance,1382,1770,RGB
41381,0,Unknown Artist,6,portrait,22,Rococo,1382,1976,RGB
36653,0,Unknown Artist,7,religious_painting,8,Early_Renaissance,1382,3361,RGB
78525,0,Unknown Artist,10,Unknown Genre,13,Mannerism_Late_Renaissance,2000,1382,RGB
31048,0,Unknown Artist,6,portrait,22,Rococo,1382,1730,RGB
37223,23,hieronymus-bosch,7,religious_painting,17,Northern_Renaissance,1382,1688,RGB
30482,0,Unknown Artist,2,genre_painting,22,Rococo,1894,1382,RGB
39614,87,michelangelo,7,religious_painting,11,High_Renaissance,1796,1382,RGB
18142,25,albrecht-durer,6,portrait,17,Northern_Renaissance,1382,1998,RGB
73755,0,Unknown Artist,10,Unknown Genre,4,Baroque,1382,1641,RGB
35268,0,Unknown Artist,2,genre_painting,22,Rococo,1382,1720,RGB
65163,67,tintoretto,6,portrait,13,Mannerism_Late_Renaissance,1382,1619,RGB
27038,0,Unknown Artist,8,sketch_and_study,4,Baroque,1934,1382,RGB
30944,67,tintoretto,7,religious_painting,13,Mannerism_Late_Renaissance,1898,1382,RGB
24299,0,Unknown Artist,6,portrait,8,Early_Renaissance,1382,1961,RGB
65768,0,Unknown Artist,6,portrait,22,Rococo,1382,1714,RGB
68668,0,Unknown Artist,10,Unknown Genre,4,Baroque,2224,1382,RGB
76948,0,Unknown Artist,10,Unknown Genre,22,Rococo,1714,1382,RGB
75143,0,Unknown Artist,10,Unknown Genre,8,Early_Renaissance,1382,2175,RGB
41761,0,Unknown Artist,6,portrait,17,Northern_Renaissance,1382,1876,RGB
70756,0,Unknown Artist,10,Unknown Genre,13,Mannerism_Late_Renaissance,3381,1381,RGB
52759,0,Unknown Artist,7,religious_painting,11,High_Renaissance,1382,1750,RGB
46545,0,Unknown Artist,8,sketch_and_study,13,Mannerism_Late_Renaissance,1382,2700,RGB
56115,0,Unknown Artist,7,religious_painting,8,Early_Renaissance,2538,1382,RGB
37729,121,el-greco,7,religious_painting,13,Mannerism_Late_Renaissance,1382,1745,RGB
25990,0,Unknown Artist,2,genre_painting,22,Rococo,1382,1710,RGB
33075,0,Unknown Artist,7,religious_painting,8,Early_Renaissance,1382,1918,RGB
34542,69,raphael,7,religious_painting,11,High_Renaissance,2147,1382,RGB
56818,0,Unknown Artist,7,religious_painting,11,High_Renaissance,1941,1382,RGB
56128,58,pietro-perugino,7,religious_painting,11,High_Renaissance,1382,1856,RGB
71240,0,Unknown Artist,10,Unknown Genre,8,Early_Renaissance,1398,1382,RGB
28880,121,el-greco,7,religious_painting,13,Mannerism_Late_Renaissance,1382,1643,RGB
64372,0,Unknown Artist,6,portrait,4,Baroque,1382,1747,RGB
49071,0,Unknown Artist,7,religious_painting,4,Baroque,1381,1724,RGB
38083,80,peter-paul-rubens,6,portrait,4,Baroque,1842,1382,RGB
17723,20,rembrandt,7,religious_painting,4,Baroque,1382,1744,RGB
78502,0,Unknown Artist,10,Unknown Genre,13,Mannerism_Late_Renaissance,1382,2002,RGB
56693,0,Unknown Artist,7,religious_painting,8,Early_Renaissance,1382,1530,RGB
62303,0,Unknown Artist,8,sketch_and_study,13,Mannerism_Late_Renaissance,1382,1953,RGB
56215,0,Unknown Artist,7,religious_painting,17,Northern_Renaissance,2368,1382,RGB
69498,0,Unknown Artist,10,Unknown Genre,4,Baroque,1941,1382,RGB
30235,0,Unknown Artist,7,religious_painting,4,Baroque,1382,2449,RGB
75331,0,Unknown Artist,10,Unknown Genre,13,Mannerism_Late_Renaissance,1382,1794,RGB
63534,67,tintoretto,6,portrait,13,Mannerism_Late_Renaissance,1382,1635,RGB
81086,0,Unknown Artist,10,Unknown Genre,17,Northern_Renaissance,1382,2512,RGB
37222,77,titian,7,religious_painting,11,High_Renaissance,1901,1382,RGB
76731,0,Unknown Artist,10,Unknown Genre,22,Rococo,1382,1846,RGB
33236,0,Unknown Artist,6,portrait,22,Rococo,1382,1727,RGB
43994,38,fra-angelico,7,religious_painting,8,Early_Renaissance,1382,1893,RGB
66303,0,Unknown Artist,6,portrait,22,Rococo,1381,2270,RGB
43030,0,Unknown Artist,9,still_life,4,Baroque,2152,1382,RGB
26856,87,michelangelo,8,sketch_and_study,11,High_Renaissance,1382,2353,RGB
48110,0,Unknown Artist,6,portrait,13,Mannerism_Late_Renaissance,1382,1760,RGB
44840,0,Unknown Artist,6,portrait,8,Early_Renaissance,1382,1715,RGB
78628,0,Unknown Artist,10,Unknown Genre,4,Baroque,3286,1382,RGB
69797,0,Unknown Artist,10,Unknown Genre,17,Northern_Renaissance,1382,2534,RGB
56992,0,Unknown Artist,7,religious_painting,8,Early_Renaissance,1382,2017,RGB
38609,0,Unknown Artist,7,religious_painting,8,Early_Renaissance,1382,1939,RGB
30883,0,Unknown Artist,7,religious_painting,8,Early_Renaissance,1382,2318,RGB
49930,0,Unknown Artist,7,religious_painting,8,Early_Renaissance,1382,1790,RGB
57056,67,tintoretto,7,religious_painting,13,Mannerism_Late_Renaissance,1382,2837,RGB
78479,0,Unknown Artist,10,Unknown Genre,13,Mannerism_Late_Renaissance,1382,1893,RGB
31863,0,Unknown Artist,7,religious_painting,11,High_Renaissance,1382,2203,RGB
20667,82,paolo-veronese,6,portrait,13,Mannerism_Late_Renaissance,1382,1660,RGB
81126,0,Unknown Artist,10,Unknown Genre,17,Northern_Renaissance,2471,1382,RGB
32232,0,Unknown Artist,6,portrait,22,Rococo,1382,1655,RGB
12837,25,albrecht-durer,7,religious_painting,17,Northern_Renaissance,1382,1963,RGB
56197,0,Unknown Artist,7,religious_painting,8,Early_Renaissance,2392,1382,RGB
62577,0,Unknown Artist,8,sketch_and_study,8,Early_Renaissance,3838,1382,RGB
71872,0,Unknown Artist,10,Unknown Genre,8,Early_Renaissance,1382,2171,RGB
55622,58,pietro-perugino,7,religious_painting,8,Early_Renaissance,1382,1528,RGB
42943,0,Unknown Artist,6,portrait,13,Mannerism_Late_Renaissance,1382,1797,RGB
20355,23,hieronymus-bosch,7,religious_painting,17,Northern_Renaissance,2376,1382,RGB
44713,0,Unknown Artist,2,genre_painting,22,Rococo,1382,2225,RGB
28789,0,Unknown Artist,7,religious_painting,22,Rococo,1968,1382,RGB
44535,82,paolo-veronese,8,sketch_and_study,13,Mannerism_Late_Renaissance,1382,1768,RGB
42532,77,titian,8,sketch_and_study,11,High_Renaissance,1382,1431,RGB
53500,0,Unknown Artist,2,genre_painting,22,Rococo,1381,2196,RGB
49464,0,Unknown Artist,7,religious_painting,8,Early_Renaissance,1382,2027,RGB
45000,121,el-greco,7,religious_painting,13,Mannerism_Late_Renaissance,1914,1382,RGB
25046,0,Unknown Artist,7,religious_painting,17,Northern_Renaissance,1382,2293,RGB
71585,0,Unknown Artist,10,Unknown Genre,22,Rococo,1906,1382,RGB
27981,0,Unknown Artist,6,portrait,22,Rococo,1381,1727,RGB
27940,0,Unknown Artist,7,religious_painting,8,Early_Renaissance,1382,1908,RGB
77034,0,Unknown Artist,10,Unknown Genre,11,High_Renaissance,1382,1655,RGB
56564,0,Unknown Artist,7,religious_painting,13,Mannerism_Late_Renaissance,5663,1382,RGB
69185,0,Unknown Artist,10,Unknown Genre,17,Northern_Renaissance,1382,1842,RGB
65783,0,Unknown Artist,6,portrait,22,Rococo,1382,1689,RGB
21879,0,Unknown Artist,2,genre_painting,22,Rococo,1740,1382,RGB
49178,0,Unknown Artist,7,religious_painting,11,High_Renaissance,1382,1820,RGB
50921,0,Unknown Artist,7,religious_painting,17,Northern_Renaissance,1382,2275,RGB
74014,0,Unknown Artist,10,Unknown Genre,11,High_Renaissance,1382,2847,RGB
18011,25,albrecht-durer,7,religious_painting,17,Northern_Renaissance,1382,2258,RGB
20028,0,Unknown Artist,7,religious_painting,11,High_Renaissance,1382,1960,RGB
23448,0,Unknown Artist,6,portrait,11,High_Renaissance,1687,1382,RGB
34694,61,bartolome-esteban-murillo,7,religious_painting,4,Baroque,1382,1679,RGB
29159,0,Unknown Artist,7,religious_painting,8,Early_Renaissance,1382,2003,RGB
42151,69,raphael,7,religious_painting,11,High_Renaissance,1382,1981,RGB
49777,58,pietro-perugino,7,religious_painting,11,High_Renaissance,2903,1382,RGB
13203,20,rembrandt,8,sketch_and_study,4,Baroque,1382,1998,RGB
56390,0,Unknown Artist,7,religious_painting,11,High_Renaissance,1382,1900,RGB
4720,20,rembrandt,7,religious_painting,4,Baroque,1821,1382,RGB
34149,0,Unknown Artist,2,genre_painting,22,Rococo,1382,1738,RGB
76762,0,Unknown Artist,10,Unknown Genre,22,Rococo,2140,1382,RGB
79414,0,Unknown Artist,10,Unknown Genre,11,High_Renaissance,1492,1382,RGB
64734,114,anthony-van-dyck,6,portrait,4,Baroque,1382,1500,RGB
56417,0,Unknown Artist,7,religious_painting,11,High_Renaissance,1382,1988,RGB
66240,0,Unknown Artist,6,portrait,22,Rococo,1382,1723,RGB
33861,0,Unknown Artist,7,religious_painting,8,Early_Renaissance,1382,2068,RGB
56685,38,fra-angelico,7,religious_painting,8,Early_Renaissance,1382,1861,RGB
26736,23,hieronymus-bosch,7,religious_painting,17,Northern_Renaissance,1382,1680,RGB
56630,0,Unknown Artist,7,religious_painting,8,Early_Renaissance,2194,1382,RGB
24643,103,hans-memling,7,religious_painting,17,Northern_Renaissance,1382,4256,RGB
78498,0,Unknown Artist,10,Unknown Genre,13,Mannerism_Late_Renaissance,1382,2283,RGB
65197,83,joshua-reynolds,6,portrait,22,Rococo,1381,1683,RGB
8719,20,rembrandt,10,Unknown Genre,4,Baroque,1382,1841,RGB
78561,0,Unknown Artist,10,Unknown Genre,4,Baroque,1382,1645,RGB
22025,58,pietro-perugino,7,religious_painting,8,Early_Renaissance,1382,1410,RGB
29928,0,Unknown Artist,6,portrait,11,High_Renaissance,1382,1613,RGB
52023,23,hieronymus-bosch,7,religious_painting,17,Northern_Renaissance,1842,1382,RGB
66129,121,el-greco,6,portrait,13,Mannerism_Late_Renaissance,1382,1855,RGB
35728,0,Unknown Artist,1,cityscape,22,Rococo,1382,2440,RGB
31432,58,pietro-perugino,7,religious_painting,11,High_Renaissance,1382,2073,RGB
6488,25,albrecht-durer,7,religious_painting,17,Northern_Renaissance,1382,2331,RGB
12617,25,albrecht-durer,7,religious_painting,17,Northern_Renaissance,1382,1439,RGB
31386,128,canaletto,4,landscape,22,Rococo,2271,1382,RGB
78503,0,Unknown Artist,10,Unknown Genre,13,Mannerism_Late_Renaissance,1381,2358,RGB
20908,0,Unknown Artist,7,religious_painting,8,Early_Renaissance,1382,1732,RGB
31955,0,Unknown Artist,7,religious_painting,17,Northern_Renaissance,1382,1720,RGB
65250,0,Unknown Artist,6,portrait,4,Baroque,1382,1869,RGB
25363,0,Unknown Artist,6,portrait,13,Mannerism_Late_Renaissance,1842,1382,RGB
56108,0,Unknown Artist,7,religious_painting,11,High_Renaissance,1382,1903,RGB
40382,0,Unknown Artist,2,genre_painting,4,Baroque,1382,1547,RGB
6021,25,albrecht-durer,8,sketch_and_study,17,Northern_Renaissance,2211,1382,RGB
39075,0,Unknown Artist,7,religious_painting,8,Early_Renaissance,1382,2225,RGB
25696,0,Unknown Artist,7,religious_painting,8,Early_Renaissance,1382,1809,RGB
12418,25,albrecht-durer,2,genre_painting,17,Northern_Renaissance,1382,1927,RGB
3819,20,rembrandt,6,portrait,4,Baroque,1493,1382,RGB
26349,0,Unknown Artist,7,religious_painting,13,Mannerism_Late_Renaissance,1382,2172,RGB
27852,121,el-greco,7,religious_painting,13,Mannerism_Late_Renaissance,1382,1786,RGB
40741,0,Unknown Artist,6,portrait,22,Rococo,1382,1669,RGB
20409,0,Unknown Artist,7,religious_painting,13,Mannerism_Late_Renaissance,1382,1641,RGB
56387,0,Unknown Artist,7,religious_painting,11,High_Renaissance,1382,1645,RGB
62443,24,leonardo-da-vinci,8,sketch_and_study,11,High_Renaissance,1382,1706,RGB
25389,23,hieronymus-bosch,7,religious_painting,17,Northern_Renaissance,1382,4554,RGB
1734,25,albrecht-durer,7,religious_painting,17,Northern_Renaissance,1390,1382,RGB
53797,0,Unknown Artist,2,genre_painting,4,Baroque,2573,1382,RGB
49775,58,pietro-perugino,7,religious_painting,8,Early_Renaissance,2250,1382,RGB
44544,0,Unknown Artist,6,portrait,4,Baroque,1382,1770,RGB
43952,0,Unknown Artist,7,religious_painting,8,Early_Renaissance,1382,1916,RGB
21319,0,Unknown Artist,7,religious_painting,17,Northern_Renaissance,1382,1917,RGB
1312,25,albrecht-durer,7,religious_painting,17,Northern_Renaissance,1382,2711,RGB
49539,128,canaletto,1,cityscape,4,Baroque,2095,1382,RGB
70459,0,Unknown Artist,10,Unknown Genre,13,Mannerism_Late_Renaissance,1884,1382,RGB
40149,0,Unknown Artist,7,religious_painting,8,Early_Renaissance,2062,1382,RGB
39493,67,tintoretto,7,religious_painting,13,Mannerism_Late_Renaissance,2420,1382,RGB
37934,0,Unknown Artist,7,religious_painting,8,Early_Renaissance,2014,1382,RGB
43400,69,raphael,8,sketch_and_study,11,High_Renaissance,1441,1382,RGB
44267,0,Unknown Artist,7,religious_painting,13,Mannerism_Late_Renaissance,1382,1941,RGB
30739,0,Unknown Artist,7,religious_painting,17,Northern_Renaissance,1842,1382,RGB
41582,0,Unknown Artist,7,religious_painting,13,Mannerism_Late_Renaissance,1516,1382,RGB
28421,0,Unknown Artist,6,portrait,22,Rococo,1382,1837,RGB
55367,0,Unknown Artist,2,genre_painting,4,Baroque,1382,1579,RGB
76115,0,Unknown Artist,10,Unknown Genre,13,Mannerism_Late_Renaissance,1401,1382,RGB
75186,0,Unknown Artist,10,Unknown Genre,22,Rococo,1382,1887,RGB
74272,0,Unknown Artist,10,Unknown Genre,13,Mannerism_Late_Renaissance,1630,1382,RGB
72926,0,Unknown Artist,10,Unknown Genre,11,High_Renaissance,3516,1382,RGB
53183,0,Unknown Artist,2,genre_painting,22,Rococo,1382,1663,RGB
56007,0,Unknown Artist,7,religious_painting,13,Mannerism_Late_Renaissance,1382,3794,RGB
61476,0,Unknown Artist,9,still_life,22,Rococo,1382,1740,RGB
22470,0,Unknown Artist,6,portrait,13,Mannerism_Late_Renaissance,1382,1598,RGB
32005,0,Unknown Artist,6,portrait,22,Rococo,1382,1743,RGB
55996,0,Unknown Artist,7,religious_painting,8,Early_Renaissance,1692,1382,RGB
63275,0,Unknown Artist,6,portrait,22,Rococo,1382,1727,RGB
68656,0,Unknown Artist,10,Unknown Genre,13,Mannerism_Late_Renaissance,1382,1979,RGB
39640,0,Unknown Artist,2,genre_painting,8,Early_Renaissance,3594,1382,RGB
21005,116,frans-hals,6,portrait,4,Baroque,1382,1625,RGB
62312,0,Unknown Artist,8,sketch_and_study,8,Early_Renaissance,1382,2020,RGB
47805,0,Unknown Artist,6,portrait,4,Baroque,1382,1847,RGB
59762,0,Unknown Artist,4,landscape,4,Baroque,1903,1382,RGB
55907,0,Unknown Artist,7,religious_painting,4,Baroque,1382,2086,RGB
46344,0,Unknown Artist,7,religious_painting,22,Rococo,1723,1382,RGB
51594,116,frans-hals,6,portrait,4,Baroque,2004,1382,RGB
40328,23,hieronymus-bosch,8,sketch_and_study,17,Northern_Renaissance,1425,1382,RGB
24497,0,Unknown Artist,7,religious_painting,8,Early_Renaissance,1382,2044,RGB
18173,25,albrecht-durer,7,religious_painting,17,Northern_Renaissance,1382,2190,RGB
65573,117,hans-holbein-the-younger,6,portrait,17,Northern_Renaissance,1382,1460,RGB
17678,20,rembrandt,8,sketch_and_study,4,Baroque,1381,2171,RGB
63639,0,Unknown Artist,6,portrait,22,Rococo,1382,2058,RGB
27215,0,Unknown Artist,7,religious_painting,17,Northern_Renaissance,1382,2002,RGB
46763,82,paolo-veronese,7,religious_painting,13,Mannerism_Late_Renaissance,1382,2075,RGB
39732,126,thomas-gainsborough,6,portrait,22,Rococo,1382,1684,RGB
27965,0,Unknown Artist,7,religious_painting,8,Early_Renaissance,1382,2681,RGB
56933,38,fra-angelico,7,religious_painting,8,Early_Renaissance,1382,2420,RGB
25232,126,thomas-gainsborough,6,portrait,22,Rococo,1382,1654,RGB
27578,83,joshua-reynolds,6,portrait,22,Rococo,1381,1654,RGB
53496,0,Unknown Artist,2,genre_painting,4,Baroque,1454,1382,RGB
69574,0,Unknown Artist,10,Unknown Genre,22,Rococo,2214,1382,RGB
64581,0,Unknown Artist,6,portrait,4,Baroque,1382,2426,RGB
23940,0,Unknown Artist,7,religious_painting,13,Mannerism_Late_Renaissance,1381,2042,RGB
38747,0,Unknown Artist,6,portrait,13,Mannerism_Late_Renaissance,1382,1700,RGB
48067,0,Unknown Artist,2,genre_painting,22,Rococo,1382,1670,RGB
56028,0,Unknown Artist,7,religious_painting,8,Early_Renaissance,1768,1382,RGB
72427,0,Unknown Artist,10,Unknown Genre,4,Baroque,2940,1382,RGB
52800,0,Unknown Artist,7,religious_painting,8,Early_Renaissance,1382,1915,RGB
32870,0,Unknown Artist,7,religious_painting,17,Northern_Renaissance,1382,2109,RGB
37094,0,Unknown Artist,8,sketch_and_study,11,High_Renaissance,1382,1808,RGB
56037,0,Unknown Artist,7,religious_painting,8,Early_Renaissance,1382,2479,RGB
44470,0,Unknown Artist,6,portrait,22,Rococo,1384,1382,RGB
23708,117,hans-holbein-the-younger,6,portrait,17,Northern_Renaissance,1382,1813,RGB
64415,110,joseph-wright,6,portrait,22,Rococo,1382,1749,RGB
23253,0,Unknown Artist,7,religious_painting,8,Early_Renaissance,1382,1810,RGB
23303,103,hans-memling,7,religious_painting,17,Northern_Renaissance,1987,1382,RGB
65605,0,Unknown Artist,6,portrait,11,High_Renaissance,1382,2097,RGB
34033,0,Unknown Artist,8,sketch_and_study,22,Rococo,1382,1391,RGB
41224,0,Unknown Artist,2,genre_painting,4,Baroque,1382,1867,RGB
32980,0,Unknown Artist,6,portrait,22,Rococo,1382,1638,RGB
30452,0,Unknown Artist,7,religious_painting,8,Early_Renaissance,1382,1914,RGB
27917,0,Unknown Artist,7,religious_painting,11,High_Renaissance,1382,1747,RGB
78512,0,Unknown Artist,10,Unknown Genre,13,Mannerism_Late_Renaissance,3559,1382,RGB
18146,25,albrecht-durer,7,religious_painting,17,Northern_Renaissance,1382,2139,RGB
46523,0,Unknown Artist,7,religious_painting,8,Early_Renaissance,1382,1768,RGB
19676,58,pietro-perugino,6,portrait,11,High_Renaissance,1382,1441,RGB
23881,0,Unknown Artist,6,portrait,13,Mannerism_Late_Renaissance,1382,2642,RGB
64906,69,raphael,6,portrait,11,High_Renaissance,1382,1811,RGB
49250,0,Unknown Artist,7,religious_painting,8,Early_Renaissance,1382,1500,RGB
1120,25,albrecht-durer,6,portrait,17,Northern_Renaissance,1382,1968,RGB
21244,0,Unknown Artist,7,religious_painting,11,High_Renaissance,1382,1877,RGB
48191,0,Unknown Artist,6,portrait,22,Rococo,1382,2072,RGB
18079,25,albrecht-durer,7,religious_painting,17,Northern_Renaissance,1382,2207,RGB
50166,0,Unknown Artist,6,portrait,13,Mannerism_Late_Renaissance,1382,2069,RGB
63937,0,Unknown Artist,6,portrait,22,Rococo,1382,1705,RGB
43524,83,joshua-reynolds,6,portrait,22,Rococo,1750,1382,RGB
55784,67,tintoretto,7,religious_painting,13,Mannerism_Late_Renaissance,1382,2044,RGB
58122,128,canaletto,1,cityscape,4,Baroque,2037,1382,RGB
8510,25,albrecht-durer,8,sketch_and_study,17,Northern_Renaissance,1382,1899,RGB
25024,83,joshua-reynolds,6,portrait,22,Rococo,1382,1721,RGB
9538,0,Unknown Artist,10,Unknown Genre,17,Northern_Renaissance,2097,1382,RGB
30954,0,Unknown Artist,7,religious_painting,8,Early_Renaissance,1913,1382,RGB
20123,38,fra-angelico,7,religious_painting,8,Early_Renaissance,1408,1382,RGB
41270,0,Unknown Artist,7,religious_painting,8,Early_Renaissance,2031,1382,RGB
34025,0,Unknown Artist,7,religious_painting,17,Northern_Renaissance,1382,1671,RGB
29067,82,paolo-veronese,7,religious_painting,13,Mannerism_Late_Renaissance,1402,1382,RGB
36387,0,Unknown Artist,7,religious_painting,17,Northern_Renaissance,1744,1382,RGB
20603,67,tintoretto,7,religious_painting,13,Mannerism_Late_Renaissance,2020,1382,RGB
62246,0,Unknown Artist,8,sketch_and_study,8,Early_Renaissance,1985,1382,RGB
65289,80,peter-paul-rubens,6,portrait,4,Baroque,1382,3969,RGB
56238,77,titian,7,religious_painting,13,Mannerism_Late_Renaissance,1382,1551,RGB
27395,0,Unknown Artist,7,religious_painting,17,Northern_Renaissance,3378,1382,RGB
71757,0,Unknown Artist,10,Unknown Genre,22,Rococo,1382,1746,RGB
34309,77,titian,7,religious_painting,11,High_Renaissance,1382,2297,RGB
46,25,albrecht-durer,6,portrait,17,Northern_Renaissance,1382,2062,RGB
13151,25,albrecht-durer,7,religious_painting,17,Northern_Renaissance,1382,2066,RGB
34819,0,Unknown Artist,8,sketch_and_study,13,Mannerism_Late_Renaissance,2086,1382,RGB
51039,0,Unknown Artist,6,portrait,22,Rococo,1382,1834,RGB
42546,0,Unknown Artist,7,religious_painting,13,Mannerism_Late_Renaissance,1382,1805,RGB
34171,0,Unknown Artist,6,portrait,4,Baroque,1382,1823,RGB
75081,0,Unknown Artist,10,Unknown Genre,13,Mannerism_Late_Renaissance,2230,1382,RGB
22991,0,Unknown Artist,7,religious_painting,11,High_Renaissance,2063,1382,RGB
3578,25,albrecht-durer,8,sketch_and_study,17,Northern_Renaissance,2206,1382,RGB
64957,0,Unknown Artist,6,portrait,17,Northern_Renaissance,1382,2177,RGB
66206,0,Unknown Artist,6,portrait,13,Mannerism_Late_Renaissance,1382,1889,RGB
49472,61,bartolome-esteban-murillo,7,religious_painting,4,Baroque,1382,1714,RGB
68802,0,Unknown Artist,10,Unknown Genre,8,Early_Renaissance,1842,1382,RGB
48053,0,Unknown Artist,7,religious_painting,17,Northern_Renaissance,1382,2368,RGB
78735,0,Unknown Artist,10,Unknown Genre,4,Baroque,1382,1963,RGB
59987,0,Unknown Artist,4,landscape,4,Baroque,2355,1382,RGB
31868,0,Unknown Artist,6,portrait,11,High_Renaissance,1382,1826,RGB
80024,0,Unknown Artist,10,Unknown Genre,22,Rococo,1382,2206,RGB
56480,0,Unknown Artist,7,religious_painting,11,High_Renaissance,1610,1382,RGB
22955,82,paolo-veronese,7,religious_painting,13,Mannerism_Late_Renaissance,1936,1382,RGB
78520,0,Unknown Artist,10,Unknown Genre,13,Mannerism_Late_Renaissance,1382,1504,RGB
76979,0,Unknown Artist,10,Unknown Genre,11,High_Renaissance,1513,1382,RGB
64240,0,Unknown Artist,6,portrait,13,Mannerism_Late_Renaissance,1382,1768,RGB
127,20,rembrandt,8,sketch_and_study,4,Baroque,1381,1682,RGB
37732,110,joseph-wright,6,portrait,22,Rococo,1382,1759,RGB
32295,0,Unknown Artist,7,religious_painting,13,Mannerism_Late_Renaissance,1382,1817,RGB
35557,0,Unknown Artist,2,genre_painting,4,Baroque,1798,1382,RGB
6072,25,albrecht-durer,6,portrait,17,Northern_Renaissance,1382,1842,RGB
5212,20,rembrandt,8,sketch_and_study,4,Baroque,1382,1534,RGB
37776,77,titian,6,portrait,13,Mannerism_Late_Renaissance,1676,1382,RGB
41205,0,Unknown Artist,6,portrait,17,Northern_Renaissance,1382,1891,RGB
46926,0,Unknown Artist,7,religious_painting,17,Northern_Renaissance,1382,1673,RGB
32849,0,Unknown Artist,6,portrait,11,High_Renaissance,1382,1858,RGB
37541,0,Unknown Artist,7,religious_painting,8,Early_Renaissance,1382,3300,RGB
50665,0,Unknown Artist,6,portrait,22,Rococo,1382,1669,RGB
23869,29,lucas-cranach-the-elder,7,religious_painting,17,Northern_Renaissance,1382,1967,RGB
35910,126,thomas-gainsborough,6,portrait,22,Rococo,1382,2276,RGB
44431,0,Unknown Artist,7,religious_painting,8,Early_Renaissance,2144,1382,RGB
36175,0,Unknown Artist,7,religious_painting,8,Early_Renaissance,1382,1942,RGB
62394,0,Unknown Artist,8,sketch_and_study,13,Mannerism_Late_Renaissance,1381,1765,RGB
55400,0,Unknown Artist,2,genre_painting,4,Baroque,1862,1382,RGB
24183,67,tintoretto,7,religious_painting,13,Mannerism_Late_Renaissance,1382,1887,RGB
56753,0,Unknown Artist,7,religious_painting,8,Early_Renaissance,1382,1725,RGB
56437,0,Unknown Artist,7,religious_painting,8,Early_Renaissance,1382,1887,RGB
59584,0,Unknown Artist,4,landscape,4,Baroque,1922,1382,RGB
64594,0,Unknown Artist,6,portrait,4,Baroque,1382,1686,RGB
47189,77,titian,6,portrait,11,High_Renaissance,1949,1382,RGB
42018,0,Unknown Artist,7,religious_painting,8,Early_Renaissance,1396,1382,RGB
73376,0,Unknown Artist,10,Unknown Genre,8,Early_Renaissance,1382,1625,RGB
7424,20,rembrandt,2,genre_painting,4,Baroque,1382,1746,RGB
17627,20,rembrandt,6,portrait,4,Baroque,1382,1654,RGB
46975,121,el-greco,7,religious_painting,13,Mannerism_Late_Renaissance,1787,1382,RGB
26337,0,Unknown Artist,7,religious_painting,17,Northern_Renaissance,1382,1729,RGB
43869,0,Unknown Artist,7,religious_painting,11,High_Renaissance,1382,1882,RGB
17986,25,albrecht-durer,6,portrait,17,Northern_Renaissance,1382,1924,RGB
1294,20,rembrandt,1,cityscape,4,Baroque,1848,1382,RGB
24928,0,Unknown Artist,2,genre_painting,22,Rococo,1382,1736,RGB
80009,0,Unknown Artist,10,Unknown Genre,22,Rococo,1855,1382,RGB
55900,0,Unknown Artist,7,religious_painting,8,Early_Renaissance,1723,1382,RGB
74596,0,Unknown Artist,10,Unknown Genre,4,Baroque,1619,1382,RGB
45305,0,Unknown Artist,7,religious_painting,8,Early_Renaissance,1382,1603,RGB
55269,0,Unknown Artist,2,genre_painting,4,Baroque,1382,1669,RGB
43856,0,Unknown Artist,6,portrait,22,Rococo,1382,1655,RGB
33945,0,Unknown Artist,6,portrait,22,Rococo,1382,1899,RGB
76511,0,Unknown Artist,10,Unknown Genre,22,Rococo,1842,1382,RGB
63839,0,Unknown Artist,6,portrait,8,Early_Renaissance,1382,2000,RGB
42607,0,Unknown Artist,7,religious_painting,8,Early_Renaissance,1382,1723,RGB
24137,69,raphael,7,religious_painting,11,High_Renaissance,1382,1819,RGB
1816,25,albrecht-durer,7,religious_painting,17,Northern_Renaissance,1382,2641,RGB
42476,0,Unknown Artist,7,religious_painting,11,High_Renaissance,1382,1985,RGB
21055,69,raphael,7,religious_painting,11,High_Renaissance,2582,1382,RGB
71894,0,Unknown Artist,10,Unknown Genre,22,Rococo,1967,1382,RGB
38976,125,jacob-jordaens,8,sketch_and_study,4,Baroque,1382,2116,RGB
45651,77,titian,6,portrait,13,Mannerism_Late_Renaissance,1382,1614,RGB
24696,0,Unknown Artist,7,religious_painting,8,Early_Renaissance,1622,1382,RGB
40607,0,Unknown Artist,6,portrait,11,High_Renaissance,1382,1614,RGB
37736,83,joshua-reynolds,6,portrait,22,Rococo,1381,1766,RGB
22428,82,paolo-veronese,2,genre_painting,13,Mannerism_Late_Renaissance,1382,2569,RGB
71810,0,Unknown Artist,10,Unknown Genre,4,Baroque,2064,1382,RGB
20708,67,tintoretto,7,religious_painting,13,Mannerism_Late_Renaissance,1594,1382,RGB
62166,24,leonardo-da-vinci,8,sketch_and_study,11,High_Renaissance,1643,1382,RGB
41113,117,hans-holbein-the-younger,6,portrait,17,Northern_Renaissance,1382,1955,RGB
80524,0,Unknown Artist,10,Unknown Genre,8,Early_Renaissance,2123,1382,RGB
29250,0,Unknown Artist,4,landscape,4,Baroque,2248,1382,RGB
55899,29,lucas-cranach-the-elder,7,religious_painting,17,Northern_Renaissance,1382,1965,RGB
62133,0,Unknown Artist,8,sketch_and_study,8,Early_Renaissance,1382,2035,RGB
27725,0,Unknown Artist,6,portrait,13,Mannerism_Late_Renaissance,1382,1861,RGB
23409,83,joshua-reynolds,6,portrait,22,Rococo,1382,2273,RGB
41593,0,Unknown Artist,7,religious_painting,17,Northern_Renaissance,1382,1893,RGB
12945,20,rembrandt,6,portrait,4,Baroque,1382,1640,RGB
19309,0,Unknown Artist,8,sketch_and_study,22,Rococo,1382,1761,RGB
22758,67,tintoretto,6,portrait,13,Mannerism_Late_Renaissance,1382,1586,RGB
65825,0,Unknown Artist,6,portrait,8,Early_Renaissance,1382,2062,RGB
57080,103,hans-memling,7,religious_painting,17,Northern_Renaissance,1393,1382,RGB
42994,0,Unknown Artist,6,portrait,13,Mannerism_Late_Renaissance,2270,1382,RGB
77150,0,Unknown Artist,10,Unknown Genre,13,Mannerism_Late_Renaissance,2145,1382,RGB
70469,0,Unknown Artist,10,Unknown Genre,13,Mannerism_Late_Renaissance,3156,1382,RGB
34264,0,Unknown Artist,1,cityscape,22,Rococo,1911,1382,RGB
75192,0,Unknown Artist,10,Unknown Genre,4,Baroque,1382,1895,RGB
66174,0,Unknown Artist,6,portrait,22,Rococo,1382,1883,RGB
21469,67,tintoretto,7,religious_painting,13,Mannerism_Late_Renaissance,1382,1405,RGB
77181,0,Unknown Artist,10,Unknown Genre,17,Northern_Renaissance,1382,3936,RGB
50341,77,titian,7,religious_painting,13,Mannerism_Late_Renaissance,1382,1435,RGB
64375,83,joshua-reynolds,6,portrait,22,Rococo,1382,2260,RGB
29930,0,Unknown Artist,7,religious_painting,13,Mannerism_Late_Renaissance,1382,1535,RGB
43136,24,leonardo-da-vinci,7,religious_painting,11,High_Renaissance,1382,1857,RGB
46263,117,hans-holbein-the-younger,6,portrait,17,Northern_Renaissance,1382,1405,RGB
40618,126,thomas-gainsborough,4,landscape,22,Rococo,1946,1382,RGB
35483,0,Unknown Artist,7,religious_painting,8,Early_Renaissance,1382,1688,RGB
48216,125,jacob-jordaens,7,religious_painting,4,Baroque,2617,1382,RGB
63090,0,Unknown Artist,6,portrait,22,Rococo,1382,1790,RGB
38062,67,tintoretto,7,religious_painting,13,Mannerism_Late_Renaissance,1382,1983,RGB
56648,0,Unknown Artist,7,religious_painting,11,High_Renaissance,1382,4025,RGB
64500,0,Unknown Artist,6,portrait,22,Rococo,1382,2163,RGB
51950,0,Unknown Artist,6,portrait,22,Rococo,1382,1641,RGB
81078,0,Unknown Artist,10,Unknown Genre,17,Northern_Renaissance,1382,2021,RGB
25952,0,Unknown Artist,7,religious_painting,17,Northern_Renaissance,1382,2353,RGB
65718,0,Unknown Artist,6,portrait,22,Rococo,1382,1840,RGB
30759,23,hieronymus-bosch,7,religious_painting,17,Northern_Renaissance,1382,4456,RGB
39395,0,Unknown Artist,7,religious_painting,11,High_Renaissance,1381,1807,RGB
72935,0,Unknown Artist,10,Unknown Genre,22,Rococo,1969,1382,RGB
20905,87,michelangelo,7,religious_painting,11,High_Renaissance,2026,1382,RGB
23858,0,Unknown Artist,6,portrait,22,Rococo,1382,1708,RGB
47852,0,Unknown Artist,6,portrait,13,Mannerism_Late_Renaissance,1382,1907,RGB
70796,0,Unknown Artist,10,Unknown Genre,13,Mannerism_Late_Renaissance,2299,1382,RGB
44421,29,lucas-cranach-the-elder,6,portrait,17,Northern_Renaissance,1382,1550,RGB
20685,80,peter-paul-rubens,6,portrait,4,Baroque,1382,1816,RGB
55645,67,tintoretto,7,religious_painting,13,Mannerism_Late_Renaissance,1382,1977,RGB
45657,87,michelangelo,8,sketch_and_study,11,High_Renaissance,1382,2879,RGB
5271,20,rembrandt,6,portrait,4,Baroque,1382,1641,RGB
63056,82,paolo-veronese,6,portrait,13,Mannerism_Late_Renaissance,1382,1652,RGB
63072,83,joshua-reynolds,6,portrait,22,Rococo,1382,1864,RGB
19717,67,tintoretto,7,religious_painting,13,Mannerism_Late_Renaissance,3338,1382,RGB
32315,38,fra-angelico,7,religious_painting,8,Early_Renaissance,1382,4014,RGB
79370,0,Unknown Artist,10,Unknown Genre,11,High_Renaissance,1382,2395,RGB
74442,0,Unknown Artist,10,Unknown Genre,11,High_Renaissance,1382,2512,RGB
64468,0,Unknown Artist,6,portrait,22,Rococo,1382,1649,RGB
56117,58,pietro-perugino,7,religious_painting,11,High_Renaissance,1382,1636,RGB
37764,58,pietro-perugino,7,religious_painting,11,High_Renaissance,1382,1823,RGB
21893,38,fra-angelico,7,religious_painting,8,Early_Renaissance,1382,1653,RGB
69564,0,Unknown Artist,10,Unknown Genre,17,Northern_Renaissance,1808,1382,RGB
57083,0,Unknown Artist,7,religious_painting,8,Early_Renaissance,1388,1382,RGB
72904,0,Unknown Artist,10,Unknown Genre,17,Northern_Renaissance,1382,1847,RGB
80102,0,Unknown Artist,10,Unknown Genre,22,Rococo,1765,1382,RGB
2963,25,albrecht-durer,8,sketch_and_study,17,Northern_Renaissance,1413,1382,RGB
50176,83,joshua-reynolds,6,portrait,22,Rococo,1381,1426,RGB
61147,61,bartolome-esteban-murillo,4,landscape,4,Baroque,1382,2089,RGB
32831,0,Unknown Artist,9,still_life,4,Baroque,1382,1930,RGB
22100,0,Unknown Artist,1,cityscape,4,Baroque,2139,1382,RGB
56318,0,Unknown Artist,7,religious_painting,17,Northern_Renaissance,1382,1949,RGB
30825,0,Unknown Artist,6,portrait,13,Mannerism_Late_Renaissance,1382,2224,RGB
49702,0,Unknown Artist,4,landscape,4,Baroque,2397,1382,RGB
42915,0,Unknown Artist,7,religious_painting,17,Northern_Renaissance,1382,1392,RGB
25475,24,leonardo-da-vinci,4,landscape,8,Early_Renaissance,2000,1382,RGB
687,25,albrecht-durer,8,sketch_and_study,17,Northern_Renaissance,1382,1823,RGB
55877,82,paolo-veronese,7,religious_painting,13,Mannerism_Late_Renaissance,2685,1382,RGB
33084,103,hans-memling,7,religious_painting,17,Northern_Renaissance,1414,1382,RGB
62362,0,Unknown Artist,8,sketch_and_study,4,Baroque,2404,1382,RGB
33200,0,Unknown Artist,7,religious_painting,8,Early_Renaissance,1444,1382,RGB
41975,0,Unknown Artist,7,religious_painting,11,High_Renaissance,1614,1382,RGB
63750,67,tintoretto,6,portrait,13,Mannerism_Late_Renaissance,1382,1948,RGB
38791,23,hieronymus-bosch,7,religious_painting,17,Northern_Renaissance,1588,1382,RGB
24291,0,Unknown Artist,7,religious_painting,11,High_Renaissance,1504,1382,RGB
44499,0,Unknown Artist,7,religious_painting,13,Mannerism_Late_Renaissance,1842,1382,RGB
47296,0,Unknown Artist,4,landscape,22,Rococo,1779,1382,RGB
56942,0,Unknown Artist,7,religious_painting,4,Baroque,1382,2182,RGB
26658,82,paolo-veronese,7,religious_painting,13,Mannerism_Late_Renaissance,1382,2308,RGB
69439,0,Unknown Artist,10,Unknown Genre,8,Early_Renaissance,1382,1973,RGB
22460,0,Unknown Artist,6,portrait,22,Rococo,1382,1758,RGB
35474,0,Unknown Artist,6,portrait,22,Rococo,1382,1847,RGB
55864,0,Unknown Artist,7,religious_painting,11,High_Renaissance,1382,3486,RGB
10502,25,albrecht-durer,8,sketch_and_study,17,Northern_Renaissance,1382,1787,RGB
17566,20,rembrandt,8,sketch_and_study,4,Baroque,2244,1382,RGB
40320,29,lucas-cranach-the-elder,7,religious_painting,17,Northern_Renaissance,1382,1625,RGB
41888,80,peter-paul-rubens,7,religious_painting,4,Baroque,1382,3578,RGB
56742,23,hieronymus-bosch,7,religious_painting,17,Northern_Renaissance,1382,1742,RGB
5518,20,rembrandt,7,religious_painting,4,Baroque,1813,1382,RGB
53066,114,anthony-van-dyck,6,portrait,4,Baroque,1382,1924,RGB
55685,121,el-greco,7,religious_painting,13,Mannerism_Late_Renaissance,1382,2366,RGB
42001,0,Unknown Artist,7,religious_painting,8,Early_Renaissance,1744,1382,RGB
21331,77,titian,6,portrait,13,Mannerism_Late_Renaissance,1382,1713,RGB
42454,0,Unknown Artist,6,portrait,22,Rococo,1382,1951,RGB
60859,0,Unknown Artist,4,landscape,4,Baroque,2176,1382,RGB
43806,0,Unknown Artist,7,religious_painting,8,Early_Renaissance,1961,1382,RGB
63550,67,tintoretto,6,portrait,13,Mannerism_Late_Renaissance,1382,1725,RGB
48173,0,Unknown Artist,6,portrait,13,Mannerism_Late_Renaissance,1382,1736,RGB
21728,77,titian,7,religious_painting,13,Mannerism_Late_Renaissance,1382,1649,RGB
72294,0,Unknown Artist,10,Unknown Genre,8,Early_Renaissance,1551,1382,RGB
39373,0,Unknown Artist,6,portrait,13,Mannerism_Late_Renaissance,1382,1758,RGB
78483,0,Unknown Artist,10,Unknown Genre,13,Mannerism_Late_Renaissance,2209,1382,RGB
7423,0,Unknown Artist,10,Unknown Genre,17,Northern_Renaissance,1382,1919,RGB
33049,0,Unknown Artist,7,religious_painting,11,High_Renaissance,1382,1952,RGB
52461,0,Unknown Artist,7,religious_painting,8,Early_Renaissance,1382,1424,RGB
35396,0,Unknown Artist,1,cityscape,22,Rococo,2536,1382,RGB
26595,0,Unknown Artist,8,sketch_and_study,13,Mannerism_Late_Renaissance,3338,1382,RGB
31828,0,Unknown Artist,2,genre_painting,4,Baroque,1382,2026,RGB
56071,0,Unknown Artist,7,religious_painting,11,High_Renaissance,1858,1382,RGB
78673,0,Unknown Artist,10,Unknown Genre,4,Baroque,2245,1382,RGB
64631,0,Unknown Artist,6,portrait,13,Mannerism_Late_Renaissance,1382,1753,RGB
44205,0,Unknown Artist,7,religious_painting,11,High_Renaissance,1804,1382,RGB
28265,0,Unknown Artist,4,landscape,22,Rococo,1743,1382,RGB
39277,0,Unknown Artist,6,portrait,22,Rococo,1382,1879,RGB
56778,117,hans-holbein-the-younger,7,religious_painting,17,Northern_Renaissance,1382,2918,RGB
54234,0,Unknown Artist,2,genre_painting,22,Rococo,1382,1727,RGB
24147,69,raphael,7,religious_painting,11,High_Renaissance,1382,2142,RGB
29148,82,paolo-veronese,7,religious_painting,13,Mannerism_Late_Renaissance,1382,2377,RGB
64398,80,peter-paul-rubens,6,portrait,4,Baroque,1382,1881,RGB
12232,25,albrecht-durer,5,nude_painting,17,Northern_Renaissance,1382,1762,RGB
19806,0,Unknown Artist,7,religious_painting,8,Early_Renaissance,1382,1942,RGB
21613,67,tintoretto,7,religious_painting,13,Mannerism_Late_Renaissance,2071,1382,RGB
64508,83,joshua-reynolds,6,portrait,22,Rococo,1382,1753,RGB
75714,0,Unknown Artist,10,Unknown Genre,13,Mannerism_Late_Renaissance,2215,1382,RGB
47307,0,Unknown Artist,7,religious_painting,13,Mannerism_Late_Renaissance,1382,1606,RGB
68831,0,Unknown Artist,10,Unknown Genre,11,High_Renaissance,1382,1716,RGB
24725,0,Unknown Artist,7,religious_painting,8,Early_Renaissance,1382,2915,RGB
55883,0,Unknown Artist,7,religious_painting,4,Baroque,1382,2024,RGB
49507,0,Unknown Artist,6,portrait,22,Rococo,1382,1878,RGB
49208,0,Unknown Artist,6,portrait,13,Mannerism_Late_Renaissance,1382,1866,RGB
31275,0,Unknown Artist,7,religious_painting,11,High_Renaissance,1842,1382,RGB
50434,0,Unknown Artist,7,religious_painting,11,High_Renaissance,1382,2081,RGB
47206,0,Unknown Artist,7,religious_painting,8,Early_Renaissance,1382,2385,RGB
73947,0,Unknown Artist,10,Unknown Genre,11,High_Renaissance,2843,1382,RGB
17628,20,rembrandt,6,portrait,4,Baroque,1382,1658,RGB
39683,114,anthony-van-dyck,6,portrait,4,Baroque,1382,1651,RGB
64141,0,Unknown Artist,6,portrait,13,Mannerism_Late_Renaissance,1382,1840,RGB
64195,126,thomas-gainsborough,6,portrait,22,Rococo,1382,1960,RGB
31599,0,Unknown Artist,6,portrait,13,Mannerism_Late_Renaissance,1382,2151,RGB
32523,83,joshua-reynolds,6,portrait,22,Rococo,1382,1753,RGB
62398,0,Unknown Artist,8,sketch_and_study,8,Early_Renaissance,1382,1866,RGB
22046,29,lucas-cranach-the-elder,7,religious_painting,17,Northern_Renaissance,1382,2166,RGB
27487,0,Unknown Artist,7,religious_painting,8,Early_Renaissance,3735,1382,RGB
24288,58,pietro-perugino,7,religious_painting,11,High_Renaissance,1944,1382,RGB
42202,67,tintoretto,6,portrait,13,Mannerism_Late_Renaissance,1382,1653,RGB
35065,0,Unknown Artist,6,portrait,22,Rococo,1382,1688,RGB
79391,0,Unknown Artist,10,Unknown Genre,11,High_Renaissance,1382,1930,RGB
30838,58,pietro-perugino,7,religious_painting,11,High_Renaissance,1382,1846,RGB
39895,0,Unknown Artist,7,religious_painting,8,Early_Renaissance,1382,1733,RGB
49249,0,Unknown Artist,9,still_life,4,Baroque,1382,1799,RGB
22572,0,Unknown Artist,2,genre_painting,8,Early_Renaissance,1382,1851,RGB
11645,20,rembrandt,6,portrait,4,Baroque,1382,1956,RGB
75265,0,Unknown Artist,10,Unknown Genre,4,Baroque,2403,1382,RGB
53229,0,Unknown Artist,2,genre_painting,22,Rococo,1883,1382,RGB
36439,0,Unknown Artist,7,religious_painting,13,Mannerism_Late_Renaissance,1382,1593,RGB
25956,0,Unknown Artist,2,genre_painting,4,Baroque,1382,1640,RGB
36105,0,Unknown Artist,6,portrait,8,Early_Renaissance,1382,2098,RGB
78473,0,Unknown Artist,10,Unknown Genre,13,Mannerism_Late_Renaissance,2887,1382,RGB
53423,0,Unknown Artist,2,genre_painting,4,Baroque,3433,1382,RGB
53416,0,Unknown Artist,2,genre_painting,17,Northern_Renaissance,1382,1989,RGB
33911,0,Unknown Artist,6,portrait,22,Rococo,1382,1872,RGB
57016,0,Unknown Artist,7,religious_painting,8,Early_Renaissance,1382,1899,RGB
64709,0,Unknown Artist,6,portrait,22,Rococo,1382,1808,RGB
21142,29,lucas-cranach-the-elder,6,portrait,17,Northern_Renaissance,1382,2037,RGB
27720,0,Unknown Artist,7,religious_painting,8,Early_Renaissance,1382,2107,RGB
57035,0,Unknown Artist,7,religious_painting,17,Northern_Renaissance,1382,1847,RGB
72595,0,Unknown Artist,10,Unknown Genre,11,High_Renaissance,1382,1869,RGB
34312,80,peter-paul-rubens,6,portrait,4,Baroque,1382,1941,RGB
17784,20,rembrandt,6,portrait,4,Baroque,1382,1828,RGB
36416,121,el-greco,6,portrait,13,Mannerism_Late_Renaissance,1382,1773,RGB
23399,0,Unknown Artist,7,religious_painting,8,Early_Renaissance,1382,1681,RGB
51822,0,Unknown Artist,2,genre_painting,4,Baroque,1382,1709,RGB
35979,67,tintoretto,7,religious_painting,13,Mannerism_Late_Renaissance,2033,1382,RGB
35476,0,Unknown Artist,4,landscape,22,Rococo,1887,1382,RGB
4882,25,albrecht-durer,8,sketch_and_study,17,Northern_Renaissance,1759,1382,RGB
67868,0,Unknown Artist,10,Unknown Genre,4,Baroque,1431,1382,RGB
17572,20,rembrandt,6,portrait,4,Baroque,1382,1689,RGB
25533,0,Unknown Artist,6,portrait,11,High_Renaissance,1382,1592,RGB
56884,0,Unknown Artist,7,religious_painting,8,Early_Renaissance,2236,1382,RGB
45156,0,Unknown Artist,7,religious_painting,11,High_Renaissance,1382,1698,RGB
21007,87,michelangelo,7,religious_painting,11,High_Renaissance,1382,1657,RGB
56833,23,hieronymus-bosch,7,religious_painting,17,Northern_Renaissance,1382,1798,RGB
78492,0,Unknown Artist,10,Unknown Genre,13,Mannerism_Late_Renaissance,1458,1382,RGB
64857,0,Unknown Artist,6,portrait,22,Rococo,1382,1652,RGB
26036,0,Unknown Artist,6,portrait,22,Rococo,1382,1870,RGB
80085,0,Unknown Artist,10,Unknown Genre,22,Rococo,2191,1382,RGB
26482,24,leonardo-da-vinci,8,sketch_and_study,11,High_Renaissance,1382,2107,RGB
47089,67,tintoretto,6,portrait,13,Mannerism_Late_Renaissance,1382,1764,RGB
51642,0,Unknown Artist,7,religious_painting,13,Mannerism_Late_Renaissance,1977,1382,RGB
17966,0,Unknown Artist,10,Unknown Genre,17,Northern_Renaissance,2037,1382,RGB
231,0,Unknown Artist,10,Unknown Genre,17,Northern_Renaissance,1826,1382,RGB
42185,0,Unknown Artist,6,portrait,11,High_Renaissance,1382,1946,RGB
21304,0,Unknown Artist,6,portrait,22,Rococo,1382,1845,RGB
7656,25,albrecht-durer,2,genre_painting,17,Northern_Renaissance,1382,1867,RGB
43198,0,Unknown Artist,7,religious_painting,11,High_Renaissance,1511,1382,RGB
57957,0,Unknown Artist,1,cityscape,22,Rococo,1716,1381,RGB
23937,87,michelangelo,7,religious_painting,11,High_Renaissance,1828,1382,RGB
47567,0,Unknown Artist,7,religious_painting,4,Baroque,1382,1934,RGB
56922,0,Unknown Artist,7,religious_painting,8,Early_Renaissance,1382,1846,RGB
80075,0,Unknown Artist,10,Unknown Genre,22,Rococo,1382,1714,RGB
37766,61,bartolome-esteban-murillo,2,genre_painting,4,Baroque,1382,1709,RGB
43177,29,lucas-cranach-the-elder,6,portrait,17,Northern_Renaissance,1382,2233,RGB
41772,0,Unknown Artist,8,sketch_and_study,22,Rococo,1382,1859,RGB
29952,0,Unknown Artist,7,religious_painting,4,Baroque,1382,3622,RGB
8533,25,albrecht-durer,7,religious_painting,17,Northern_Renaissance,1382,2061,RGB
21013,23,hieronymus-bosch,7,religious_painting,17,Northern_Renaissance,1382,1667,RGB
21662,0,Unknown Artist,7,religious_painting,4,Baroque,1382,2377,RGB
36024,0,Unknown Artist,6,portrait,22,Rococo,1382,1661,RGB
57054,58,pietro-perugino,7,religious_painting,11,High_Renaissance,1382,2019,RGB
21057,0,Unknown Artist,2,genre_painting,4,Baroque,1700,1382,RGB
20133,0,Unknown Artist,1,cityscape,13,Mannerism_Late_Renaissance,1882,1382,RGB
26552,0,Unknown Artist,6,portrait,11,High_Renaissance,1382,1818,RGB
34062,0,Unknown Artist,2,genre_painting,4,Baroque,2121,1382,RGB
56918,69,raphael,7,religious_painting,11,High_Renaissance,1382,1801,RGB
27121,0,Unknown Artist,9,still_life,22,Rococo,1382,1755,RGB
78539,0,Unknown Artist,10,Unknown Genre,4,Baroque,1805,1382,RGB
62101,0,Unknown Artist,8,sketch_and_study,13,Mannerism_Late_Renaissance,1382,1539,RGB
34285,0,Unknown Artist,5,nude_painting,4,Baroque,1382,1842,RGB
8525,25,albrecht-durer,6,portrait,17,Northern_Renaissance,1502,1382,RGB
30564,0,Unknown Artist,7,religious_painting,8,Early_Renaissance,1382,1566,RGB
27893,0,Unknown Artist,6,portrait,22,Rococo,1382,1891,RGB
25056,0,Unknown Artist,6,portrait,13,Mannerism_Late_Renaissance,1382,1771,RGB
38446,0,Unknown Artist,6,portrait,22,Rococo,1382,1727,RGB
48394,58,pietro-perugino,7,religious_painting,11,High_Renaissance,1942,1382,RGB
32585,82,paolo-veronese,6,portrait,13,Mannerism_Late_Renaissance,1382,2319,RGB
53035,58,pietro-perugino,7,religious_painting,8,Early_Renaissance,1778,1382,RGB
26497,0,Unknown Artist,9,still_life,22,Rococo,2033,1382,RGB
46765,0,Unknown Artist,8,sketch_and_study,22,Rococo,1382,1765,RGB
20758,69,raphael,7,religious_painting,11,High_Renaissance,1382,1857,RGB
38467,0,Unknown Artist,2,genre_painting,4,Baroque,1382,1382,RGB
21754,0,Unknown Artist,6,portrait,17,Northern_Renaissance,1382,1838,RGB
36076,83,joshua-reynolds,7,religious_painting,22,Rococo,1382,2073,RGB
23112,58,pietro-perugino,7,religious_painting,8,Early_Renaissance,1382,3525,RGB
24799,67,tintoretto,7,religious_painting,13,Mannerism_Late_Renaissance,1382,1526,RGB
79404,0,Unknown Artist,10,Unknown Genre,11,High_Renaissance,1923,1382,RGB
48846,82,paolo-veronese,6,portrait,13,Mannerism_Late_Renaissance,1382,1742,RGB
62419,0,Unknown Artist,8,sketch_and_study,4,Baroque,1382,1974,RGB
25782,0,Unknown Artist,7,religious_painting,8,Early_Renaissance,1842,1382,RGB
55783,0,Unknown Artist,7,religious_painting,11,High_Renaissance,1842,1382,RGB
37701,0,Unknown Artist,6,portrait,22,Rococo,1382,1740,RGB
48545,0,Unknown Artist,7,religious_painting,8,Early_Renaissance,1382,3295,RGB
18052,25,albrecht-durer,6,portrait,17,Northern_Renaissance,1382,1886,RGB
72269,0,Unknown Artist,10,Unknown Genre,11,High_Renaissance,1382,2049,RGB
62160,0,Unknown Artist,8,sketch_and_study,17,Northern_Renaissance,1382,1993,RGB
29579,23,hieronymus-bosch,7,religious_painting,17,Northern_Renaissance,1382,1839,RGB
47386,0,Unknown Artist,7,religious_painting,17,Northern_Renaissance,1382,2377,RGB
43120,0,Unknown Artist,6,portrait,22,Rococo,1382,1896,RGB
30530,77,titian,7,religious_painting,13,Mannerism_Late_Renaissance,1382,2372,RGB
56532,80,peter-paul-rubens,7,religious_painting,4,Baroque,1382,2463,RGB
30676,0,Unknown Artist,4,landscape,22,Rococo,2167,1382,RGB
39783,77,titian,7,religious_painting,11,High_Renaissance,1382,2068,RGB
70603,0,Unknown Artist,10,Unknown Genre,11,High_Renaissance,1382,1583,RGB
22041,0,Unknown Artist,7,religious_painting,8,Early_Renaissance,1382,5670,RGB
48204,0,Unknown Artist,7,religious_painting,11,High_Renaissance,1382,3992,RGB
53274,0,Unknown Artist,2,genre_painting,11,High_Renaissance,1382,1515,RGB
50467,0,Unknown Artist,8,sketch_and_study,8,Early_Renaissance,1382,2361,RGB
2141,20,rembrandt,4,landscape,4,Baroque,2340,1382,RGB
24793,61,bartolome-esteban-murillo,7,religious_painting,4,Baroque,1382,1687,RGB
22676,0,Unknown Artist,7,religious_painting,8,Early_Renaissance,2236,1382,RGB
79374,0,Unknown Artist,10,Unknown Genre,11,High_Renaissance,1382,1417,RGB
73702,0,Unknown Artist,10,Unknown Genre,4,Baroque,2139,1382,RGB
39569,29,lucas-cranach-the-elder,6,portrait,17,Northern_Renaissance,1382,1487,RGB
54716,0,Unknown Artist,2,genre_painting,22,Rococo,1382,1770,RGB
43082,61,bartolome-esteban-murillo,7,religious_painting,4,Baroque,1382,2011,RGB
28539,83,joshua-reynolds,6,portrait,22,Rococo,1382,2332,RGB
55799,0,Unknown Artist,7,religious_painting,17,Northern_Renaissance,1382,1660,RGB
62203,61,bartolome-esteban-murillo,8,sketch_and_study,4,Baroque,1382,2075,RGB
30737,0,Unknown Artist,6,portrait,8,Early_Renaissance,1382,1842,RGB
21214,80,peter-paul-rubens,7,religious_painting,4,Baroque,1996,1382,RGB
21407,0,Unknown Artist,6,portrait,13,Mannerism_Late_Renaissance,1382,1408,RGB
34960,0,Unknown Artist,7,religious_painting,13,Mannerism_Late_Renaissance,1382,2574,RGB
65674,77,titian,6,portrait,11,High_Renaissance,1382,1680,RGB
34989,0,Unknown Artist,7,religious_painting,8,Early_Renaissance,2128,1382,RGB
50890,0,Unknown Artist,7,religious_painting,8,Early_Renaissance,1382,3590,RGB
67933,0,Unknown Artist,10,Unknown Genre,4,Baroque,2278,1382,RGB
50967,121,el-greco,7,religious_painting,13,Mannerism_Late_Renaissance,1382,1774,RGB
27250,87,michelangelo,8,sketch_and_study,11,High_Renaissance,1382,1551,RGB
30577,24,leonardo-da-vinci,8,sketch_and_study,8,Early_Renaissance,1382,1582,RGB
19983,24,leonardo-da-vinci,6,portrait,8,Early_Renaissance,1382,1982,RGB
80006,0,Unknown Artist,10,Unknown Genre,22,Rococo,1830,1382,RGB
48702,0,Unknown Artist,7,religious_painting,17,Northern_Renaissance,2246,1382,RGB
3772,25,albrecht-durer,7,religious_painting,17,Northern_Renaissance,1382,1902,RGB
61547,0,Unknown Artist,9,still_life,4,Baroque,2624,1382,RGB
72605,0,Unknown Artist,10,Unknown Genre,22,Rococo,1686,1382,RGB
43094,0,Unknown Artist,7,religious_painting,8,Early_Renaissance,2239,1382,RGB
57009,0,Unknown Artist,7,religious_painting,11,High_Renaissance,1382,1757,RGB
42192,0,Unknown Artist,7,religious_painting,13,Mannerism_Late_Renaissance,1930,1382,RGB
55932,67,tintoretto,7,religious_painting,13,Mannerism_Late_Renaissance,1382,2933,RGB
50895,0,Unknown Artist,2,genre_painting,22,Rococo,1382,1718,RGB
78477,0,Unknown Artist,10,Unknown Genre,13,Mannerism_Late_Renaissance,1382,1382,RGB
78524,0,Unknown Artist,10,Unknown Genre,13,Mannerism_Late_Renaissance,1494,1382,RGB
26400,24,leonardo-da-vinci,8,sketch_and_study,11,High_Renaissance,1382,1887,RGB
10441,20,rembrandt,6,portrait,4,Baroque,1382,1710,RGB
62285,0,Unknown Artist,8,sketch_and_study,22,Rococo,1382,1997,RGB
72962,0,Unknown Artist,10,Unknown Genre,8,Early_Renaissance,1382,1842,RGB
50133,0,Unknown Artist,7,religious_painting,13,Mannerism_Late_Renaissance,1382,2109,RGB
29951,0,Unknown Artist,6,portrait,13,Mannerism_Late_Renaissance,1382,1750,RGB
39768,0,Unknown Artist,7,religious_painting,17,Northern_Renaissance,1382,1867,RGB
74449,0,Unknown Artist,10,Unknown Genre,13,Mannerism_Late_Renaissance,2849,1382,RGB
1299,20,rembrandt,7,religious_painting,4,Baroque,1833,1382,RGB
56587,114,anthony-van-dyck,7,religious_painting,4,Baroque,2450,1382,RGB
38269,0,Unknown Artist,7,religious_painting,11,High_Renaissance,1382,1733,RGB
10886,20,rembrandt,6,portrait,4,Baroque,1382,1774,RGB
76027,0,Unknown Artist,10,Unknown Genre,11,High_Renaissance,1382,1420,RGB
29287,67,tintoretto,6,portrait,13,Mannerism_Late_Renaissance,1382,1730,RGB
55055,0,Unknown Artist,2,genre_painting,22,Rococo,1960,1382,RGB
56558,0,Unknown Artist,7,religious_painting,13,Mannerism_Late_Renaissance,1842,1382,RGB
51392,0,Unknown Artist,6,portrait,22,Rococo,1382,1719,RGB
12221,25,albrecht-durer,7,religious_painting,17,Northern_Renaissance,1382,1876,RGB
33191,58,pietro-perugino,7,religious_painting,8,Early_Renaissance,1767,1382,RGB
49696,0,Unknown Artist,7,religious_painting,8,Early_Renaissance,1842,1382,RGB
5376,25,albrecht-durer,7,religious_painting,17,Northern_Renaissance,1382,1844,RGB
73465,0,Unknown Artist,10,Unknown Genre,4,Baroque,1867,1382,RGB
31987,0,Unknown Artist,6,portrait,22,Rococo,1382,1690,RGB
47636,0,Unknown Artist,6,portrait,22,Rococo,1382,1837,RGB
62102,87,michelangelo,8,sketch_and_study,11,High_Renaissance,1382,1824,RGB
55957,38,fra-angelico,7,religious_painting,8,Early_Renaissance,1382,1715,RGB
36884,24,leonardo-da-vinci,4,landscape,11,High_Renaissance,2070,1382,RGB
43009,0,Unknown Artist,6,portrait,22,Rococo,1382,2037,RGB
13274,20,rembrandt,6,portrait,4,Baroque,1382,1832,RGB
39758,0,Unknown Artist,7,religious_painting,8,Early_Renaissance,1382,1683,RGB
79360,0,Unknown Artist,10,Unknown Genre,11,High_Renaissance,1382,1505,RGB
42304,80,peter-paul-rubens,7,religious_painting,4,Baroque,1382,1810,RGB
17992,25,albrecht-durer,7,religious_painting,17,Northern_Renaissance,1382,1753,RGB
44618,0,Unknown Artist,1,cityscape,4,Baroque,1830,1382,RGB
37216,0,Unknown Artist,7,religious_painting,8,Early_Renaissance,1382,3325,RGB
30334,0,Unknown Artist,6,portrait,22,Rococo,1382,1737,RGB
40412,0,Unknown Artist,7,religious_painting,8,Early_Renaissance,1382,4110,RGB
19174,0,Unknown Artist,7,religious_painting,8,Early_Renaissance,1811,1382,RGB
20597,29,lucas-cranach-the-elder,6,portrait,17,Northern_Renaissance,1382,1790,RGB
38441,58,pietro-perugino,7,religious_painting,11,High_Renaissance,1382,1593,RGB
31371,0,Unknown Artist,8,sketch_and_study,4,Baroque,1382,1769,RGB
23329,0,Unknown Artist,7,religious_painting,11,High_Renaissance,1773,1382,RGB
36069,0,Unknown Artist,6,portrait,13,Mannerism_Late_Renaissance,1382,1867,RGB
20090,0,Unknown Artist,7,religious_painting,8,Early_Renaissance,1995,1382,RGB
21769,0,Unknown Artist,8,sketch_and_study,22,Rococo,2094,1382,RGB
36234,38,fra-angelico,7,religious_painting,8,Early_Renaissance,1842,1382,RGB
42991,0,Unknown Artist,6,portrait,22,Rococo,1382,1788,RGB
45961,38,fra-angelico,7,religious_painting,8,Early_Renaissance,1916,1382,RGB
70313,0,Unknown Artist,10,Unknown Genre,8,Early_Renaissance,1382,2061,RGB
65258,0,Unknown Artist,6,portrait,4,Baroque,1382,2489,RGB
49406,82,paolo-veronese,7,religious_painting,13,Mannerism_Late_Renaissance,3268,1382,RGB
36490,0,Unknown Artist,6,portrait,4,Baroque,1382,1919,RGB
24695,0,Unknown Artist,7,religious_painting,11,High_Renaissance,1790,1382,RGB
79410,0,Unknown Artist,10,Unknown Genre,11,High_Renaissance,1382,1412,RGB
31788,0,Unknown Artist,7,religious_painting,8,Early_Renaissance,1382,2669,RGB
56066,0,Unknown Artist,7,religious_painting,8,Early_Renaissance,3213,1382,RGB
76011,0,Unknown Artist,10,Unknown Genre,22,Rococo,1629,1382,RGB
47922,0,Unknown Artist,7,religious_painting,8,Early_Renaissance,1382,2010,RGB
76337,0,Unknown Artist,10,Unknown Genre,8,Early_Renaissance,1382,2133,RGB
76786,0,Unknown Artist,10,Unknown Genre,11,High_Renaissance,2224,1382,RGB
75183,0,Unknown Artist,10,Unknown Genre,13,Mannerism_Late_Renaissance,1382,1610,RGB
9150,25,albrecht-durer,7,religious_painting,17,Northern_Renaissance,1382,1963,RGB
28127,110,joseph-wright,2,genre_painting,4,Baroque,1382,1736,RGB
18005,25,albrecht-durer,4,landscape,17,Northern_Renaissance,1760,1382,RGB
1543,25,albrecht-durer,7,religious_painting,17,Northern_Renaissance,1382,2273,RGB
69405,0,Unknown Artist,10,Unknown Genre,4,Baroque,1457,1382,RGB
71419,0,Unknown Artist,10,Unknown Genre,11,High_Renaissance,1382,1701,RGB
42841,69,raphael,7,religious_painting,11,High_Renaissance,1382,1414,RGB
33666,0,Unknown Artist,4,landscape,4,Baroque,2506,1382,RGB
76279,0,Unknown Artist,10,Unknown Genre,22,Rococo,1382,1616,RGB
46384,0,Unknown Artist,8,sketch_and_study,13,Mannerism_Late_Renaissance,1841,1381,RGB
46027,0,Unknown Artist,8,sketch_and_study,8,Early_Renaissance,1793,1382,RGB
35947,0,Unknown Artist,2,genre_painting,22,Rococo,1382,1714,RGB
63925,83,joshua-reynolds,6,portrait,22,Rococo,1382,1805,RGB
21854,0,Unknown Artist,7,religious_painting,4,Baroque,1382,1863,RGB
21661,77,titian,2,genre_painting,11,High_Renaissance,1382,1963,RGB
32916,0,Unknown Artist,7,religious_painting,8,Early_Renaissance,1382,1882,RGB
20435,0,Unknown Artist,7,religious_painting,8,Early_Renaissance,1382,1750,RGB
22757,0,Unknown Artist,2,genre_painting,22,Rococo,1690,1382,RGB
46747,0,Unknown Artist,6,portrait,13,Mannerism_Late_Renaissance,1382,1767,RGB
33545,121,el-greco,7,religious_painting,13,Mannerism_Late_Renaissance,1382,1795,RGB
21912,0,Unknown Artist,6,portrait,13,Mannerism_Late_Renaissance,1382,2022,RGB
6635,25,albrecht-durer,7,religious_painting,17,Northern_Renaissance,1382,1930,RGB
56738,0,Unknown Artist,7,religious_painting,11,High_Renaissance,1382,1943,RGB
69682,0,Unknown Artist,10,Unknown Genre,13,Mannerism_Late_Renaissance,1382,1963,RGB
35949,0,Unknown Artist,2,genre_painting,4,Baroque,1660,1382,RGB
49043,58,pietro-perugino,6,portrait,11,High_Renaissance,1382,1681,RGB
46018,0,Unknown Artist,7,religious_painting,8,Early_Renaissance,1382,2075,RGB
37466,0,Unknown Artist,7,religious_painting,22,Rococo,1798,1382,RGB
54692,0,Unknown Artist,2,genre_painting,4,Baroque,1912,1382,RGB
54861,0,Unknown Artist,2,genre_painting,22,Rococo,1664,1382,RGB
51354,0,Unknown Artist,6,portrait,4,Baroque,1382,2468,RGB
26835,0,Unknown Artist,7,religious_painting,13,Mannerism_Late_Renaissance,1382,1565,RGB
24940,29,lucas-cranach-the-elder,6,portrait,17,Northern_Renaissance,1382,2055,RGB
22469,0,Unknown Artist,6,portrait,4,Baroque,1382,1818,RGB
48622,0,Unknown Artist,7,religious_painting,11,High_Renaissance,1382,2062,RGB
56123,58,pietro-perugino,7,religious_painting,8,Early_Renaissance,1382,1985,RGB
62473,0,Unknown Artist,8,sketch_and_study,8,Early_Renaissance,1382,2075,RGB
56209,0,Unknown Artist,7,religious_painting,8,Early_Renaissance,1672,1382,RGB
62570,0,Unknown Artist,8,sketch_and_study,8,Early_Renaissance,1382,1917,RGB
42420,0,Unknown Artist,7,religious_painting,8,Early_Renaissance,1382,1914,RGB
78527,0,Unknown Artist,10,Unknown Genre,13,Mannerism_Late_Renaissance,2170,1382,RGB
6055,25,albrecht-durer,7,religious_painting,17,Northern_Renaissance,1382,2254,RGB
80520,0,Unknown Artist,10,Unknown Genre,8,Early_Renaissance,1991,1382,RGB
9015,25,albrecht-durer,7,religious_painting,17,Northern_Renaissance,1382,1896,RGB
18062,25,albrecht-durer,8,sketch_and_study,17,Northern_Renaissance,1382,2236,RGB
53736,0,Unknown Artist,2,genre_painting,22,Rococo,1382,1849,RGB
71473,0,Unknown Artist,10,Unknown Genre,4,Baroque,1382,1818,RGB
57151,58,pietro-perugino,7,religious_painting,11,High_Renaissance,1382,1817,RGB
72258,0,Unknown Artist,10,Unknown Genre,13,Mannerism_Late_Renaissance,1382,1842,RGB
78474,0,Unknown Artist,10,Unknown Genre,13,Mannerism_Late_Renaissance,2306,1382,RGB
30307,0,Unknown Artist,6,portrait,22,Rococo,1382,1753,RGB
45639,0,Unknown Artist,7,religious_painting,17,Northern_Renaissance,1794,1382,RGB
20241,0,Unknown Artist,7,religious_painting,8,Early_Renaissance,1671,1382,RGB
7890,25,albrecht-durer,7,religious_painting,17,Northern_Renaissance,1381,1960,RGB
24752,0,Unknown Artist,7,religious_painting,8,Early_Renaissance,1382,2126,RGB
56378,0,Unknown Artist,7,religious_painting,11,High_Renaissance,1382,1785,RGB
56982,0,Unknown Artist,7,religious_painting,8,Early_Renaissance,1382,1782,RGB
35177,69,raphael,7,religious_painting,11,High_Renaissance,1382,1692,RGB
22824,0,Unknown Artist,7,religious_painting,8,Early_Renaissance,1382,1779,RGB
49682,110,joseph-wright,6,portrait,4,Baroque,1382,1740,RGB
29782,0,Unknown Artist,7,religious_painting,17,Northern_Renaissance,1382,2048,RGB
39407,0,Unknown Artist,6,portrait,4,Baroque,1381,1627,RGB
41217,0,Unknown Artist,7,religious_painting,13,Mannerism_Late_Renaissance,1382,1677,RGB
19242,29,lucas-cranach-the-elder,6,portrait,17,Northern_Renaissance,1382,1928,RGB
47713,83,joshua-reynolds,6,portrait,22,Rococo,1382,1739,RGB
62523,0,Unknown Artist,8,sketch_and_study,13,Mannerism_Late_Renaissance,1382,1775,RGB
80071,0,Unknown Artist,10,Unknown Genre,22,Rococo,1645,1382,RGB
45865,87,michelangelo,5,nude_painting,11,High_Renaissance,1382,2126,RGB
51452,0,Unknown Artist,7,religious_painting,8,Early_Renaissance,1382,1983,RGB
17752,20,rembrandt,6,portrait,4,Baroque,1382,1787,RGB
21791,0,Unknown Artist,7,religious_painting,11,High_Renaissance,1382,1641,RGB
44787,0,Unknown Artist,6,portrait,4,Baroque,1382,1621,RGB
56279,0,Unknown Artist,7,religious_painting,8,Early_Renaissance,1382,2272,RGB
62694,0,Unknown Artist,3,illustration,4,Baroque,1382,1792,RGB
76557,0,Unknown Artist,10,Unknown Genre,4,Baroque,2073,1382,RGB
26706,23,hieronymus-bosch,7,religious_painting,17,Northern_Renaissance,1382,1691,RGB
23711,82,paolo-veronese,7,religious_painting,13,Mannerism_Late_Renaissance,2693,1382,RGB
36455,67,tintoretto,7,religious_painting,13,Mannerism_Late_Renaissance,2828,1382,RGB
19732,0,Unknown Artist,2,genre_painting,4,Baroque,1382,1819,RGB
78733,0,Unknown Artist,10,Unknown Genre,4,Baroque,1382,2731,RGB
69384,0,Unknown Artist,10,Unknown Genre,11,High_Renaissance,1382,1649,RGB
9832,20,rembrandt,6,portrait,4,Baroque,1382,1832,RGB
76706,0,Unknown Artist,10,Unknown Genre,11,High_Renaissance,1488,1382,RGB
34815,0,Unknown Artist,7,religious_painting,17,Northern_Renaissance,1382,2176,RGB
19982,0,Unknown Artist,2,genre_painting,4,Baroque,1382,1834,RGB
37452,0,Unknown Artist,7,religious_painting,17,Northern_Renaissance,1382,1921,RGB
65222,0,Unknown Artist,6,portrait,22,Rococo,1382,1731,RGB
64810,0,Unknown Artist,6,portrait,22,Rococo,1382,2103,RGB
69747,0,Unknown Artist,10,Unknown Genre,11,High_Renaissance,2046,1382,RGB
21376,0,Unknown Artist,6,portrait,22,Rococo,1382,1808,RGB
57017,121,el-greco,7,religious_painting,13,Mannerism_Late_Renaissance,1382,1793,RGB
21902,0,Unknown Artist,2,genre_painting,11,High_Renaissance,1382,1622,RGB
39070,87,michelangelo,7,religious_painting,11,High_Renaissance,1382,1517,RGB
17957,25,albrecht-durer,7,religious_painting,17,Northern_Renaissance,1382,1902,RGB
29289,69,raphael,2,genre_painting,11,High_Renaissance,1911,1382,RGB
39920,69,raphael,7,religious_painting,11,High_Renaissance,2253,1382,RGB
24286,0,Unknown Artist,2,genre_painting,4,Baroque,1982,1382,RGB
55683,0,Unknown Artist,7,religious_painting,13,Mannerism_Late_Renaissance,1382,1818,RGB
17673,20,rembrandt,7,religious_painting,4,Baroque,1810,1382,RGB
27008,0,Unknown Artist,6,portrait,4,Baroque,1382,1681,RGB
36768,0,Unknown Artist,6,portrait,11,High_Renaissance,1382,1545,RGB
51453,0,Unknown Artist,6,portrait,11,High_Renaissance,1382,1896,RGB
51778,24,leonardo-da-vinci,7,religious_painting,11,High_Renaissance,1382,1845,RGB
34666,0,Unknown Artist,7,religious_painting,8,Early_Renaissance,3032,1382,RGB
32141,0,Unknown Artist,6,portrait,4,Baroque,1382,2100,RGB
73409,0,Unknown Artist,10,Unknown Genre,11,High_Renaissance,1382,2878,RGB
64780,77,titian,6,portrait,13,Mannerism_Late_Renaissance,1382,1741,RGB
30750,0,Unknown Artist,6,portrait,13,Mannerism_Late_Renaissance,1382,1932,RGB
56523,77,titian,7,religious_painting,13,Mannerism_Late_Renaissance,1382,2539,RGB
57032,0,Unknown Artist,7,religious_painting,11,High_Renaissance,1954,1382,RGB
26130,38,fra-angelico,7,religious_painting,8,Early_Renaissance,1382,1440,RGB
39971,0,Unknown Artist,7,religious_painting,8,Early_Renaissance,2245,1382,RGB
36772,0,Unknown Artist,2,genre_painting,4,Baroque,1382,1683,RGB
31810,0,Unknown Artist,6,portrait,13,Mannerism_Late_Renaissance,1382,1600,RGB
62329,24,leonardo-da-vinci,8,sketch_and_study,8,Early_Renaissance,1382,2157,RGB
45186,38,fra-angelico,7,religious_painting,8,Early_Renaissance,1382,4064,RGB
25694,0,Unknown Artist,7,religious_painting,8,Early_Renaissance,1993,1382,RGB
64762,117,hans-holbein-the-younger,6,portrait,17,Northern_Renaissance,1382,1721,RGB
5605,25,albrecht-durer,8,sketch_and_study,17,Northern_Renaissance,1382,1747,RGB
65195,0,Unknown Artist,6,portrait,22,Rococo,1382,1785,RGB
59052,121,el-greco,4,landscape,13,Mannerism_Late_Renaissance,2408,1382,RGB
46043,0,Unknown Artist,6,portrait,13,Mannerism_Late_Renaissance,2288,1382,RGB
23324,0,Unknown Artist,6,portrait,22,Rococo,1382,1897,RGB
22682,0,Unknown Artist,6,portrait,22,Rococo,1382,2204,RGB
22161,77,titian,7,religious_painting,13,Mannerism_Late_Renaissance,1382,2309,RGB
70100,0,Unknown Artist,10,Unknown Genre,8,Early_Renaissance,1382,3639,RGB
58190,0,Unknown Artist,1,cityscape,22,Rococo,2566,1382,RGB
35863,0,Unknown Artist,7,religious_painting,4,Baroque,1382,1842,RGB
22074,38,fra-angelico,7,religious_painting,8,Early_Renaissance,2254,1382,RGB
71788,0,Unknown Artist,10,Unknown Genre,13,Mannerism_Late_Renaissance,1685,1382,RGB
25128,0,Unknown Artist,6,portrait,8,Early_Renaissance,1382,1859,RGB
57466,87,michelangelo,5,nude_painting,11,High_Renaissance,1382,2117,RGB
33864,23,hieronymus-bosch,7,religious_painting,17,Northern_Renaissance,1382,4148,RGB
69894,0,Unknown Artist,10,Unknown Genre,11,High_Renaissance,1382,2034,RGB
38134,0,Unknown Artist,6,portrait,22,Rococo,1382,1787,RGB
36074,0,Unknown Artist,7,religious_painting,8,Early_Renaissance,1382,2046,RGB
64591,121,el-greco,6,portrait,13,Mannerism_Late_Renaissance,1382,1707,RGB
35588,0,Unknown Artist,6,portrait,22,Rococo,1382,1667,RGB
61525,0,Unknown Artist,9,still_life,22,Rococo,1697,1382,RGB
4906,25,albrecht-durer,6,portrait,17,Northern_Renaissance,1382,1844,RGB
58236,0,Unknown Artist,1,cityscape,22,Rococo,1881,1382,RGB
32622,83,joshua-reynolds,6,portrait,22,Rococo,1382,1716,RGB
34721,0,Unknown Artist,6,portrait,13,Mannerism_Late_Renaissance,1382,1964,RGB
6379,20,rembrandt,10,Unknown Genre,4,Baroque,1382,1718,RGB
56719,0,Unknown Artist,7,religious_painting,17,Northern_Renaissance,1382,1757,RGB
5882,0,Unknown Artist,10,Unknown Genre,17,Northern_Renaissance,1382,1827,RGB
57111,0,Unknown Artist,7,religious_painting,8,Early_Renaissance,1842,1382,RGB
45965,0,Unknown Artist,6,portrait,4,Baroque,1382,1935,RGB
27130,0,Unknown Artist,4,landscape,4,Baroque,1804,1382,RGB
48753,121,el-greco,6,portrait,13,Mannerism_Late_Renaissance,1382,1916,RGB
73373,0,Unknown Artist,10,Unknown Genre,22,Rococo,2049,1382,RGB
70762,0,Unknown Artist,10,Unknown Genre,22,Rococo,1382,2820,RGB
56703,0,Unknown Artist,7,religious_painting,8,Early_Renaissance,1382,1609,RGB
56242,0,Unknown Artist,7,religious_painting,13,Mannerism_Late_Renaissance,1645,1382,RGB
23117,77,titian,7,religious_painting,11,High_Renaissance,1382,1730,RGB
47763,0,Unknown Artist,6,portrait,4,Baroque,1382,1756,RGB
35737,0,Unknown Artist,6,portrait,8,Early_Renaissance,1382,2082,RGB
71628,0,Unknown Artist,10,Unknown Genre,13,Mannerism_Late_Renaissance,1382,1737,RGB
18176,25,albrecht-durer,6,portrait,17,Northern_Renaissance,1382,1727,RGB
52655,0,Unknown Artist,7,religious_painting,8,Early_Renaissance,1733,1382,RGB
70723,0,Unknown Artist,10,Unknown Genre,4,Baroque,1382,1547,RGB
44404,0,Unknown Artist,2,genre_painting,4,Baroque,1382,1529,RGB
70726,0,Unknown Artist,10,Unknown Genre,8,Early_Renaissance,1382,2236,RGB
78620,0,Unknown Artist,10,Unknown Genre,4,Baroque,2149,1382,RGB
79387,0,Unknown Artist,10,Unknown Genre,11,High_Renaissance,1733,1382,RGB
76843,0,Unknown Artist,10,Unknown Genre,4,Baroque,1864,1382,RGB
20977,0,Unknown Artist,9,still_life,4,Baroque,2087,1382,RGB
51797,29,lucas-cranach-the-elder,7,religious_painting,17,Northern_Renaissance,1382,1832,RGB
36643,0,Unknown Artist,6,portrait,8,Early_Renaissance,1382,1742,RGB
46459,0,Unknown Artist,2,genre_painting,4,Baroque,1382,1725,RGB
30031,38,fra-angelico,7,religious_painting,8,Early_Renaissance,2204,1382,RGB
56055,0,Unknown Artist,7,religious_painting,4,Baroque,1382,1685,RGB
23823,29,lucas-cranach-the-elder,6,portrait,17,Northern_Renaissance,1382,1855,RGB
80008,0,Unknown Artist,10,Unknown Genre,22,Rococo,1382,3142,RGB
11786,0,Unknown Artist,10,Unknown Genre,17,Northern_Renaissance,1382,1788,RGB
42645,0,Unknown Artist,6,portrait,22,Rococo,1534,1382,RGB
52344,0,Unknown Artist,7,religious_painting,13,Mannerism_Late_Renaissance,1382,1867,RGB
56045,0,Unknown Artist,7,religious_painting,8,Early_Renaissance,1740,1382,RGB
30018,58,pietro-perugino,7,religious_painting,8,Early_Renaissance,2302,1382,RGB
45857,87,michelangelo,8,sketch_and_study,11,High_Renaissance,1382,1720,RGB
19628,87,michelangelo,7,religious_painting,11,High_Renaissance,2400,1382,RGB
30616,0,Unknown Artist,6,portrait,22,Rococo,1382,1748,RGB
30650,0,Unknown Artist,6,portrait,17,Northern_Renaissance,1382,1466,RGB
46971,0,Unknown Artist,8,sketch_and_study,22,Rococo,1382,1766,RGB
63378,0,Unknown Artist,6,portrait,13,Mannerism_Late_Renaissance,1382,1888,RGB
35638,38,fra-angelico,7,religious_painting,8,Early_Renaissance,1983,1382,RGB
76368,0,Unknown Artist,10,Unknown Genre,11,High_Renaissance,1433,1382,RGB
38936,0,Unknown Artist,6,portrait,22,Rococo,1382,1816,RGB
55991,58,pietro-perugino,7,religious_painting,11,High_Renaissance,1382,2378,RGB
30707,0,Unknown Artist,9,still_life,22,Rococo,1382,1691,RGB
33628,0,Unknown Artist,7,religious_painting,11,High_Renaissance,1719,1382,RGB
641,25,albrecht-durer,8,sketch_and_study,17,Northern_Renaissance,1382,1816,RGB
30167,0,Unknown Artist,2,genre_painting,17,Northern_Renaissance,2140,1382,RGB
79367,0,Unknown Artist,10,Unknown Genre,11,High_Renaissance,2017,1382,RGB
48225,69,raphael,8,sketch_and_study,11,High_Renaissance,1382,1957,RGB
32034,0,Unknown Artist,7,religious_painting,17,Northern_Renaissance,1382,1769,RGB
45203,82,paolo-veronese,7,religious_painting,13,Mannerism_Late_Renaissance,1382,2364,RGB
30968,0,Unknown Artist,7,religious_painting,17,Northern_Renaissance,1382,1896,RGB
69842,0,Unknown Artist,10,Unknown Genre,4,Baroque,1382,1963,RGB
42314,0,Unknown Artist,7,religious_painting,17,Northern_Renaissance,1381,1830,RGB
35927,0,Unknown Artist,6,portrait,17,Northern_Renaissance,1382,1806,RGB
63696,0,Unknown Artist,6,portrait,22,Rococo,1382,1860,RGB
28867,0,Unknown Artist,6,portrait,13,Mannerism_Late_Renaissance,1382,1869,RGB
34462,0,Unknown Artist,7,religious_painting,11,High_Renaissance,1382,1885,RGB
39489,0,Unknown Artist,6,portrait,22,Rococo,1382,1900,RGB
30459,0,Unknown Artist,7,religious_painting,22,Rococo,1382,1940,RGB
24554,77,titian,8,sketch_and_study,11,High_Renaissance,1382,1634,RGB
6924,20,rembrandt,6,portrait,4,Baroque,1382,1744,RGB
27364,0,Unknown Artist,2,genre_painting,17,Northern_Renaissance,1828,1382,RGB
21610,61,bartolome-esteban-murillo,7,religious_painting,4,Baroque,1382,1955,RGB
25430,0,Unknown Artist,7,religious_painting,11,High_Renaissance,1382,1896,RGB
44399,23,hieronymus-bosch,7,religious_painting,17,Northern_Renaissance,1382,1391,RGB
65133,77,titian,6,portrait,13,Mannerism_Late_Renaissance,1382,1735,RGB
8921,25,albrecht-durer,8,sketch_and_study,17,Northern_Renaissance,1790,1382,RGB
63515,0,Unknown Artist,6,portrait,22,Rococo,1382,1679,RGB
29261,103,hans-memling,6,portrait,17,Northern_Renaissance,1382,1698,RGB
24275,0,Unknown Artist,7,religious_painting,8,Early_Renaissance,1382,2153,RGB
70381,0,Unknown Artist,10,Unknown Genre,22,Rococo,1414,1382,RGB
25719,82,paolo-veronese,7,religious_painting,13,Mannerism_Late_Renaissance,1382,1604,RGB
53210,0,Unknown Artist,2,genre_painting,4,Baroque,1890,1382,RGB
17607,20,rembrandt,2,genre_painting,4,Baroque,1382,1679,RGB
56848,0,Unknown Artist,7,religious_painting,8,Early_Renaissance,1733,1382,RGB
51437,0,Unknown Artist,7,religious_painting,8,Early_Renaissance,3882,1382,RGB
69596,0,Unknown Artist,10,Unknown Genre,13,Mannerism_Late_Renaissance,1382,1477,RGB
9400,25,albrecht-durer,4,landscape,17,Northern_Renaissance,1387,1382,RGB
73882,0,Unknown Artist,10,Unknown Genre,17,Northern_Renaissance,1382,1581,RGB
69071,0,Unknown Artist,10,Unknown Genre,17,Northern_Renaissance,1382,1999,RGB
32281,0,Unknown Artist,7,religious_painting,13,Mannerism_Late_Renaissance,1382,1642,RGB
64791,67,tintoretto,6,portrait,13,Mannerism_Late_Renaissance,1382,1836,RGB
28224,0,Unknown Artist,2,genre_painting,4,Baroque,1617,1382,RGB
79376,0,Unknown Artist,10,Unknown Genre,11,High_Renaissance,1382,2903,RGB
41065,0,Unknown Artist,7,religious_painting,8,Early_Renaissance,2481,1382,RGB
70810,0,Unknown Artist,10,Unknown Genre,22,Rococo,2461,1382,RGB
68572,0,Unknown Artist,10,Unknown Genre,4,Baroque,1382,2008,RGB
24314,0,Unknown Artist,6,portrait,8,Early_Renaissance,1382,1804,RGB
80536,0,Unknown Artist,10,Unknown Genre,8,Early_Renaissance,1382,3050,RGB
74510,0,Unknown Artist,10,Unknown Genre,4,Baroque,1382,1642,RGB
27315,67,tintoretto,7,religious_painting,13,Mannerism_Late_Renaissance,1382,2749,RGB
10893,20,rembrandt,10,Unknown Genre,4,Baroque,1382,1531,RGB
56873,0,Unknown Artist,7,religious_painting,17,Northern_Renaissance,1382,3550,RGB
50124,67,tintoretto,6,portrait,13,Mannerism_Late_Renaissance,1382,1735,RGB
73419,0,Unknown Artist,10,Unknown Genre,17,Northern_Renaissance,2045,1382,RGB
20623,0,Unknown Artist,6,portrait,22,Rococo,1643,1382,RGB
38972,0,Unknown Artist,9,still_life,4,Baroque,1414,1382,RGB
44083,69,raphael,7,religious_painting,11,High_Renaissance,1382,1697,RGB
17691,20,rembrandt,7,religious_painting,4,Baroque,1598,1382,RGB
67971,0,Unknown Artist,10,Unknown Genre,13,Mannerism_Late_Renaissance,1382,1382,RGB
66020,80,peter-paul-rubens,6,portrait,4,Baroque,1843,1382,RGB
53691,0,Unknown Artist,2,genre_painting,4,Baroque,1382,1745,RGB
51766,0,Unknown Artist,7,religious_painting,8,Early_Renaissance,1382,1596,RGB
46473,0,Unknown Artist,6,portrait,22,Rococo,1382,1834,RGB
43652,0,Unknown Artist,2,genre_painting,22,Rococo,2037,1382,RGB
44769,0,Unknown Artist,7,religious_painting,8,Early_Renaissance,1842,1382,RGB
32710,0,Unknown Artist,6,portrait,8,Early_Renaissance,1382,2106,RGB
44369,38,fra-angelico,7,religious_painting,8,Early_Renaissance,1382,3145,RGB
78460,0,Unknown Artist,10,Unknown Genre,13,Mannerism_Late_Renaissance,1382,1991,RGB
32171,0,Unknown Artist,7,religious_painting,8,Early_Renaissance,1991,1382,RGB
21397,0,Unknown Artist,7,religious_painting,11,High_Renaissance,1961,1382,RGB
33966,0,Unknown Artist,4,landscape,22,Rococo,1382,1733,RGB
50849,0,Unknown Artist,6,portrait,22,Rococo,1382,1710,RGB
48085,0,Unknown Artist,8,sketch_and_study,13,Mannerism_Late_Renaissance,1382,2259,RGB
75161,0,Unknown Artist,10,Unknown Genre,22,Rococo,1382,1795,RGB
33893,0,Unknown Artist,6,portrait,8,Early_Renaissance,1382,2038,RGB
52264,0,Unknown Artist,4,landscape,22,Rococo,1848,1382,RGB
55666,0,Unknown Artist,7,religious_painting,8,Early_Renaissance,1382,2484,RGB
74038,0,Unknown Artist,10,Unknown Genre,4,Baroque,1382,1776,RGB
47495,121,el-greco,2,genre_painting,13,Mannerism_Late_Renaissance,1382,1633,RGB
78481,0,Unknown Artist,10,Unknown Genre,13,Mannerism_Late_Renaissance,1382,1617,RGB
56350,38,fra-angelico,7,religious_painting,8,Early_Renaissance,1382,1467,RGB
23506,0,Unknown Artist,7,religious_painting,4,Baroque,1382,1868,RGB
1141,20,rembrandt,8,sketch_and_study,4,Baroque,1382,1836,RGB
19310,80,peter-paul-rubens,7,religious_painting,4,Baroque,1382,2001,RGB
4862,20,rembrandt,6,portrait,4,Baroque,1382,1750,RGB
73675,0,Unknown Artist,10,Unknown Genre,8,Early_Renaissance,1494,1382,RGB
36632,0,Unknown Artist,7,religious_painting,8,Early_Renaissance,1382,4034,RGB
26204,77,titian,6,portrait,13,Mannerism_Late_Renaissance,1382,1917,RGB
56311,67,tintoretto,7,religious_painting,13,Mannerism_Late_Renaissance,1382,1859,RGB
69846,0,Unknown Artist,10,Unknown Genre,4,Baroque,1382,1706,RGB
38141,0,Unknown Artist,3,illustration,8,Early_Renaissance,2113,1382,RGB
24634,0,Unknown Artist,2,genre_painting,22,Rococo,1660,1382,RGB
64370,125,jacob-jordaens,6,portrait,4,Baroque,1382,1846,RGB
50785,126,thomas-gainsborough,4,landscape,22,Rococo,1477,1382,RGB
29820,0,Unknown Artist,8,sketch_and_study,8,Early_Renaissance,1382,1881,RGB
44442,58,pietro-perugino,7,religious_painting,11,High_Renaissance,1382,1671,RGB
49970,0,Unknown Artist,7,religious_painting,22,Rococo,1382,1801,RGB
25240,0,Unknown Artist,8,sketch_and_study,8,Early_Renaissance,1382,2077,RGB
78489,0,Unknown Artist,10,Unknown Genre,13,Mannerism_Late_Renaissance,1382,1614,RGB
72409,0,Unknown Artist,10,Unknown Genre,22,Rococo,1382,1730,RGB
40369,83,joshua-reynolds,6,portrait,22,Rococo,1382,1790,RGB
36683,116,frans-hals,6,portrait,4,Baroque,1382,1818,RGB
50429,77,titian,6,portrait,13,Mannerism_Late_Renaissance,1382,1676,RGB
57001,0,Unknown Artist,7,religious_painting,22,Rococo,1883,1382,RGB
45323,0,Unknown Artist,2,genre_painting,22,Rococo,1382,1736,RGB
23857,0,Unknown Artist,6,portrait,22,Rococo,1382,1703,RGB
52995,0,Unknown Artist,8,sketch_and_study,8,Early_Renaissance,2026,1382,RGB
45462,87,michelangelo,7,religious_painting,11,High_Renaissance,2450,1382,RGB
56208,58,pietro-perugino,7,religious_painting,8,Early_Renaissance,1382,2010,RGB
25897,0,Unknown Artist,7,religious_painting,13,Mannerism_Late_Renaissance,1382,2212,RGB
32412,0,Unknown Artist,6,portrait,13,Mannerism_Late_Renaissance,1382,1581,RGB
19597,0,Unknown Artist,7,religious_painting,11,High_Renaissance,1382,1965,RGB
26976,0,Unknown Artist,7,religious_painting,11,High_Renaissance,1382,1744,RGB
25471,0,Unknown Artist,7,religious_painting,8,Early_Renaissance,1738,1382,RGB
31194,0,Unknown Artist,7,religious_painting,17,Northern_Renaissance,1382,1508,RGB
71942,0,Unknown Artist,10,Unknown Genre,4,Baroque,1993,1382,RGB
34562,0,Unknown Artist,6,portrait,11,High_Renaissance,1382,1924,RGB
32090,121,el-greco,7,religious_painting,13,Mannerism_Late_Renaissance,1382,1830,RGB
56655,0,Unknown Artist,7,religious_painting,8,Early_Renaissance,1382,1525,RGB
74965,0,Unknown Artist,10,Unknown Genre,22,Rococo,1382,1727,RGB
4321,25,albrecht-durer,7,religious_painting,17,Northern_Renaissance,1382,1838,RGB
29127,0,Unknown Artist,6,portrait,22,Rococo,1382,1693,RGB
80011,0,Unknown Artist,10,Unknown Genre,22,Rococo,1382,1528,RGB
32701,77,titian,6,portrait,13,Mannerism_Late_Renaissance,1382,1705,RGB
43153,0,Unknown Artist,6,portrait,13,Mannerism_Late_Renaissance,1382,1647,RGB
56112,82,paolo-veronese,7,religious_painting,13,Mannerism_Late_Renaissance,1382,1738,RGB
39430,0,Unknown Artist,6,portrait,13,Mannerism_Late_Renaissance,1382,1810,RGB
37486,77,titian,7,religious_painting,11,High_Renaissance,1842,1382,RGB
41953,121,el-greco,7,religious_painting,13,Mannerism_Late_Renaissance,1382,2008,RGB
47974,0,Unknown Artist,2,genre_painting,4,Baroque,1601,1382,RGB
68987,0,Unknown Artist,10,Unknown Genre,13,Mannerism_Late_Renaissance,1381,1830,RGB
6118,20,rembrandt,6,portrait,4,Baroque,1382,1746,RGB
37634,0,Unknown Artist,2,genre_painting,4,Baroque,1382,1710,RGB
65130,0,Unknown Artist,6,portrait,13,Mannerism_Late_Renaissance,1382,1770,RGB
56131,58,pietro-perugino,7,religious_painting,11,High_Renaissance,1382,1582,RGB
19482,103,hans-memling,6,portrait,17,Northern_Renaissance,1382,1888,RGB
51970,0,Unknown Artist,7,religious_painting,17,Northern_Renaissance,1382,2108,RGB
75148,0,Unknown Artist,10,Unknown Genre,13,Mannerism_Late_Renaissance,1382,1942,RGB
78682,0,Unknown Artist,10,Unknown Genre,4,Baroque,1382,1610,RGB
23457,0,Unknown Artist,7,religious_painting,4,Baroque,1382,2187,RGB
9000,25,albrecht-durer,8,sketch_and_study,17,Northern_Renaissance,1382,1621,RGB
2339,20,rembrandt,10,Unknown Genre,4,Baroque,2010,1382,RGB
76507,0,Unknown Artist,10,Unknown Genre,11,High_Renaissance,1382,1450,RGB
44758,67,tintoretto,6,portrait,13,Mannerism_Late_Renaissance,1382,1816,RGB
45421,0,Unknown Artist,6,portrait,4,Baroque,1382,2786,RGB
78559,0,Unknown Artist,10,Unknown Genre,4,Baroque,1832,1382,RGB
67838,0,Unknown Artist,10,Unknown Genre,8,Early_Renaissance,1878,1382,RGB
56361,0,Unknown Artist,7,religious_painting,11,High_Renaissance,1381,1413,RGB
33243,0,Unknown Artist,7,religious_painting,17,Northern_Renaissance,1382,1794,RGB
57095,0,Unknown Artist,7,religious_painting,4,Baroque,1382,1554,RGB
20088,58,pietro-perugino,7,religious_painting,11,High_Renaissance,1498,1382,RGB
78523,0,Unknown Artist,10,Unknown Genre,13,Mannerism_Late_Renaissance,1407,1382,RGB
36850,0,Unknown Artist,7,religious_painting,8,Early_Renaissance,1680,1382,RGB
19995,0,Unknown Artist,8,sketch_and_study,8,Early_Renaissance,1452,1382,RGB
33541,80,peter-paul-rubens,7,religious_painting,4,Baroque,1382,1853,RGB
24510,77,titian,6,portrait,13,Mannerism_Late_Renaissance,1382,1760,RGB
8805,25,albrecht-durer,5,nude_painting,17,Northern_Renaissance,1382,2549,RGB
30020,0,Unknown Artist,7,religious_painting,8,Early_Renaissance,3529,1382,RGB
43734,0,Unknown Artist,6,portrait,22,Rococo,1382,1800,RGB
62270,0,Unknown Artist,8,sketch_and_study,11,High_Renaissance,1382,2231,RGB
56230,0,Unknown Artist,7,religious_painting,8,Early_Renaissance,1382,2707,RGB
52366,0,Unknown Artist,7,religious_painting,13,Mannerism_Late_Renaissance,1842,1382,RGB
75413,0,Unknown Artist,10,Unknown Genre,4,Baroque,1935,1382,RGB
37534,0,Unknown Artist,6,portrait,22,Rococo,1382,1765,RGB
40276,121,el-greco,7,religious_painting,13,Mannerism_Late_Renaissance,1382,2496,RGB
26525,77,titian,6,portrait,11,High_Renaissance,1382,1742,RGB
33407,0,Unknown Artist,7,religious_painting,8,Early_Renaissance,1382,1825,RGB
3993,25,albrecht-durer,7,religious_painting,17,Northern_Renaissance,1382,1755,RGB
46214,0,Unknown Artist,7,religious_painting,8,Early_Renaissance,2115,1382,RGB
63504,0,Unknown Artist,6,portrait,22,Rococo,1382,1871,RGB
44319,38,fra-angelico,7,religious_painting,8,Early_Renaissance,3617,1382,RGB
64980,83,joshua-reynolds,6,portrait,22,Rococo,1598,1382,RGB
43111,0,Unknown Artist,6,portrait,22,Rococo,1382,1657,RGB
52547,38,fra-angelico,7,religious_painting,8,Early_Renaissance,1382,1399,RGB
68630,0,Unknown Artist,10,Unknown Genre,11,High_Renaissance,1382,1692,RGB
33854,0,Unknown Artist,2,genre_painting,17,Northern_Renaissance,2047,1382,RGB
5035,25,albrecht-durer,7,religious_painting,17,Northern_Renaissance,1883,1382,RGB
64814,117,hans-holbein-the-younger,6,portrait,17,Northern_Renaissance,1382,1712,RGB
68612,0,Unknown Artist,10,Unknown Genre,13,Mannerism_Late_Renaissance,1438,1382,RGB
26827,77,titian,7,religious_painting,11,High_Renaissance,1875,1382,RGB
70083,0,Unknown Artist,10,Unknown Genre,17,Northern_Renaissance,3848,1382,RGB
63764,117,hans-holbein-the-younger,6,portrait,17,Northern_Renaissance,1382,1884,RGB
57136,0,Unknown Artist,7,religious_painting,17,Northern_Renaissance,1382,1856,RGB
28999,58,pietro-perugino,7,religious_painting,11,High_Renaissance,1382,1502,RGB
25463,0,Unknown Artist,7,religious_painting,8,Early_Renaissance,1382,1771,RGB
74187,0,Unknown Artist,10,Unknown Genre,22,Rococo,1382,1572,RGB
33387,0,Unknown Artist,2,genre_painting,4,Baroque,1382,1832,RGB
36289,0,Unknown Artist,7,religious_painting,8,Early_Renaissance,1571,1382,RGB
31074,0,Unknown Artist,6,portrait,22,Rococo,1382,1844,RGB
28036,0,Unknown Artist,6,portrait,22,Rococo,1382,1699,RGB
76472,0,Unknown Artist,10,Unknown Genre,11,High_Renaissance,1382,2267,RGB
42100,0,Unknown Artist,6,portrait,22,Rococo,1382,1750,RGB
39080,0,Unknown Artist,7,religious_painting,8,Early_Renaissance,3199,1382,RGB
17644,20,rembrandt,8,sketch_and_study,4,Baroque,2019,1382,RGB
70330,0,Unknown Artist,10,Unknown Genre,11,High_Renaissance,1729,1382,RGB
78577,0,Unknown Artist,10,Unknown Genre,4,Baroque,1870,1382,RGB
70777,0,Unknown Artist,10,Unknown Genre,11,High_Renaissance,1382,1432,RGB
38241,0,Unknown Artist,7,religious_painting,11,High_Renaissance,1382,1393,RGB
23493,0,Unknown Artist,6,portrait,17,Northern_Renaissance,1382,1841,RGB
31758,0,Unknown Artist,6,portrait,4,Baroque,1382,2706,RGB
28633,0,Unknown Artist,6,portrait,22,Rococo,1381,1703,RGB
45994,0,Unknown Artist,6,portrait,22,Rococo,1382,1754,RGB
40344,121,el-greco,6,portrait,13,Mannerism_Late_Renaissance,1382,1981,RGB
56162,103,hans-memling,7,religious_painting,17,Northern_Renaissance,1382,1977,RGB
49963,0,Unknown Artist,6,portrait,11,High_Renaissance,1382,1773,RGB
64684,121,el-greco,6,portrait,13,Mannerism_Late_Renaissance,1382,1785,RGB
62963,83,joshua-reynolds,6,portrait,4,Baroque,1382,1757,RGB
79401,0,Unknown Artist,10,Unknown Genre,11,High_Renaissance,1382,1597,RGB
45419,80,peter-paul-rubens,6,portrait,4,Baroque,1381,1948,RGB
19492,0,Unknown Artist,6,portrait,17,Northern_Renaissance,1382,2003,RGB
35923,0,Unknown Artist,7,religious_painting,13,Mannerism_Late_Renaissance,1658,1382,RGB
48729,0,Unknown Artist,7,religious_painting,8,Early_Renaissance,1382,3275,RGB
73236,0,Unknown Artist,10,Unknown Genre,13,Mannerism_Late_Renaissance,1382,1825,RGB
48727,87,michelangelo,7,religious_painting,11,High_Renaissance,2439,1382,RGB
30768,116,frans-hals,6,portrait,4,Baroque,1382,1689,RGB
51758,126,thomas-gainsborough,6,portrait,22,Rococo,1382,1711,RGB
69294,0,Unknown Artist,10,Unknown Genre,11,High_Renaissance,1673,1382,RGB
70525,0,Unknown Artist,10,Unknown Genre,17,Northern_Renaissance,1935,1382,RGB
3588,20,rembrandt,6,portrait,4,Baroque,1382,1794,RGB
41273,0,Unknown Artist,6,portrait,13,Mannerism_Late_Renaissance,1382,2014,RGB
41571,126,thomas-gainsborough,6,portrait,22,Rococo,1382,2136,RGB
35741,82,paolo-veronese,6,portrait,13,Mannerism_Late_Renaissance,1382,1575,RGB
32251,0,Unknown Artist,2,genre_painting,4,Baroque,1751,1382,RGB
32258,24,leonardo-da-vinci,8,sketch_and_study,11,High_Renaissance,1951,1382,RGB
10773,0,Unknown Artist,10,Unknown Genre,17,Northern_Renaissance,1382,1941,RGB
64987,0,Unknown Artist,6,portrait,17,Northern_Renaissance,1382,1925,RGB
45259,0,Unknown Artist,7,religious_painting,22,Rococo,1382,2066,RGB
38019,23,hieronymus-bosch,7,religious_painting,17,Northern_Renaissance,1382,1663,RGB
74395,0,Unknown Artist,10,Unknown Genre,4,Baroque,1885,1382,RGB
45671,0,Unknown Artist,8,sketch_and_study,8,Early_Renaissance,1990,1382,RGB
22891,77,titian,7,religious_painting,11,High_Renaissance,2021,1382,RGB
41659,0,Unknown Artist,6,portrait,22,Rococo,1382,1672,RGB
48397,87,michelangelo,7,religious_painting,11,High_Renaissance,1660,1382,RGB
19222,0,Unknown Artist,2,genre_painting,22,Rococo,1382,1783,RGB
20019,0,Unknown Artist,7,religious_painting,4,Baroque,1382,1753,RGB
34428,24,leonardo-da-vinci,8,sketch_and_study,11,High_Renaissance,1382,1724,RGB
10362,25,albrecht-durer,6,portrait,17,Northern_Renaissance,1381,1988,RGB
56875,58,pietro-perugino,7,religious_painting,11,High_Renaissance,1382,1643,RGB
26814,117,hans-holbein-the-younger,6,portrait,17,Northern_Renaissance,1382,1699,RGB
45604,0,Unknown Artist,7,religious_painting,8,Early_Renaissance,1842,1382,RGB
38461,0,Unknown Artist,7,religious_painting,8,Early_Renaissance,1736,1382,RGB
73252,0,Unknown Artist,10,Unknown Genre,4,Baroque,1626,1382,RGB
29045,126,thomas-gainsborough,6,portrait,22,Rococo,1382,1829,RGB
54691,82,paolo-veronese,2,genre_painting,13,Mannerism_Late_Renaissance,1382,1956,RGB
56207,0,Unknown Artist,7,religious_painting,11,High_Renaissance,1570,1382,RGB
21963,121,el-greco,7,religious_painting,13,Mannerism_Late_Renaissance,1382,1872,RGB
39152,0,Unknown Artist,7,religious_painting,17,Northern_Renaissance,1382,1957,RGB
20580,38,fra-angelico,7,religious_painting,8,Early_Renaissance,1382,1645,RGB
47249,0,Unknown Artist,2,genre_painting,22,Rococo,1685,1382,RGB
50094,0,Unknown Artist,7,religious_painting,8,Early_Renaissance,1382,1877,RGB
46806,0,Unknown Artist,7,religious_painting,17,Northern_Renaissance,1672,1382,RGB
63041,0,Unknown Artist,6,portrait,22,Rococo,1382,1753,RGB
56659,80,peter-paul-rubens,7,religious_painting,4,Baroque,1382,1469,RGB
19420,83,joshua-reynolds,6,portrait,22,Rococo,1382,1745,RGB
21160,0,Unknown Artist,7,religious_painting,11,High_Renaissance,1382,1645,RGB
38162,0,Unknown Artist,1,cityscape,13,Mannerism_Late_Renaissance,1976,1382,RGB
51369,0,Unknown Artist,2,genre_painting,22,Rococo,1734,1382,RGB
29901,0,Unknown Artist,7,religious_painting,8,Early_Renaissance,1382,2056,RGB
36971,0,Unknown Artist,6,portrait,22,Rococo,1382,1731,RGB
11222,25,albrecht-durer,7,religious_painting,17,Northern_Renaissance,1382,2245,RGB
20692,69,raphael,7,religious_painting,11,High_Renaissance,1382,2043,RGB
69440,0,Unknown Artist,10,Unknown Genre,22,Rococo,1382,1690,RGB
66022,117,hans-holbein-the-younger,6,portrait,17,Northern_Renaissance,1382,2042,RGB
56886,23,hieronymus-bosch,7,religious_painting,17,Northern_Renaissance,1382,1698,RGB
36461,0,Unknown Artist,7,religious_painting,13,Mannerism_Late_Renaissance,1382,2508,RGB
54650,0,Unknown Artist,2,genre_painting,4,Baroque,1382,1820,RGB
53282,0,Unknown Artist,2,genre_painting,22,Rococo,1382,1735,RGB
78729,0,Unknown Artist,10,Unknown Genre,4,Baroque,1382,1606,RGB
32227,121,el-greco,6,portrait,13,Mannerism_Late_Renaissance,1381,1963,RGB
51722,77,titian,6,portrait,11,High_Renaissance,1382,1692,RGB
75590,0,Unknown Artist,10,Unknown Genre,8,Early_Renaissance,1382,1784,RGB
56475,69,raphael,7,religious_painting,11,High_Renaissance,1382,1722,RGB
32488,77,titian,7,religious_painting,11,High_Renaissance,1802,1382,RGB
27314,0,Unknown Artist,7,religious_painting,4,Baroque,2239,1382,RGB
56687,0,Unknown Artist,7,religious_painting,17,Northern_Renaissance,1382,3228,RGB
36887,0,Unknown Artist,6,portrait,4,Baroque,1382,1634,RGB
80523,0,Unknown Artist,10,Unknown Genre,8,Early_Renaissance,1382,1744,RGB
76553,0,Unknown Artist,10,Unknown Genre,11,High_Renaissance,1382,1659,RGB
27764,0,Unknown Artist,2,genre_painting,11,High_Renaissance,1721,1382,RGB
68337,0,Unknown Artist,10,Unknown Genre,22,Rococo,1382,1676,RGB
36556,0,Unknown Artist,7,religious_painting,11,High_Renaissance,1382,2587,RGB
19458,0,Unknown Artist,6,portrait,22,Rococo,1382,1910,RGB
63339,0,Unknown Artist,6,portrait,4,Baroque,1382,1638,RGB
18069,25,albrecht-durer,7,religious_painting,17,Northern_Renaissance,1948,1382,RGB
25233,82,paolo-veronese,7,religious_painting,13,Mannerism_Late_Renaissance,2812,1382,RGB
62965,0,Unknown Artist,6,portrait,22,Rococo,1382,1716,RGB
63135,0,Unknown Artist,6,portrait,22,Rococo,1382,1750,RGB
48678,0,Unknown Artist,6,portrait,22,Rococo,1382,1661,RGB
55731,77,titian,7,religious_painting,11,High_Renaissance,1408,1382,RGB
56769,0,Unknown Artist,7,religious_painting,17,Northern_Renaissance,1382,2748,RGB
63560,0,Unknown Artist,6,portrait,22,Rococo,1382,1710,RGB
54974,0,Unknown Artist,2,genre_painting,22,Rococo,1712,1382,RGB
42894,58,pietro-perugino,7,religious_painting,8,Early_Renaissance,1382,1920,RGB
29645,83,joshua-reynolds,6,portrait,22,Rococo,1382,1768,RGB
55936,0,Unknown Artist,7,religious_painting,8,Early_Renaissance,1631,1382,RGB
10092,20,rembrandt,2,genre_painting,4,Baroque,1686,1382,RGB
33031,121,el-greco,7,religious_painting,13,Mannerism_Late_Renaissance,1382,1624,RGB
18196,25,albrecht-durer,4,landscape,17,Northern_Renaissance,2082,1382,RGB
56041,0,Unknown Artist,7,religious_painting,8,Early_Renaissance,1986,1382,RGB
49258,0,Unknown Artist,6,portrait,17,Northern_Renaissance,1382,1909,RGB
40287,0,Unknown Artist,6,portrait,22,Rococo,1382,1791,RGB
35058,83,joshua-reynolds,6,portrait,22,Rococo,1382,2280,RGB
20879,0,Unknown Artist,9,still_life,22,Rococo,1382,2234,RGB
19094,0,Unknown Artist,7,religious_painting,11,High_Renaissance,1382,1967,RGB
6436,25,albrecht-durer,7,religious_painting,17,Northern_Renaissance,1382,2236,RGB
39551,0,Unknown Artist,6,portrait,8,Early_Renaissance,1382,2159,RGB
78514,0,Unknown Artist,10,Unknown Genre,13,Mannerism_Late_Renaissance,1382,1791,RGB
7092,25,albrecht-durer,2,genre_painting,17,Northern_Renaissance,1406,1382,RGB
28677,80,peter-paul-rubens,6,portrait,4,Baroque,1382,1946,RGB
38990,77,titian,7,religious_painting,11,High_Renaissance,1382,1642,RGB
56531,0,Unknown Artist,7,religious_painting,22,Rococo,2066,1382,RGB
75647,0,Unknown Artist,10,Unknown Genre,17,Northern_Renaissance,1382,2146,RGB
33676,24,leonardo-da-vinci,8,sketch_and_study,11,High_Renaissance,1382,1386,RGB
22656,0,Unknown Artist,7,religious_painting,17,Northern_Renaissance,1382,1658,RGB
33624,0,Unknown Artist,7,religious_painting,11,High_Renaissance,1382,2020,RGB
6265,20,rembrandt,7,religious_painting,4,Baroque,1685,1382,RGB
20596,0,Unknown Artist,7,religious_painting,4,Baroque,1382,1685,RGB
55690,0,Unknown Artist,7,religious_painting,11,High_Renaissance,1733,1382,RGB
37791,61,bartolome-esteban-murillo,7,religious_painting,4,Baroque,1382,1968,RGB
51187,0,Unknown Artist,1,cityscape,22,Rococo,1943,1382,RGB
81155,0,Unknown Artist,10,Unknown Genre,17,Northern_Renaissance,1494,1382,RGB
36703,0,Unknown Artist,6,portrait,22,Rococo,1382,1753,RGB
30010,121,el-greco,7,religious_painting,13,Mannerism_Late_Renaissance,1382,1898,RGB
8221,20,rembrandt,10,Unknown Genre,4,Baroque,1382,1875,RGB
21959,0,Unknown Artist,2,genre_painting,22,Rococo,1382,1703,RGB
56320,69,raphael,7,religious_painting,11,High_Renaissance,1382,1962,RGB
19177,58,pietro-perugino,7,religious_painting,11,High_Renaissance,1581,1382,RGB
76036,0,Unknown Artist,10,Unknown Genre,13,Mannerism_Late_Renaissance,1398,1382,RGB
55449,0,Unknown Artist,2,genre_painting,22,Rococo,1822,1382,RGB
47921,0,Unknown Artist,7,religious_painting,17,Northern_Renaissance,1382,2056,RGB
31952,0,Unknown Artist,7,religious_painting,11,High_Renaissance,1382,1900,RGB
29746,126,thomas-gainsborough,6,portrait,22,Rococo,1382,1699,RGB
38021,0,Unknown Artist,2,genre_painting,22,Rococo,1873,1382,RGB
21570,67,tintoretto,6,portrait,13,Mannerism_Late_Renaissance,1382,2059,RGB
69238,0,Unknown Artist,10,Unknown Genre,13,Mannerism_Late_Renaissance,1382,1405,RGB
67957,0,Unknown Artist,10,Unknown Genre,13,Mannerism_Late_Renaissance,1382,1929,RGB
28722,103,hans-memling,7,religious_painting,17,Northern_Renaissance,1382,1897,RGB
47915,0,Unknown Artist,8,sketch_and_study,17,Northern_Renaissance,1382,1987,RGB
48322,29,lucas-cranach-the-elder,6,portrait,17,Northern_Renaissance,1382,2112,RGB
56839,0,Unknown Artist,7,religious_painting,11,High_Renaissance,1382,1835,RGB
43611,82,paolo-veronese,6,portrait,13,Mannerism_Late_Renaissance,1382,2374,RGB
6925,0,Unknown Artist,10,Unknown Genre,17,Northern_Renaissance,1382,1816,RGB
25344,77,titian,6,portrait,11,High_Renaissance,1382,1712,RGB
18131,25,albrecht-durer,7,religious_painting,17,Northern_Renaissance,1382,2050,RGB
65072,29,lucas-cranach-the-elder,6,portrait,17,Northern_Renaissance,1398,1382,RGB
42250,121,el-greco,7,religious_painting,13,Mannerism_Late_Renaissance,1382,2111,RGB
30585,0,Unknown Artist,7,religious_painting,4,Baroque,1382,2066,RGB
25063,23,hieronymus-bosch,7,religious_painting,17,Northern_Renaissance,1382,1677,RGB
55846,0,Unknown Artist,7,religious_painting,17,Northern_Renaissance,1382,1947,RGB
35551,0,Unknown Artist,7,religious_painting,17,Northern_Renaissance,1382,3692,RGB
63780,83,joshua-reynolds,6,portrait,22,Rococo,1382,1454,RGB
36499,61,bartolome-esteban-murillo,8,sketch_and_study,4,Baroque,1382,2075,RGB
51182,0,Unknown Artist,7,religious_painting,4,Baroque,1382,2093,RGB
39460,0,Unknown Artist,7,religious_painting,8,Early_Renaissance,1382,1570,RGB
81158,0,Unknown Artist,10,Unknown Genre,17,Northern_Renaissance,1382,1838,RGB
43099,117,hans-holbein-the-younger,6,portrait,17,Northern_Renaissance,1382,1809,RGB
35148,67,tintoretto,6,portrait,13,Mannerism_Late_Renaissance,1382,1649,RGB
32322,0,Unknown Artist,6,portrait,22,Rococo,1382,1765,RGB
42368,0,Unknown Artist,7,religious_painting,8,Early_Renaissance,1598,1382,RGB
7823,20,rembrandt,6,portrait,4,Baroque,1382,1484,RGB
39859,24,leonardo-da-vinci,8,sketch_and_study,11,High_Renaissance,1486,1382,RGB
22877,29,lucas-cranach-the-elder,6,portrait,17,Northern_Renaissance,1382,2497,RGB
30148,24,leonardo-da-vinci,8,sketch_and_study,11,High_Renaissance,1920,1382,RGB
8068,20,rembrandt,6,portrait,4,Baroque,1382,1848,RGB
19068,0,Unknown Artist,2,genre_painting,4,Baroque,1963,1382,RGB
51235,0,Unknown Artist,7,religious_painting,13,Mannerism_Late_Renaissance,1981,1382,RGB
27759,0,Unknown Artist,7,religious_painting,8,Early_Renaissance,1382,1818,RGB
61594,0,Unknown Artist,9,still_life,4,Baroque,2675,1382,RGB
37484,0,Unknown Artist,1,cityscape,22,Rococo,1887,1382,RGB
80518,0,Unknown Artist,10,Unknown Genre,8,Early_Renaissance,1618,1382,RGB
78452,0,Unknown Artist,10,Unknown Genre,13,Mannerism_Late_Renaissance,1382,1792,RGB
27226,58,pietro-perugino,7,religious_painting,8,Early_Renaissance,3026,1382,RGB
63414,69,raphael,6,portrait,11,High_Renaissance,1382,1859,RGB
56952,0,Unknown Artist,7,religious_painting,8,Early_Renaissance,1382,2279,RGB
51516,82,paolo-veronese,6,portrait,13,Mannerism_Late_Renaissance,1382,1675,RGB
64454,126,thomas-gainsborough,6,portrait,22,Rococo,1382,2135,RGB
45583,126,thomas-gainsborough,8,sketch_and_study,22,Rococo,1663,1382,RGB
52918,0,Unknown Artist,7,religious_painting,11,High_Renaissance,1382,1887,RGB
76952,0,Unknown Artist,10,Unknown Genre,11,High_Renaissance,1382,1683,RGB
48320,24,leonardo-da-vinci,8,sketch_and_study,11,High_Renaissance,1382,1768,RGB
23264,0,Unknown Artist,7,religious_painting,17,Northern_Renaissance,1382,2055,RGB
17703,20,rembrandt,7,religious_painting,4,Baroque,1382,1746,RGB
23928,87,michelangelo,8,sketch_and_study,11,High_Renaissance,1382,2124,RGB
55730,87,michelangelo,7,religious_painting,11,High_Renaissance,1382,1636,RGB
44720,0,Unknown Artist,4,landscape,17,Northern_Renaissance,1713,1382,RGB
32134,0,Unknown Artist,9,still_life,4,Baroque,1382,1681,RGB
25309,0,Unknown Artist,7,religious_painting,8,Early_Renaissance,1382,2065,RGB
31497,0,Unknown Artist,7,religious_painting,17,Northern_Renaissance,1382,1878,RGB
49672,0,Unknown Artist,8,sketch_and_study,22,Rococo,1382,2104,RGB
39875,0,Unknown Artist,6,portrait,13,Mannerism_Late_Renaissance,1382,1884,RGB
55896,0,Unknown Artist,7,religious_painting,11,High_Renaissance,1382,1960,RGB
42414,0,Unknown Artist,2,genre_painting,4,Baroque,1750,1382,RGB
50411,0,Unknown Artist,3,illustration,22,Rococo,1382,2511,RGB
19598,24,leonardo-da-vinci,8,sketch_and_study,11,High_Renaissance,1423,1382,RGB
9285,25,albrecht-durer,6,portrait,17,Northern_Renaissance,1382,3064,RGB
51425,58,pietro-perugino,7,religious_painting,8,Early_Renaissance,1382,1876,RGB
21688,126,thomas-gainsborough,2,genre_painting,22,Rococo,1382,1720,RGB
56510,0,Unknown Artist,7,religious_painting,13,Mannerism_Late_Renaissance,1382,1614,RGB
8981,25,albrecht-durer,2,genre_painting,17,Northern_Renaissance,1382,1947,RGB
76395,0,Unknown Artist,10,Unknown Genre,13,Mannerism_Late_Renaissance,1382,1799,RGB
56503,0,Unknown Artist,7,religious_painting,11,High_Renaissance,1382,1540,RGB
43505,0,Unknown Artist,7,religious_painting,11,High_Renaissance,1488,1382,RGB
914,0,Unknown Artist,10,Unknown Genre,17,Northern_Renaissance,1382,1937,RGB
8732,20,rembrandt,4,landscape,4,Baroque,1790,1382,RGB
69186,0,Unknown Artist,10,Unknown Genre,11,High_Renaissance,4021,1382,RGB
63526,0,Unknown Artist,6,portrait,22,Rococo,1382,2261,RGB
6510,0,Unknown Artist,10,Unknown Genre,17,Northern_Renaissance,1382,1971,RGB
48041,0,Unknown Artist,7,religious_painting,17,Northern_Renaissance,1382,1738,RGB
47065,23,hieronymus-bosch,8,sketch_and_study,17,Northern_Renaissance,1382,1969,RGB
51094,0,Unknown Artist,2,genre_painting,8,Early_Renaissance,1382,2412,RGB
65327,83,joshua-reynolds,6,portrait,22,Rococo,1382,2168,RGB
56795,0,Unknown Artist,7,religious_painting,13,Mannerism_Late_Renaissance,2683,1382,RGB
79354,0,Unknown Artist,10,Unknown Genre,11,High_Renaissance,1382,1901,RGB
68531,0,Unknown Artist,10,Unknown Genre,22,Rococo,1910,1382,RGB
56741,0,Unknown Artist,7,religious_painting,8,Early_Renaissance,1382,1914,RGB
73790,0,Unknown Artist,10,Unknown Genre,22,Rococo,1708,1381,RGB
64829,0,Unknown Artist,6,portrait,17,Northern_Renaissance,1387,1382,RGB
33132,83,joshua-reynolds,6,portrait,22,Rococo,1382,1715,RGB
55626,0,Unknown Artist,7,religious_painting,4,Baroque,1799,1382,RGB
48904,0,Unknown Artist,7,religious_painting,8,Early_Renaissance,1382,1744,RGB
23201,0,Unknown Artist,7,religious_painting,8,Early_Renaissance,1582,1382,RGB
65277,126,thomas-gainsborough,6,portrait,22,Rococo,1382,2124,RGB
44368,58,pietro-perugino,7,religious_painting,11,High_Renaissance,1382,1773,RGB
25946,125,jacob-jordaens,2,genre_painting,4,Baroque,1894,1382,RGB
21652,77,titian,7,religious_painting,13,Mannerism_Late_Renaissance,1382,1796,RGB
31887,0,Unknown Artist,7,religious_painting,11,High_Renaissance,1382,1896,RGB
56803,77,titian,7,religious_painting,13,Mannerism_Late_Renaissance,1382,2432,RGB
50169,121,el-greco,7,religious_painting,13,Mannerism_Late_Renaissance,1758,1382,RGB
34217,67,tintoretto,6,portrait,13,Mannerism_Late_Renaissance,1382,2084,RGB
30497,0,Unknown Artist,4,landscape,4,Baroque,1847,1382,RGB
54295,0,Unknown Artist,2,genre_painting,22,Rococo,1382,1716,RGB
78661,0,Unknown Artist,10,Unknown Genre,4,Baroque,1382,1869,RGB
42953,0,Unknown Artist,7,religious_painting,8,Early_Renaissance,1382,1382,RGB
70158,0,Unknown Artist,10,Unknown Genre,4,Baroque,1974,1382,RGB
38644,0,Unknown Artist,7,religious_painting,8,Early_Renaissance,1415,1382,RGB
65645,0,Unknown Artist,6,portrait,22,Rococo,1382,1719,RGB
23716,77,titian,7,religious_painting,11,High_Renaissance,1985,1382,RGB
21881,0,Unknown Artist,7,religious_painting,8,Early_Renaissance,1382,1766,RGB
42811,116,frans-hals,6,portrait,4,Baroque,1382,1905,RGB
70590,0,Unknown Artist,10,Unknown Genre,11,High_Renaissance,1382,1790,RGB
57109,0,Unknown Artist,7,religious_painting,8,Early_Renaissance,1382,2924,RGB
2434,20,rembrandt,8,sketch_and_study,4,Baroque,1382,1572,RGB
30380,0,Unknown Artist,7,religious_painting,13,Mannerism_Late_Renaissance,1382,1752,RGB
70257,0,Unknown Artist,10,Unknown Genre,22,Rococo,1382,1756,RGB
76273,0,Unknown Artist,10,Unknown Genre,22,Rococo,2910,1382,RGB
75082,0,Unknown Artist,10,Unknown Genre,4,Baroque,1382,2219,RGB
71874,0,Unknown Artist,10,Unknown Genre,17,Northern_Renaissance,1998,1382,RGB
63482,0,Unknown Artist,6,portrait,22,Rococo,1382,1824,RGB
44531,0,Unknown Artist,7,religious_painting,8,Early_Renaissance,1382,1736,RGB
25450,0,Unknown Artist,2,genre_painting,22,Rococo,1382,1769,RGB
25496,0,Unknown Artist,7,religious_painting,8,Early_Renaissance,2529,1382,RGB
49370,121,el-greco,7,religious_painting,13,Mannerism_Late_Renaissance,1382,1815,RGB
48950,0,Unknown Artist,2,genre_painting,22,Rococo,1442,1382,RGB
30943,0,Unknown Artist,6,portrait,22,Rococo,1382,1948,RGB
34024,121,el-greco,6,portrait,13,Mannerism_Late_Renaissance,1382,1981,RGB
10920,25,albrecht-durer,7,religious_painting,17,Northern_Renaissance,1382,1787,RGB
32196,61,bartolome-esteban-murillo,7,religious_painting,4,Baroque,1382,1708,RGB
56995,0,Unknown Artist,7,religious_painting,8,Early_Renaissance,1382,1799,RGB
63196,0,Unknown Artist,6,portrait,17,Northern_Renaissance,1382,1896,RGB
56940,38,fra-angelico,7,religious_painting,8,Early_Renaissance,1382,1908,RGB
9582,0,Unknown Artist,10,Unknown Genre,17,Northern_Renaissance,2770,1382,RGB
64911,103,hans-memling,6,portrait,17,Northern_Renaissance,1382,1705,RGB
52854,87,michelangelo,7,religious_painting,11,High_Renaissance,2405,1382,RGB
34487,0,Unknown Artist,7,religious_painting,8,Early_Renaissance,1382,1542,RGB
45769,0,Unknown Artist,2,genre_painting,4,Baroque,1382,1608,RGB
30787,0,Unknown Artist,6,portrait,22,Rococo,1382,1779,RGB
32808,0,Unknown Artist,5,nude_painting,13,Mannerism_Late_Renaissance,1382,2467,RGB
43315,87,michelangelo,6,portrait,11,High_Renaissance,1382,1777,RGB
56015,0,Unknown Artist,7,religious_painting,11,High_Renaissance,1382,2109,RGB
56603,61,bartolome-esteban-murillo,7,religious_painting,4,Baroque,1414,1382,RGB
45817,0,Unknown Artist,9,still_life,4,Baroque,1382,1527,RGB
36961,0,Unknown Artist,7,religious_painting,11,High_Renaissance,2824,1382,RGB
32485,0,Unknown Artist,7,religious_painting,13,Mannerism_Late_Renaissance,1382,1582,RGB
62269,128,canaletto,8,sketch_and_study,4,Baroque,1925,1382,RGB
49195,58,pietro-perugino,7,religious_painting,8,Early_Renaissance,1382,1436,RGB
23665,24,leonardo-da-vinci,6,portrait,11,High_Renaissance,1382,1946,RGB
46689,0,Unknown Artist,7,religious_painting,17,Northern_Renaissance,1382,1735,RGB
28524,0,Unknown Artist,6,portrait,22,Rococo,1382,1747,RGB
44581,87,michelangelo,8,sketch_and_study,11,High_Renaissance,1382,1382,RGB
44441,0,Unknown Artist,6,portrait,22,Rococo,1382,1741,RGB
27058,0,Unknown Artist,7,religious_painting,8,Early_Renaissance,1382,1518,RGB
30076,69,raphael,7,religious_painting,11,High_Renaissance,1382,1782,RGB
43296,82,paolo-veronese,7,religious_painting,13,Mannerism_Late_Renaissance,2086,1382,RGB
34969,29,lucas-cranach-the-elder,6,portrait,17,Northern_Renaissance,1382,2325,RGB
51286,0,Unknown Artist,7,religious_painting,8,Early_Renaissance,1382,2797,RGB
56602,69,raphael,7,religious_painting,11,High_Renaissance,1923,1382,RGB
72559,0,Unknown Artist,10,Unknown Genre,4,Baroque,1381,1993,RGB
69871,0,Unknown Artist,10,Unknown Genre,13,Mannerism_Late_Renaissance,1382,3199,RGB
323,25,albrecht-durer,7,religious_painting,17,Northern_Renaissance,1922,1382,RGB
44469,24,leonardo-da-vinci,7,religious_painting,8,Early_Renaissance,1382,2174,RGB
29359,38,fra-angelico,7,religious_painting,8,Early_Renaissance,1382,1948,RGB
64039,0,Unknown Artist,6,portrait,22,Rococo,1382,1779,RGB
36093,77,titian,7,religious_painting,11,High_Renaissance,1382,1857,RGB
27974,87,michelangelo,8,sketch_and_study,11,High_Renaissance,1382,2001,RGB
35431,29,lucas-cranach-the-elder,7,religious_painting,17,Northern_Renaissance,1382,1919,RGB
25227,0,Unknown Artist,7,religious_painting,8,Early_Renaissance,1382,1976,RGB
51421,0,Unknown Artist,6,portrait,22,Rococo,1382,1701,RGB
56923,0,Unknown Artist,7,religious_painting,8,Early_Renaissance,1382,1839,RGB
46854,114,anthony-van-dyck,6,portrait,4,Baroque,1382,2418,RGB
32975,0,Unknown Artist,7,religious_painting,17,Northern_Renaissance,1382,2001,RGB
56130,67,tintoretto,7,religious_painting,13,Mannerism_Late_Renaissance,1796,1382,RGB
73804,0,Unknown Artist,10,Unknown Genre,22,Rococo,1382,1728,RGB
34379,0,Unknown Artist,7,religious_painting,8,Early_Renaissance,1382,1706,RGB
22663,67,tintoretto,7,religious_painting,13,Mannerism_Late_Renaissance,1382,2288,RGB
22404,38,fra-angelico,7,religious_painting,8,Early_Renaissance,1382,1920,RGB
74079,0,Unknown Artist,10,Unknown Genre,17,Northern_Renaissance,1382,1995,RGB
56329,0,Unknown Artist,7,religious_painting,8,Early_Renaissance,1382,2724,RGB
51721,61,bartolome-esteban-murillo,7,religious_painting,4,Baroque,1382,1990,RGB
48565,0,Unknown Artist,9,still_life,22,Rococo,1382,1737,RGB
67866,0,Unknown Artist,10,Unknown Genre,22,Rococo,1920,1382,RGB
23161,121,el-greco,7,religious_painting,13,Mannerism_Late_Renaissance,1382,1799,RGB
30636,125,jacob-jordaens,6,portrait,4,Baroque,1382,1826,RGB
47350,0,Unknown Artist,7,religious_painting,11,High_Renaissance,1382,1603,RGB
18018,0,Unknown Artist,10,Unknown Genre,17,Northern_Renaissance,1382,1637,RGB
50396,0,Unknown Artist,7,religious_painting,8,Early_Renaissance,1382,1382,RGB
28231,0,Unknown Artist,8,sketch_and_study,22,Rococo,2086,1382,RGB
17716,20,rembrandt,6,portrait,4,Baroque,1382,1778,RGB
41661,77,titian,6,portrait,11,High_Renaissance,1382,1794,RGB
55655,0,Unknown Artist,7,religious_painting,8,Early_Renaissance,1382,2335,RGB
79383,0,Unknown Artist,10,Unknown Genre,11,High_Renaissance,1382,1559,RGB
46330,0,Unknown Artist,2,genre_painting,4,Baroque,1967,1382,RGB
55855,67,tintoretto,7,religious_painting,13,Mannerism_Late_Renaissance,1805,1382,RGB
45963,0,Unknown Artist,7,religious_painting,8,Early_Renaissance,2594,1382,RGB
78699,0,Unknown Artist,10,Unknown Genre,4,Baroque,1834,1382,RGB
52661,69,raphael,7,religious_painting,11,High_Renaissance,1382,1411,RGB
57077,67,tintoretto,7,religious_painting,13,Mannerism_Late_Renaissance,1382,2823,RGB
22285,0,Unknown Artist,6,portrait,17,Northern_Renaissance,1382,1957,RGB
76230,0,Unknown Artist,10,Unknown Genre,13,Mannerism_Late_Renaissance,1471,1382,RGB
72268,0,Unknown Artist,10,Unknown Genre,17,Northern_Renaissance,1382,2141,RGB
26778,0,Unknown Artist,7,religious_painting,8,Early_Renaissance,1382,5185,RGB
39993,0,Unknown Artist,6,portrait,13,Mannerism_Late_Renaissance,1382,1763,RGB
41093,58,pietro-perugino,7,religious_painting,11,High_Renaissance,1382,1657,RGB
56091,67,tintoretto,7,religious_painting,13,Mannerism_Late_Renaissance,1382,3480,RGB
80021,0,Unknown Artist,10,Unknown Genre,22,Rococo,1751,1382,RGB
3203,25,albrecht-durer,7,religious_painting,17,Northern_Renaissance,1382,1875,RGB
42084,0,Unknown Artist,6,portrait,13,Mannerism_Late_Renaissance,1382,1946,RGB
68001,0,Unknown Artist,10,Unknown Genre,4,Baroque,2144,1382,RGB
56904,0,Unknown Artist,7,religious_painting,4,Baroque,1570,1382,RGB
53748,0,Unknown Artist,2,genre_painting,22,Rococo,1671,1382,RGB
65782,0,Unknown Artist,6,portrait,13,Mannerism_Late_Renaissance,1382,2477,RGB
40560,0,Unknown Artist,6,portrait,8,Early_Renaissance,1382,2165,RGB
29617,0,Unknown Artist,7,religious_painting,8,Early_Renaissance,1382,1667,RGB
60504,0,Unknown Artist,4,landscape,17,Northern_Renaissance,1808,1382,RGB
72262,0,Unknown Artist,10,Unknown Genre,22,Rococo,2079,1382,RGB
55988,0,Unknown Artist,7,religious_painting,11,High_Renaissance,1995,1382,RGB
71825,0,Unknown Artist,10,Unknown Genre,13,Mannerism_Late_Renaissance,1767,1382,RGB
41103,0,Unknown Artist,6,portrait,22,Rococo,1382,2105,RGB
55624,0,Unknown Artist,7,religious_painting,8,Early_Renaissance,1382,1831,RGB
26938,0,Unknown Artist,8,sketch_and_study,8,Early_Renaissance,1381,1983,RGB
56913,77,titian,7,religious_painting,11,High_Renaissance,1397,1382,RGB
56522,0,Unknown Artist,7,religious_painting,13,Mannerism_Late_Renaissance,1382,1842,RGB
34272,0,Unknown Artist,7,religious_painting,11,High_Renaissance,1382,1796,RGB
11990,20,rembrandt,4,landscape,4,Baroque,2115,1382,RGB
43517,0,Unknown Artist,7,religious_painting,8,Early_Renaissance,1679,1382,RGB
66179,0,Unknown Artist,6,portrait,13,Mannerism_Late_Renaissance,1382,2125,RGB
40802,0,Unknown Artist,7,religious_painting,17,Northern_Renaissance,1382,1609,RGB
6696,25,albrecht-durer,7,religious_painting,17,Northern_Renaissance,1382,2126,RGB
61397,116,frans-hals,9,still_life,4,Baroque,1382,1812,RGB
22519,0,Unknown Artist,7,religious_painting,8,Early_Renaissance,1382,2273,RGB
78511,0,Unknown Artist,10,Unknown Genre,13,Mannerism_Late_Renaissance,1382,2565,RGB
51554,77,titian,7,religious_painting,11,High_Renaissance,1382,1762,RGB
79388,0,Unknown Artist,10,Unknown Genre,11,High_Renaissance,1382,1899,RGB
56300,67,tintoretto,7,religious_painting,13,Mannerism_Late_Renaissance,1786,1382,RGB
20137,0,Unknown Artist,6,portrait,22,Rococo,1382,1660,RGB
57033,29,lucas-cranach-the-elder,7,religious_painting,17,Northern_Renaissance,2022,1382,RGB
19882,116,frans-hals,6,portrait,4,Baroque,1979,1382,RGB
42497,77,titian,7,religious_painting,13,Mannerism_Late_Renaissance,1382,2031,RGB
43172,87,michelangelo,8,sketch_and_study,11,High_Renaissance,1382,1425,RGB
76556,0,Unknown Artist,10,Unknown Genre,4,Baroque,1982,1382,RGB
44321,0,Unknown Artist,2,genre_painting,4,Baroque,1774,1382,RGB
40342,0,Unknown Artist,7,religious_painting,17,Northern_Renaissance,1382,1647,RGB
55053,0,Unknown Artist,2,genre_painting,4,Baroque,1382,1535,RGB
64789,77,titian,6,portrait,11,High_Renaissance,1382,1665,RGB
3942,20,rembrandt,7,religious_painting,4,Baroque,1382,1725,RGB
69796,0,Unknown Artist,10,Unknown Genre,22,Rococo,2098,1382,RGB
78482,0,Unknown Artist,10,Unknown Genre,13,Mannerism_Late_Renaissance,1382,1728,RGB
51010,69,raphael,6,portrait,11,High_Renaissance,1382,1884,RGB
70215,0,Unknown Artist,10,Unknown Genre,11,High_Renaissance,1382,1843,RGB
69722,0,Unknown Artist,10,Unknown Genre,22,Rococo,2071,1382,RGB
55794,0,Unknown Artist,7,religious_painting,22,Rococo,1381,1666,RGB
32814,0,Unknown Artist,7,religious_painting,13,Mannerism_Late_Renaissance,1382,1801,RGB
25851,0,Unknown Artist,7,religious_painting,8,Early_Renaissance,1641,1382,RGB
80042,0,Unknown Artist,10,Unknown Genre,22,Rococo,1382,1567,RGB
17688,20,rembrandt,8,sketch_and_study,4,Baroque,1382,1772,RGB
37853,0,Unknown Artist,8,sketch_and_study,22,Rococo,1382,2017,RGB
53063,0,Unknown Artist,7,religious_painting,11,High_Renaissance,2216,1382,RGB
32165,87,michelangelo,7,religious_painting,11,High_Renaissance,2062,1382,RGB
41490,0,Unknown Artist,6,portrait,11,High_Renaissance,1382,1821,RGB
21058,0,Unknown Artist,7,religious_painting,8,Early_Renaissance,2034,1382,RGB
55601,0,Unknown Artist,7,religious_painting,4,Baroque,1382,1771,RGB
10581,25,albrecht-durer,8,sketch_and_study,17,Northern_Renaissance,2146,1382,RGB
30572,0,Unknown Artist,7,religious_painting,13,Mannerism_Late_Renaissance,1382,1658,RGB
42421,0,Unknown Artist,7,religious_painting,11,High_Renaissance,1382,1842,RGB
80100,0,Unknown Artist,10,Unknown Genre,22,Rococo,1827,1382,RGB
56413,0,Unknown Artist,7,religious_painting,11,High_Renaissance,1382,1749,RGB
57028,0,Unknown Artist,7,religious_painting,8,Early_Renaissance,1382,2037,RGB
31568,38,fra-angelico,7,religious_painting,8,Early_Renaissance,1382,2651,RGB
65592,0,Unknown Artist,6,portrait,22,Rococo,1382,1741,RGB
66053,0,Unknown Artist,6,portrait,8,Early_Renaissance,1382,1673,RGB
80107,0,Unknown Artist,10,Unknown Genre,22,Rococo,1638,1382,RGB
9202,25,albrecht-durer,4,landscape,17,Northern_Renaissance,1382,1756,RGB
20987,0,Unknown Artist,6,portrait,17,Northern_Renaissance,1824,1382,RGB
70328,0,Unknown Artist,10,Unknown Genre,13,Mannerism_Late_Renaissance,2000,1382,RGB
63803,0,Unknown Artist,6,portrait,11,High_Renaissance,1382,1610,RGB
26484,29,lucas-cranach-the-elder,2,genre_painting,17,Northern_Renaissance,1382,1903,RGB
48254,0,Unknown Artist,7,religious_painting,11,High_Renaissance,1382,1710,RGB
56832,61,bartolome-esteban-murillo,7,religious_painting,4,Baroque,1382,1648,RGB
27948,0,Unknown Artist,7,religious_painting,11,High_Renaissance,1808,1382,RGB
32530,128,canaletto,1,cityscape,22,Rococo,1520,1382,RGB
32406,0,Unknown Artist,6,portrait,22,Rococo,1382,1648,RGB
36726,0,Unknown Artist,7,religious_painting,8,Early_Renaissance,3084,1382,RGB
53199,0,Unknown Artist,2,genre_painting,8,Early_Renaissance,1382,1648,RGB
27774,0,Unknown Artist,6,portrait,22,Rococo,1382,1720,RGB
44826,0,Unknown Artist,9,still_life,22,Rococo,1807,1381,RGB
56087,23,hieronymus-bosch,7,religious_painting,17,Northern_Renaissance,1382,1694,RGB
72582,0,Unknown Artist,10,Unknown Genre,22,Rococo,1725,1382,RGB
22690,0,Unknown Artist,1,cityscape,22,Rococo,2418,1382,RGB
56173,0,Unknown Artist,7,religious_painting,8,Early_Renaissance,1381,1623,RGB
65634,114,anthony-van-dyck,6,portrait,4,Baroque,1715,1382,RGB
78531,0,Unknown Artist,10,Unknown Genre,13,Mannerism_Late_Renaissance,1382,1818,RGB
79356,0,Unknown Artist,10,Unknown Genre,11,High_Renaissance,1382,1853,RGB
37234,0,Unknown Artist,2,genre_painting,4,Baroque,1382,1638,RGB
19375,82,paolo-veronese,7,religious_painting,13,Mannerism_Late_Renaissance,2138,1382,RGB
3856,20,rembrandt,4,landscape,4,Baroque,3248,1382,RGB
55966,0,Unknown Artist,7,religious_painting,4,Baroque,1382,1701,RGB
57154,0,Unknown Artist,7,religious_painting,4,Baroque,2197,1382,RGB
43422,87,michelangelo,8,sketch_and_study,11,High_Renaissance,1382,2027,RGB
38590,0,Unknown Artist,2,genre_painting,22,Rococo,1382,1746,RGB
66298,0,Unknown Artist,6,portrait,11,High_Renaissance,1382,1902,RGB
76163,0,Unknown Artist,10,Unknown Genre,4,Baroque,1935,1382,RGB
51423,0,Unknown Artist,2,genre_painting,22,Rococo,1700,1382,RGB
28346,0,Unknown Artist,7,religious_painting,17,Northern_Renaissance,1617,1382,RGB
33922,114,anthony-van-dyck,7,religious_painting,4,Baroque,1382,1717,RGB
35096,0,Unknown Artist,9,still_life,4,Baroque,2064,1382,RGB
58809,0,Unknown Artist,4,landscape,22,Rococo,1705,1382,RGB
19437,87,michelangelo,7,religious_painting,11,High_Renaissance,1382,1720,RGB
20368,0,Unknown Artist,7,religious_painting,11,High_Renaissance,1382,1595,RGB
24553,82,paolo-veronese,6,portrait,13,Mannerism_Late_Renaissance,1382,2511,RGB
42877,0,Unknown Artist,6,portrait,8,Early_Renaissance,1382,2458,RGB
74223,0,Unknown Artist,10,Unknown Genre,4,Baroque,1812,1382,RGB
80091,0,Unknown Artist,10,Unknown Genre,22,Rococo,1870,1382,RGB
80031,0,Unknown Artist,10,Unknown Genre,22,Rococo,1382,2037,RGB
44118,67,tintoretto,7,religious_painting,13,Mannerism_Late_Renaissance,1824,1382,RGB
70032,0,Unknown Artist,10,Unknown Genre,22,Rococo,2215,1382,RGB
29079,0,Unknown Artist,7,religious_painting,17,Northern_Renaissance,1382,1651,RGB
54954,125,jacob-jordaens,2,genre_painting,4,Baroque,1550,1382,RGB
56179,0,Unknown Artist,7,religious_painting,11,High_Renaissance,1382,1794,RGB
31142,121,el-greco,7,religious_painting,13,Mannerism_Late_Renaissance,1382,1816,RGB
20076,121,el-greco,7,religious_painting,13,Mannerism_Late_Renaissance,1382,1657,RGB
56159,69,raphael,7,religious_painting,11,High_Renaissance,1382,1626,RGB
50534,0,Unknown Artist,2,genre_painting,22,Rococo,1726,1382,RGB
51420,0,Unknown Artist,6,portrait,22,Rococo,1382,1723,RGB
30013,0,Unknown Artist,6,portrait,22,Rococo,1578,1382,RGB
62401,87,michelangelo,8,sketch_and_study,11,High_Renaissance,1382,1955,RGB
12388,25,albrecht-durer,7,religious_painting,17,Northern_Renaissance,1382,1771,RGB
47702,0,Unknown Artist,2,genre_painting,22,Rococo,1842,1382,RGB
2501,0,Unknown Artist,10,Unknown Genre,17,Northern_Renaissance,1382,2549,RGB
26451,0,Unknown Artist,7,religious_painting,4,Baroque,1951,1382,RGB
48891,38,fra-angelico,7,religious_painting,8,Early_Renaissance,1674,1382,RGB
64505,0,Unknown Artist,6,portrait,22,Rococo,1382,1784,RGB
30240,0,Unknown Artist,2,genre_painting,11,High_Renaissance,1405,1382,RGB
78500,0,Unknown Artist,10,Unknown Genre,13,Mannerism_Late_Renaissance,2167,1382,RGB
62477,0,Unknown Artist,8,sketch_and_study,8,Early_Renaissance,1382,1822,RGB
41235,0,Unknown Artist,8,sketch_and_study,17,Northern_Renaissance,1382,1807,RGB
77280,0,Unknown Artist,10,Unknown Genre,11,High_Renaissance,1382,1807,RGB
22389,0,Unknown Artist,2,genre_painting,4,Baroque,2441,1382,RGB
48285,38,fra-angelico,7,religious_painting,8,Early_Renaissance,1762,1382,RGB
74948,0,Unknown Artist,10,Unknown Genre,22,Rococo,1850,1382,RGB
65305,0,Unknown Artist,6,portrait,22,Rococo,1382,1734,RGB
39421,77,titian,6,portrait,11,High_Renaissance,1382,1668,RGB
46299,0,Unknown Artist,7,religious_painting,13,Mannerism_Late_Renaissance,1389,1382,RGB
11206,0,Unknown Artist,10,Unknown Genre,17,Northern_Renaissance,1382,1794,RGB
41712,69,raphael,6,portrait,11,High_Renaissance,1382,1961,RGB
64466,83,joshua-reynolds,6,portrait,22,Rococo,1435,1382,RGB
56981,0,Unknown Artist,7,religious_painting,8,Early_Renaissance,1382,1727,RGB
34719,67,tintoretto,8,sketch_and_study,13,Mannerism_Late_Renaissance,1916,1382,RGB
50688,0,Unknown Artist,7,religious_painting,8,Early_Renaissance,1382,1764,RGB
56533,0,Unknown Artist,7,religious_painting,11,High_Renaissance,2215,1382,RGB
43941,0,Unknown Artist,6,portrait,22,Rococo,1382,1938,RGB
81130,0,Unknown Artist,10,Unknown Genre,17,Northern_Renaissance,2125,1382,RGB
31805,0,Unknown Artist,7,religious_painting,13,Mannerism_Late_Renaissance,1382,2204,RGB
50385,0,Unknown Artist,2,genre_painting,8,Early_Renaissance,1382,1392,RGB
69572,0,Unknown Artist,10,Unknown Genre,13,Mannerism_Late_Renaissance,1381,1741,RGB
62982,0,Unknown Artist,6,portrait,13,Mannerism_Late_Renaissance,1382,1767,RGB
40818,0,Unknown Artist,7,religious_painting,11,High_Renaissance,1458,1382,RGB
17960,25,albrecht-durer,7,religious_painting,17,Northern_Renaissance,1382,1788,RGB
30839,0,Unknown Artist,6,portrait,22,Rococo,1382,1675,RGB
43204,0,Unknown Artist,7,religious_painting,8,Early_Renaissance,1382,2593,RGB
9375,25,albrecht-durer,7,religious_painting,17,Northern_Renaissance,1382,1792,RGB
37964,0,Unknown Artist,7,religious_painting,17,Northern_Renaissance,1382,1401,RGB
37511,58,pietro-perugino,7,religious_painting,11,High_Renaissance,1382,2459,RGB
56161,38,fra-angelico,7,religious_painting,8,Early_Renaissance,1382,2177,RGB
74990,0,Unknown Artist,10,Unknown Genre,22,Rococo,1381,1633,RGB
56592,0,Unknown Artist,7,religious_painting,8,Early_Renaissance,1889,1382,RGB
19314,82,paolo-veronese,6,portrait,13,Mannerism_Late_Renaissance,1382,2253,RGB
55865,0,Unknown Artist,7,religious_painting,8,Early_Renaissance,3379,1382,RGB
56481,0,Unknown Artist,7,religious_painting,8,Early_Renaissance,1654,1382,RGB
39021,0,Unknown Artist,7,religious_painting,8,Early_Renaissance,1381,2008,RGB
76704,0,Unknown Artist,10,Unknown Genre,22,Rococo,1382,1717,RGB
13133,20,rembrandt,5,nude_painting,4,Baroque,2616,1382,RGB
66096,0,Unknown Artist,6,portrait,22,Rococo,1382,1775,RGB
50325,0,Unknown Artist,7,religious_painting,17,Northern_Renaissance,1382,1702,RGB
56147,0,Unknown Artist,7,religious_painting,17,Northern_Renaissance,1382,1817,RGB
52920,80,peter-paul-rubens,2,genre_painting,4,Baroque,1689,1382,RGB
48796,0,Unknown Artist,6,portrait,13,Mannerism_Late_Renaissance,1647,1382,RGB
28360,77,titian,8,sketch_and_study,11,High_Renaissance,1953,1382,RGB
69785,0,Unknown Artist,10,Unknown Genre,11,High_Renaissance,1382,1714,RGB
34127,0,Unknown Artist,7,religious_painting,11,High_Renaissance,2884,1382,RGB
46559,58,pietro-perugino,7,religious_painting,11,High_Renaissance,1382,1679,RGB
24721,121,el-greco,7,religious_painting,13,Mannerism_Late_Renaissance,1382,1848,RGB
33066,0,Unknown Artist,6,portrait,22,Rococo,1382,1731,RGB
28713,0,Unknown Artist,7,religious_painting,4,Baroque,1382,1898,RGB
49066,0,Unknown Artist,2,genre_painting,22,Rococo,1720,1382,RGB
21470,0,Unknown Artist,7,religious_painting,17,Northern_Renaissance,1382,1903,RGB
38687,67,tintoretto,7,religious_painting,13,Mannerism_Late_Renaissance,1382,2411,RGB
25907,114,anthony-van-dyck,6,portrait,4,Baroque,1382,2467,RGB
32581,0,Unknown Artist,7,religious_painting,17,Northern_Renaissance,1382,1794,RGB
30064,114,anthony-van-dyck,6,portrait,4,Baroque,1382,1718,RGB
56524,82,paolo-veronese,7,religious_painting,13,Mannerism_Late_Renaissance,3649,1382,RGB
56751,0,Unknown Artist,7,religious_painting,17,Northern_Renaissance,1382,1427,RGB
21233,77,titian,7,religious_painting,11,High_Renaissance,1382,2676,RGB
56287,0,Unknown Artist,7,religious_painting,17,Northern_Renaissance,1846,1382,RGB
659,25,albrecht-durer,7,religious_painting,17,Northern_Renaissance,1382,3833,RGB
21368,0,Unknown Artist,4,landscape,17,Northern_Renaissance,2636,1382,RGB
51395,0,Unknown Artist,7,religious_painting,11,High_Renaissance,1381,1555,RGB
60026,0,Unknown Artist,4,landscape,4,Baroque,1857,1382,RGB
30894,121,el-greco,7,religious_painting,13,Mannerism_Late_Renaissance,1382,2105,RGB
31934,69,raphael,6,portrait,11,High_Renaissance,1382,1950,RGB
65646,117,hans-holbein-the-younger,6,portrait,17,Northern_Renaissance,1382,1684,RGB
39126,0,Unknown Artist,7,religious_painting,13,Mannerism_Late_Renaissance,1382,1403,RGB
75139,0,Unknown Artist,10,Unknown Genre,13,Mannerism_Late_Renaissance,1568,1382,RGB
57127,0,Unknown Artist,7,religious_painting,8,Early_Renaissance,2077,1382,RGB
11193,25,albrecht-durer,2,genre_painting,17,Northern_Renaissance,1985,1382,RGB
33460,0,Unknown Artist,4,landscape,22,Rococo,1791,1382,RGB
65120,0,Unknown Artist,6,portrait,22,Rococo,1382,1758,RGB
37284,0,Unknown Artist,8,sketch_and_study,22,Rococo,1381,1939,RGB
63017,0,Unknown Artist,6,portrait,8,Early_Renaissance,1382,2090,RGB
34287,0,Unknown Artist,7,religious_painting,4,Baroque,1681,1382,RGB
37329,58,pietro-perugino,7,religious_painting,11,High_Renaissance,1420,1382,RGB
74991,0,Unknown Artist,10,Unknown Genre,4,Baroque,2048,1382,RGB
65588,29,lucas-cranach-the-elder,6,portrait,17,Northern_Renaissance,1382,1785,RGB
35421,0,Unknown Artist,7,religious_painting,22,Rococo,1382,1820,RGB
26027,0,Unknown Artist,6,portrait,22,Rococo,1382,1673,RGB
76070,0,Unknown Artist,10,Unknown Genre,4,Baroque,2266,1382,RGB
57147,0,Unknown Artist,7,religious_painting,8,Early_Renaissance,1914,1382,RGB
32986,0,Unknown Artist,7,religious_painting,11,High_Renaissance,3037,1382,RGB
62135,77,titian,8,sketch_and_study,13,Mannerism_Late_Renaissance,1382,1718,RGB
11060,20,rembrandt,10,Unknown Genre,4,Baroque,1382,1842,RGB
73139,0,Unknown Artist,10,Unknown Genre,22,Rococo,1382,1645,RGB
65731,0,Unknown Artist,6,portrait,22,Rococo,1382,1767,RGB
36903,0,Unknown Artist,7,religious_painting,8,Early_Renaissance,1382,1714,RGB
72251,0,Unknown Artist,10,Unknown Genre,17,Northern_Renaissance,1382,1790,RGB
22600,38,fra-angelico,7,religious_painting,8,Early_Renaissance,1382,1683,RGB
64387,67,tintoretto,6,portrait,13,Mannerism_Late_Renaissance,1382,1746,RGB
30521,67,tintoretto,7,religious_painting,13,Mannerism_Late_Renaissance,1827,1382,RGB
50044,67,tintoretto,7,religious_painting,13,Mannerism_Late_Renaissance,1382,1904,RGB
41037,87,michelangelo,8,sketch_and_study,11,High_Renaissance,1382,1819,RGB
36625,83,joshua-reynolds,6,portrait,22,Rococo,1382,1706,RGB
20853,0,Unknown Artist,6,portrait,22,Rococo,1382,1776,RGB
44748,0,Unknown Artist,7,religious_painting,11,High_Renaissance,1948,1382,RGB
6422,25,albrecht-durer,7,religious_painting,17,Northern_Renaissance,1382,1386,RGB
40664,0,Unknown Artist,7,religious_painting,11,High_Renaissance,1842,1382,RGB
18175,0,Unknown Artist,10,Unknown Genre,17,Northern_Renaissance,1382,1886,RGB
47802,0,Unknown Artist,7,religious_painting,4,Baroque,1382,1492,RGB
10713,20,rembrandt,8,sketch_and_study,4,Baroque,1850,1382,RGB
19853,58,pietro-perugino,7,religious_painting,11,High_Renaissance,1382,1841,RGB
53288,0,Unknown Artist,2,genre_painting,22,Rococo,1382,1684,RGB
5995,0,Unknown Artist,10,Unknown Genre,17,Northern_Renaissance,1382,1554,RGB
43494,0,Unknown Artist,7,religious_painting,8,Early_Renaissance,1903,1382,RGB
56720,0,Unknown Artist,7,religious_painting,17,Northern_Renaissance,2715,1382,RGB
57075,0,Unknown Artist,7,religious_painting,8,Early_Renaissance,1382,2011,RGB
1344,25,albrecht-durer,6,portrait,17,Northern_Renaissance,1382,1921,RGB
46076,69,raphael,2,genre_painting,11,High_Renaissance,1384,1382,RGB
1249,25,albrecht-durer,2,genre_painting,17,Northern_Renaissance,1382,2229,RGB
36367,0,Unknown Artist,7,religious_painting,17,Northern_Renaissance,1382,3361,RGB
65965,0,Unknown Artist,6,portrait,22,Rococo,1382,1838,RGB
80081,0,Unknown Artist,10,Unknown Genre,22,Rococo,1438,1382,RGB
26725,0,Unknown Artist,7,religious_painting,11,High_Renaissance,2101,1382,RGB
48312,103,hans-memling,7,religious_painting,17,Northern_Renaissance,2415,1382,RGB
28770,126,thomas-gainsborough,6,portrait,22,Rococo,1382,2294,RGB
72652,0,Unknown Artist,10,Unknown Genre,22,Rococo,1382,1754,RGB
34526,0,Unknown Artist,6,portrait,22,Rococo,1382,1922,RGB
51519,0,Unknown Artist,7,religious_painting,8,Early_Renaissance,1399,1382,RGB
28565,69,raphael,7,religious_painting,11,High_Renaissance,1382,1881,RGB
43921,0,Unknown Artist,2,genre_painting,4,Baroque,1600,1382,RGB
5432,20,rembrandt,6,portrait,4,Baroque,1382,1842,RGB
64267,0,Unknown Artist,6,portrait,13,Mannerism_Late_Renaissance,1382,1386,RGB
65504,0,Unknown Artist,6,portrait,22,Rococo,1382,1859,RGB
75213,0,Unknown Artist,10,Unknown Genre,11,High_Renaissance,1382,2124,RGB
64514,117,hans-holbein-the-younger,6,portrait,17,Northern_Renaissance,1382,1911,RGB
17728,20,rembrandt,2,genre_painting,4,Baroque,1381,1509,RGB
65215,0,Unknown Artist,6,portrait,8,Early_Renaissance,1382,1383,RGB
39149,0,Unknown Artist,7,religious_painting,4,Baroque,2038,1382,RGB
65436,116,frans-hals,6,portrait,4,Baroque,2342,1381,RGB
55935,0,Unknown Artist,7,religious_painting,8,Early_Renaissance,1382,1436,RGB
47924,24,leonardo-da-vinci,8,sketch_and_study,11,High_Renaissance,1382,1884,RGB
48659,83,joshua-reynolds,6,portrait,22,Rococo,1382,1776,RGB
49579,0,Unknown Artist,6,portrait,8,Early_Renaissance,1382,2568,RGB
64327,67,tintoretto,6,portrait,13,Mannerism_Late_Renaissance,1382,1799,RGB
44590,0,Unknown Artist,6,portrait,22,Rococo,1924,1382,RGB
47187,0,Unknown Artist,7,religious_painting,13,Mannerism_Late_Renaissance,1382,1832,RGB
6950,25,albrecht-durer,7,religious_painting,17,Northern_Renaissance,1382,1909,RGB
41203,0,Unknown Artist,2,genre_painting,4,Baroque,1382,1736,RGB
77124,0,Unknown Artist,10,Unknown Genre,4,Baroque,1382,2032,RGB
68566,0,Unknown Artist,10,Unknown Genre,8,Early_Renaissance,2359,1382,RGB
48715,0,Unknown Artist,7,religious_painting,8,Early_Renaissance,1821,1382,RGB
78599,0,Unknown Artist,10,Unknown Genre,4,Baroque,1382,1577,RGB
20195,29,lucas-cranach-the-elder,7,religious_painting,17,Northern_Renaissance,1382,2023,RGB
49830,0,Unknown Artist,8,sketch_and_study,17,Northern_Renaissance,1382,2220,RGB
56829,0,Unknown Artist,7,religious_painting,13,Mannerism_Late_Renaissance,1382,1623,RGB
61546,0,Unknown Artist,9,still_life,4,Baroque,1382,2096,RGB
31181,23,hieronymus-bosch,7,religious_painting,17,Northern_Renaissance,1382,1688,RGB
57515,87,michelangelo,5,nude_painting,11,High_Renaissance,1382,2334,RGB
51111,0,Unknown Artist,7,religious_painting,8,Early_Renaissance,1606,1382,RGB
36996,0,Unknown Artist,6,portrait,22,Rococo,1382,1713,RGB
49481,0,Unknown Artist,7,religious_painting,17,Northern_Renaissance,1382,1782,RGB
42200,0,Unknown Artist,7,religious_painting,11,High_Renaissance,2119,1382,RGB
56077,0,Unknown Artist,7,religious_painting,17,Northern_Renaissance,1382,1771,RGB
74266,0,Unknown Artist,10,Unknown Genre,17,Northern_Renaissance,2316,1381,RGB
21360,0,Unknown Artist,7,religious_painting,13,Mannerism_Late_Renaissance,1382,1606,RGB
20554,0,Unknown Artist,8,sketch_and_study,17,Northern_Renaissance,1382,1848,RGB
36368,0,Unknown Artist,7,religious_painting,8,Early_Renaissance,1382,1872,RGB
28903,0,Unknown Artist,7,religious_painting,8,Early_Renaissance,2235,1382,RGB
30730,0,Unknown Artist,7,religious_painting,8,Early_Renaissance,2840,1382,RGB
20567,0,Unknown Artist,6,portrait,22,Rococo,1382,1675,RGB
72686,0,Unknown Artist,10,Unknown Genre,17,Northern_Renaissance,1382,1548,RGB
67951,0,Unknown Artist,10,Unknown Genre,8,Early_Renaissance,2452,1382,RGB
50243,114,anthony-van-dyck,7,religious_painting,4,Baroque,1382,1481,RGB
24428,0,Unknown Artist,7,religious_painting,17,Northern_Renaissance,1382,1675,RGB
22664,58,pietro-perugino,7,religious_painting,11,High_Renaissance,2927,1382,RGB
50106,0,Unknown Artist,7,religious_painting,13,Mannerism_Late_Renaissance,1382,1717,RGB
19414,23,hieronymus-bosch,7,religious_painting,17,Northern_Renaissance,2315,1382,RGB
53068,0,Unknown Artist,6,portrait,8,Early_Renaissance,1382,2122,RGB
8771,20,rembrandt,6,portrait,4,Baroque,1382,1767,RGB
43726,0,Unknown Artist,7,religious_painting,8,Early_Renaissance,1382,1968,RGB
6075,25,albrecht-durer,6,portrait,17,Northern_Renaissance,1382,2115,RGB
57064,0,Unknown Artist,7,religious_painting,8,Early_Renaissance,1382,1984,RGB
68554,0,Unknown Artist,10,Unknown Genre,22,Rococo,1382,2423,RGB
56667,67,tintoretto,7,religious_painting,13,Mannerism_Late_Renaissance,1991,1382,RGB
44835,0,Unknown Artist,2,genre_painting,22,Rococo,1988,1382,RGB
985,25,albrecht-durer,8,sketch_and_study,17,Northern_Renaissance,1980,1382,RGB
56220,0,Unknown Artist,7,religious_painting,8,Early_Renaissance,1382,2556,RGB
39983,0,Unknown Artist,7,religious_painting,8,Early_Renaissance,1681,1382,RGB
65667,0,Unknown Artist,6,portrait,13,Mannerism_Late_Renaissance,1382,1698,RGB
27911,0,Unknown Artist,7,religious_painting,13,Mannerism_Late_Renaissance,1490,1382,RGB
17677,20,rembrandt,7,religious_painting,4,Baroque,1382,1649,RGB
64322,0,Unknown Artist,6,portrait,4,Baroque,1382,1750,RGB
22301,23,hieronymus-bosch,7,religious_painting,17,Northern_Renaissance,1382,1802,RGB
41863,0,Unknown Artist,6,portrait,11,High_Renaissance,1382,1808,RGB
24031,0,Unknown Artist,7,religious_painting,17,Northern_Renaissance,2914,1382,RGB
52278,0,Unknown Artist,7,religious_painting,22,Rococo,1625,1382,RGB
56429,24,leonardo-da-vinci,7,religious_painting,8,Early_Renaissance,1431,1382,RGB
6775,25,albrecht-durer,7,religious_painting,17,Northern_Renaissance,1600,1382,RGB
70114,0,Unknown Artist,10,Unknown Genre,13,Mannerism_Late_Renaissance,2622,1382,RGB
34489,69,raphael,7,religious_painting,11,High_Renaissance,1382,1557,RGB
61737,0,Unknown Artist,9,still_life,22,Rococo,1382,1727,RGB
56234,0,Unknown Artist,7,religious_painting,8,Early_Renaissance,1382,2205,RGB
27675,0,Unknown Artist,2,genre_painting,22,Rococo,1382,1715,RGB
44498,29,lucas-cranach-the-elder,7,religious_painting,17,Northern_Renaissance,1382,1915,RGB
32733,0,Unknown Artist,7,religious_painting,4,Baroque,1382,1830,RGB
29531,0,Unknown Artist,6,portrait,8,Early_Renaissance,1951,1382,RGB
43963,0,Unknown Artist,6,portrait,22,Rococo,1382,1708,RGB
32204,121,el-greco,7,religious_painting,13,Mannerism_Late_Renaissance,1382,1799,RGB
9083,25,albrecht-durer,2,genre_painting,17,Northern_Renaissance,1382,1824,RGB
29634,0,Unknown Artist,2,genre_painting,22,Rococo,1785,1382,RGB
46342,0,Unknown Artist,7,religious_painting,11,High_Renaissance,1842,1382,RGB
32226,0,Unknown Artist,7,religious_painting,8,Early_Renaissance,1382,1857,RGB
42068,0,Unknown Artist,2,genre_painting,17,Northern_Renaissance,1897,1382,RGB
71158,0,Unknown Artist,10,Unknown Genre,11,High_Renaissance,1382,2222,RGB
22150,116,frans-hals,6,portrait,4,Baroque,1382,1919,RGB
65086,121,el-greco,6,portrait,13,Mannerism_Late_Renaissance,1382,1714,RGB
36855,80,peter-paul-rubens,2,genre_painting,4,Baroque,2007,1382,RGB
56323,0,Unknown Artist,7,religious_painting,11,High_Renaissance,1382,1692,RGB
53386,0,Unknown Artist,2,genre_painting,4,Baroque,1382,1557,RGB
49671,0,Unknown Artist,7,religious_painting,11,High_Renaissance,1382,1713,RGB
66279,29,lucas-cranach-the-elder,6,portrait,17,Northern_Renaissance,2075,1382,RGB
38226,23,hieronymus-bosch,7,religious_painting,17,Northern_Renaissance,2726,1382,RGB
55836,0,Unknown Artist,7,religious_painting,4,Baroque,1944,1382,RGB
76620,0,Unknown Artist,10,Unknown Genre,11,High_Renaissance,1382,1853,RGB
41936,0,Unknown Artist,7,religious_painting,8,Early_Renaissance,1382,2524,RGB
17574,20,rembrandt,7,religious_painting,4,Baroque,2010,1382,RGB
80069,0,Unknown Artist,10,Unknown Genre,22,Rococo,1436,1382,RGB
18192,0,Unknown Artist,10,Unknown Genre,17,Northern_Renaissance,1465,1382,RGB
64279,0,Unknown Artist,6,portrait,11,High_Renaissance,2256,1382,RGB
32296,80,peter-paul-rubens,4,landscape,4,Baroque,2028,1382,RGB
78459,0,Unknown Artist,10,Unknown Genre,13,Mannerism_Late_Renaissance,1382,1977,RGB
56467,0,Unknown Artist,7,religious_painting,8,Early_Renaissance,1382,2201,RGB
36833,103,hans-memling,6,portrait,17,Northern_Renaissance,1382,1945,RGB
61838,0,Unknown Artist,9,still_life,13,Mannerism_Late_Renaissance,1382,1780,RGB
42258,0,Unknown Artist,2,genre_painting,4,Baroque,1382,1759,RGB
32279,125,jacob-jordaens,7,religious_painting,4,Baroque,1922,1382,RGB
44725,24,leonardo-da-vinci,8,sketch_and_study,11,High_Renaissance,1382,2074,RGB
48084,0,Unknown Artist,7,religious_painting,13,Mannerism_Late_Renaissance,1842,1382,RGB
1703,25,albrecht-durer,6,portrait,17,Northern_Renaissance,1382,2134,RGB
76341,0,Unknown Artist,10,Unknown Genre,13,Mannerism_Late_Renaissance,1382,1837,RGB
38996,77,titian,2,genre_painting,11,High_Renaissance,1382,1911,RGB
77076,0,Unknown Artist,10,Unknown Genre,22,Rococo,3743,1382,RGB
78455,0,Unknown Artist,10,Unknown Genre,13,Mannerism_Late_Renaissance,1984,1382,RGB
50128,61,bartolome-esteban-murillo,2,genre_painting,4,Baroque,1382,1701,RGB
5071,25,albrecht-durer,6,portrait,17,Northern_Renaissance,1382,2155,RGB
47080,83,joshua-reynolds,6,portrait,22,Rococo,1382,1658,RGB
56907,0,Unknown Artist,7,religious_painting,8,Early_Renaissance,1390,1382,RGB
56386,0,Unknown Artist,7,religious_painting,13,Mannerism_Late_Renaissance,1382,1842,RGB
19227,69,raphael,7,religious_painting,11,High_Renaissance,1382,1595,RGB
25069,0,Unknown Artist,7,religious_painting,11,High_Renaissance,2582,1382,RGB
45464,0,Unknown Artist,7,religious_painting,8,Early_Renaissance,1382,2016,RGB
56915,58,pietro-perugino,7,religious_painting,11,High_Renaissance,1381,1578,RGB
56116,0,Unknown Artist,7,religious_painting,13,Mannerism_Late_Renaissance,1382,1949,RGB
29246,128,canaletto,1,cityscape,4,Baroque,1560,1382,RGB
5836,25,albrecht-durer,7,religious_painting,17,Northern_Renaissance,1382,2042,RGB
63039,0,Unknown Artist,6,portrait,22,Rococo,1382,1767,RGB
45503,0,Unknown Artist,2,genre_painting,22,Rococo,1527,1382,RGB
2886,25,albrecht-durer,7,religious_painting,17,Northern_Renaissance,1382,1963,RGB
36779,0,Unknown Artist,6,portrait,13,Mannerism_Late_Renaissance,1382,1652,RGB
42704,82,paolo-veronese,7,religious_painting,13,Mannerism_Late_Renaissance,1382,1583,RGB
24586,0,Unknown Artist,6,portrait,22,Rococo,1934,1382,RGB
38940,0,Unknown Artist,2,genre_painting,22,Rococo,1382,1623,RGB
57141,23,hieronymus-bosch,7,religious_painting,17,Northern_Renaissance,1382,1677,RGB
12177,0,Unknown Artist,10,Unknown Genre,17,Northern_Renaissance,1382,1876,RGB
53731,0,Unknown Artist,2,genre_painting,4,Baroque,1864,1382,RGB
28143,0,Unknown Artist,2,genre_painting,4,Baroque,1382,1634,RGB
34470,24,leonardo-da-vinci,8,sketch_and_study,11,High_Renaissance,1382,1987,RGB
22245,29,lucas-cranach-the-elder,6,portrait,17,Northern_Renaissance,1382,1862,RGB
65495,0,Unknown Artist,6,portrait,4,Baroque,1741,1382,RGB
73922,0,Unknown Artist,10,Unknown Genre,4,Baroque,1382,1385,RGB
55262,0,Unknown Artist,2,genre_painting,4,Baroque,1859,1382,RGB
56906,0,Unknown Artist,7,religious_painting,4,Baroque,1857,1382,RGB
63353,0,Unknown Artist,6,portrait,11,High_Renaissance,1382,1633,RGB
55808,0,Unknown Artist,7,religious_painting,11,High_Renaissance,1382,1655,RGB
55897,0,Unknown Artist,7,religious_painting,13,Mannerism_Late_Renaissance,1382,1736,RGB
43239,0,Unknown Artist,7,religious_painting,13,Mannerism_Late_Renaissance,1382,1655,RGB
6564,25,albrecht-durer,8,sketch_and_study,17,Northern_Renaissance,1878,1382,RGB
47445,0,Unknown Artist,7,religious_painting,4,Baroque,1381,1850,RGB
6607,0,Unknown Artist,10,Unknown Genre,17,Northern_Renaissance,1382,2052,RGB
42689,0,Unknown Artist,6,portrait,4,Baroque,1382,1729,RGB
55752,58,pietro-perugino,7,religious_painting,8,Early_Renaissance,1382,2954,RGB
47372,0,Unknown Artist,7,religious_painting,8,Early_Renaissance,1462,1382,RGB
26417,69,raphael,7,religious_painting,11,High_Renaissance,1382,2075,RGB
56341,0,Unknown Artist,7,religious_painting,8,Early_Renaissance,1732,1382,RGB
56626,0,Unknown Artist,7,religious_painting,17,Northern_Renaissance,1382,1997,RGB
19848,82,paolo-veronese,7,religious_painting,13,Mannerism_Late_Renaissance,3816,1382,RGB
55606,0,Unknown Artist,7,religious_painting,11,High_Renaissance,1382,1697,RGB
26137,0,Unknown Artist,6,portrait,22,Rococo,1382,1584,RGB
50099,38,fra-angelico,7,religious_painting,8,Early_Renaissance,1382,1766,RGB
55682,0,Unknown Artist,7,religious_painting,11,High_Renaissance,1382,3322,RGB
47787,0,Unknown Artist,4,landscape,4,Baroque,1818,1382,RGB
56921,0,Unknown Artist,7,religious_painting,8,Early_Renaissance,1382,1850,RGB
70865,0,Unknown Artist,10,Unknown Genre,22,Rococo,1382,1725,RGB
44806,0,Unknown Artist,2,genre_painting,11,High_Renaissance,1382,1712,RGB
20038,0,Unknown Artist,6,portrait,11,High_Renaissance,1382,1736,RGB
71771,0,Unknown Artist,10,Unknown Genre,17,Northern_Renaissance,2561,1382,RGB
70424,0,Unknown Artist,10,Unknown Genre,4,Baroque,2179,1382,RGB
35204,0,Unknown Artist,7,religious_painting,11,High_Renaissance,1382,2077,RGB
63585,0,Unknown Artist,6,portrait,22,Rococo,1382,2305,RGB
34221,58,pietro-perugino,7,religious_painting,8,Early_Renaissance,2308,1382,RGB
23365,82,paolo-veronese,7,religious_painting,13,Mannerism_Late_Renaissance,1382,2166,RGB
62237,24,leonardo-da-vinci,8,sketch_and_study,8,Early_Renaissance,1904,1382,RGB
61954,0,Unknown Artist,8,sketch_and_study,8,Early_Renaissance,2075,1382,RGB
17741,20,rembrandt,6,portrait,4,Baroque,1382,1749,RGB
63194,0,Unknown Artist,6,portrait,22,Rococo,1382,1608,RGB
48967,0,Unknown Artist,2,genre_painting,4,Baroque,1382,1783,RGB
64738,0,Unknown Artist,6,portrait,22,Rococo,1382,1774,RGB
39755,0,Unknown Artist,7,religious_painting,8,Early_Renaissance,1382,1857,RGB
39630,58,pietro-perugino,7,religious_painting,8,Early_Renaissance,2250,1382,RGB
29599,24,leonardo-da-vinci,7,religious_painting,11,High_Renaissance,1382,1770,RGB
79999,0,Unknown Artist,10,Unknown Genre,22,Rococo,1382,1824,RGB
47075,0,Unknown Artist,7,religious_painting,8,Early_Renaissance,1382,1873,RGB
26549,103,hans-memling,7,religious_painting,17,Northern_Renaissance,1382,2095,RGB
52038,126,thomas-gainsborough,4,landscape,22,Rococo,1802,1382,RGB
20952,82,paolo-veronese,7,religious_painting,13,Mannerism_Late_Renaissance,2020,1382,RGB
29797,0,Unknown Artist,7,religious_painting,8,Early_Renaissance,1382,2798,RGB
53884,0,Unknown Artist,2,genre_painting,4,Baroque,1678,1382,RGB
18102,25,albrecht-durer,6,portrait,17,Northern_Renaissance,1382,1965,RGB
47382,87,michelangelo,8,sketch_and_study,11,High_Renaissance,1382,1934,RGB
50349,0,Unknown Artist,7,religious_painting,8,Early_Renaissance,2007,1382,RGB
5419,20,rembrandt,2,genre_painting,4,Baroque,1960,1382,RGB
78726,0,Unknown Artist,10,Unknown Genre,4,Baroque,1681,1382,RGB
28689,0,Unknown Artist,8,sketch_and_study,17,Northern_Renaissance,1382,2152,RGB
49379,0,Unknown Artist,7,religious_painting,22,Rococo,1382,2572,RGB
78688,0,Unknown Artist,10,Unknown Genre,4,Baroque,2183,1382,RGB
36970,0,Unknown Artist,7,religious_painting,13,Mannerism_Late_Renaissance,1842,1382,RGB
24907,0,Unknown Artist,7,religious_painting,8,Early_Renaissance,1382,1581,RGB
27682,103,hans-memling,6,portrait,17,Northern_Renaissance,1382,1926,RGB
65084,0,Unknown Artist,6,portrait,22,Rococo,1382,1712,RGB
23656,0,Unknown Artist,6,portrait,22,Rococo,1382,1667,RGB
47071,0,Unknown Artist,7,religious_painting,8,Early_Renaissance,1382,2223,RGB
9947,25,albrecht-durer,7,religious_painting,17,Northern_Renaissance,1382,2004,RGB
26935,0,Unknown Artist,2,genre_painting,4,Baroque,1382,1927,RGB
30328,0,Unknown Artist,2,genre_painting,22,Rococo,1382,1846,RGB
23342,126,thomas-gainsborough,6,portrait,22,Rococo,1382,1746,RGB
19910,117,hans-holbein-the-younger,8,sketch_and_study,17,Northern_Renaissance,1382,1982,RGB
65813,117,hans-holbein-the-younger,6,portrait,17,Northern_Renaissance,1382,1896,RGB
33897,0,Unknown Artist,2,genre_painting,4,Baroque,1382,1780,RGB
56911,0,Unknown Artist,7,religious_painting,8,Early_Renaissance,1883,1382,RGB
39508,121,el-greco,6,portrait,13,Mannerism_Late_Renaissance,1382,1678,RGB
56039,0,Unknown Artist,7,religious_painting,17,Northern_Renaissance,1382,2597,RGB
56326,58,pietro-perugino,7,religious_painting,8,Early_Renaissance,1382,3370,RGB
26231,0,Unknown Artist,2,genre_painting,22,Rococo,2189,1382,RGB
65754,0,Unknown Artist,6,portrait,22,Rococo,1382,1749,RGB
42406,0,Unknown Artist,7,religious_painting,4,Baroque,1382,2186,RGB
76590,0,Unknown Artist,10,Unknown Genre,22,Rococo,2288,1382,RGB
55747,24,leonardo-da-vinci,7,religious_painting,11,High_Renaissance,2554,1382,RGB
79394,0,Unknown Artist,10,Unknown Genre,11,High_Renaissance,1932,1382,RGB
68672,0,Unknown Artist,10,Unknown Genre,11,High_Renaissance,2073,1382,RGB
7642,20,rembrandt,6,portrait,4,Baroque,1382,1594,RGB
41654,82,paolo-veronese,7,religious_painting,13,Mannerism_Late_Renaissance,1382,2707,RGB
80066,0,Unknown Artist,10,Unknown Genre,22,Rococo,1382,1513,RGB
76630,0,Unknown Artist,10,Unknown Genre,17,Northern_Renaissance,1382,2093,RGB
26188,117,hans-holbein-the-younger,6,portrait,17,Northern_Renaissance,1396,1382,RGB
44804,0,Unknown Artist,7,religious_painting,13,Mannerism_Late_Renaissance,1382,2250,RGB
50068,61,bartolome-esteban-murillo,7,religious_painting,4,Baroque,1382,2110,RGB
56459,82,paolo-veronese,7,religious_painting,13,Mannerism_Late_Renaissance,2198,1382,RGB
46913,0,Unknown Artist,4,landscape,4,Baroque,2218,1382,RGB
56265,38,fra-angelico,7,religious_painting,8,Early_Renaissance,1382,1831,RGB
29122,0,Unknown Artist,7,religious_painting,8,Early_Renaissance,1382,2799,RGB
31393,0,Unknown Artist,8,sketch_and_study,13,Mannerism_Late_Renaissance,1382,1654,RGB
71413,0,Unknown Artist,10,Unknown Genre,17,Northern_Renaissance,1382,1888,RGB
78723,0,Unknown Artist,10,Unknown Genre,4,Baroque,2432,1382,RGB
36589,38,fra-angelico,7,religious_painting,8,Early_Renaissance,1665,1382,RGB
24087,103,hans-memling,7,religious_painting,17,Northern_Renaissance,1382,1976,RGB
68033,0,Unknown Artist,10,Unknown Genre,11,High_Renaissance,1748,1382,RGB
50629,0,Unknown Artist,7,religious_painting,8,Early_Renaissance,1842,1382,RGB
80539,0,Unknown Artist,10,Unknown Genre,8,Early_Renaissance,1451,1382,RGB
76291,0,Unknown Artist,10,Unknown Genre,17,Northern_Renaissance,1382,1965,RGB
25215,67,tintoretto,6,portrait,13,Mannerism_Late_Renaissance,1382,1628,RGB
36915,0,Unknown Artist,7,religious_painting,13,Mannerism_Late_Renaissance,1382,1899,RGB
7683,20,rembrandt,7,religious_painting,4,Baroque,1382,1869,RGB
57316,0,Unknown Artist,5,nude_painting,4,Baroque,1382,1842,RGB
61749,0,Unknown Artist,9,still_life,4,Baroque,1382,1906,RGB
79402,0,Unknown Artist,10,Unknown Genre,11,High_Renaissance,1640,1382,RGB
24781,0,Unknown Artist,7,religious_painting,4,Baroque,1382,1735,RGB
19404,0,Unknown Artist,7,religious_painting,8,Early_Renaissance,1824,1382,RGB
31003,103,hans-memling,7,religious_painting,17,Northern_Renaissance,1629,1382,RGB
48603,87,michelangelo,7,religious_painting,11,High_Renaissance,2382,1382,RGB
52349,0,Unknown Artist,8,sketch_and_study,17,Northern_Renaissance,1382,1993,RGB
37417,0,Unknown Artist,7,religious_painting,11,High_Renaissance,1382,1770,RGB
11998,25,albrecht-durer,7,religious_painting,17,Northern_Renaissance,1381,2041,RGB
6234,0,Unknown Artist,10,Unknown Genre,17,Northern_Renaissance,2263,1382,RGB
19403,0,Unknown Artist,7,religious_painting,8,Early_Renaissance,1556,1382,RGB
45288,116,frans-hals,6,portrait,4,Baroque,2006,1382,RGB
69805,0,Unknown Artist,10,Unknown Genre,4,Baroque,1382,1781,RGB
35534,67,tintoretto,6,portrait,13,Mannerism_Late_Renaissance,1382,1768,RGB
20553,0,Unknown Artist,6,portrait,22,Rococo,1382,1758,RGB
23153,0,Unknown Artist,8,sketch_and_study,8,Early_Renaissance,2159,1382,RGB
50225,69,raphael,7,religious_painting,11,High_Renaissance,1382,1412,RGB
24426,0,Unknown Artist,7,religious_painting,8,Early_Renaissance,1382,1465,RGB
68376,0,Unknown Artist,10,Unknown Genre,11,High_Renaissance,1435,1382,RGB
9507,25,albrecht-durer,6,portrait,17,Northern_Renaissance,1382,2027,RGB
50374,0,Unknown Artist,1,cityscape,22,Rococo,2189,1382,RGB
50646,23,hieronymus-bosch,7,religious_painting,17,Northern_Renaissance,1382,1889,RGB
80051,0,Unknown Artist,10,Unknown Genre,22,Rococo,2071,1382,RGB
55193,0,Unknown Artist,2,genre_painting,22,Rococo,1382,1722,RGB
56944,0,Unknown Artist,7,religious_painting,8,Early_Renaissance,1718,1382,RGB
24660,0,Unknown Artist,2,genre_painting,4,Baroque,1986,1382,RGB
81085,0,Unknown Artist,10,Unknown Genre,17,Northern_Renaissance,1382,2020,RGB
48457,0,Unknown Artist,7,religious_painting,8,Early_Renaissance,1382,2545,RGB
44952,82,paolo-veronese,6,portrait,13,Mannerism_Late_Renaissance,1382,1780,RGB
63065,67,tintoretto,6,portrait,13,Mannerism_Late_Renaissance,1382,1865,RGB
31106,82,paolo-veronese,7,religious_painting,13,Mannerism_Late_Renaissance,1382,2207,RGB
49966,0,Unknown Artist,7,religious_painting,8,Early_Renaissance,1382,1710,RGB
17584,20,rembrandt,6,portrait,4,Baroque,1382,1842,RGB
3637,25,albrecht-durer,7,religious_painting,17,Northern_Renaissance,1382,1749,RGB
8791,25,albrecht-durer,1,cityscape,17,Northern_Renaissance,2008,1382,RGB
33641,0,Unknown Artist,6,portrait,13,Mannerism_Late_Renaissance,1382,1696,RGB
25758,0,Unknown Artist,7,religious_painting,8,Early_Renaissance,1382,1995,RGB
47291,58,pietro-perugino,7,religious_painting,11,High_Renaissance,3030,1382,RGB
31980,0,Unknown Artist,6,portrait,22,Rococo,1382,1875,RGB
70830,0,Unknown Artist,10,Unknown Genre,13,Mannerism_Late_Renaissance,1922,1382,RGB
49238,0,Unknown Artist,7,religious_painting,8,Early_Renaissance,1778,1382,RGB
46718,0,Unknown Artist,2,genre_painting,22,Rococo,1521,1382,RGB
69420,0,Unknown Artist,10,Unknown Genre,4,Baroque,1658,1382,RGB
50009,77,titian,6,portrait,11,High_Renaissance,1382,1785,RGB
21548,38,fra-angelico,7,religious_painting,8,Early_Renaissance,1382,1426,RGB
50567,0,Unknown Artist,1,cityscape,22,Rococo,1863,1382,RGB
57067,0,Unknown Artist,7,religious_painting,8,Early_Renaissance,1382,1867,RGB
55798,87,michelangelo,7,religious_painting,11,High_Renaissance,2187,1382,RGB
9717,25,albrecht-durer,7,religious_painting,17,Northern_Renaissance,1382,1932,RGB
56070,103,hans-memling,7,religious_painting,17,Northern_Renaissance,1382,3120,RGB
38000,126,thomas-gainsborough,6,portrait,22,Rococo,1382,2183,RGB
71077,0,Unknown Artist,10,Unknown Genre,4,Baroque,1382,1627,RGB
79377,0,Unknown Artist,10,Unknown Genre,11,High_Renaissance,1382,3349,RGB
67855,0,Unknown Artist,10,Unknown Genre,11,High_Renaissance,1382,1967,RGB
3953,25,albrecht-durer,7,religious_painting,17,Northern_Renaissance,1382,2113,RGB
39928,0,Unknown Artist,8,sketch_and_study,17,Northern_Renaissance,1382,1915,RGB
58502,0,Unknown Artist,1,cityscape,4,Baroque,1692,1382,RGB
55997,0,Unknown Artist,7,religious_painting,8,Early_Renaissance,1382,1948,RGB
62051,0,Unknown Artist,8,sketch_and_study,22,Rococo,1382,2005,RGB
47347,0,Unknown Artist,7,religious_painting,8,Early_Renaissance,1382,1895,RGB
38298,67,tintoretto,6,portrait,13,Mannerism_Late_Renaissance,1382,1896,RGB
32241,77,titian,7,religious_painting,11,High_Renaissance,1820,1382,RGB
44668,0,Unknown Artist,7,religious_painting,8,Early_Renaissance,3103,1382,RGB
48652,0,Unknown Artist,6,portrait,13,Mannerism_Late_Renaissance,1382,1760,RGB
769,20,rembrandt,6,portrait,4,Baroque,1382,1770,RGB
52404,77,titian,7,religious_painting,11,High_Renaissance,1679,1382,RGB
78670,0,Unknown Artist,10,Unknown Genre,4,Baroque,1382,1944,RGB
56793,125,jacob-jordaens,7,religious_painting,4,Baroque,1382,1842,RGB
9537,25,albrecht-durer,6,portrait,17,Northern_Renaissance,1946,1382,RGB
34525,125,jacob-jordaens,2,genre_painting,4,Baroque,1914,1382,RGB
29916,0,Unknown Artist,6,portrait,8,Early_Renaissance,1382,2106,RGB
65608,126,thomas-gainsborough,6,portrait,22,Rococo,1382,2157,RGB
56093,0,Unknown Artist,7,religious_painting,4,Baroque,1755,1382,RGB
74487,0,Unknown Artist,10,Unknown Genre,13,Mannerism_Late_Renaissance,1382,1831,RGB
54742,0,Unknown Artist,2,genre_painting,4,Baroque,2030,1382,RGB
23282,87,michelangelo,8,sketch_and_study,11,High_Renaissance,1382,1900,RGB
50426,0,Unknown Artist,7,religious_painting,4,Baroque,1382,1518,RGB
36868,0,Unknown Artist,7,religious_painting,8,Early_Renaissance,1382,4730,RGB
71127,0,Unknown Artist,10,Unknown Genre,4,Baroque,2021,1382,RGB
44039,0,Unknown Artist,7,religious_painting,8,Early_Renaissance,1382,1669,RGB
73487,0,Unknown Artist,10,Unknown Genre,13,Mannerism_Late_Renaissance,2238,1382,RGB
34822,0,Unknown Artist,7,religious_painting,17,Northern_Renaissance,1382,1976,RGB
17958,25,albrecht-durer,6,portrait,17,Northern_Renaissance,1382,2223,RGB
26144,0,Unknown Artist,7,religious_painting,8,Early_Renaissance,1792,1382,RGB
42712,38,fra-angelico,7,religious_painting,8,Early_Renaissance,1382,1410,RGB
20494,77,titian,7,religious_painting,13,Mannerism_Late_Renaissance,1382,2128,RGB
48752,83,joshua-reynolds,6,portrait,22,Rococo,1382,1695,RGB
56184,0,Unknown Artist,7,religious_painting,13,Mannerism_Late_Renaissance,1382,1813,RGB
37458,0,Unknown Artist,7,religious_painting,8,Early_Renaissance,1382,1954,RGB
52518,38,fra-angelico,8,sketch_and_study,8,Early_Renaissance,1851,1382,RGB
41453,77,titian,2,genre_painting,13,Mannerism_Late_Renaissance,1998,1382,RGB
50949,24,leonardo-da-vinci,8,sketch_and_study,11,High_Renaissance,1382,1651,RGB
46966,58,pietro-perugino,7,religious_painting,11,High_Renaissance,1382,1671,RGB
32132,0,Unknown Artist,2,genre_painting,22,Rococo,1742,1382,RGB
36286,0,Unknown Artist,8,sketch_and_study,13,Mannerism_Late_Renaissance,1382,2021,RGB
71566,0,Unknown Artist,10,Unknown Genre,13,Mannerism_Late_Renaissance,2055,1382,RGB
79411,0,Unknown Artist,10,Unknown Genre,11,High_Renaissance,1412,1382,RGB
30342,0,Unknown Artist,2,genre_painting,4,Baroque,1993,1382,RGB
47059,0,Unknown Artist,7,religious_painting,13,Mannerism_Late_Renaissance,1831,1382,RGB
27204,0,Unknown Artist,5,nude_painting,4,Baroque,1382,1843,RGB
50696,0,Unknown Artist,2,genre_painting,22,Rococo,1691,1382,RGB
62238,114,anthony-van-dyck,8,sketch_and_study,4,Baroque,1382,1822,RGB
56821,67,tintoretto,7,religious_painting,13,Mannerism_Late_Renaissance,2143,1382,RGB
22310,0,Unknown Artist,7,religious_painting,22,Rococo,1680,1382,RGB
32325,0,Unknown Artist,6,portrait,22,Rococo,1382,1758,RGB
50129,0,Unknown Artist,2,genre_painting,4,Baroque,1562,1382,RGB
49003,83,joshua-reynolds,6,portrait,22,Rococo,1382,1723,RGB
30587,0,Unknown Artist,7,religious_painting,8,Early_Renaissance,1382,3455,RGB
56277,0,Unknown Artist,7,religious_painting,11,High_Renaissance,1382,1952,RGB
78448,0,Unknown Artist,10,Unknown Genre,13,Mannerism_Late_Renaissance,1382,1677,RGB
27755,0,Unknown Artist,4,landscape,4,Baroque,1731,1382,RGB
63458,0,Unknown Artist,6,portrait,8,Early_Renaissance,1382,1997,RGB
23518,0,Unknown Artist,2,genre_painting,4,Baroque,1596,1382,RGB
31143,0,Unknown Artist,6,portrait,22,Rococo,1382,1813,RGB
33443,0,Unknown Artist,7,religious_painting,8,Early_Renaissance,1382,1418,RGB
20728,58,pietro-perugino,7,religious_painting,11,High_Renaissance,2591,1382,RGB
9506,25,albrecht-durer,2,genre_painting,17,Northern_Renaissance,1382,2006,RGB
37242,116,frans-hals,6,portrait,4,Baroque,1382,1901,RGB
30549,0,Unknown Artist,4,landscape,4,Baroque,2088,1381,RGB
56936,0,Unknown Artist,7,religious_painting,8,Early_Renaissance,1382,1745,RGB
56838,87,michelangelo,7,religious_painting,11,High_Renaissance,1433,1382,RGB
26256,67,tintoretto,7,religious_painting,13,Mannerism_Late_Renaissance,3600,1382,RGB
45700,0,Unknown Artist,2,genre_painting,8,Early_Renaissance,1382,1736,RGB
56519,77,titian,7,religious_painting,11,High_Renaissance,2268,1382,RGB
23853,0,Unknown Artist,7,religious_painting,8,Early_Renaissance,3796,1382,RGB
20617,0,Unknown Artist,6,portrait,13,Mannerism_Late_Renaissance,1382,1749,RGB
11661,0,Unknown Artist,10,Unknown Genre,17,Northern_Renaissance,1382,1905,RGB
50712,0,Unknown Artist,7,religious_painting,17,Northern_Renaissance,1382,1914,RGB
56171,38,fra-angelico,7,religious_painting,8,Early_Renaissance,1382,1952,RGB
31796,0,Unknown Artist,2,genre_painting,4,Baroque,1820,1382,RGB
56353,69,raphael,7,religious_painting,11,High_Renaissance,1382,1578,RGB
81115,0,Unknown Artist,10,Unknown Genre,17,Northern_Renaissance,2209,1382,RGB
52669,67,tintoretto,6,portrait,13,Mannerism_Late_Renaissance,1677,1382,RGB
51270,117,hans-holbein-the-younger,8,sketch_and_study,17,Northern_Renaissance,1382,1844,RGB
56665,0,Unknown Artist,7,religious_painting,8,Early_Renaissance,1382,1847,RGB
44859,77,titian,6,portrait,11,High_Renaissance,1382,1605,RGB
55918,0,Unknown Artist,7,religious_painting,11,High_Renaissance,1382,1994,RGB
56392,23,hieronymus-bosch,7,religious_painting,17,Northern_Renaissance,1614,1382,RGB
50134,0,Unknown Artist,6,portrait,17,Northern_Renaissance,1382,1906,RGB
36535,0,Unknown Artist,7,religious_painting,17,Northern_Renaissance,1382,1794,RGB
51923,0,Unknown Artist,2,genre_painting,4,Baroque,2202,1382,RGB
50766,126,thomas-gainsborough,6,portrait,22,Rococo,1382,1785,RGB
57146,69,raphael,7,religious_painting,11,High_Renaissance,1382,1411,RGB
38490,67,tintoretto,6,portrait,13,Mannerism_Late_Renaissance,1382,2932,RGB
81153,0,Unknown Artist,10,Unknown Genre,17,Northern_Renaissance,1510,1382,RGB
36805,126,thomas-gainsborough,6,portrait,22,Rococo,1382,1754,RGB
22468,0,Unknown Artist,2,genre_painting,22,Rococo,2292,1382,RGB
36230,0,Unknown Artist,6,portrait,13,Mannerism_Late_Renaissance,1382,1776,RGB
1907,20,rembrandt,6,portrait,4,Baroque,1382,1823,RGB
21992,80,peter-paul-rubens,6,portrait,4,Baroque,1382,1731,RGB
20579,0,Unknown Artist,7,religious_painting,11,High_Renaissance,1382,1856,RGB
52493,0,Unknown Artist,1,cityscape,22,Rococo,1382,1438,RGB
4150,25,albrecht-durer,6,portrait,17,Northern_Renaissance,1382,1997,RGB
52548,0,Unknown Artist,7,religious_painting,11,High_Renaissance,1382,1657,RGB
77054,0,Unknown Artist,10,Unknown Genre,13,Mannerism_Late_Renaissance,1382,1862,RGB
1950,20,rembrandt,7,religious_painting,4,Baroque,2189,1382,RGB
76554,0,Unknown Artist,10,Unknown Genre,17,Northern_Renaissance,1382,1743,RGB
29290,0,Unknown Artist,6,portrait,22,Rococo,1382,1849,RGB
35054,0,Unknown Artist,7,religious_painting,17,Northern_Renaissance,1382,1574,RGB
11094,25,albrecht-durer,8,sketch_and_study,17,Northern_Renaissance,1382,1914,RGB
26008,61,bartolome-esteban-murillo,7,religious_painting,4,Baroque,1812,1381,RGB
55995,0,Unknown Artist,7,religious_painting,11,High_Renaissance,1382,2039,RGB
74386,0,Unknown Artist,10,Unknown Genre,22,Rococo,1706,1382,RGB
70803,0,Unknown Artist,10,Unknown Genre,13,Mannerism_Late_Renaissance,1689,1382,RGB
47109,121,el-greco,7,religious_painting,13,Mannerism_Late_Renaissance,1382,2129,RGB
69676,0,Unknown Artist,10,Unknown Genre,22,Rococo,1382,1795,RGB
41455,0,Unknown Artist,7,religious_painting,11,High_Renaissance,2067,1382,RGB
20963,0,Unknown Artist,7,religious_painting,8,Early_Renaissance,1382,1955,RGB
49969,38,fra-angelico,7,religious_painting,8,Early_Renaissance,1382,1620,RGB
25139,0,Unknown Artist,6,portrait,4,Baroque,1382,1756,RGB
62300,23,hieronymus-bosch,8,sketch_and_study,17,Northern_Renaissance,1382,2209,RGB
40740,0,Unknown Artist,4,landscape,4,Baroque,2885,1382,RGB
70443,0,Unknown Artist,10,Unknown Genre,17,Northern_Renaissance,1919,1382,RGB
29379,0,Unknown Artist,6,portrait,4,Baroque,1382,1826,RGB
57757,0,Unknown Artist,1,cityscape,22,Rococo,1881,1382,RGB
56240,0,Unknown Artist,7,religious_painting,11,High_Renaissance,1382,3240,RGB
41404,0,Unknown Artist,8,sketch_and_study,17,Northern_Renaissance,1382,1782,RGB
80010,0,Unknown Artist,10,Unknown Genre,22,Rococo,1640,1382,RGB
42034,0,Unknown Artist,2,genre_painting,4,Baroque,1382,1839,RGB
19930,0,Unknown Artist,7,religious_painting,17,Northern_Renaissance,1382,1572,RGB
17778,20,rembrandt,5,nude_painting,4,Baroque,1382,2229,RGB
26437,67,tintoretto,6,portrait,13,Mannerism_Late_Renaissance,1382,1736,RGB
80025,0,Unknown Artist,10,Unknown Genre,22,Rococo,1381,2187,RGB
56094,0,Unknown Artist,7,religious_painting,13,Mannerism_Late_Renaissance,1382,1928,RGB
79998,0,Unknown Artist,10,Unknown Genre,22,Rococo,1382,1605,RGB
28504,0,Unknown Artist,6,portrait,4,Baroque,1382,1794,RGB
56068,67,tintoretto,7,religious_painting,13,Mannerism_Late_Renaissance,4973,1382,RGB
40190,0,Unknown Artist,3,illustration,8,Early_Renaissance,2407,1382,RGB
24449,61,bartolome-esteban-murillo,7,religious_painting,4,Baroque,1382,2075,RGB
20804,0,Unknown Artist,4,landscape,4,Baroque,1767,1382,RGB
20423,103,hans-memling,7,religious_painting,17,Northern_Renaissance,1382,1858,RGB
50747,0,Unknown Artist,7,religious_painting,11,High_Renaissance,1382,2000,RGB
56456,0,Unknown Artist,7,religious_painting,17,Northern_Renaissance,2367,1382,RGB
24609,0,Unknown Artist,7,religious_painting,4,Baroque,2567,1382,RGB
50571,77,titian,7,religious_painting,11,High_Renaissance,1382,1718,RGB
30678,0,Unknown Artist,7,religious_painting,13,Mannerism_Late_Renaissance,2099,1382,RGB
28286,23,hieronymus-bosch,7,religious_painting,17,Northern_Renaissance,1382,1578,RGB
72921,0,Unknown Artist,10,Unknown Genre,4,Baroque,1382,1843,RGB
29029,0,Unknown Artist,1,cityscape,17,Northern_Renaissance,1382,1727,RGB
20374,0,Unknown Artist,2,genre_painting,4,Baroque,2038,1382,RGB
77002,0,Unknown Artist,10,Unknown Genre,11,High_Renaissance,1382,2010,RGB
73700,0,Unknown Artist,10,Unknown Genre,4,Baroque,1382,1795,RGB
56834,0,Unknown Artist,7,religious_painting,8,Early_Renaissance,1382,1813,RGB
21958,0,Unknown Artist,7,religious_painting,11,High_Renaissance,1382,2355,RGB
80013,0,Unknown Artist,10,Unknown Genre,22,Rococo,1382,1659,RGB
20631,0,Unknown Artist,2,genre_painting,4,Baroque,1382,1614,RGB
42375,125,jacob-jordaens,7,religious_painting,4,Baroque,2330,1381,RGB
27771,0,Unknown Artist,7,religious_painting,8,Early_Renaissance,1382,2349,RGB
56309,0,Unknown Artist,7,religious_painting,8,Early_Renaissance,2068,1382,RGB
32988,0,Unknown Artist,7,religious_painting,8,Early_Renaissance,1382,2617,RGB
29610,0,Unknown Artist,6,portrait,22,Rococo,1382,1667,RGB
58589,0,Unknown Artist,1,cityscape,22,Rococo,2093,1382,RGB
72917,0,Unknown Artist,10,Unknown Genre,22,Rococo,1382,1485,RGB
20337,77,titian,7,religious_painting,11,High_Renaissance,1697,1382,RGB
20884,0,Unknown Artist,9,still_life,22,Rococo,1777,1381,RGB
55678,0,Unknown Artist,7,religious_painting,11,High_Renaissance,2588,1382,RGB
38287,38,fra-angelico,7,religious_painting,8,Early_Renaissance,1382,1442,RGB
1558,20,rembrandt,2,genre_painting,4,Baroque,1382,1544,RGB
35966,0,Unknown Artist,7,religious_painting,4,Baroque,1382,1915,RGB
37357,0,Unknown Artist,6,portrait,22,Rococo,1382,1892,RGB
46991,0,Unknown Artist,8,sketch_and_study,8,Early_Renaissance,1382,1873,RGB
35504,0,Unknown Artist,6,portrait,22,Rococo,1382,1834,RGB
34768,0,Unknown Artist,7,religious_painting,11,High_Renaissance,1382,1740,RGB
64977,0,Unknown Artist,6,portrait,22,Rococo,1382,2151,RGB
32508,69,raphael,7,religious_painting,11,High_Renaissance,1779,1382,RGB
23424,0,Unknown Artist,7,religious_painting,8,Early_Renaissance,1418,1382,RGB
10091,25,albrecht-durer,7,religious_painting,17,Northern_Renaissance,1910,1382,RGB
43557,103,hans-memling,7,religious_painting,17,Northern_Renaissance,2000,1382,RGB
33519,0,Unknown Artist,2,genre_painting,4,Baroque,2358,1382,RGB
44557,0,Unknown Artist,8,sketch_and_study,8,Early_Renaissance,2045,1382,RGB
21952,116,frans-hals,6,portrait,4,Baroque,1382,1663,RGB
77160,0,Unknown Artist,10,Unknown Genre,22,Rococo,1382,1679,RGB
56521,82,paolo-veronese,7,religious_painting,13,Mannerism_Late_Renaissance,2194,1382,RGB
32423,0,Unknown Artist,6,portrait,22,Rococo,1381,1640,RGB
36712,0,Unknown Artist,6,portrait,22,Rococo,1382,1931,RGB
20472,80,peter-paul-rubens,7,religious_painting,4,Baroque,1382,2032,RGB
63191,0,Unknown Artist,6,portrait,22,Rococo,1382,1701,RGB
63052,0,Unknown Artist,6,portrait,13,Mannerism_Late_Renaissance,1382,1813,RGB
71286,0,Unknown Artist,10,Unknown Genre,4,Baroque,1382,1697,RGB
27489,0,Unknown Artist,6,portrait,8,Early_Renaissance,1382,2134,RGB
28970,0,Unknown Artist,2,genre_painting,4,Baroque,1382,1727,RGB
49460,67,tintoretto,7,religious_painting,13,Mannerism_Late_Renaissance,1860,1382,RGB
42590,87,michelangelo,8,sketch_and_study,11,High_Renaissance,1382,2127,RGB
43112,0,Unknown Artist,7,religious_painting,8,Early_Renaissance,1382,1960,RGB
63586,0,Unknown Artist,6,portrait,22,Rococo,1382,1641,RGB
80026,0,Unknown Artist,10,Unknown Genre,22,Rococo,1382,1831,RGB
42295,0,Unknown Artist,7,religious_painting,13,Mannerism_Late_Renaissance,1382,1842,RGB
23585,0,Unknown Artist,7,religious_painting,13,Mannerism_Late_Renaissance,1382,1918,RGB
28470,0,Unknown Artist,6,portrait,4,Baroque,1382,1677,RGB
45241,0,Unknown Artist,8,sketch_and_study,13,Mannerism_Late_Renaissance,2062,1382,RGB
56690,67,tintoretto,7,religious_painting,13,Mannerism_Late_Renaissance,1382,2091,RGB
56027,0,Unknown Artist,7,religious_painting,11,High_Renaissance,1382,1655,RGB
18022,25,albrecht-durer,6,portrait,17,Northern_Renaissance,1382,1805,RGB
34927,0,Unknown Artist,7,religious_painting,17,Northern_Renaissance,1382,2301,RGB
19508,38,fra-angelico,7,religious_painting,8,Early_Renaissance,1612,1382,RGB
11194,20,rembrandt,2,genre_painting,4,Baroque,1382,1819,RGB
4552,20,rembrandt,6,portrait,4,Baroque,1382,1732,RGB
56977,0,Unknown Artist,7,religious_painting,11,High_Renaissance,1382,1861,RGB
57052,0,Unknown Artist,7,religious_painting,17,Northern_Renaissance,1382,2020,RGB
56770,0,Unknown Artist,7,religious_painting,11,High_Renaissance,1382,1780,RGB
56686,29,lucas-cranach-the-elder,7,religious_painting,17,Northern_Renaissance,1382,1883,RGB
36471,0,Unknown Artist,6,portrait,4,Baroque,1382,1561,RGB
43098,87,michelangelo,7,religious_painting,11,High_Renaissance,2279,1382,RGB
78456,0,Unknown Artist,10,Unknown Genre,13,Mannerism_Late_Renaissance,1382,1920,RGB
76667,0,Unknown Artist,10,Unknown Genre,11,High_Renaissance,1705,1382,RGB
63919,0,Unknown Artist,6,portrait,22,Rococo,1382,1802,RGB
76410,0,Unknown Artist,10,Unknown Genre,13,Mannerism_Late_Renaissance,1566,1382,RGB
39473,58,pietro-perugino,7,religious_painting,8,Early_Renaissance,1382,2530,RGB
36778,0,Unknown Artist,7,religious_painting,22,Rococo,4262,1382,RGB
51492,121,el-greco,7,religious_painting,13,Mannerism_Late_Renaissance,1382,2207,RGB
23254,0,Unknown Artist,6,portrait,22,Rococo,1382,1738,RGB
50826,24,leonardo-da-vinci,6,portrait,11,High_Renaissance,1382,1877,RGB
28397,0,Unknown Artist,6,portrait,22,Rococo,1778,1382,RGB
22510,0,Unknown Artist,7,religious_painting,8,Early_Renaissance,1382,1730,RGB
65993,114,anthony-van-dyck,6,portrait,4,Baroque,1572,1382,RGB
78468,0,Unknown Artist,10,Unknown Genre,13,Mannerism_Late_Renaissance,1382,1838,RGB
79372,0,Unknown Artist,10,Unknown Genre,11,High_Renaissance,2284,1382,RGB
46419,0,Unknown Artist,6,portrait,8,Early_Renaissance,1382,2171,RGB
25549,0,Unknown Artist,6,portrait,22,Rococo,1382,1622,RGB
29774,69,raphael,7,religious_painting,11,High_Renaissance,1382,2302,RGB
79382,0,Unknown Artist,10,Unknown Genre,11,High_Renaissance,1382,1836,RGB
53445,0,Unknown Artist,2,genre_painting,22,Rococo,1382,1728,RGB
38333,0,Unknown Artist,7,religious_painting,13,Mannerism_Late_Renaissance,1385,1382,RGB
775,25,albrecht-durer,2,genre_painting,17,Northern_Renaissance,1382,1889,RGB
38892,0,Unknown Artist,6,portrait,11,High_Renaissance,1382,1661,RGB
75605,0,Unknown Artist,10,Unknown Genre,22,Rococo,2790,1382,RGB
21844,0,Unknown Artist,7,religious_painting,8,Early_Renaissance,3735,1382,RGB
35107,0,Unknown Artist,2,genre_painting,22,Rococo,1382,2298,RGB
81137,0,Unknown Artist,10,Unknown Genre,17,Northern_Renaissance,1382,1801,RGB
56231,87,michelangelo,7,religious_painting,11,High_Renaissance,2556,1382,RGB
49002,0,Unknown Artist,7,religious_painting,8,Early_Renaissance,1382,2020,RGB
3517,25,albrecht-durer,7,religious_painting,17,Northern_Renaissance,1382,1926,RGB
39120,121,el-greco,7,religious_painting,13,Mannerism_Late_Renaissance,1382,1810,RGB
63525,0,Unknown Artist,6,portrait,13,Mannerism_Late_Renaissance,1382,1742,RGB
32888,82,paolo-veronese,6,portrait,13,Mannerism_Late_Renaissance,1382,1661,RGB
71631,0,Unknown Artist,10,Unknown Genre,4,Baroque,1382,1787,RGB
29863,114,anthony-van-dyck,7,religious_painting,4,Baroque,1382,1903,RGB
69485,0,Unknown Artist,10,Unknown Genre,11,High_Renaissance,1382,1844,RGB
46881,0,Unknown Artist,6,portrait,13,Mannerism_Late_Renaissance,1382,1754,RGB
21069,0,Unknown Artist,7,religious_painting,13,Mannerism_Late_Renaissance,2213,1382,RGB
68163,0,Unknown Artist,10,Unknown Genre,4,Baroque,1382,1685,RGB
36807,0,Unknown Artist,7,religious_painting,4,Baroque,1677,1382,RGB
32826,0,Unknown Artist,7,religious_painting,8,Early_Renaissance,1382,2635,RGB
56851,0,Unknown Artist,7,religious_painting,4,Baroque,1382,1687,RGB
28183,0,Unknown Artist,6,portrait,11,High_Renaissance,1382,1592,RGB
44685,80,peter-paul-rubens,7,religious_painting,4,Baroque,1382,1906,RGB
33672,58,pietro-perugino,7,religious_painting,11,High_Renaissance,1424,1382,RGB
72550,0,Unknown Artist,10,Unknown Genre,4,Baroque,1496,1382,RGB
23050,0,Unknown Artist,7,religious_painting,8,Early_Renaissance,1382,1731,RGB
23747,117,hans-holbein-the-younger,7,religious_painting,17,Northern_Renaissance,1382,1495,RGB
56056,38,fra-angelico,7,religious_painting,8,Early_Renaissance,1634,1382,RGB
26235,77,titian,6,portrait,11,High_Renaissance,1382,1989,RGB
50708,103,hans-memling,7,religious_painting,17,Northern_Renaissance,1382,1965,RGB
40965,0,Unknown Artist,6,portrait,8,Early_Renaissance,1382,2131,RGB
38015,0,Unknown Artist,2,genre_painting,4,Baroque,1652,1382,RGB
43638,24,leonardo-da-vinci,8,sketch_and_study,8,Early_Renaissance,1772,1382,RGB
32732,0,Unknown Artist,7,religious_painting,17,Northern_Renaissance,2069,1382,RGB
56404,29,lucas-cranach-the-elder,7,religious_painting,17,Northern_Renaissance,1382,2008,RGB
56608,0,Unknown Artist,7,religious_painting,17,Northern_Renaissance,1382,1799,RGB
8207,20,rembrandt,7,religious_painting,4,Baroque,1382,1895,RGB
56724,0,Unknown Artist,7,religious_painting,8,Early_Renaissance,1479,1382,RGB
5011,20,rembrandt,6,portrait,4,Baroque,1382,1668,RGB
39330,0,Unknown Artist,7,religious_painting,8,Early_Renaissance,2104,1382,RGB
56934,67,tintoretto,7,religious_painting,13,Mannerism_Late_Renaissance,1382,2288,RGB
41835,0,Unknown Artist,6,portrait,11,High_Renaissance,1382,1901,RGB
33321,0,Unknown Artist,7,religious_painting,11,High_Renaissance,1898,1382,RGB
65170,77,titian,6,portrait,11,High_Renaissance,1382,1746,RGB
74024,0,Unknown Artist,10,Unknown Genre,13,Mannerism_Late_Renaissance,2114,1382,RGB
31950,0,Unknown Artist,7,religious_painting,8,Early_Renaissance,1382,1629,RGB
50736,67,tintoretto,7,religious_painting,13,Mannerism_Late_Renaissance,1887,1382,RGB
56747,58,pietro-perugino,7,religious_painting,11,High_Renaissance,1382,1420,RGB
49000,0,Unknown Artist,7,religious_painting,17,Northern_Renaissance,1600,1382,RGB
10337,20,rembrandt,7,religious_painting,4,Baroque,1382,1828,RGB
78658,0,Unknown Artist,10,Unknown Genre,4,Baroque,1382,1917,RGB
33701,83,joshua-reynolds,6,portrait,22,Rococo,1382,1673,RGB
22210,126,thomas-gainsborough,6,portrait,22,Rococo,1382,1875,RGB
58443,0,Unknown Artist,1,cityscape,22,Rococo,2251,1382,RGB
56965,0,Unknown Artist,7,religious_painting,13,Mannerism_Late_Renaissance,1382,1936,RGB
26026,114,anthony-van-dyck,6,portrait,4,Baroque,1382,1771,RGB
36719,87,michelangelo,8,sketch_and_study,11,High_Renaissance,1382,1828,RGB
48329,110,joseph-wright,2,genre_painting,22,Rococo,1382,1727,RGB
34770,24,leonardo-da-vinci,8,sketch_and_study,11,High_Renaissance,1382,1725,RGB
17693,20,rembrandt,7,religious_painting,4,Baroque,1705,1382,RGB
75633,0,Unknown Artist,10,Unknown Genre,11,High_Renaissance,1382,1412,RGB
24534,126,thomas-gainsborough,4,landscape,22,Rococo,1920,1382,RGB
7697,25,albrecht-durer,7,religious_painting,17,Northern_Renaissance,1382,1898,RGB
71881,0,Unknown Artist,10,Unknown Genre,4,Baroque,2255,1382,RGB
50229,38,fra-angelico,7,religious_painting,8,Early_Renaissance,1382,2409,RGB
56708,0,Unknown Artist,7,religious_painting,13,Mannerism_Late_Renaissance,1382,1923,RGB
12357,20,rembrandt,6,portrait,4,Baroque,1382,1705,RGB
18032,25,albrecht-durer,8,sketch_and_study,17,Northern_Renaissance,1382,1908,RGB
37872,69,raphael,7,religious_painting,11,High_Renaissance,1382,1904,RGB
564,0,Unknown Artist,10,Unknown Genre,17,Northern_Renaissance,1382,2020,RGB
56422,0,Unknown Artist,7,religious_painting,11,High_Renaissance,2013,1382,RGB
78613,0,Unknown Artist,10,Unknown Genre,4,Baroque,1382,1741,RGB
32659,0,Unknown Artist,6,portrait,11,High_Renaissance,1382,1708,RGB
56347,77,titian,7,religious_painting,11,High_Renaissance,2040,1382,RGB
13342,25,albrecht-durer,7,religious_painting,17,Northern_Renaissance,1382,1817,RGB
46857,0,Unknown Artist,7,religious_painting,17,Northern_Renaissance,1382,2062,RGB
56278,121,el-greco,7,religious_painting,13,Mannerism_Late_Renaissance,1382,3471,RGB
7047,25,albrecht-durer,2,genre_painting,17,Northern_Renaissance,1382,2177,RGB
45696,80,peter-paul-rubens,7,religious_painting,4,Baroque,1382,1993,RGB
25709,58,pietro-perugino,7,religious_painting,8,Early_Renaissance,1382,1880,RGB
33702,0,Unknown Artist,7,religious_painting,11,High_Renaissance,1964,1382,RGB
78663,0,Unknown Artist,10,Unknown Genre,4,Baroque,1382,2132,RGB
34973,0,Unknown Artist,2,genre_painting,22,Rococo,1703,1382,RGB
78467,0,Unknown Artist,10,Unknown Genre,13,Mannerism_Late_Renaissance,2206,1382,RGB
55978,67,tintoretto,7,religious_painting,13,Mannerism_Late_Renaissance,2374,1382,RGB
32153,0,Unknown Artist,7,religious_painting,4,Baroque,1382,1998,RGB
30719,0,Unknown Artist,2,genre_painting,4,Baroque,1382,1559,RGB
26318,126,thomas-gainsborough,6,portrait,22,Rococo,1382,2325,RGB
70985,0,Unknown Artist,10,Unknown Genre,22,Rococo,1405,1382,RGB
47087,0,Unknown Artist,2,genre_painting,4,Baroque,1716,1382,RGB
45512,0,Unknown Artist,7,religious_painting,22,Rococo,1382,1715,RGB
11310,20,rembrandt,2,genre_painting,4,Baroque,1382,1509,RGB
48991,0,Unknown Artist,6,portrait,22,Rococo,1382,1669,RGB
66265,58,pietro-perugino,6,portrait,8,Early_Renaissance,1382,2110,RGB
75565,0,Unknown Artist,10,Unknown Genre,22,Rococo,1382,1767,RGB
20866,0,Unknown Artist,7,religious_painting,8,Early_Renaissance,1382,3390,RGB
47327,128,canaletto,1,cityscape,22,Rococo,2229,1382,RGB
33951,83,joshua-reynolds,6,portrait,22,Rococo,1382,1764,RGB
36293,0,Unknown Artist,6,portrait,11,High_Renaissance,1382,1821,RGB
74712,0,Unknown Artist,10,Unknown Genre,8,Early_Renaissance,1382,1783,RGB
63953,0,Unknown Artist,6,portrait,22,Rococo,1382,1799,RGB
40217,0,Unknown Artist,7,religious_painting,8,Early_Renaissance,1382,2196,RGB
29496,121,el-greco,6,portrait,13,Mannerism_Late_Renaissance,1382,1607,RGB
53862,67,tintoretto,2,genre_painting,13,Mannerism_Late_Renaissance,1830,1381,RGB
28727,126,thomas-gainsborough,4,landscape,22,Rococo,1685,1382,RGB
69017,0,Unknown Artist,10,Unknown Genre,4,Baroque,1382,1668,RGB
21118,0,Unknown Artist,4,landscape,4,Baroque,1971,1382,RGB
64815,0,Unknown Artist,6,portrait,22,Rococo,1382,1943,RGB
69402,0,Unknown Artist,10,Unknown Genre,13,Mannerism_Late_Renaissance,1382,2391,RGB
46558,58,pietro-perugino,7,religious_painting,11,High_Renaissance,1382,2659,RGB
40313,69,raphael,7,religious_painting,11,High_Renaissance,1382,1701,RGB
19296,0,Unknown Artist,7,religious_painting,11,High_Renaissance,1382,1756,RGB
5810,25,albrecht-durer,7,religious_painting,17,Northern_Renaissance,1382,1951,RGB
42037,0,Unknown Artist,7,religious_painting,8,Early_Renaissance,1965,1382,RGB
46503,0,Unknown Artist,6,portrait,8,Early_Renaissance,1382,1391,RGB
55637,0,Unknown Artist,7,religious_painting,17,Northern_Renaissance,1382,1949,RGB
70780,0,Unknown Artist,10,Unknown Genre,8,Early_Renaissance,1382,3081,RGB
44730,0,Unknown Artist,7,religious_painting,17,Northern_Renaissance,1382,1933,RGB
30986,0,Unknown Artist,6,portrait,13,Mannerism_Late_Renaissance,1382,1857,RGB
1601,20,rembrandt,8,sketch_and_study,4,Baroque,1382,1692,RGB
55663,121,el-greco,7,religious_painting,13,Mannerism_Late_Renaissance,1382,1824,RGB
33920,0,Unknown Artist,7,religious_painting,8,Early_Renaissance,1382,2040,RGB
17965,25,albrecht-durer,7,religious_painting,17,Northern_Renaissance,1382,1930,RGB
18163,25,albrecht-durer,7,religious_painting,17,Northern_Renaissance,1847,1382,RGB
19063,0,Unknown Artist,6,portrait,11,High_Renaissance,1382,1982,RGB
78518,0,Unknown Artist,10,Unknown Genre,13,Mannerism_Late_Renaissance,1382,1906,RGB
31656,0,Unknown Artist,7,religious_painting,17,Northern_Renaissance,2080,1382,RGB
72483,0,Unknown Artist,10,Unknown Genre,11,High_Renaissance,1842,1382,RGB
64760,0,Unknown Artist,6,portrait,17,Northern_Renaissance,1382,1892,RGB
20330,0,Unknown Artist,6,portrait,4,Baroque,1382,1923,RGB
20941,121,el-greco,6,portrait,13,Mannerism_Late_Renaissance,1885,1382,RGB
74516,0,Unknown Artist,10,Unknown Genre,17,Northern_Renaissance,1382,1720,RGB
51801,67,tintoretto,7,religious_painting,13,Mannerism_Late_Renaissance,1382,1582,RGB
25697,0,Unknown Artist,6,portrait,22,Rococo,1382,1775,RGB
64961,0,Unknown Artist,6,portrait,13,Mannerism_Late_Renaissance,1382,1862,RGB
17713,20,rembrandt,6,portrait,4,Baroque,1382,1732,RGB
21966,0,Unknown Artist,7,religious_painting,17,Northern_Renaissance,1382,1935,RGB
19685,67,tintoretto,7,religious_painting,13,Mannerism_Late_Renaissance,1934,1382,RGB
50253,0,Unknown Artist,6,portrait,11,High_Renaissance,1382,1882,RGB
48496,77,titian,6,portrait,11,High_Renaissance,1382,1744,RGB
19315,0,Unknown Artist,6,portrait,13,Mannerism_Late_Renaissance,1382,1736,RGB
45802,0,Unknown Artist,6,portrait,11,High_Renaissance,1382,1754,RGB
56369,82,paolo-veronese,7,religious_painting,13,Mannerism_Late_Renaissance,1382,2670,RGB
77143,0,Unknown Artist,10,Unknown Genre,4,Baroque,1382,1463,RGB
29266,0,Unknown Artist,7,religious_painting,11,High_Renaissance,1382,1904,RGB
80012,0,Unknown Artist,10,Unknown Genre,22,Rococo,2204,1382,RGB
31306,0,Unknown Artist,7,religious_painting,8,Early_Renaissance,1629,1382,RGB
28769,67,tintoretto,7,religious_painting,13,Mannerism_Late_Renaissance,1424,1382,RGB
5547,25,albrecht-durer,7,religious_painting,17,Northern_Renaissance,1382,2084,RGB
37990,0,Unknown Artist,6,portrait,22,Rococo,1382,1583,RGB
44796,82,paolo-veronese,6,portrait,13,Mannerism_Late_Renaissance,1382,1653,RGB
64098,77,titian,6,portrait,11,High_Renaissance,1381,1644,RGB
5640,25,albrecht-durer,7,religious_painting,17,Northern_Renaissance,1847,1382,RGB
24664,83,joshua-reynolds,6,portrait,22,Rococo,1382,1758,RGB
30154,0,Unknown Artist,7,religious_painting,8,Early_Renaissance,1382,1482,RGB
51782,0,Unknown Artist,2,genre_painting,4,Baroque,1382,2200,RGB
13228,25,albrecht-durer,6,portrait,17,Northern_Renaissance,1382,2078,RGB
18094,25,albrecht-durer,2,genre_painting,17,Northern_Renaissance,1382,1974,RGB
68154,0,Unknown Artist,10,Unknown Genre,13,Mannerism_Late_Renaissance,1382,1886,RGB
31565,0,Unknown Artist,7,religious_painting,8,Early_Renaissance,1382,1713,RGB
27023,0,Unknown Artist,8,sketch_and_study,13,Mannerism_Late_Renaissance,1777,1382,RGB
55766,87,michelangelo,7,religious_painting,11,High_Renaissance,1382,1649,RGB
44085,82,paolo-veronese,7,religious_painting,13,Mannerism_Late_Renaissance,2098,1382,RGB
7390,20,rembrandt,8,sketch_and_study,4,Baroque,1810,1382,RGB
40463,67,tintoretto,7,religious_painting,13,Mannerism_Late_Renaissance,1382,2437,RGB
78484,0,Unknown Artist,10,Unknown Genre,13,Mannerism_Late_Renaissance,1382,1645,RGB
26189,83,joshua-reynolds,6,portrait,22,Rococo,1382,1802,RGB
24911,0,Unknown Artist,7,religious_painting,8,Early_Renaissance,1382,1661,RGB
12806,25,albrecht-durer,4,landscape,17,Northern_Renaissance,1382,1730,RGB
56451,0,Unknown Artist,7,religious_painting,8,Early_Renaissance,1399,1382,RGB
56953,82,paolo-veronese,7,religious_painting,13,Mannerism_Late_Renaissance,3501,1382,RGB
29608,87,michelangelo,8,sketch_and_study,11,High_Renaissance,1533,1382,RGB
56435,0,Unknown Artist,7,religious_painting,17,Northern_Renaissance,1382,2440,RGB
38883,0,Unknown Artist,2,genre_painting,4,Baroque,1938,1382,RGB
22777,0,Unknown Artist,7,religious_painting,13,Mannerism_Late_Renaissance,1382,1669,RGB
53091,0,Unknown Artist,7,religious_painting,8,Early_Renaissance,1483,1382,RGB
57117,87,michelangelo,7,religious_painting,11,High_Renaissance,1382,2014,RGB
58423,0,Unknown Artist,1,cityscape,17,Northern_Renaissance,1382,1697,RGB
72899,0,Unknown Artist,10,Unknown Genre,11,High_Renaissance,1420,1382,RGB
36963,0,Unknown Artist,2,genre_painting,22,Rococo,1382,1781,RGB
64653,0,Unknown Artist,6,portrait,11,High_Renaissance,1382,2190,RGB
51176,0,Unknown Artist,7,religious_painting,11,High_Renaissance,1382,2011,RGB
54643,0,Unknown Artist,2,genre_painting,4,Baroque,2426,1382,RGB
25447,0,Unknown Artist,7,religious_painting,8,Early_Renaissance,1382,1735,RGB
32216,58,pietro-perugino,7,religious_painting,11,High_Renaissance,1382,2187,RGB
64450,0,Unknown Artist,6,portrait,22,Rococo,1382,1650,RGB
66218,0,Unknown Artist,6,portrait,11,High_Renaissance,1382,2382,RGB
6959,25,albrecht-durer,6,portrait,17,Northern_Renaissance,1382,1971,RGB
41220,121,el-greco,7,religious_painting,13,Mannerism_Late_Renaissance,1382,2390,RGB
43046,0,Unknown Artist,7,religious_painting,8,Early_Renaissance,1382,2709,RGB
22806,29,lucas-cranach-the-elder,6,portrait,17,Northern_Renaissance,1382,2017,RGB
21660,82,paolo-veronese,7,religious_painting,13,Mannerism_Late_Renaissance,2095,1382,RGB
64951,0,Unknown Artist,6,portrait,11,High_Renaissance,1382,1532,RGB
25348,82,paolo-veronese,7,religious_painting,13,Mannerism_Late_Renaissance,1382,1790,RGB
62199,23,hieronymus-bosch,8,sketch_and_study,17,Northern_Renaissance,1958,1382,RGB
66032,0,Unknown Artist,6,portrait,4,Baroque,1382,1867,RGB
64285,0,Unknown Artist,6,portrait,22,Rococo,1382,1953,RGB
19518,67,tintoretto,7,religious_painting,13,Mannerism_Late_Renaissance,2130,1382,RGB
34954,0,Unknown Artist,8,sketch_and_study,13,Mannerism_Late_Renaissance,2688,1382,RGB
31558,0,Unknown Artist,8,sketch_and_study,13,Mannerism_Late_Renaissance,1382,2064,RGB
77072,0,Unknown Artist,10,Unknown Genre,22,Rococo,1723,1382,RGB
4697,25,albrecht-durer,7,religious_painting,17,Northern_Renaissance,1382,1792,RGB
56901,0,Unknown Artist,7,religious_painting,8,Early_Renaissance,2016,1382,RGB
27300,0,Unknown Artist,7,religious_painting,8,Early_Renaissance,1615,1382,RGB
48850,38,fra-angelico,7,religious_painting,8,Early_Renaissance,1382,1927,RGB
18043,25,albrecht-durer,4,landscape,17,Northern_Renaissance,1382,1819,RGB
2072,20,rembrandt,8,sketch_and_study,4,Baroque,2242,1382,RGB
56680,38,fra-angelico,7,religious_painting,8,Early_Renaissance,2109,1382,RGB
23959,38,fra-angelico,7,religious_painting,8,Early_Renaissance,1382,1738,RGB
64503,69,raphael,6,portrait,11,High_Renaissance,1382,1807,RGB
76777,0,Unknown Artist,10,Unknown Genre,22,Rococo,2808,1382,RGB
28288,0,Unknown Artist,4,landscape,17,Northern_Renaissance,2258,1382,RGB
11405,20,rembrandt,8,sketch_and_study,4,Baroque,1382,1874,RGB
71911,0,Unknown Artist,10,Unknown Genre,4,Baroque,1952,1381,RGB
37279,0,Unknown Artist,7,religious_painting,17,Northern_Renaissance,1672,1382,RGB
38325,24,leonardo-da-vinci,8,sketch_and_study,11,High_Renaissance,1382,2882,RGB
55309,0,Unknown Artist,2,genre_painting,22,Rococo,1382,1785,RGB
76258,0,Unknown Artist,10,Unknown Genre,11,High_Renaissance,1439,1382,RGB
33433,77,titian,6,portrait,11,High_Renaissance,1382,1626,RGB
75163,0,Unknown Artist,10,Unknown Genre,22,Rococo,1382,1731,RGB
24447,121,el-greco,7,religious_painting,13,Mannerism_Late_Renaissance,1382,1459,RGB
52899,0,Unknown Artist,6,portrait,22,Rococo,1382,2246,RGB
34370,58,pietro-perugino,6,portrait,8,Early_Renaissance,1382,2220,RGB
17757,20,rembrandt,7,religious_painting,4,Baroque,1475,1382,RGB
56670,38,fra-angelico,7,religious_painting,8,Early_Renaissance,1976,1382,RGB
68421,0,Unknown Artist,10,Unknown Genre,13,Mannerism_Late_Renaissance,2844,1382,RGB
34618,38,fra-angelico,7,religious_painting,8,Early_Renaissance,1382,2199,RGB
72211,0,Unknown Artist,10,Unknown Genre,4,Baroque,1382,2119,RGB
62446,117,hans-holbein-the-younger,8,sketch_and_study,17,Northern_Renaissance,1382,2047,RGB
28174,0,Unknown Artist,6,portrait,22,Rococo,1382,1706,RGB
37297,0,Unknown Artist,7,religious_painting,8,Early_Renaissance,1842,1382,RGB
29403,0,Unknown Artist,7,religious_painting,8,Early_Renaissance,1955,1382,RGB
6858,25,albrecht-durer,7,religious_painting,17,Northern_Renaissance,1382,1829,RGB
30576,0,Unknown Artist,7,religious_painting,17,Northern_Renaissance,1382,2418,RGB
64637,0,Unknown Artist,6,portrait,22,Rococo,1382,1786,RGB
34957,67,tintoretto,6,portrait,13,Mannerism_Late_Renaissance,1382,1664,RGB
34290,114,anthony-van-dyck,6,portrait,4,Baroque,1382,2360,RGB
39442,0,Unknown Artist,7,religious_painting,8,Early_Renaissance,1842,1382,RGB
76378,0,Unknown Artist,10,Unknown Genre,13,Mannerism_Late_Renaissance,1382,1751,RGB
57922,0,Unknown Artist,1,cityscape,22,Rococo,2484,1382,RGB
64332,0,Unknown Artist,6,portrait,22,Rococo,1382,1738,RGB
46673,0,Unknown Artist,6,portrait,22,Rococo,1382,1949,RGB
43174,0,Unknown Artist,7,religious_painting,17,Northern_Renaissance,1382,2037,RGB
81079,0,Unknown Artist,10,Unknown Genre,17,Northern_Renaissance,1382,1427,RGB
26573,0,Unknown Artist,7,religious_painting,11,High_Renaissance,2463,1382,RGB
4904,25,albrecht-durer,7,religious_painting,17,Northern_Renaissance,1382,1930,RGB
78522,0,Unknown Artist,10,Unknown Genre,13,Mannerism_Late_Renaissance,2008,1382,RGB
28916,0,Unknown Artist,7,religious_painting,11,High_Renaissance,1382,1978,RGB
53437,0,Unknown Artist,2,genre_painting,22,Rococo,1822,1382,RGB
64546,29,lucas-cranach-the-elder,6,portrait,17,Northern_Renaissance,1382,1703,RGB
51619,0,Unknown Artist,7,religious_painting,22,Rococo,1382,1894,RGB
63545,0,Unknown Artist,6,portrait,22,Rococo,1382,1776,RGB
34420,0,Unknown Artist,6,portrait,22,Rococo,1382,1696,RGB
38539,24,leonardo-da-vinci,8,sketch_and_study,11,High_Renaissance,1855,1382,RGB
56213,0,Unknown Artist,7,religious_painting,17,Northern_Renaissance,1382,1600,RGB
43550,0,Unknown Artist,6,portrait,22,Rococo,1382,2077,RGB
34359,0,Unknown Artist,4,landscape,22,Rococo,2455,1382,RGB
30337,0,Unknown Artist,2,genre_painting,22,Rococo,1688,1382,RGB
65336,77,titian,6,portrait,13,Mannerism_Late_Renaissance,1382,2446,RGB
18054,0,Unknown Artist,10,Unknown Genre,17,Northern_Renaissance,1382,1503,RGB
62118,0,Unknown Artist,8,sketch_and_study,17,Northern_Renaissance,1382,1653,RGB
43881,83,joshua-reynolds,6,portrait,22,Rococo,1382,1645,RGB
40854,0,Unknown Artist,7,religious_painting,8,Early_Renaissance,1382,2005,RGB
56001,0,Unknown Artist,7,religious_painting,8,Early_Renaissance,1382,3337,RGB
29683,23,hieronymus-bosch,7,religious_painting,17,Northern_Renaissance,1382,2533,RGB
45089,121,el-greco,7,religious_painting,13,Mannerism_Late_Renaissance,1819,1382,RGB
56673,87,michelangelo,7,religious_painting,11,High_Renaissance,1493,1382,RGB
55750,29,lucas-cranach-the-elder,7,religious_painting,17,Northern_Renaissance,1382,2193,RGB
24106,82,paolo-veronese,7,religious_painting,13,Mannerism_Late_Renaissance,1514,1382,RGB
56700,38,fra-angelico,7,religious_painting,8,Early_Renaissance,3433,1382,RGB
56432,38,fra-angelico,7,religious_painting,8,Early_Renaissance,3503,1382,RGB
56599,0,Unknown Artist,7,religious_painting,17,Northern_Renaissance,2309,1382,RGB
50123,83,joshua-reynolds,6,portrait,22,Rococo,1382,2155,RGB
39649,0,Unknown Artist,7,religious_painting,11,High_Renaissance,1382,1694,RGB
42649,0,Unknown Artist,7,religious_painting,22,Rococo,1624,1382,RGB
44994,0,Unknown Artist,1,cityscape,4,Baroque,1382,1648,RGB
61043,0,Unknown Artist,4,landscape,22,Rococo,2441,1382,RGB
31745,0,Unknown Artist,7,religious_painting,11,High_Renaissance,1382,1862,RGB
78691,0,Unknown Artist,10,Unknown Genre,4,Baroque,1920,1382,RGB
20640,121,el-greco,7,religious_painting,13,Mannerism_Late_Renaissance,1382,1637,RGB
71487,0,Unknown Artist,10,Unknown Genre,11,High_Renaissance,1527,1382,RGB
74306,0,Unknown Artist,10,Unknown Genre,13,Mannerism_Late_Renaissance,1998,1382,RGB
25170,0,Unknown Artist,7,religious_painting,8,Early_Renaissance,1382,1907,RGB
65664,0,Unknown Artist,6,portrait,11,High_Renaissance,1382,1913,RGB
21383,0,Unknown Artist,7,religious_painting,8,Early_Renaissance,1382,2360,RGB
56772,0,Unknown Artist,7,religious_painting,11,High_Renaissance,1710,1382,RGB
48509,0,Unknown Artist,7,religious_painting,4,Baroque,1382,1911,RGB
49546,69,raphael,6,portrait,11,High_Renaissance,1382,1992,RGB
55823,69,raphael,7,religious_painting,11,High_Renaissance,1382,1916,RGB
5399,20,rembrandt,2,genre_painting,4,Baroque,2404,1382,RGB
44126,67,tintoretto,6,portrait,13,Mannerism_Late_Renaissance,1382,1719,RGB
80532,0,Unknown Artist,10,Unknown Genre,8,Early_Renaissance,2040,1382,RGB
42558,0,Unknown Artist,6,portrait,22,Rococo,1382,1738,RGB
65048,0,Unknown Artist,6,portrait,22,Rococo,1382,1796,RGB
65394,77,titian,6,portrait,11,High_Renaissance,1382,2167,RGB
38732,87,michelangelo,7,religious_painting,11,High_Renaissance,1495,1382,RGB
70994,0,Unknown Artist,10,Unknown Genre,4,Baroque,2005,1382,RGB
42067,0,Unknown Artist,2,genre_painting,4,Baroque,1551,1382,RGB
26102,0,Unknown Artist,7,religious_painting,11,High_Renaissance,1382,2396,RGB
52843,0,Unknown Artist,8,sketch_and_study,8,Early_Renaissance,1382,3043,RGB
18070,25,albrecht-durer,6,portrait,17,Northern_Renaissance,1381,3036,RGB
71904,0,Unknown Artist,10,Unknown Genre,22,Rococo,1870,1382,RGB
76328,0,Unknown Artist,10,Unknown Genre,4,Baroque,1382,1570,RGB
51905,82,paolo-veronese,6,portrait,13,Mannerism_Late_Renaissance,1618,1382,RGB
17980,25,albrecht-durer,6,portrait,17,Northern_Renaissance,1382,1563,RGB
68666,0,Unknown Artist,10,Unknown Genre,13,Mannerism_Late_Renaissance,1382,1767,RGB
20591,0,Unknown Artist,6,portrait,11,High_Renaissance,1382,1714,RGB
44728,0,Unknown Artist,6,portrait,22,Rococo,1382,1990,RGB
69841,0,Unknown Artist,10,Unknown Genre,4,Baroque,2402,1382,RGB
63233,0,Unknown Artist,6,portrait,11,High_Renaissance,1382,1816,RGB
80001,0,Unknown Artist,10,Unknown Genre,22,Rococo,1382,1732,RGB
19611,23,hieronymus-bosch,7,religious_painting,17,Northern_Renaissance,1624,1382,RGB
8079,25,albrecht-durer,7,religious_painting,17,Northern_Renaissance,1382,1683,RGB
34023,0,Unknown Artist,6,portrait,22,Rococo,1382,1689,RGB
38042,0,Unknown Artist,8,sketch_and_study,22,Rococo,1382,2063,RGB
20318,0,Unknown Artist,2,genre_painting,4,Baroque,1968,1382,RGB
66004,116,frans-hals,6,portrait,4,Baroque,1382,1688,RGB
44799,0,Unknown Artist,2,genre_painting,4,Baroque,2342,1382,RGB
76246,0,Unknown Artist,10,Unknown Genre,22,Rococo,1893,1382,RGB
37022,0,Unknown Artist,7,religious_painting,11,High_Renaissance,1382,1395,RGB
62231,24,leonardo-da-vinci,8,sketch_and_study,11,High_Renaissance,1382,2515,RGB
38210,0,Unknown Artist,7,religious_painting,11,High_Renaissance,1382,1515,RGB
71899,0,Unknown Artist,10,Unknown Genre,11,High_Renaissance,1909,1382,RGB
75924,0,Unknown Artist,10,Unknown Genre,17,Northern_Renaissance,1382,2180,RGB
51913,83,joshua-reynolds,6,portrait,22,Rococo,1382,1870,RGB
18184,25,albrecht-durer,6,portrait,17,Northern_Renaissance,1382,1999,RGB
51570,0,Unknown Artist,7,religious_painting,4,Baroque,1382,1842,RGB
22754,0,Unknown Artist,7,religious_painting,8,Early_Renaissance,1382,1577,RGB
78458,0,Unknown Artist,10,Unknown Genre,13,Mannerism_Late_Renaissance,3168,1382,RGB
27691,29,lucas-cranach-the-elder,7,religious_painting,17,Northern_Renaissance,1382,2047,RGB
56127,69,raphael,7,religious_painting,11,High_Renaissance,1382,2090,RGB
25702,0,Unknown Artist,7,religious_painting,11,High_Renaissance,1382,2014,RGB
50180,80,peter-paul-rubens,7,religious_painting,4,Baroque,1870,1382,RGB
48129,114,anthony-van-dyck,6,portrait,4,Baroque,1382,2101,RGB
44304,0,Unknown Artist,9,still_life,11,High_Renaissance,1382,1662,RGB
42036,0,Unknown Artist,7,religious_painting,11,High_Renaissance,1842,1382,RGB
76846,0,Unknown Artist,10,Unknown Genre,4,Baroque,1382,1742,RGB
6100,25,albrecht-durer,4,landscape,17,Northern_Renaissance,2042,1382,RGB
56246,58,pietro-perugino,7,religious_painting,8,Early_Renaissance,1404,1382,RGB
79380,0,Unknown Artist,10,Unknown Genre,11,High_Renaissance,1382,2133,RGB
57148,0,Unknown Artist,7,religious_painting,11,High_Renaissance,1382,1950,RGB
20160,0,Unknown Artist,2,genre_painting,22,Rococo,1769,1382,RGB
71417,0,Unknown Artist,10,Unknown Genre,4,Baroque,1542,1382,RGB
26268,0,Unknown Artist,2,genre_painting,4,Baroque,1381,1787,RGB
66028,0,Unknown Artist,6,portrait,17,Northern_Renaissance,1382,1976,RGB
75398,0,Unknown Artist,10,Unknown Genre,13,Mannerism_Late_Renaissance,1383,1382,RGB
34154,0,Unknown Artist,7,religious_painting,17,Northern_Renaissance,1382,2585,RGB
56825,0,Unknown Artist,7,religious_painting,8,Early_Renaissance,1382,1997,RGB
62535,24,leonardo-da-vinci,8,sketch_and_study,11,High_Renaissance,1382,1997,RGB
62183,69,raphael,8,sketch_and_study,11,High_Renaissance,1382,1856,RGB
74349,0,Unknown Artist,10,Unknown Genre,11,High_Renaissance,2005,1382,RGB
49625,0,Unknown Artist,2,genre_painting,22,Rococo,1382,1742,RGB
37654,0,Unknown Artist,7,religious_painting,8,Early_Renaissance,2179,1382,RGB
62469,0,Unknown Artist,8,sketch_and_study,13,Mannerism_Late_Renaissance,1382,3736,RGB
23666,29,lucas-cranach-the-elder,6,portrait,17,Northern_Renaissance,1382,1934,RGB
44082,0,Unknown Artist,7,religious_painting,13,Mannerism_Late_Renaissance,1382,1969,RGB
22294,0,Unknown Artist,6,portrait,13,Mannerism_Late_Renaissance,1382,1807,RGB
73629,0,Unknown Artist,10,Unknown Genre,17,Northern_Renaissance,2026,1382,RGB
44981,0,Unknown Artist,7,religious_painting,11,High_Renaissance,1382,1767,RGB
42531,0,Unknown Artist,7,religious_painting,4,Baroque,1382,2528,RGB
20575,38,fra-angelico,7,religious_painting,8,Early_Renaissance,2811,1382,RGB
66046,0,Unknown Artist,6,portrait,11,High_Renaissance,1382,2073,RGB
68797,0,Unknown Artist,10,Unknown Genre,13,Mannerism_Late_Renaissance,1852,1382,RGB
29011,0,Unknown Artist,7,religious_painting,8,Early_Renaissance,3097,1382,RGB
49112,0,Unknown Artist,7,religious_painting,4,Baroque,1381,1655,RGB
23362,24,leonardo-da-vinci,8,sketch_and_study,11,High_Renaissance,1382,1979,RGB
63010,0,Unknown Artist,6,portrait,4,Baroque,1382,1719,RGB
27654,80,peter-paul-rubens,7,religious_painting,4,Baroque,1896,1382,RGB
72645,0,Unknown Artist,10,Unknown Genre,4,Baroque,1684,1382,RGB
48835,126,thomas-gainsborough,1,cityscape,22,Rococo,1382,1445,RGB
81154,0,Unknown Artist,10,Unknown Genre,17,Northern_Renaissance,1689,1382,RGB
56613,0,Unknown Artist,7,religious_painting,17,Northern_Renaissance,1382,1805,RGB
55945,0,Unknown Artist,7,religious_painting,17,Northern_Renaissance,1382,1738,RGB
36673,117,hans-holbein-the-younger,6,portrait,17,Northern_Renaissance,1407,1382,RGB
55126,0,Unknown Artist,2,genre_painting,4,Baroque,1382,1620,RGB
71172,0,Unknown Artist,10,Unknown Genre,11,High_Renaissance,1382,1436,RGB
55371,0,Unknown Artist,2,genre_painting,4,Baroque,1723,1382,RGB
56859,0,Unknown Artist,7,religious_painting,11,High_Renaissance,1382,1987,RGB
32473,0,Unknown Artist,7,religious_painting,13,Mannerism_Late_Renaissance,1382,1716,RGB
32563,58,pietro-perugino,7,religious_painting,8,Early_Renaissance,1382,2981,RGB
63408,0,Unknown Artist,6,portrait,13,Mannerism_Late_Renaissance,1382,1819,RGB
29975,0,Unknown Artist,6,portrait,13,Mannerism_Late_Renaissance,1382,1701,RGB
57045,38,fra-angelico,7,religious_painting,8,Early_Renaissance,1382,2063,RGB
56935,82,paolo-veronese,7,religious_painting,13,Mannerism_Late_Renaissance,2288,1382,RGB
30643,0,Unknown Artist,2,genre_painting,22,Rococo,2067,1382,RGB
33724,0,Unknown Artist,7,religious_painting,22,Rococo,1574,1382,RGB
44376,0,Unknown Artist,7,religious_painting,8,Early_Renaissance,1382,2136,RGB
63786,0,Unknown Artist,6,portrait,22,Rococo,1382,1727,RGB
47813,121,el-greco,7,religious_painting,13,Mannerism_Late_Renaissance,1382,1627,RGB
42885,29,lucas-cranach-the-elder,6,portrait,17,Northern_Renaissance,1382,2014,RGB
31718,0,Unknown Artist,7,religious_painting,8,Early_Renaissance,1382,1384,RGB
28309,121,el-greco,7,religious_painting,13,Mannerism_Late_Renaissance,1382,1845,RGB
37848,0,Unknown Artist,6,portrait,17,Northern_Renaissance,1382,2193,RGB
19837,0,Unknown Artist,7,religious_painting,11,High_Renaissance,2060,1382,RGB
24005,0,Unknown Artist,7,religious_painting,4,Baroque,1634,1382,RGB
29303,0,Unknown Artist,8,sketch_and_study,13,Mannerism_Late_Renaissance,2188,1382,RGB
42506,77,titian,6,portrait,13,Mannerism_Late_Renaissance,1382,1835,RGB
7258,25,albrecht-durer,7,religious_painting,17,Northern_Renaissance,1382,2094,RGB
39051,77,titian,7,religious_painting,11,High_Renaissance,1382,2215,RGB
24520,0,Unknown Artist,4,landscape,22,Rococo,1802,1382,RGB
69083,0,Unknown Artist,10,Unknown Genre,11,High_Renaissance,1382,2268,RGB
9653,0,Unknown Artist,10,Unknown Genre,17,Northern_Renaissance,1691,1382,RGB
51956,0,Unknown Artist,7,religious_painting,8,Early_Renaissance,1382,2067,RGB
17750,20,rembrandt,6,portrait,4,Baroque,1382,1673,RGB
40764,77,titian,6,portrait,11,High_Renaissance,1382,1645,RGB
56766,0,Unknown Artist,7,religious_painting,8,Early_Renaissance,1382,2235,RGB
56266,0,Unknown Artist,7,religious_painting,13,Mannerism_Late_Renaissance,1382,2378,RGB
56325,0,Unknown Artist,7,religious_painting,11,High_Renaissance,1382,1786,RGB
20390,0,Unknown Artist,8,sketch_and_study,13,Mannerism_Late_Renaissance,1382,2136,RGB
44953,0,Unknown Artist,6,portrait,8,Early_Renaissance,1382,2082,RGB
23824,77,titian,6,portrait,13,Mannerism_Late_Renaissance,1382,1804,RGB
80521,0,Unknown Artist,10,Unknown Genre,8,Early_Renaissance,1382,1930,RGB
6328,20,rembrandt,7,religious_painting,4,Baroque,1382,1714,RGB
22126,0,Unknown Artist,7,religious_painting,8,Early_Renaissance,1382,1690,RGB
42868,69,raphael,7,religious_painting,11,High_Renaissance,2186,1382,RGB
21089,0,Unknown Artist,2,genre_painting,22,Rococo,1382,1770,RGB
64313,0,Unknown Artist,6,portrait,8,Early_Renaissance,1382,1696,RGB
49334,0,Unknown Artist,6,portrait,8,Early_Renaissance,1382,1554,RGB
51926,0,Unknown Artist,2,genre_painting,17,Northern_Renaissance,1637,1382,RGB
44853,0,Unknown Artist,6,portrait,8,Early_Renaissance,1382,2119,RGB
20255,77,titian,7,religious_painting,11,High_Renaissance,1408,1382,RGB
73677,0,Unknown Artist,10,Unknown Genre,4,Baroque,1776,1382,RGB
33940,0,Unknown Artist,2,genre_painting,4,Baroque,1717,1382,RGB
57101,0,Unknown Artist,7,religious_painting,11,High_Renaissance,1382,1641,RGB
46466,0,Unknown Artist,7,religious_painting,11,High_Renaissance,1382,1995,RGB
38397,0,Unknown Artist,7,religious_painting,4,Baroque,1382,1974,RGB
71269,0,Unknown Artist,10,Unknown Genre,22,Rococo,1455,1382,RGB
71698,0,Unknown Artist,10,Unknown Genre,11,High_Renaissance,1689,1382,RGB
45215,67,tintoretto,6,portrait,13,Mannerism_Late_Renaissance,1382,2019,RGB
56394,121,el-greco,7,religious_painting,13,Mannerism_Late_Renaissance,1382,1582,RGB
25485,0,Unknown Artist,7,religious_painting,17,Northern_Renaissance,1382,2007,RGB
18156,25,albrecht-durer,2,genre_painting,17,Northern_Renaissance,1382,2186,RGB
58568,0,Unknown Artist,1,cityscape,22,Rococo,1770,1381,RGB
57097,0,Unknown Artist,7,religious_painting,8,Early_Renaissance,1382,1935,RGB
72138,0,Unknown Artist,10,Unknown Genre,13,Mannerism_Late_Renaissance,1636,1382,RGB
10596,25,albrecht-durer,7,religious_painting,17,Northern_Renaissance,1382,2738,RGB
45707,0,Unknown Artist,6,portrait,22,Rococo,1382,1959,RGB
38076,0,Unknown Artist,7,religious_painting,8,Early_Renaissance,2559,1382,RGB
23488,0,Unknown Artist,6,portrait,22,Rococo,1382,2064,RGB
22394,0,Unknown Artist,7,religious_painting,8,Early_Renaissance,1385,1382,RGB
28487,0,Unknown Artist,7,religious_painting,17,Northern_Renaissance,1381,3544,RGB
38777,114,anthony-van-dyck,6,portrait,4,Baroque,1381,1982,RGB
33495,87,michelangelo,7,religious_painting,11,High_Renaissance,2250,1382,RGB
73104,0,Unknown Artist,10,Unknown Genre,11,High_Renaissance,2106,1382,RGB
30255,0,Unknown Artist,8,sketch_and_study,17,Northern_Renaissance,1382,2066,RGB
2175,25,albrecht-durer,7,religious_painting,17,Northern_Renaissance,1382,2040,RGB
44273,121,el-greco,7,religious_painting,13,Mannerism_Late_Renaissance,1382,2856,RGB
24033,0,Unknown Artist,2,genre_painting,4,Baroque,1834,1382,RGB
32116,58,pietro-perugino,7,religious_painting,11,High_Renaissance,1421,1382,RGB
61912,0,Unknown Artist,9,still_life,22,Rococo,1382,1592,RGB
33318,0,Unknown Artist,7,religious_painting,8,Early_Renaissance,1382,1718,RGB
21753,0,Unknown Artist,8,sketch_and_study,8,Early_Renaissance,1382,2002,RGB
20109,0,Unknown Artist,7,religious_painting,11,High_Renaissance,1382,1488,RGB
39345,0,Unknown Artist,8,sketch_and_study,4,Baroque,1382,2500,RGB
35109,38,fra-angelico,7,religious_painting,8,Early_Renaissance,1382,1618,RGB
21544,0,Unknown Artist,7,religious_painting,8,Early_Renaissance,1382,2243,RGB
76895,0,Unknown Artist,10,Unknown Genre,13,Mannerism_Late_Renaissance,1382,1771,RGB
9157,20,rembrandt,7,religious_painting,4,Baroque,1382,1615,RGB
56879,0,Unknown Artist,7,religious_painting,8,Early_Renaissance,1382,2088,RGB
70435,0,Unknown Artist,10,Unknown Genre,13,Mannerism_Late_Renaissance,1552,1382,RGB
69022,0,Unknown Artist,10,Unknown Genre,11,High_Renaissance,3852,1382,RGB
41193,126,thomas-gainsborough,6,portrait,22,Rococo,1382,1732,RGB
48288,0,Unknown Artist,7,religious_painting,13,Mannerism_Late_Renaissance,1927,1382,RGB
56418,0,Unknown Artist,7,religious_painting,4,Baroque,1382,1925,RGB
70619,0,Unknown Artist,10,Unknown Genre,13,Mannerism_Late_Renaissance,1742,1382,RGB
80538,0,Unknown Artist,10,Unknown Genre,8,Early_Renaissance,1382,1933,RGB
47417,0,Unknown Artist,5,nude_painting,13,Mannerism_Late_Renaissance,1382,2180,RGB
50862,0,Unknown Artist,7,religious_painting,13,Mannerism_Late_Renaissance,1389,1382,RGB
46469,0,Unknown Artist,7,religious_painting,22,Rococo,1382,2701,RGB
23148,0,Unknown Artist,6,portrait,13,Mannerism_Late_Renaissance,1382,1552,RGB
22171,83,joshua-reynolds,6,portrait,22,Rococo,1382,1713,RGB
56165,0,Unknown Artist,7,religious_painting,8,Early_Renaissance,1382,2485,RGB
18162,25,albrecht-durer,2,genre_painting,17,Northern_Renaissance,1382,1540,RGB
21627,0,Unknown Artist,2,genre_painting,22,Rococo,2020,1382,RGB
51735,117,hans-holbein-the-younger,6,portrait,17,Northern_Renaissance,1386,1382,RGB
28746,58,pietro-perugino,7,religious_painting,11,High_Renaissance,1382,1536,RGB
63124,0,Unknown Artist,6,portrait,22,Rococo,1382,1677,RGB
39258,0,Unknown Artist,7,religious_painting,8,Early_Renaissance,1382,1924,RGB
79361,0,Unknown Artist,10,Unknown Genre,11,High_Renaissance,1382,2011,RGB
46586,0,Unknown Artist,6,portrait,22,Rococo,1382,1830,RGB
41308,0,Unknown Artist,7,religious_painting,8,Early_Renaissance,1382,3531,RGB
12066,20,rembrandt,6,portrait,4,Baroque,1382,1841,RGB
5848,25,albrecht-durer,8,sketch_and_study,17,Northern_Renaissance,1765,1382,RGB
111,20,rembrandt,10,Unknown Genre,4,Baroque,1710,1382,RGB
73115,0,Unknown Artist,10,Unknown Genre,13,Mannerism_Late_Renaissance,1732,1382,RGB
56891,82,paolo-veronese,7,religious_painting,13,Mannerism_Late_Renaissance,1382,1915,RGB
8132,25,albrecht-durer,8,sketch_and_study,17,Northern_Renaissance,1382,1734,RGB
55755,0,Unknown Artist,7,religious_painting,17,Northern_Renaissance,1382,1991,RGB
41509,58,pietro-perugino,7,religious_painting,8,Early_Renaissance,2998,1382,RGB
28413,67,tintoretto,6,portrait,13,Mannerism_Late_Renaissance,1382,1786,RGB
54247,0,Unknown Artist,2,genre_painting,4,Baroque,1888,1382,RGB
48738,0,Unknown Artist,7,religious_painting,8,Early_Renaissance,1711,1382,RGB
57063,0,Unknown Artist,7,religious_painting,22,Rococo,1767,1382,RGB
46199,29,lucas-cranach-the-elder,6,portrait,17,Northern_Renaissance,1382,2119,RGB
51855,0,Unknown Artist,1,cityscape,22,Rococo,2113,1382,RGB
5904,20,rembrandt,7,religious_painting,4,Baroque,1382,1709,RGB
27283,77,titian,6,portrait,13,Mannerism_Late_Renaissance,1382,1561,RGB
74177,0,Unknown Artist,10,Unknown Genre,4,Baroque,2151,1382,RGB
26620,0,Unknown Artist,7,religious_painting,11,High_Renaissance,1382,2408,RGB
30786,0,Unknown Artist,7,religious_painting,13,Mannerism_Late_Renaissance,1382,1786,RGB
44092,0,Unknown Artist,6,portrait,11,High_Renaissance,1382,1852,RGB
56357,121,el-greco,7,religious_painting,13,Mannerism_Late_Renaissance,1382,1997,RGB
47218,0,Unknown Artist,2,genre_painting,22,Rococo,1760,1382,RGB
27712,0,Unknown Artist,7,religious_painting,4,Baroque,1382,2444,RGB
33061,0,Unknown Artist,2,genre_painting,4,Baroque,1382,1937,RGB
75007,0,Unknown Artist,10,Unknown Genre,11,High_Renaissance,1382,1654,RGB
50198,0,Unknown Artist,5,nude_painting,13,Mannerism_Late_Renaissance,2270,1382,RGB
56740,0,Unknown Artist,7,religious_painting,8,Early_Renaissance,1382,2752,RGB
26865,58,pietro-perugino,7,religious_painting,11,High_Renaissance,1382,1526,RGB
28621,29,lucas-cranach-the-elder,6,portrait,17,Northern_Renaissance,1382,2012,RGB
39851,0,Unknown Artist,8,sketch_and_study,22,Rococo,1382,1896,RGB
70336,0,Unknown Artist,10,Unknown Genre,22,Rococo,1416,1382,RGB
29833,69,raphael,6,portrait,11,High_Renaissance,1382,1829,RGB
20815,0,Unknown Artist,7,religious_painting,8,Early_Renaissance,2548,1382,RGB
68510,0,Unknown Artist,10,Unknown Genre,4,Baroque,2109,1382,RGB
46641,0,Unknown Artist,7,religious_painting,8,Early_Renaissance,2109,1382,RGB
56645,0,Unknown Artist,7,religious_painting,8,Early_Renaissance,1382,1432,RGB
17993,25,albrecht-durer,7,religious_painting,17,Northern_Renaissance,1382,1603,RGB
80028,0,Unknown Artist,10,Unknown Genre,22,Rococo,2014,1382,RGB
19462,0,Unknown Artist,7,religious_painting,4,Baroque,1974,1382,RGB
55963,103,hans-memling,7,religious_painting,17,Northern_Renaissance,1382,2251,RGB
33709,0,Unknown Artist,7,religious_painting,13,Mannerism_Late_Renaissance,1382,2032,RGB
70184,0,Unknown Artist,10,Unknown Genre,17,Northern_Renaissance,1382,1861,RGB
8010,25,albrecht-durer,7,religious_painting,17,Northern_Renaissance,1382,1963,RGB
55882,38,fra-angelico,7,religious_painting,8,Early_Renaissance,1382,1793,RGB
33763,0,Unknown Artist,4,landscape,17,Northern_Renaissance,1861,1382,RGB
8682,25,albrecht-durer,7,religious_painting,17,Northern_Renaissance,1382,2211,RGB
34101,69,raphael,6,portrait,11,High_Renaissance,1382,1730,RGB
44744,0,Unknown Artist,7,religious_painting,8,Early_Renaissance,1738,1382,RGB
42228,82,paolo-veronese,7,religious_painting,13,Mannerism_Late_Renaissance,1462,1382,RGB
3783,25,albrecht-durer,6,portrait,17,Northern_Renaissance,1382,1885,RGB
63176,67,tintoretto,6,portrait,13,Mannerism_Late_Renaissance,1382,1742,RGB
65266,0,Unknown Artist,6,portrait,22,Rococo,1382,1735,RGB
25153,29,lucas-cranach-the-elder,6,portrait,17,Northern_Renaissance,1382,1910,RGB
26285,0,Unknown Artist,2,genre_painting,22,Rococo,1382,1802,RGB
71768,0,Unknown Artist,10,Unknown Genre,4,Baroque,2686,1382,RGB
25671,0,Unknown Artist,1,cityscape,13,Mannerism_Late_Renaissance,2097,1382,RGB
78449,0,Unknown Artist,10,Unknown Genre,13,Mannerism_Late_Renaissance,1714,1382,RGB
17974,25,albrecht-durer,7,religious_painting,17,Northern_Renaissance,1382,1817,RGB
48961,77,titian,7,religious_painting,11,High_Renaissance,1382,1683,RGB
17756,20,rembrandt,7,religious_painting,4,Baroque,1888,1382,RGB
42134,0,Unknown Artist,7,religious_painting,17,Northern_Renaissance,1382,1467,RGB
56334,38,fra-angelico,7,religious_painting,8,Early_Renaissance,1670,1382,RGB
30622,0,Unknown Artist,6,portrait,8,Early_Renaissance,1382,1754,RGB
47315,0,Unknown Artist,7,religious_painting,8,Early_Renaissance,1382,1919,RGB
45616,69,raphael,7,religious_painting,11,High_Renaissance,1386,1382,RGB
73488,0,Unknown Artist,10,Unknown Genre,13,Mannerism_Late_Renaissance,1382,1781,RGB
79371,0,Unknown Artist,10,Unknown Genre,11,High_Renaissance,2089,1382,RGB
40757,0,Unknown Artist,7,religious_painting,8,Early_Renaissance,1382,1857,RGB
33170,121,el-greco,6,portrait,13,Mannerism_Late_Renaissance,1382,1880,RGB
62514,24,leonardo-da-vinci,8,sketch_and_study,11,High_Renaissance,1382,1694,RGB
57029,82,paolo-veronese,7,religious_painting,13,Mannerism_Late_Renaissance,1895,1382,RGB
72396,0,Unknown Artist,10,Unknown Genre,13,Mannerism_Late_Renaissance,1382,1595,RGB
25716,0,Unknown Artist,7,religious_painting,8,Early_Renaissance,1382,1951,RGB
75160,0,Unknown Artist,10,Unknown Genre,22,Rococo,1382,2302,RGB
76098,0,Unknown Artist,10,Unknown Genre,13,Mannerism_Late_Renaissance,1382,1700,RGB
41923,0,Unknown Artist,7,religious_painting,17,Northern_Renaissance,2617,1382,RGB
35901,0,Unknown Artist,7,religious_painting,22,Rococo,1382,1955,RGB
19368,0,Unknown Artist,6,portrait,22,Rococo,1382,1678,RGB
29428,121,el-greco,7,religious_painting,13,Mannerism_Late_Renaissance,1382,1998,RGB
72148,0,Unknown Artist,10,Unknown Genre,11,High_Renaissance,1945,1382,RGB
78630,0,Unknown Artist,10,Unknown Genre,4,Baroque,1382,1404,RGB
75494,0,Unknown Artist,10,Unknown Genre,13,Mannerism_Late_Renaissance,1382,1897,RGB
63558,0,Unknown Artist,6,portrait,22,Rococo,1382,1761,RGB
46596,87,michelangelo,7,religious_painting,11,High_Renaissance,1389,1382,RGB
64208,126,thomas-gainsborough,6,portrait,22,Rococo,1382,1732,RGB
35725,0,Unknown Artist,7,religious_painting,8,Early_Renaissance,1762,1382,RGB
63929,77,titian,6,portrait,13,Mannerism_Late_Renaissance,1382,1763,RGB
62430,69,raphael,8,sketch_and_study,11,High_Renaissance,1382,2132,RGB
48975,29,lucas-cranach-the-elder,7,religious_painting,17,Northern_Renaissance,1382,2049,RGB
37722,0,Unknown Artist,7,religious_painting,8,Early_Renaissance,2073,1382,RGB
63921,0,Unknown Artist,6,portrait,13,Mannerism_Late_Renaissance,1382,1706,RGB
50240,0,Unknown Artist,7,religious_painting,4,Baroque,1382,2333,RGB
21008,38,fra-angelico,7,religious_painting,8,Early_Renaissance,1756,1382,RGB
45025,0,Unknown Artist,7,religious_painting,11,High_Renaissance,1382,1672,RGB
43873,83,joshua-reynolds,6,portrait,22,Rococo,1382,1795,RGB
62125,0,Unknown Artist,8,sketch_and_study,8,Early_Renaissance,1382,1741,RGB
56458,0,Unknown Artist,7,religious_painting,17,Northern_Renaissance,1382,2127,RGB
41834,82,paolo-veronese,7,religious_painting,13,Mannerism_Late_Renaissance,1951,1382,RGB
77230,0,Unknown Artist,10,Unknown Genre,22,Rococo,1382,1858,RGB
71057,0,Unknown Artist,10,Unknown Genre,22,Rococo,1893,1382,RGB
43431,0,Unknown Artist,8,sketch_and_study,8,Early_Renaissance,1382,1887,RGB
11250,0,Unknown Artist,10,Unknown Genre,17,Northern_Renaissance,1382,1539,RGB
48379,0,Unknown Artist,7,religious_painting,8,Early_Renaissance,1728,1382,RGB
17591,20,rembrandt,2,genre_painting,4,Baroque,1382,1595,RGB
36715,0,Unknown Artist,7,religious_painting,8,Early_Renaissance,2032,1381,RGB
78530,0,Unknown Artist,10,Unknown Genre,13,Mannerism_Late_Renaissance,1382,1669,RGB
62467,24,leonardo-da-vinci,8,sketch_and_study,11,High_Renaissance,1809,1382,RGB
42995,121,el-greco,7,religious_painting,13,Mannerism_Late_Renaissance,1382,2149,RGB
80097,0,Unknown Artist,10,Unknown Genre,22,Rococo,1382,1785,RGB
74852,0,Unknown Artist,10,Unknown Genre,11,High_Renaissance,1382,1556,RGB
31539,0,Unknown Artist,6,portrait,22,Rococo,1382,1794,RGB
62955,0,Unknown Artist,6,portrait,22,Rococo,1382,1619,RGB
70098,0,Unknown Artist,10,Unknown Genre,13,Mannerism_Late_Renaissance,2915,1382,RGB
32317,24,leonardo-da-vinci,7,religious_painting,8,Early_Renaissance,1382,2166,RGB
64123,0,Unknown Artist,6,portrait,22,Rococo,1382,1806,RGB
44287,0,Unknown Artist,2,genre_painting,4,Baroque,1977,1382,RGB
78516,0,Unknown Artist,10,Unknown Genre,13,Mannerism_Late_Renaissance,1382,1778,RGB
65679,0,Unknown Artist,6,portrait,8,Early_Renaissance,1382,2065,RGB
20835,38,fra-angelico,7,religious_painting,8,Early_Renaissance,2241,1382,RGB
38091,24,leonardo-da-vinci,7,religious_painting,8,Early_Renaissance,1382,1954,RGB
8001,20,rembrandt,6,portrait,4,Baroque,1382,1642,RGB
34700,0,Unknown Artist,6,portrait,22,Rococo,1382,1862,RGB
25324,0,Unknown Artist,7,religious_painting,11,High_Renaissance,1382,1504,RGB
44188,0,Unknown Artist,7,religious_painting,13,Mannerism_Late_Renaissance,1871,1382,RGB
25863,0,Unknown Artist,6,portrait,8,Early_Renaissance,1382,1912,RGB
24186,29,lucas-cranach-the-elder,6,portrait,17,Northern_Renaissance,1382,2229,RGB
36133,0,Unknown Artist,7,religious_painting,4,Baroque,2041,1382,RGB
38707,77,titian,7,religious_painting,13,Mannerism_Late_Renaissance,1382,1956,RGB
48517,0,Unknown Artist,7,religious_painting,11,High_Renaissance,1382,1846,RGB
25414,80,peter-paul-rubens,7,religious_painting,4,Baroque,1382,2096,RGB
56984,0,Unknown Artist,7,religious_painting,4,Baroque,1382,4055,RGB
64170,77,titian,6,portrait,11,High_Renaissance,1382,1746,RGB
69544,0,Unknown Artist,10,Unknown Genre,13,Mannerism_Late_Renaissance,1382,1726,RGB
73539,0,Unknown Artist,10,Unknown Genre,22,Rococo,1382,1461,RGB
67799,0,Unknown Artist,10,Unknown Genre,11,High_Renaissance,1730,1382,RGB
55612,0,Unknown Artist,7,religious_painting,13,Mannerism_Late_Renaissance,1382,1681,RGB
78533,0,Unknown Artist,10,Unknown Genre,13,Mannerism_Late_Renaissance,2008,1382,RGB
71835,0,Unknown Artist,10,Unknown Genre,4,Baroque,1723,1382,RGB
21845,121,el-greco,7,religious_painting,13,Mannerism_Late_Renaissance,1382,1943,RGB
46348,0,Unknown Artist,6,portrait,22,Rococo,1382,1840,RGB
79363,0,Unknown Artist,10,Unknown Genre,11,High_Renaissance,1382,1389,RGB
47239,0,Unknown Artist,7,religious_painting,8,Early_Renaissance,1382,1404,RGB
30870,0,Unknown Artist,9,still_life,4,Baroque,1382,1726,RGB
19103,38,fra-angelico,7,religious_painting,8,Early_Renaissance,1382,2369,RGB
43720,23,hieronymus-bosch,7,religious_painting,17,Northern_Renaissance,2006,1382,RGB
57088,0,Unknown Artist,7,religious_painting,13,Mannerism_Late_Renaissance,1382,5087,RGB
31688,0,Unknown Artist,1,cityscape,22,Rococo,1382,1453,RGB
63654,0,Unknown Artist,6,portrait,22,Rococo,1382,1655,RGB
20484,121,el-greco,7,religious_painting,13,Mannerism_Late_Renaissance,1382,1707,RGB
46955,0,Unknown Artist,4,landscape,4,Baroque,1753,1382,RGB
8438,25,albrecht-durer,8,sketch_and_study,17,Northern_Renaissance,1382,1737,RGB
78632,0,Unknown Artist,10,Unknown Genre,4,Baroque,1382,1699,RGB
64875,77,titian,6,portrait,13,Mannerism_Late_Renaissance,1382,1742,RGB
55982,0,Unknown Artist,7,religious_painting,11,High_Renaissance,1382,1664,RGB
38722,67,tintoretto,7,religious_painting,13,Mannerism_Late_Renaissance,3143,1382,RGB
55985,69,raphael,7,religious_painting,11,High_Renaissance,1382,1948,RGB
27039,87,michelangelo,8,sketch_and_study,11,High_Renaissance,1382,1807,RGB
38671,0,Unknown Artist,2,genre_painting,4,Baroque,2124,1382,RGB
44876,0,Unknown Artist,7,religious_painting,11,High_Renaissance,1382,1994,RGB
38878,58,pietro-perugino,7,religious_painting,8,Early_Renaissance,1382,4164,RGB
56247,87,michelangelo,7,religious_painting,11,High_Renaissance,1842,1382,RGB
59045,82,paolo-veronese,4,landscape,13,Mannerism_Late_Renaissance,1382,1913,RGB
36310,0,Unknown Artist,6,portrait,22,Rococo,1382,1731,RGB
56640,0,Unknown Artist,7,religious_painting,17,Northern_Renaissance,1382,2617,RGB
2415,20,rembrandt,10,Unknown Genre,4,Baroque,1382,1774,RGB
56737,0,Unknown Artist,7,religious_painting,8,Early_Renaissance,1382,1786,RGB
71462,0,Unknown Artist,10,Unknown Genre,4,Baroque,1382,1821,RGB
23739,0,Unknown Artist,7,religious_painting,13,Mannerism_Late_Renaissance,1382,1844,RGB
4059,25,albrecht-durer,8,sketch_and_study,17,Northern_Renaissance,1382,2220,RGB
35704,58,pietro-perugino,7,religious_painting,8,Early_Renaissance,1382,1493,RGB
25828,0,Unknown Artist,6,portrait,8,Early_Renaissance,1382,1965,RGB
17743,20,rembrandt,6,portrait,4,Baroque,1382,1764,RGB
56398,0,Unknown Artist,7,religious_painting,13,Mannerism_Late_Renaissance,1382,1395,RGB
22019,67,tintoretto,7,religious_painting,13,Mannerism_Late_Renaissance,1944,1382,RGB
50546,0,Unknown Artist,7,religious_painting,8,Early_Renaissance,1771,1382,RGB
22962,0,Unknown Artist,7,religious_painting,17,Northern_Renaissance,1798,1382,RGB
43437,83,joshua-reynolds,8,sketch_and_study,22,Rococo,1382,1874,RGB
47203,61,bartolome-esteban-murillo,8,sketch_and_study,4,Baroque,1382,1907,RGB
55831,67,tintoretto,7,religious_painting,13,Mannerism_Late_Renaissance,1382,1442,RGB
72705,0,Unknown Artist,10,Unknown Genre,22,Rococo,1382,2176,RGB
56076,0,Unknown Artist,7,religious_painting,17,Northern_Renaissance,1382,2794,RGB
47620,0,Unknown Artist,6,portrait,13,Mannerism_Late_Renaissance,1381,1697,RGB
33228,0,Unknown Artist,2,genre_painting,4,Baroque,1382,1614,RGB
32705,69,raphael,7,religious_painting,11,High_Renaissance,1382,2283,RGB
46166,0,Unknown Artist,7,religious_painting,17,Northern_Renaissance,1382,1877,RGB
65312,121,el-greco,6,portrait,13,Mannerism_Late_Renaissance,1382,2273,RGB
37090,77,titian,7,religious_painting,13,Mannerism_Late_Renaissance,1382,1556,RGB
54330,0,Unknown Artist,2,genre_painting,4,Baroque,1382,1548,RGB
36658,116,frans-hals,6,portrait,4,Baroque,1382,1697,RGB
6929,25,albrecht-durer,6,portrait,17,Northern_Renaissance,1382,2008,RGB
75511,0,Unknown Artist,10,Unknown Genre,17,Northern_Renaissance,1382,3609,RGB
42487,0,Unknown Artist,7,religious_painting,8,Early_Renaissance,3084,1382,RGB
31849,0,Unknown Artist,7,religious_painting,13,Mannerism_Late_Renaissance,1842,1382,RGB
23402,121,el-greco,7,religious_painting,13,Mannerism_Late_Renaissance,1382,2424,RGB
75698,0,Unknown Artist,10,Unknown Genre,22,Rococo,1630,1382,RGB
65126,0,Unknown Artist,6,portrait,11,High_Renaissance,1382,1857,RGB
27033,0,Unknown Artist,7,religious_painting,4,Baroque,1747,1382,RGB
40052,0,Unknown Artist,7,religious_painting,8,Early_Renaissance,1382,1797,RGB
24966,69,raphael,6,portrait,11,High_Renaissance,1382,2009,RGB
3844,20,rembrandt,2,genre_painting,4,Baroque,1848,1382,RGB
62363,23,hieronymus-bosch,8,sketch_and_study,17,Northern_Renaissance,1382,2465,RGB
33619,58,pietro-perugino,7,religious_painting,11,High_Renaissance,1382,1682,RGB
26801,0,Unknown Artist,9,still_life,22,Rococo,1674,1382,RGB
24769,77,titian,6,portrait,11,High_Renaissance,1382,1583,RGB
56241,23,hieronymus-bosch,7,religious_painting,17,Northern_Renaissance,1382,1700,RGB
68910,0,Unknown Artist,10,Unknown Genre,13,Mannerism_Late_Renaissance,1382,1461,RGB
12235,25,albrecht-durer,6,portrait,17,Northern_Renaissance,1382,1865,RGB
73874,0,Unknown Artist,10,Unknown Genre,11,High_Renaissance,2248,1382,RGB
69279,0,Unknown Artist,10,Unknown Genre,13,Mannerism_Late_Renaissance,1909,1382,RGB
56202,0,Unknown Artist,7,religious_painting,17,Northern_Renaissance,1874,1382,RGB
18085,25,albrecht-durer,6,portrait,17,Northern_Renaissance,1382,1623,RGB
8879,0,Unknown Artist,10,Unknown Genre,17,Northern_Renaissance,1382,1533,RGB
43976,0,Unknown Artist,7,religious_painting,4,Baroque,2081,1382,RGB
56631,0,Unknown Artist,7,religious_painting,11,High_Renaissance,1382,1661,RGB
56177,0,Unknown Artist,7,religious_painting,8,Early_Renaissance,1382,1908,RGB
37021,38,fra-angelico,7,religious_painting,8,Early_Renaissance,1382,1628,RGB
69721,0,Unknown Artist,10,Unknown Genre,11,High_Renaissance,1382,1625,RGB
52597,117,hans-holbein-the-younger,6,portrait,17,Northern_Renaissance,1382,1898,RGB
3895,25,albrecht-durer,7,religious_painting,17,Northern_Renaissance,1382,2049,RGB
32766,82,paolo-veronese,7,religious_painting,13,Mannerism_Late_Renaissance,1382,1891,RGB
40890,0,Unknown Artist,6,portrait,13,Mannerism_Late_Renaissance,1382,1667,RGB
80535,0,Unknown Artist,10,Unknown Genre,8,Early_Renaissance,1382,2887,RGB
3401,0,Unknown Artist,10,Unknown Genre,17,Northern_Renaissance,1382,1937,RGB
18134,25,albrecht-durer,7,religious_painting,17,Northern_Renaissance,1382,1888,RGB
35918,0,Unknown Artist,2,genre_painting,17,Northern_Renaissance,1965,1382,RGB
28552,0,Unknown Artist,7,religious_painting,11,High_Renaissance,1382,1473,RGB
49461,0,Unknown Artist,7,religious_painting,8,Early_Renaissance,1382,1383,RGB
5352,25,albrecht-durer,8,sketch_and_study,17,Northern_Renaissance,1382,1673,RGB
40617,38,fra-angelico,7,religious_painting,8,Early_Renaissance,1725,1382,RGB
4649,20,rembrandt,6,portrait,4,Baroque,2061,1382,RGB
43369,58,pietro-perugino,7,religious_painting,11,High_Renaissance,1382,1891,RGB
42240,0,Unknown Artist,7,religious_painting,13,Mannerism_Late_Renaissance,1842,1382,RGB
80059,0,Unknown Artist,10,Unknown Genre,22,Rococo,2017,1382,RGB
52427,0,Unknown Artist,7,religious_painting,11,High_Renaissance,1382,1765,RGB
81140,0,Unknown Artist,10,Unknown Genre,17,Northern_Renaissance,1382,1884,RGB
56743,0,Unknown Artist,7,religious_painting,17,Northern_Renaissance,1382,1881,RGB
52666,24,leonardo-da-vinci,8,sketch_and_study,11,High_Renaissance,1382,1990,RGB
43903,0,Unknown Artist,7,religious_painting,4,Baroque,1718,1382,RGB
63897,0,Unknown Artist,6,portrait,8,Early_Renaissance,1382,1769,RGB
75848,0,Unknown Artist,10,Unknown Genre,13,Mannerism_Late_Renaissance,1382,1480,RGB
18009,25,albrecht-durer,7,religious_painting,17,Northern_Renaissance,1382,1678,RGB
22869,83,joshua-reynolds,6,portrait,22,Rococo,1382,2295,RGB
4434,25,albrecht-durer,7,religious_painting,17,Northern_Renaissance,1382,1881,RGB
27670,0,Unknown Artist,7,religious_painting,4,Baroque,1382,1673,RGB
56253,0,Unknown Artist,7,religious_painting,4,Baroque,1382,2056,RGB
51500,82,paolo-veronese,7,religious_painting,13,Mannerism_Late_Renaissance,1382,2800,RGB
56258,0,Unknown Artist,7,religious_painting,13,Mannerism_Late_Renaissance,1382,1749,RGB
40152,38,fra-angelico,7,religious_painting,8,Early_Renaissance,1565,1382,RGB
45064,0,Unknown Artist,2,genre_painting,17,Northern_Renaissance,1382,1630,RGB
56835,82,paolo-veronese,7,religious_painting,13,Mannerism_Late_Renaissance,3348,1382,RGB
56303,0,Unknown Artist,7,religious_painting,13,Mannerism_Late_Renaissance,1382,1680,RGB
30272,0,Unknown Artist,7,religious_painting,8,Early_Renaissance,1382,3218,RGB
50352,0,Unknown Artist,6,portrait,22,Rococo,1382,1539,RGB
65625,77,titian,6,portrait,13,Mannerism_Late_Renaissance,1382,2741,RGB
57953,128,canaletto,1,cityscape,22,Rococo,2288,1381,RGB
50543,24,leonardo-da-vinci,7,religious_painting,11,High_Renaissance,1382,2055,RGB
27085,0,Unknown Artist,6,portrait,13,Mannerism_Late_Renaissance,1382,1997,RGB
47525,0,Unknown Artist,6,portrait,17,Northern_Renaissance,1382,1727,RGB
8213,25,albrecht-durer,8,sketch_and_study,17,Northern_Renaissance,2016,1382,RGB
17622,20,rembrandt,6,portrait,4,Baroque,1382,1611,RGB
23378,0,Unknown Artist,6,portrait,22,Rococo,1382,1497,RGB
52421,116,frans-hals,6,portrait,4,Baroque,1382,1752,RGB
33069,87,michelangelo,8,sketch_and_study,11,High_Renaissance,1382,1476,RGB
34080,0,Unknown Artist,7,religious_painting,8,Early_Renaissance,1382,1970,RGB
56221,0,Unknown Artist,7,religious_painting,17,Northern_Renaissance,1382,1715,RGB
43593,103,hans-memling,6,portrait,17,Northern_Renaissance,1382,1954,RGB
28786,0,Unknown Artist,7,religious_painting,8,Early_Renaissance,1382,1808,RGB
69045,0,Unknown Artist,10,Unknown Genre,13,Mannerism_Late_Renaissance,1382,1884,RGB
46168,126,thomas-gainsborough,6,portrait,22,Rococo,1382,1692,RGB
40135,61,bartolome-esteban-murillo,7,religious_painting,4,Baroque,1382,2001,RGB
81088,0,Unknown Artist,10,Unknown Genre,17,Northern_Renaissance,1382,1710,RGB
81151,0,Unknown Artist,10,Unknown Genre,17,Northern_Renaissance,1803,1382,RGB
78504,0,Unknown Artist,10,Unknown Genre,13,Mannerism_Late_Renaissance,1382,1837,RGB
62379,125,jacob-jordaens,8,sketch_and_study,4,Baroque,1713,1381,RGB
18003,25,albrecht-durer,7,religious_painting,17,Northern_Renaissance,1382,2176,RGB
51701,24,leonardo-da-vinci,7,religious_painting,11,High_Renaissance,1382,1806,RGB
35126,0,Unknown Artist,7,religious_painting,11,High_Renaissance,2902,1382,RGB
69224,0,Unknown Artist,10,Unknown Genre,22,Rococo,1693,1382,RGB
31917,0,Unknown Artist,8,sketch_and_study,8,Early_Renaissance,1382,2004,RGB
39347,0,Unknown Artist,7,religious_painting,8,Early_Renaissance,2512,1382,RGB
41504,0,Unknown Artist,7,religious_painting,17,Northern_Renaissance,1382,2107,RGB
32583,0,Unknown Artist,6,portrait,22,Rococo,1382,1835,RGB
49220,121,el-greco,7,religious_painting,13,Mannerism_Late_Renaissance,1382,3038,RGB
30318,0,Unknown Artist,7,religious_painting,22,Rococo,1382,2860,RGB
35284,0,Unknown Artist,7,religious_painting,17,Northern_Renaissance,1382,2336,RGB
28080,0,Unknown Artist,2,genre_painting,22,Rococo,1797,1382,RGB
22935,0,Unknown Artist,8,sketch_and_study,8,Early_Renaissance,1990,1382,RGB
56594,87,michelangelo,7,religious_painting,11,High_Renaissance,1495,1382,RGB
29829,0,Unknown Artist,6,portrait,4,Baroque,1946,1382,RGB
65600,116,frans-hals,6,portrait,4,Baroque,1382,1770,RGB
46530,121,el-greco,7,religious_painting,13,Mannerism_Late_Renaissance,1382,2447,RGB
22524,0,Unknown Artist,6,portrait,13,Mannerism_Late_Renaissance,1382,1740,RGB
27379,0,Unknown Artist,7,religious_painting,8,Early_Renaissance,3112,1382,RGB
34252,126,thomas-gainsborough,6,portrait,22,Rococo,1382,1758,RGB
32172,0,Unknown Artist,7,religious_painting,8,Early_Renaissance,3673,1382,RGB
68006,0,Unknown Artist,10,Unknown Genre,13,Mannerism_Late_Renaissance,1512,1382,RGB
76006,0,Unknown Artist,10,Unknown Genre,8,Early_Renaissance,1382,3350,RGB
27988,0,Unknown Artist,6,portrait,4,Baroque,1382,1687,RGB
24879,80,peter-paul-rubens,6,portrait,4,Baroque,1382,1988,RGB
23359,116,frans-hals,6,portrait,4,Baroque,1382,1741,RGB
33469,0,Unknown Artist,6,portrait,4,Baroque,1382,1735,RGB
43272,38,fra-angelico,7,religious_painting,8,Early_Renaissance,1382,1610,RGB
41365,0,Unknown Artist,7,religious_painting,4,Baroque,1818,1382,RGB
47948,0,Unknown Artist,7,religious_painting,4,Baroque,1382,1542,RGB
34395,117,hans-holbein-the-younger,6,portrait,17,Northern_Renaissance,1404,1382,RGB
40632,0,Unknown Artist,6,portrait,13,Mannerism_Late_Renaissance,1382,1773,RGB
52647,23,hieronymus-bosch,7,religious_painting,17,Northern_Renaissance,1382,1678,RGB
26253,0,Unknown Artist,2,genre_painting,4,Baroque,1609,1382,RGB
35722,0,Unknown Artist,7,religious_painting,13,Mannerism_Late_Renaissance,1382,1842,RGB
80055,0,Unknown Artist,10,Unknown Genre,22,Rococo,1738,1382,RGB
56295,0,Unknown Artist,7,religious_painting,17,Northern_Renaissance,1382,1839,RGB
56969,0,Unknown Artist,7,religious_painting,17,Northern_Renaissance,1382,1534,RGB
24175,77,titian,6,portrait,13,Mannerism_Late_Renaissance,1382,1788,RGB
50054,0,Unknown Artist,1,cityscape,22,Rococo,2096,1382,RGB
45318,0,Unknown Artist,7,religious_painting,17,Northern_Renaissance,1382,1804,RGB
56600,0,Unknown Artist,7,religious_painting,17,Northern_Renaissance,1382,1828,RGB
80529,0,Unknown Artist,10,Unknown Genre,8,Early_Renaissance,1382,1974,RGB
10826,20,rembrandt,6,portrait,4,Baroque,1382,1766,RGB
64944,83,joshua-reynolds,6,portrait,22,Rococo,1382,1819,RGB
41447,0,Unknown Artist,7,religious_painting,11,High_Renaissance,1382,1644,RGB
56697,0,Unknown Artist,7,religious_painting,8,Early_Renaissance,2017,1382,RGB
76888,0,Unknown Artist,10,Unknown Genre,13,Mannerism_Late_Renaissance,5597,1382,RGB
56096,69,raphael,7,religious_painting,11,High_Renaissance,1382,2152,RGB
31970,0,Unknown Artist,6,portrait,22,Rococo,1382,1736,RGB
80101,0,Unknown Artist,10,Unknown Genre,22,Rococo,1792,1382,RGB
20233,0,Unknown Artist,8,sketch_and_study,13,Mannerism_Late_Renaissance,3324,1382,RGB
40055,23,hieronymus-bosch,7,religious_painting,17,Northern_Renaissance,1382,1972,RGB
28365,77,titian,6,portrait,11,High_Renaissance,1382,1635,RGB
55816,0,Unknown Artist,7,religious_painting,13,Mannerism_Late_Renaissance,1382,1581,RGB
49617,0,Unknown Artist,6,portrait,22,Rococo,1382,1620,RGB
64249,0,Unknown Artist,6,portrait,22,Rococo,1790,1382,RGB
36844,67,tintoretto,7,religious_painting,13,Mannerism_Late_Renaissance,3117,1382,RGB
59576,24,leonardo-da-vinci,4,landscape,11,High_Renaissance,1382,1894,RGB
18160,25,albrecht-durer,6,portrait,17,Northern_Renaissance,1382,1840,RGB
29387,80,peter-paul-rubens,6,portrait,4,Baroque,1382,1685,RGB
30232,0,Unknown Artist,2,genre_painting,4,Baroque,1713,1382,RGB
78621,0,Unknown Artist,10,Unknown Genre,4,Baroque,2145,1382,RGB
52871,0,Unknown Artist,7,religious_painting,11,High_Renaissance,1413,1382,RGB
55946,0,Unknown Artist,7,religious_painting,8,Early_Renaissance,1382,2444,RGB
17956,25,albrecht-durer,7,religious_painting,17,Northern_Renaissance,1382,1902,RGB
20229,0,Unknown Artist,7,religious_painting,4,Baroque,1832,1382,RGB
30812,0,Unknown Artist,7,religious_painting,8,Early_Renaissance,1891,1382,RGB
25044,126,thomas-gainsborough,6,portrait,22,Rococo,1382,2082,RGB
55953,0,Unknown Artist,7,religious_painting,11,High_Renaissance,2980,1382,RGB
56327,77,titian,7,religious_painting,11,High_Renaissance,1382,1655,RGB
31243,0,Unknown Artist,9,still_life,4,Baroque,1985,1382,RGB
56219,0,Unknown Artist,7,religious_painting,8,Early_Renaissance,1382,2201,RGB
33203,38,fra-angelico,7,religious_painting,8,Early_Renaissance,1382,1800,RGB
3965,25,albrecht-durer,7,religious_painting,17,Northern_Renaissance,1382,2090,RGB
22760,0,Unknown Artist,6,portrait,22,Rococo,1382,1846,RGB
72766,0,Unknown Artist,10,Unknown Genre,13,Mannerism_Late_Renaissance,2433,1382,RGB
56313,0,Unknown Artist,7,religious_painting,17,Northern_Renaissance,1382,1829,RGB
63076,0,Unknown Artist,6,portrait,22,Rococo,1382,1867,RGB
36345,114,anthony-van-dyck,6,portrait,4,Baroque,1382,1461,RGB
31889,0,Unknown Artist,7,religious_painting,8,Early_Renaissance,1382,2221,RGB
56798,0,Unknown Artist,7,religious_painting,8,Early_Renaissance,3527,1382,RGB
56754,38,fra-angelico,7,religious_painting,8,Early_Renaissance,1382,4081,RGB
34468,0,Unknown Artist,6,portrait,22,Rococo,1382,1739,RGB
31931,0,Unknown Artist,6,portrait,13,Mannerism_Late_Renaissance,1382,1686,RGB
52934,0,Unknown Artist,7,religious_painting,8,Early_Renaissance,1382,2912,RGB
49871,24,leonardo-da-vinci,8,sketch_and_study,11,High_Renaissance,1492,1382,RGB
6896,25,albrecht-durer,8,sketch_and_study,17,Northern_Renaissance,1382,2108,RGB
13084,25,albrecht-durer,7,religious_painting,17,Northern_Renaissance,1382,2108,RGB
46547,0,Unknown Artist,6,portrait,11,High_Renaissance,1382,1855,RGB
40707,114,anthony-van-dyck,6,portrait,4,Baroque,1382,1971,RGB
51768,0,Unknown Artist,7,religious_painting,13,Mannerism_Late_Renaissance,1382,1714,RGB
38054,0,Unknown Artist,6,portrait,22,Rococo,1382,1683,RGB
62543,23,hieronymus-bosch,8,sketch_and_study,17,Northern_Renaissance,1382,1956,RGB
18155,25,albrecht-durer,7,religious_painting,17,Northern_Renaissance,1382,1916,RGB
56867,121,el-greco,7,religious_painting,13,Mannerism_Late_Renaissance,1382,2250,RGB
78760,0,Unknown Artist,10,Unknown Genre,4,Baroque,1946,1382,RGB
17973,0,Unknown Artist,10,Unknown Genre,17,Northern_Renaissance,1382,1852,RGB
56199,0,Unknown Artist,7,religious_painting,8,Early_Renaissance,2204,1382,RGB
49223,0,Unknown Artist,6,portrait,11,High_Renaissance,1382,1872,RGB
19178,0,Unknown Artist,7,religious_painting,11,High_Renaissance,1382,1453,RGB
52146,0,Unknown Artist,7,religious_painting,8,Early_Renaissance,1517,1382,RGB
30491,0,Unknown Artist,6,portrait,13,Mannerism_Late_Renaissance,1382,1837,RGB
64357,0,Unknown Artist,6,portrait,22,Rococo,1382,1727,RGB
24418,77,titian,7,religious_painting,11,High_Renaissance,1830,1382,RGB
26179,0,Unknown Artist,2,genre_painting,4,Baroque,1912,1382,RGB
38404,77,titian,6,portrait,13,Mannerism_Late_Renaissance,1382,1714,RGB
71009,0,Unknown Artist,10,Unknown Genre,13,Mannerism_Late_Renaissance,1382,1699,RGB
62578,24,leonardo-da-vinci,8,sketch_and_study,11,High_Renaissance,1382,2027,RGB
2113,25,albrecht-durer,7,religious_painting,17,Northern_Renaissance,1382,1947,RGB
50335,0,Unknown Artist,7,religious_painting,13,Mannerism_Late_Renaissance,1382,1989,RGB
65647,0,Unknown Artist,6,portrait,13,Mannerism_Late_Renaissance,1382,1704,RGB
2484,20,rembrandt,6,portrait,4,Baroque,1382,1565,RGB
47232,0,Unknown Artist,7,religious_painting,8,Early_Renaissance,1382,2034,RGB
56973,38,fra-angelico,7,religious_painting,8,Early_Renaissance,1382,2621,RGB
64453,0,Unknown Artist,6,portrait,22,Rococo,1382,1726,RGB
47252,58,pietro-perugino,7,religious_painting,8,Early_Renaissance,1382,2144,RGB
80109,0,Unknown Artist,10,Unknown Genre,22,Rococo,1399,1382,RGB
78730,0,Unknown Artist,10,Unknown Genre,4,Baroque,1382,1471,RGB
78465,0,Unknown Artist,10,Unknown Genre,13,Mannerism_Late_Renaissance,1710,1382,RGB
75949,0,Unknown Artist,10,Unknown Genre,17,Northern_Renaissance,1724,1382,RGB
54393,0,Unknown Artist,2,genre_painting,22,Rococo,1382,1750,RGB
55898,0,Unknown Artist,7,religious_painting,8,Early_Renaissance,1382,1451,RGB
4261,25,albrecht-durer,1,cityscape,17,Northern_Renaissance,1653,1382,RGB
46524,0,Unknown Artist,7,religious_painting,8,Early_Renaissance,1382,1499,RGB
37516,0,Unknown Artist,7,religious_painting,13,Mannerism_Late_Renaissance,1382,1776,RGB
58610,0,Unknown Artist,1,cityscape,8,Early_Renaissance,5099,1382,RGB
44978,0,Unknown Artist,7,religious_painting,17,Northern_Renaissance,2344,1382,RGB
77401,0,Unknown Artist,10,Unknown Genre,11,High_Renaissance,1705,1382,RGB
81096,0,Unknown Artist,10,Unknown Genre,17,Northern_Renaissance,1382,2084,RGB
55785,103,hans-memling,7,religious_painting,17,Northern_Renaissance,1382,3952,RGB
28751,0,Unknown Artist,6,portrait,22,Rococo,1382,1758,RGB
42758,0,Unknown Artist,7,religious_painting,22,Rococo,1550,1382,RGB
21690,0,Unknown Artist,7,religious_painting,11,High_Renaissance,1382,2077,RGB
23906,0,Unknown Artist,6,portrait,11,High_Renaissance,1382,1717,RGB
6059,25,albrecht-durer,7,religious_painting,17,Northern_Renaissance,1382,1792,RGB
4089,25,albrecht-durer,8,sketch_and_study,17,Northern_Renaissance,1382,2283,RGB
53912,0,Unknown Artist,2,genre_painting,22,Rococo,1382,1709,RGB
70072,0,Unknown Artist,10,Unknown Genre,13,Mannerism_Late_Renaissance,2340,1382,RGB
70498,0,Unknown Artist,10,Unknown Genre,4,Baroque,1783,1382,RGB
47691,87,michelangelo,5,nude_painting,11,High_Renaissance,1382,1780,RGB
78506,0,Unknown Artist,10,Unknown Genre,13,Mannerism_Late_Renaissance,2758,1382,RGB
51390,87,michelangelo,8,sketch_and_study,11,High_Renaissance,1382,2468,RGB
79368,0,Unknown Artist,10,Unknown Genre,11,High_Renaissance,1740,1382,RGB
64044,116,frans-hals,6,portrait,4,Baroque,1382,1685,RGB
56516,0,Unknown Artist,7,religious_painting,8,Early_Renaissance,1382,2017,RGB
55928,0,Unknown Artist,7,religious_painting,13,Mannerism_Late_Renaissance,1382,1852,RGB
63532,126,thomas-gainsborough,6,portrait,22,Rococo,1381,2265,RGB
50362,0,Unknown Artist,6,portrait,22,Rococo,1382,1647,RGB
56872,0,Unknown Artist,7,religious_painting,13,Mannerism_Late_Renaissance,1448,1382,RGB
32177,0,Unknown Artist,7,religious_painting,17,Northern_Renaissance,1818,1382,RGB
75335,0,Unknown Artist,10,Unknown Genre,13,Mannerism_Late_Renaissance,1382,1788,RGB
79389,0,Unknown Artist,10,Unknown Genre,11,High_Renaissance,2029,1382,RGB
27998,0,Unknown Artist,1,cityscape,22,Rococo,2211,1382,RGB
65027,121,el-greco,6,portrait,13,Mannerism_Late_Renaissance,1382,1737,RGB
37227,0,Unknown Artist,1,cityscape,22,Rococo,2435,1382,RGB
56802,69,raphael,7,religious_painting,11,High_Renaissance,1593,1382,RGB
45930,0,Unknown Artist,7,religious_painting,4,Baroque,1382,1719,RGB
46289,77,titian,7,religious_painting,11,High_Renaissance,1382,3800,RGB
44389,82,paolo-veronese,7,religious_painting,13,Mannerism_Late_Renaissance,1382,1764,RGB
27574,0,Unknown Artist,7,religious_painting,13,Mannerism_Late_Renaissance,1382,1918,RGB
44134,0,Unknown Artist,7,religious_painting,8,Early_Renaissance,1382,2483,RGB
25057,0,Unknown Artist,7,religious_painting,8,Early_Renaissance,1382,2439,RGB
13109,25,albrecht-durer,7,religious_painting,17,Northern_Renaissance,1382,1805,RGB
56509,38,fra-angelico,7,religious_painting,8,Early_Renaissance,1382,1590,RGB
36327,77,titian,7,religious_painting,11,High_Renaissance,2024,1382,RGB
73040,0,Unknown Artist,10,Unknown Genre,13,Mannerism_Late_Renaissance,1382,1912,RGB
22358,0,Unknown Artist,6,portrait,4,Baroque,1382,1787,RGB
65986,67,tintoretto,6,portrait,13,Mannerism_Late_Renaissance,1382,1817,RGB
38873,0,Unknown Artist,8,sketch_and_study,8,Early_Renaissance,1382,1940,RGB
44864,0,Unknown Artist,4,landscape,17,Northern_Renaissance,1907,1382,RGB
18082,0,Unknown Artist,10,Unknown Genre,17,Northern_Renaissance,1382,2045,RGB
39702,0,Unknown Artist,7,religious_painting,17,Northern_Renaissance,1382,1826,RGB
77065,0,Unknown Artist,10,Unknown Genre,11,High_Renaissance,1382,1679,RGB
47994,24,leonardo-da-vinci,8,sketch_and_study,11,High_Renaissance,1382,1896,RGB
19359,0,Unknown Artist,7,religious_painting,13,Mannerism_Late_Renaissance,1384,1382,RGB
1,20,rembrandt,7,religious_painting,4,Baroque,1382,1659,RGB
26869,0,Unknown Artist,7,religious_painting,8,Early_Renaissance,1382,1994,RGB
40832,67,tintoretto,7,religious_painting,13,Mannerism_Late_Renaissance,1382,1907,RGB
62884,0,Unknown Artist,3,illustration,22,Rococo,1382,3208,RGB
73214,0,Unknown Artist,10,Unknown Genre,11,High_Renaissance,1409,1382,RGB
38626,0,Unknown Artist,2,genre_painting,22,Rococo,1382,1710,RGB
19516,0,Unknown Artist,6,portrait,13,Mannerism_Late_Renaissance,1382,1744,RGB
79413,0,Unknown Artist,10,Unknown Genre,11,High_Renaissance,2173,1382,RGB
62079,87,michelangelo,8,sketch_and_study,11,High_Renaissance,1382,2985,RGB
40216,0,Unknown Artist,2,genre_painting,4,Baroque,1727,1382,RGB
28773,0,Unknown Artist,1,cityscape,22,Rococo,2027,1382,RGB
25735,114,anthony-van-dyck,7,religious_painting,4,Baroque,1382,1686,RGB
78694,0,Unknown Artist,10,Unknown Genre,4,Baroque,1744,1382,RGB
29533,0,Unknown Artist,7,religious_painting,8,Early_Renaissance,1382,3155,RGB
56893,29,lucas-cranach-the-elder,7,religious_painting,17,Northern_Renaissance,1382,1997,RGB
22162,0,Unknown Artist,7,religious_painting,11,High_Renaissance,1382,1777,RGB
24373,0,Unknown Artist,9,still_life,22,Rococo,1813,1382,RGB
47276,0,Unknown Artist,2,genre_painting,22,Rococo,1616,1382,RGB
21205,24,leonardo-da-vinci,8,sketch_and_study,11,High_Renaissance,1382,1762,RGB
20512,0,Unknown Artist,2,genre_painting,22,Rococo,1970,1381,RGB
55627,0,Unknown Artist,7,religious_painting,8,Early_Renaissance,1922,1382,RGB
18055,25,albrecht-durer,8,sketch_and_study,17,Northern_Renaissance,1382,2018,RGB
20659,125,jacob-jordaens,6,portrait,4,Baroque,1382,1823,RGB
54248,61,bartolome-esteban-murillo,2,genre_painting,4,Baroque,1382,1941,RGB
25789,0,Unknown Artist,7,religious_painting,8,Early_Renaissance,1798,1382,RGB
68074,0,Unknown Artist,10,Unknown Genre,17,Northern_Renaissance,1809,1382,RGB
74073,0,Unknown Artist,10,Unknown Genre,22,Rococo,1382,1925,RGB
19297,38,fra-angelico,7,religious_painting,8,Early_Renaissance,1806,1382,RGB
76475,0,Unknown Artist,10,Unknown Genre,4,Baroque,1815,1382,RGB
80534,0,Unknown Artist,10,Unknown Genre,8,Early_Renaissance,1382,1870,RGB
55998,0,Unknown Artist,7,religious_painting,8,Early_Renaissance,1382,3258,RGB
47616,0,Unknown Artist,7,religious_painting,11,High_Renaissance,3104,1382,RGB
63523,0,Unknown Artist,6,portrait,17,Northern_Renaissance,1382,1886,RGB
41313,58,pietro-perugino,7,religious_painting,11,High_Renaissance,1674,1382,RGB
45729,0,Unknown Artist,1,cityscape,13,Mannerism_Late_Renaissance,2062,1382,RGB
31009,103,hans-memling,6,portrait,17,Northern_Renaissance,1381,1928,RGB
47783,0,Unknown Artist,6,portrait,22,Rococo,1382,2138,RGB
52015,0,Unknown Artist,6,portrait,8,Early_Renaissance,1382,1785,RGB
27334,67,tintoretto,7,religious_painting,13,Mannerism_Late_Renaissance,1382,2295,RGB
46086,0,Unknown Artist,6,portrait,22,Rococo,1382,1765,RGB
31139,0,Unknown Artist,7,religious_painting,11,High_Renaissance,1814,1382,RGB
56346,0,Unknown Artist,7,religious_painting,11,High_Renaissance,1382,2108,RGB
34760,82,paolo-veronese,7,religious_painting,13,Mannerism_Late_Renaissance,1382,1658,RGB
417,20,rembrandt,6,portrait,4,Baroque,1382,1881,RGB
30761,116,frans-hals,6,portrait,4,Baroque,1382,1626,RGB
26081,0,Unknown Artist,7,religious_painting,8,Early_Renaissance,1903,1382,RGB
55931,29,lucas-cranach-the-elder,7,religious_painting,17,Northern_Renaissance,1382,1893,RGB
56098,0,Unknown Artist,7,religious_painting,8,Early_Renaissance,1382,3432,RGB
30613,38,fra-angelico,7,religious_painting,8,Early_Renaissance,1550,1382,RGB
39753,0,Unknown Artist,7,religious_painting,11,High_Renaissance,2031,1382,RGB
76990,0,Unknown Artist,10,Unknown Genre,17,Northern_Renaissance,2077,1382,RGB
7422,20,rembrandt,7,religious_painting,4,Baroque,1780,1382,RGB
62119,0,Unknown Artist,8,sketch_and_study,22,Rococo,1382,2032,RGB
27827,110,joseph-wright,6,portrait,4,Baroque,1382,1731,RGB
47887,0,Unknown Artist,7,religious_painting,8,Early_Renaissance,1382,2443,RGB
48706,0,Unknown Artist,7,religious_painting,13,Mannerism_Late_Renaissance,1382,1853,RGB
29718,0,Unknown Artist,7,religious_painting,8,Early_Renaissance,1382,2356,RGB
79400,0,Unknown Artist,10,Unknown Genre,11,High_Renaissance,1382,1382,RGB
53134,0,Unknown Artist,2,genre_painting,13,Mannerism_Late_Renaissance,2239,1382,RGB
28115,126,thomas-gainsborough,6,portrait,22,Rococo,1929,1382,RGB
34905,0,Unknown Artist,7,religious_painting,4,Baroque,1382,1980,RGB
53106,121,el-greco,6,portrait,13,Mannerism_Late_Renaissance,1382,1734,RGB
58081,0,Unknown Artist,1,cityscape,22,Rococo,1837,1382,RGB
48475,0,Unknown Artist,2,genre_painting,22,Rococo,1382,1716,RGB
68085,0,Unknown Artist,10,Unknown Genre,13,Mannerism_Late_Renaissance,1382,1945,RGB
46546,69,raphael,7,religious_painting,11,High_Renaissance,1382,1816,RGB
42094,0,Unknown Artist,8,sketch_and_study,8,Early_Renaissance,1695,1382,RGB
37981,0,Unknown Artist,7,religious_painting,13,Mannerism_Late_Renaissance,1382,1601,RGB
10882,0,Unknown Artist,10,Unknown Genre,17,Northern_Renaissance,1382,1731,RGB
78532,0,Unknown Artist,10,Unknown Genre,13,Mannerism_Late_Renaissance,1382,1574,RGB
40544,67,tintoretto,7,religious_painting,13,Mannerism_Late_Renaissance,1893,1382,RGB
32400,69,raphael,7,religious_painting,11,High_Renaissance,1382,1744,RGB
63249,0,Unknown Artist,6,portrait,22,Rococo,1382,1849,RGB
43039,0,Unknown Artist,7,religious_painting,17,Northern_Renaissance,2153,1382,RGB
40532,0,Unknown Artist,6,portrait,17,Northern_Renaissance,1382,1991,RGB
56910,117,hans-holbein-the-younger,7,religious_painting,17,Northern_Renaissance,1382,1697,RGB
76420,0,Unknown Artist,10,Unknown Genre,22,Rococo,2077,1382,RGB
28669,69,raphael,7,religious_painting,11,High_Renaissance,1382,1857,RGB
32057,0,Unknown Artist,7,religious_painting,17,Northern_Renaissance,1974,1382,RGB
48349,0,Unknown Artist,7,religious_painting,8,Early_Renaissance,1382,2083,RGB
17982,25,albrecht-durer,7,religious_painting,17,Northern_Renaissance,1382,1961,RGB
1229,25,albrecht-durer,7,religious_painting,17,Northern_Renaissance,1906,1382,RGB
29076,0,Unknown Artist,6,portrait,11,High_Renaissance,1382,1828,RGB
5826,25,albrecht-durer,6,portrait,17,Northern_Renaissance,1382,1751,RGB
32328,29,lucas-cranach-the-elder,7,religious_painting,17,Northern_Renaissance,1382,1983,RGB
28296,0,Unknown Artist,7,religious_painting,8,Early_Renaissance,1888,1382,RGB
19660,0,Unknown Artist,4,landscape,4,Baroque,1700,1382,RGB
24416,0,Unknown Artist,2,genre_painting,4,Baroque,1382,1902,RGB
25937,110,joseph-wright,6,portrait,22,Rococo,1930,1382,RGB
63836,110,joseph-wright,6,portrait,22,Rococo,1381,1734,RGB
67955,0,Unknown Artist,10,Unknown Genre,11,High_Renaissance,1404,1382,RGB
41796,69,raphael,6,portrait,11,High_Renaissance,1382,1851,RGB
62052,0,Unknown Artist,8,sketch_and_study,13,Mannerism_Late_Renaissance,1382,1774,RGB
32318,0,Unknown Artist,8,sketch_and_study,22,Rococo,1382,1924,RGB
49200,121,el-greco,7,religious_painting,13,Mannerism_Late_Renaissance,2576,1382,RGB
56301,58,pietro-perugino,7,religious_painting,11,High_Renaissance,1382,1765,RGB
57073,0,Unknown Artist,7,religious_painting,8,Early_Renaissance,1381,2004,RGB
72684,0,Unknown Artist,10,Unknown Genre,11,High_Renaissance,1382,2056,RGB
62167,24,leonardo-da-vinci,8,sketch_and_study,11,High_Renaissance,1382,2049,RGB
56345,0,Unknown Artist,7,religious_painting,13,Mannerism_Late_Renaissance,3155,1382,RGB
48634,103,hans-memling,7,religious_painting,17,Northern_Renaissance,1409,1382,RGB
41727,0,Unknown Artist,7,religious_painting,8,Early_Renaissance,1842,1382,RGB
19517,83,joshua-reynolds,6,portrait,22,Rococo,1727,1382,RGB
26953,0,Unknown Artist,7,religious_painting,22,Rococo,1382,2633,RGB
62366,0,Unknown Artist,8,sketch_and_study,22,Rococo,1382,1990,RGB
56032,69,raphael,7,religious_painting,11,High_Renaissance,1382,1936,RGB
20561,0,Unknown Artist,7,religious_painting,4,Baroque,1382,1973,RGB
31704,0,Unknown Artist,7,religious_painting,13,Mannerism_Late_Renaissance,1382,1751,RGB
71310,0,Unknown Artist,10,Unknown Genre,17,Northern_Renaissance,1382,1784,RGB
29128,0,Unknown Artist,2,genre_painting,4,Baroque,1842,1382,RGB
71191,0,Unknown Artist,10,Unknown Genre,13,Mannerism_Late_Renaissance,1382,1788,RGB
18060,25,albrecht-durer,7,religious_painting,17,Northern_Renaissance,1382,1785,RGB
19614,58,pietro-perugino,7,religious_painting,8,Early_Renaissance,1382,3358,RGB
21539,0,Unknown Artist,7,religious_painting,8,Early_Renaissance,1382,1625,RGB
32750,0,Unknown Artist,6,portrait,22,Rococo,1382,2239,RGB
58125,0,Unknown Artist,1,cityscape,22,Rococo,2541,1382,RGB
56677,0,Unknown Artist,7,religious_painting,13,Mannerism_Late_Renaissance,1382,1382,RGB
32653,24,leonardo-da-vinci,6,portrait,11,High_Renaissance,1382,1871,RGB
71446,0,Unknown Artist,10,Unknown Genre,13,Mannerism_Late_Renaissance,1590,1382,RGB
61245,0,Unknown Artist,4,landscape,4,Baroque,1682,1382,RGB
32270,0,Unknown Artist,7,religious_painting,17,Northern_Renaissance,1382,1927,RGB
22254,24,leonardo-da-vinci,8,sketch_and_study,11,High_Renaissance,1382,1939,RGB
36898,125,jacob-jordaens,2,genre_painting,4,Baroque,1865,1382,RGB
45083,0,Unknown Artist,6,portrait,13,Mannerism_Late_Renaissance,1382,1626,RGB
44729,0,Unknown Artist,7,religious_painting,17,Northern_Renaissance,1382,1981,RGB
12996,25,albrecht-durer,6,portrait,17,Northern_Renaissance,1382,1669,RGB
42857,0,Unknown Artist,6,portrait,8,Early_Renaissance,1382,1804,RGB
76659,0,Unknown Artist,10,Unknown Genre,22,Rococo,1382,1716,RGB
38991,0,Unknown Artist,7,religious_painting,8,Early_Renaissance,2372,1382,RGB
69135,0,Unknown Artist,10,Unknown Genre,11,High_Renaissance,1381,1838,RGB
78453,0,Unknown Artist,10,Unknown Genre,13,Mannerism_Late_Renaissance,1382,1866,RGB
42932,0,Unknown Artist,7,religious_painting,22,Rococo,1382,2812,RGB
28149,0,Unknown Artist,7,religious_painting,17,Northern_Renaissance,1382,1557,RGB
52340,0,Unknown Artist,2,genre_painting,22,Rococo,2012,1382,RGB
50164,125,jacob-jordaens,2,genre_painting,4,Baroque,2186,1382,RGB
29714,0,Unknown Artist,7,religious_painting,8,Early_Renaissance,2281,1382,RGB
56604,24,leonardo-da-vinci,7,religious_painting,8,Early_Renaissance,1382,1823,RGB
64489,0,Unknown Artist,6,portrait,22,Rococo,1382,1842,RGB
55632,0,Unknown Artist,7,religious_painting,8,Early_Renaissance,1382,1731,RGB
78487,0,Unknown Artist,10,Unknown Genre,13,Mannerism_Late_Renaissance,3657,1382,RGB
5057,25,albrecht-durer,7,religious_painting,17,Northern_Renaissance,1382,1805,RGB
56721,0,Unknown Artist,7,religious_painting,8,Early_Renaissance,3676,1382,RGB
71452,0,Unknown Artist,10,Unknown Genre,8,Early_Renaissance,1584,1382,RGB
43842,29,lucas-cranach-the-elder,7,religious_painting,17,Northern_Renaissance,1382,2624,RGB
65010,116,frans-hals,6,portrait,4,Baroque,1382,1840,RGB
76608,0,Unknown Artist,10,Unknown Genre,8,Early_Renaissance,2426,1382,RGB
76419,0,Unknown Artist,10,Unknown Genre,13,Mannerism_Late_Renaissance,1382,1395,RGB
64554,0,Unknown Artist,6,portrait,22,Rococo,1382,1672,RGB
70555,0,Unknown Artist,10,Unknown Genre,22,Rococo,2402,1382,RGB
62406,0,Unknown Artist,8,sketch_and_study,22,Rococo,1382,2103,RGB
17580,20,rembrandt,7,religious_painting,4,Baroque,1803,1382,RGB
12908,25,albrecht-durer,7,religious_painting,17,Northern_Renaissance,1382,1796,RGB
31969,24,leonardo-da-vinci,8,sketch_and_study,11,High_Renaissance,1382,2028,RGB
36979,0,Unknown Artist,7,religious_painting,8,Early_Renaissance,3228,1382,RGB
78734,0,Unknown Artist,10,Unknown Genre,4,Baroque,2134,1382,RGB
30376,58,pietro-perugino,7,religious_painting,8,Early_Renaissance,1382,1664,RGB
17787,20,rembrandt,8,sketch_and_study,4,Baroque,1382,1700,RGB
30772,0,Unknown Artist,6,portrait,17,Northern_Renaissance,1382,1816,RGB
9984,20,rembrandt,6,portrait,4,Baroque,1382,1889,RGB
21148,0,Unknown Artist,7,religious_painting,4,Baroque,1382,2093,RGB
25927,0,Unknown Artist,7,religious_painting,8,Early_Renaissance,1382,1580,RGB
56605,0,Unknown Artist,7,religious_painting,22,Rococo,1382,2037,RGB
22878,0,Unknown Artist,7,religious_painting,8,Early_Renaissance,1382,2584,RGB
78461,0,Unknown Artist,10,Unknown Genre,13,Mannerism_Late_Renaissance,1382,1923,RGB
65296,0,Unknown Artist,6,portrait,13,Mannerism_Late_Renaissance,1382,2262,RGB
47410,0,Unknown Artist,7,religious_painting,17,Northern_Renaissance,1382,1643,RGB
56567,0,Unknown Artist,7,religious_painting,8,Early_Renaissance,1382,2667,RGB
46451,0,Unknown Artist,6,portrait,8,Early_Renaissance,1382,1798,RGB
71828,0,Unknown Artist,10,Unknown Genre,17,Northern_Renaissance,1382,2778,RGB
71877,0,Unknown Artist,10,Unknown Genre,13,Mannerism_Late_Renaissance,2144,1382,RGB
24831,0,Unknown Artist,7,religious_painting,8,Early_Renaissance,1382,1815,RGB
40577,0,Unknown Artist,7,religious_painting,8,Early_Renaissance,1882,1382,RGB
46542,0,Unknown Artist,9,still_life,4,Baroque,1382,1686,RGB
33256,0,Unknown Artist,7,religious_painting,22,Rococo,1410,1382,RGB
79396,0,Unknown Artist,10,Unknown Genre,11,High_Renaissance,1382,1930,RGB
6783,20,rembrandt,6,portrait,4,Baroque,1382,1780,RGB
43649,80,peter-paul-rubens,6,portrait,4,Baroque,1382,2206,RGB
81127,0,Unknown Artist,10,Unknown Genre,17,Northern_Renaissance,1552,1382,RGB
23442,69,raphael,7,religious_painting,11,High_Renaissance,2072,1382,RGB
75465,0,Unknown Artist,10,Unknown Genre,13,Mannerism_Late_Renaissance,1382,1653,RGB
68221,0,Unknown Artist,10,Unknown Genre,22,Rococo,1888,1382,RGB
69204,0,Unknown Artist,10,Unknown Genre,13,Mannerism_Late_Renaissance,1382,1638,RGB
56274,0,Unknown Artist,7,religious_painting,8,Early_Renaissance,1382,1857,RGB
68465,0,Unknown Artist,10,Unknown Genre,22,Rococo,2064,1382,RGB
23212,0,Unknown Artist,4,landscape,4,Baroque,2136,1382,RGB
40004,0,Unknown Artist,7,religious_painting,8,Early_Renaissance,1382,1961,RGB
23039,0,Unknown Artist,2,genre_painting,22,Rococo,1382,1881,RGB
55380,0,Unknown Artist,2,genre_painting,17,Northern_Renaissance,1995,1382,RGB
19626,0,Unknown Artist,7,religious_painting,8,Early_Renaissance,1382,2321,RGB
36192,110,joseph-wright,6,portrait,22,Rococo,1382,2136,RGB
20621,0,Unknown Artist,2,genre_painting,22,Rococo,1928,1382,RGB
25787,116,frans-hals,6,portrait,4,Baroque,1382,1850,RGB
55288,0,Unknown Artist,2,genre_painting,22,Rococo,1780,1382,RGB
68847,0,Unknown Artist,10,Unknown Genre,11,High_Renaissance,1382,1766,RGB
39802,103,hans-memling,7,religious_painting,17,Northern_Renaissance,1382,3930,RGB
41247,0,Unknown Artist,6,portrait,22,Rococo,1898,1382,RGB
36331,0,Unknown Artist,2,genre_painting,4,Baroque,1382,1776,RGB
36484,29,lucas-cranach-the-elder,2,genre_painting,17,Northern_Renaissance,1945,1382,RGB
37190,0,Unknown Artist,7,religious_painting,8,Early_Renaissance,1382,1981,RGB
65553,0,Unknown Artist,6,portrait,22,Rococo,1382,1743,RGB
23422,0,Unknown Artist,7,religious_painting,13,Mannerism_Late_Renaissance,1382,1595,RGB
1196,25,albrecht-durer,7,religious_painting,17,Northern_Renaissance,1382,1911,RGB
51463,24,leonardo-da-vinci,8,sketch_and_study,11,High_Renaissance,1382,1782,RGB
56065,0,Unknown Artist,7,religious_painting,8,Early_Renaissance,1610,1382,RGB
78464,0,Unknown Artist,10,Unknown Genre,13,Mannerism_Late_Renaissance,1382,1882,RGB
19627,0,Unknown Artist,7,religious_painting,13,Mannerism_Late_Renaissance,1382,1877,RGB
36811,58,pietro-perugino,7,religious_painting,11,High_Renaissance,1382,1862,RGB
25663,87,michelangelo,7,religious_painting,11,High_Renaissance,1382,1395,RGB
35790,0,Unknown Artist,1,cityscape,22,Rococo,2186,1382,RGB
81083,0,Unknown Artist,10,Unknown Genre,17,Northern_Renaissance,1671,1382,RGB
78706,0,Unknown Artist,10,Unknown Genre,4,Baroque,2020,1382,RGB
34752,0,Unknown Artist,8,sketch_and_study,13,Mannerism_Late_Renaissance,1382,1864,RGB
25472,83,joshua-reynolds,6,portrait,22,Rococo,1382,1731,RGB
81092,0,Unknown Artist,10,Unknown Genre,17,Northern_Renaissance,1382,2114,RGB
23444,0,Unknown Artist,8,sketch_and_study,13,Mannerism_Late_Renaissance,1822,1382,RGB
55845,58,pietro-perugino,7,religious_painting,8,Early_Renaissance,1382,1674,RGB
20620,0,Unknown Artist,7,religious_painting,8,Early_Renaissance,1850,1382,RGB
55821,0,Unknown Artist,7,religious_painting,13,Mannerism_Late_Renaissance,1382,1738,RGB
72830,0,Unknown Artist,10,Unknown Genre,13,Mannerism_Late_Renaissance,1382,2020,RGB
80019,0,Unknown Artist,10,Unknown Genre,22,Rococo,1854,1382,RGB
46312,0,Unknown Artist,7,religious_painting,13,Mannerism_Late_Renaissance,1382,2270,RGB
44736,0,Unknown Artist,7,religious_painting,8,Early_Renaissance,1382,1753,RGB
18119,25,albrecht-durer,7,religious_painting,17,Northern_Renaissance,1382,1998,RGB
17621,20,rembrandt,6,portrait,4,Baroque,1382,1511,RGB
80020,0,Unknown Artist,10,Unknown Genre,22,Rococo,2387,1382,RGB
24719,0,Unknown Artist,6,portrait,8,Early_Renaissance,1382,2029,RGB
72549,0,Unknown Artist,10,Unknown Genre,22,Rococo,1772,1382,RGB
57087,0,Unknown Artist,7,religious_painting,13,Mannerism_Late_Renaissance,1382,1415,RGB
27976,82,paolo-veronese,7,religious_painting,13,Mannerism_Late_Renaissance,2699,1382,RGB
51365,0,Unknown Artist,2,genre_painting,4,Baroque,1500,1382,RGB
38237,0,Unknown Artist,7,religious_painting,13,Mannerism_Late_Renaissance,2167,1382,RGB
9047,20,rembrandt,6,portrait,4,Baroque,1382,1486,RGB
34574,29,lucas-cranach-the-elder,7,religious_painting,17,Northern_Renaissance,1933,1382,RGB
56784,0,Unknown Artist,7,religious_painting,8,Early_Renaissance,1382,2146,RGB
22005,82,paolo-veronese,7,religious_painting,13,Mannerism_Late_Renaissance,2265,1381,RGB
21701,0,Unknown Artist,7,religious_painting,17,Northern_Renaissance,1597,1382,RGB
46273,0,Unknown Artist,6,portrait,22,Rococo,1382,1749,RGB
56004,82,paolo-veronese,7,religious_painting,13,Mannerism_Late_Renaissance,1382,1891,RGB
78565,0,Unknown Artist,10,Unknown Genre,4,Baroque,1949,1382,RGB
56018,38,fra-angelico,7,religious_painting,8,Early_Renaissance,2566,1382,RGB
23140,0,Unknown Artist,7,religious_painting,8,Early_Renaissance,1382,1760,RGB
24399,0,Unknown Artist,7,religious_painting,13,Mannerism_Late_Renaissance,1382,2299,RGB
64050,67,tintoretto,6,portrait,13,Mannerism_Late_Renaissance,1382,1900,RGB
73277,0,Unknown Artist,10,Unknown Genre,4,Baroque,1629,1382,RGB
59153,0,Unknown Artist,4,landscape,22,Rococo,1826,1382,RGB
48629,0,Unknown Artist,7,religious_painting,4,Baroque,1382,1751,RGB
47121,121,el-greco,7,religious_painting,13,Mannerism_Late_Renaissance,1382,1813,RGB
55930,0,Unknown Artist,7,religious_painting,8,Early_Renaissance,1382,1964,RGB
72681,0,Unknown Artist,10,Unknown Genre,17,Northern_Renaissance,1382,2552,RGB
30201,58,pietro-perugino,7,religious_painting,8,Early_Renaissance,1599,1382,RGB
44140,0,Unknown Artist,7,religious_painting,8,Early_Renaissance,1382,1926,RGB
33193,0,Unknown Artist,2,genre_painting,4,Baroque,1382,1539,RGB
65644,83,joshua-reynolds,6,portrait,22,Rococo,1382,1753,RGB
27356,67,tintoretto,7,religious_painting,13,Mannerism_Late_Renaissance,1819,1382,RGB
50319,82,paolo-veronese,7,religious_painting,13,Mannerism_Late_Renaissance,1382,2726,RGB
62250,0,Unknown Artist,8,sketch_and_study,17,Northern_Renaissance,2037,1382,RGB
55722,0,Unknown Artist,7,religious_painting,22,Rococo,1903,1382,RGB
56864,61,bartolome-esteban-murillo,7,religious_painting,4,Baroque,1696,1382,RGB
38030,0,Unknown Artist,2,genre_painting,4,Baroque,1842,1382,RGB
70489,0,Unknown Artist,10,Unknown Genre,8,Early_Renaissance,2075,1382,RGB
56367,67,tintoretto,7,religious_painting,13,Mannerism_Late_Renaissance,1993,1382,RGB
36253,0,Unknown Artist,7,religious_painting,4,Baroque,1382,1641,RGB
29885,69,raphael,6,portrait,11,High_Renaissance,1382,1860,RGB
75891,0,Unknown Artist,10,Unknown Genre,22,Rococo,1670,1381,RGB
56163,0,Unknown Artist,7,religious_painting,4,Baroque,1382,1634,RGB
54547,87,michelangelo,2,genre_painting,11,High_Renaissance,2047,1382,RGB
78496,0,Unknown Artist,10,Unknown Genre,13,Mannerism_Late_Renaissance,1401,1382,RGB
66109,0,Unknown Artist,6,portrait,22,Rococo,1382,2321,RGB
26841,0,Unknown Artist,7,religious_painting,11,High_Renaissance,1382,1659,RGB
30016,0,Unknown Artist,6,portrait,22,Rococo,1382,1554,RGB
56588,0,Unknown Artist,7,religious_painting,17,Northern_Renaissance,1382,1430,RGB
39338,0,Unknown Artist,8,sketch_and_study,22,Rococo,1382,1943,RGB
68132,0,Unknown Artist,10,Unknown Genre,22,Rococo,2229,1382,RGB
58778,0,Unknown Artist,4,landscape,22,Rococo,2288,1381,RGB
63691,58,pietro-perugino,6,portrait,8,Early_Renaissance,1382,2664,RGB
65626,0,Unknown Artist,6,portrait,22,Rococo,1382,2051,RGB
20677,126,thomas-gainsborough,4,landscape,22,Rococo,1997,1382,RGB
38302,0,Unknown Artist,7,religious_painting,17,Northern_Renaissance,2914,1382,RGB
57133,67,tintoretto,7,religious_painting,13,Mannerism_Late_Renaissance,1382,1657,RGB
48503,0,Unknown Artist,1,cityscape,22,Rococo,1966,1382,RGB
29965,83,joshua-reynolds,6,portrait,22,Rococo,1382,1677,RGB
25654,0,Unknown Artist,7,religious_painting,4,Baroque,1382,2016,RGB
55771,0,Unknown Artist,7,religious_painting,8,Early_Renaissance,1382,2485,RGB
5329,20,rembrandt,10,Unknown Genre,4,Baroque,1382,1643,RGB
69816,0,Unknown Artist,10,Unknown Genre,22,Rococo,1382,2027,RGB
40909,103,hans-memling,6,portrait,17,Northern_Renaissance,1382,1956,RGB
32579,0,Unknown Artist,6,portrait,22,Rococo,1382,1992,RGB
38064,126,thomas-gainsborough,6,portrait,22,Rococo,1382,2254,RGB
20317,77,titian,7,religious_painting,13,Mannerism_Late_Renaissance,1633,1382,RGB
64824,0,Unknown Artist,6,portrait,22,Rococo,1382,1588,RGB
51238,24,leonardo-da-vinci,8,sketch_and_study,11,High_Renaissance,1382,1435,RGB
39115,0,Unknown Artist,7,religious_painting,8,Early_Renaissance,3338,1382,RGB
60679,80,peter-paul-rubens,4,landscape,4,Baroque,1600,1382,RGB
25297,77,titian,6,portrait,11,High_Renaissance,1382,1577,RGB
71613,0,Unknown Artist,10,Unknown Genre,13,Mannerism_Late_Renaissance,1382,1599,RGB
32402,0,Unknown Artist,6,portrait,22,Rococo,1382,1899,RGB
18161,25,albrecht-durer,6,portrait,17,Northern_Renaissance,1382,1748,RGB
33734,0,Unknown Artist,7,religious_painting,13,Mannerism_Late_Renaissance,1382,1657,RGB
36711,0,Unknown Artist,1,cityscape,22,Rococo,2472,1382,RGB
55715,0,Unknown Artist,7,religious_painting,11,High_Renaissance,1382,1710,RGB
47834,103,hans-memling,6,portrait,17,Northern_Renaissance,1382,1912,RGB
28765,67,tintoretto,7,religious_painting,13,Mannerism_Late_Renaissance,1385,1382,RGB
28844,0,Unknown Artist,2,genre_painting,4,Baroque,1862,1381,RGB
56485,0,Unknown Artist,7,religious_painting,8,Early_Renaissance,1569,1382,RGB
33901,83,joshua-reynolds,6,portrait,22,Rococo,1382,2093,RGB
62876,0,Unknown Artist,3,illustration,22,Rococo,1382,2469,RGB
76144,0,Unknown Artist,10,Unknown Genre,4,Baroque,2077,1382,RGB
55959,0,Unknown Artist,7,religious_painting,13,Mannerism_Late_Renaissance,1842,1382,RGB
65028,114,anthony-van-dyck,6,portrait,4,Baroque,1654,1382,RGB
55615,121,el-greco,7,religious_painting,13,Mannerism_Late_Renaissance,1382,2940,RGB
71857,0,Unknown Artist,10,Unknown Genre,8,Early_Renaissance,1382,1714,RGB
65333,29,lucas-cranach-the-elder,6,portrait,17,Northern_Renaissance,1382,1930,RGB
78451,0,Unknown Artist,10,Unknown Genre,13,Mannerism_Late_Renaissance,2032,1382,RGB
35997,0,Unknown Artist,7,religious_painting,11,High_Renaissance,1382,1879,RGB
57074,0,Unknown Artist,7,religious_painting,11,High_Renaissance,1842,1382,RGB
56190,38,fra-angelico,7,religious_painting,8,Early_Renaissance,1381,1657,RGB
35461,77,titian,6,portrait,11,High_Renaissance,1382,1547,RGB
38095,0,Unknown Artist,7,religious_painting,8,Early_Renaissance,2221,1381,RGB
77189,0,Unknown Artist,10,Unknown Genre,13,Mannerism_Late_Renaissance,1382,1960,RGB
23196,121,el-greco,7,religious_painting,13,Mannerism_Late_Renaissance,1382,2039,RGB
49663,0,Unknown Artist,1,cityscape,4,Baroque,1382,2032,RGB
55756,0,Unknown Artist,7,religious_painting,4,Baroque,1971,1382,RGB
39978,24,leonardo-da-vinci,8,sketch_and_study,11,High_Renaissance,1381,2404,RGB
46833,0,Unknown Artist,7,religious_painting,8,Early_Renaissance,1382,2503,RGB
57119,0,Unknown Artist,7,religious_painting,22,Rococo,1382,1655,RGB
38026,0,Unknown Artist,7,religious_painting,17,Northern_Renaissance,1382,1974,RGB
49496,0,Unknown Artist,7,religious_painting,8,Early_Renaissance,1790,1382,RGB
65107,0,Unknown Artist,6,portrait,13,Mannerism_Late_Renaissance,1382,1641,RGB
17619,20,rembrandt,6,portrait,4,Baroque,1382,1811,RGB
34145,0,Unknown Artist,6,portrait,11,High_Renaissance,1382,2027,RGB
30618,0,Unknown Artist,7,religious_painting,11,High_Renaissance,1826,1382,RGB
57100,58,pietro-perugino,7,religious_painting,11,High_Renaissance,2314,1382,RGB
19278,77,titian,7,religious_painting,11,High_Renaissance,1951,1382,RGB
56306,0,Unknown Artist,7,religious_painting,8,Early_Renaissance,1382,1706,RGB
30354,0,Unknown Artist,2,genre_painting,4,Baroque,1382,1655,RGB
55871,0,Unknown Artist,7,religious_painting,8,Early_Renaissance,1382,1842,RGB
47806,121,el-greco,7,religious_painting,13,Mannerism_Late_Renaissance,1382,2082,RGB
56446,0,Unknown Artist,7,religious_painting,11,High_Renaissance,1382,1435,RGB
19555,0,Unknown Artist,6,portrait,4,Baroque,1382,2002,RGB
75194,0,Unknown Artist,10,Unknown Genre,13,Mannerism_Late_Renaissance,1382,1631,RGB
74327,0,Unknown Artist,10,Unknown Genre,22,Rococo,1382,3228,RGB
63204,24,leonardo-da-vinci,6,portrait,11,High_Renaissance,1382,1756,RGB
29971,0,Unknown Artist,8,sketch_and_study,8,Early_Renaissance,2075,1382,RGB
31136,0,Unknown Artist,8,sketch_and_study,8,Early_Renaissance,1382,2137,RGB
23086,0,Unknown Artist,6,portrait,4,Baroque,1382,1685,RGB
37713,29,lucas-cranach-the-elder,6,portrait,17,Northern_Renaissance,1382,2149,RGB
1804,20,rembrandt,8,sketch_and_study,4,Baroque,1382,1806,RGB
25515,58,pietro-perugino,7,religious_painting,8,Early_Renaissance,1382,1390,RGB
32920,121,el-greco,7,religious_painting,13,Mannerism_Late_Renaissance,1382,1868,RGB
18080,25,albrecht-durer,8,sketch_and_study,17,Northern_Renaissance,1778,1382,RGB
56671,121,el-greco,7,religious_painting,13,Mannerism_Late_Renaissance,1382,1893,RGB
28675,126,thomas-gainsborough,4,landscape,22,Rococo,1678,1382,RGB
45618,0,Unknown Artist,7,religious_painting,11,High_Renaissance,1382,1911,RGB
36138,0,Unknown Artist,7,religious_painting,4,Baroque,1382,1689,RGB
48763,0,Unknown Artist,2,genre_painting,22,Rococo,1717,1382,RGB
26915,58,pietro-perugino,7,religious_painting,8,Early_Renaissance,1382,1891,RGB
32414,0,Unknown Artist,7,religious_painting,11,High_Renaissance,1382,1727,RGB
39580,0,Unknown Artist,2,genre_painting,4,Baroque,1617,1382,RGB
44746,103,hans-memling,7,religious_painting,17,Northern_Renaissance,1382,1908,RGB
25966,0,Unknown Artist,2,genre_painting,22,Rococo,1509,1382,RGB
36055,0,Unknown Artist,7,religious_painting,17,Northern_Renaissance,1382,1907,RGB
79362,0,Unknown Artist,10,Unknown Genre,11,High_Renaissance,1457,1382,RGB
11580,25,albrecht-durer,7,religious_painting,17,Northern_Renaissance,1382,1838,RGB
55838,0,Unknown Artist,7,religious_painting,8,Early_Renaissance,1627,1382,RGB
55605,58,pietro-perugino,7,religious_painting,8,Early_Renaissance,1382,1609,RGB
45299,0,Unknown Artist,4,landscape,4,Baroque,1990,1382,RGB
17774,20,rembrandt,2,genre_painting,4,Baroque,1381,1513,RGB
62141,23,hieronymus-bosch,8,sketch_and_study,17,Northern_Renaissance,1984,1382,RGB
20706,0,Unknown Artist,6,portrait,13,Mannerism_Late_Renaissance,1382,1889,RGB
30115,69,raphael,7,religious_painting,11,High_Renaissance,1832,1382,RGB
40837,0,Unknown Artist,7,religious_painting,4,Baroque,1382,2105,RGB
56479,121,el-greco,7,religious_painting,13,Mannerism_Late_Renaissance,1382,2373,RGB
24726,0,Unknown Artist,7,religious_painting,8,Early_Renaissance,1382,2331,RGB
46790,58,pietro-perugino,7,religious_painting,11,High_Renaissance,1382,2500,RGB
74825,0,Unknown Artist,10,Unknown Genre,13,Mannerism_Late_Renaissance,2073,1382,RGB
65653,117,hans-holbein-the-younger,6,portrait,17,Northern_Renaissance,1382,1770,RGB
43360,82,paolo-veronese,7,religious_painting,13,Mannerism_Late_Renaissance,1782,1382,RGB
23732,38,fra-angelico,7,religious_painting,8,Early_Renaissance,1382,4081,RGB
37608,83,joshua-reynolds,6,portrait,22,Rococo,1381,2370,RGB
55665,0,Unknown Artist,7,religious_painting,13,Mannerism_Late_Renaissance,1382,2987,RGB
56988,0,Unknown Artist,7,religious_painting,13,Mannerism_Late_Renaissance,1382,1653,RGB
51616,0,Unknown Artist,7,religious_painting,8,Early_Renaissance,1382,2051,RGB
48373,80,peter-paul-rubens,7,religious_painting,4,Baroque,1382,1891,RGB
75804,0,Unknown Artist,10,Unknown Genre,22,Rococo,1813,1382,RGB
17989,0,Unknown Artist,10,Unknown Genre,17,Northern_Renaissance,2059,1382,RGB
79365,0,Unknown Artist,10,Unknown Genre,11,High_Renaissance,1382,1708,RGB
2747,25,albrecht-durer,7,religious_painting,17,Northern_Renaissance,1382,1730,RGB
56332,0,Unknown Artist,7,religious_painting,17,Northern_Renaissance,1382,1933,RGB
25658,0,Unknown Artist,7,religious_painting,13,Mannerism_Late_Renaissance,1382,1824,RGB
33012,23,hieronymus-bosch,8,sketch_and_study,17,Northern_Renaissance,1994,1382,RGB
38866,80,peter-paul-rubens,7,religious_painting,4,Baroque,1382,1742,RGB
56382,0,Unknown Artist,7,religious_painting,8,Early_Renaissance,1382,5207,RGB
68274,0,Unknown Artist,10,Unknown Genre,17,Northern_Renaissance,1421,1382,RGB
72388,0,Unknown Artist,10,Unknown Genre,22,Rococo,1746,1382,RGB
64748,0,Unknown Artist,6,portrait,13,Mannerism_Late_Renaissance,2068,1382,RGB
22219,0,Unknown Artist,8,sketch_and_study,13,Mannerism_Late_Renaissance,1702,1382,RGB
34366,0,Unknown Artist,7,religious_painting,8,Early_Renaissance,1382,1850,RGB
19077,0,Unknown Artist,6,portrait,13,Mannerism_Late_Renaissance,1382,1881,RGB
52814,0,Unknown Artist,7,religious_painting,13,Mannerism_Late_Renaissance,1382,1805,RGB
50236,0,Unknown Artist,8,sketch_and_study,22,Rococo,1382,2084,RGB
20204,67,tintoretto,7,religious_painting,13,Mannerism_Late_Renaissance,1547,1382,RGB
78507,0,Unknown Artist,10,Unknown Genre,13,Mannerism_Late_Renaissance,2719,1382,RGB
18130,25,albrecht-durer,8,sketch_and_study,17,Northern_Renaissance,1771,1382,RGB
57066,0,Unknown Artist,7,religious_painting,17,Northern_Renaissance,1382,2411,RGB
70422,0,Unknown Artist,10,Unknown Genre,4,Baroque,2360,1382,RGB
30331,121,el-greco,6,portrait,13,Mannerism_Late_Renaissance,1382,1858,RGB
51090,38,fra-angelico,7,religious_painting,8,Early_Renaissance,1401,1382,RGB
76326,0,Unknown Artist,10,Unknown Genre,22,Rococo,2004,1382,RGB
30972,0,Unknown Artist,6,portrait,22,Rococo,1382,2129,RGB
56755,0,Unknown Artist,7,religious_painting,13,Mannerism_Late_Renaissance,1382,1852,RGB
56431,0,Unknown Artist,7,religious_painting,4,Baroque,1382,1872,RGB
23818,0,Unknown Artist,2,genre_painting,8,Early_Renaissance,1738,1382,RGB
77069,0,Unknown Artist,10,Unknown Genre,11,High_Renaissance,1725,1382,RGB
76501,0,Unknown Artist,10,Unknown Genre,22,Rococo,1382,1780,RGB
36604,125,jacob-jordaens,7,religious_painting,4,Baroque,3022,1382,RGB
68651,0,Unknown Artist,10,Unknown Genre,4,Baroque,2306,1382,RGB
17767,20,rembrandt,6,portrait,4,Baroque,1381,1628,RGB
35888,0,Unknown Artist,6,portrait,8,Early_Renaissance,1382,2012,RGB
32865,0,Unknown Artist,7,religious_painting,8,Early_Renaissance,1494,1382,RGB
50247,0,Unknown Artist,2,genre_painting,11,High_Renaissance,1382,1599,RGB
34492,0,Unknown Artist,7,religious_painting,17,Northern_Renaissance,1382,1618,RGB
10132,20,rembrandt,2,genre_painting,4,Baroque,1382,2270,RGB
28733,116,frans-hals,6,portrait,4,Baroque,2767,1382,RGB
46921,117,hans-holbein-the-younger,8,sketch_and_study,17,Northern_Renaissance,1381,2417,RGB
26922,82,paolo-veronese,7,religious_painting,13,Mannerism_Late_Renaissance,1382,1412,RGB
56139,0,Unknown Artist,7,religious_painting,8,Early_Renaissance,1382,1918,RGB
20944,125,jacob-jordaens,7,religious_painting,4,Baroque,1381,2169,RGB
8202,25,albrecht-durer,8,sketch_and_study,17,Northern_Renaissance,1382,2092,RGB
40297,0,Unknown Artist,6,portrait,22,Rococo,1382,1723,RGB
55965,121,el-greco,7,religious_painting,13,Mannerism_Late_Renaissance,1382,1801,RGB
59149,0,Unknown Artist,4,landscape,4,Baroque,1918,1382,RGB
29386,0,Unknown Artist,7,religious_painting,8,Early_Renaissance,1842,1382,RGB
28378,0,Unknown Artist,6,portrait,22,Rococo,1382,1890,RGB
37602,103,hans-memling,7,religious_painting,17,Northern_Renaissance,1382,1847,RGB
56364,23,hieronymus-bosch,7,religious_painting,17,Northern_Renaissance,1382,1691,RGB
24954,69,raphael,7,religious_painting,11,High_Renaissance,1382,2131,RGB
55796,0,Unknown Artist,7,religious_painting,8,Early_Renaissance,1382,3279,RGB
56734,69,raphael,7,religious_painting,11,High_Renaissance,1382,1709,RGB
52622,0,Unknown Artist,7,religious_painting,11,High_Renaissance,2240,1382,RGB
66031,0,Unknown Artist,6,portrait,22,Rococo,1382,1710,RGB
68054,0,Unknown Artist,10,Unknown Genre,13,Mannerism_Late_Renaissance,1604,1382,RGB
37734,87,michelangelo,7,religious_painting,11,High_Renaissance,1382,1858,RGB
3552,25,albrecht-durer,7,religious_painting,17,Northern_Renaissance,1382,1788,RGB
74524,0,Unknown Artist,10,Unknown Genre,17,Northern_Renaissance,1382,3669,RGB
44567,0,Unknown Artist,2,genre_painting,17,Northern_Renaissance,2070,1382,RGB
32949,0,Unknown Artist,7,religious_painting,8,Early_Renaissance,1382,2768,RGB
28814,38,fra-angelico,7,religious_painting,8,Early_Renaissance,2081,1382,RGB
22899,114,anthony-van-dyck,6,portrait,4,Baroque,1382,1886,RGB
68173,0,Unknown Artist,10,Unknown Genre,8,Early_Renaissance,2117,1382,RGB
30671,126,thomas-gainsborough,6,portrait,22,Rococo,1382,2056,RGB
62275,87,michelangelo,8,sketch_and_study,11,High_Renaissance,1382,1812,RGB
29976,0,Unknown Artist,6,portrait,8,Early_Renaissance,1382,2017,RGB
55650,0,Unknown Artist,7,religious_painting,17,Northern_Renaissance,1750,1382,RGB
55630,87,michelangelo,7,religious_painting,11,High_Renaissance,2081,1382,RGB
56244,38,fra-angelico,7,religious_painting,8,Early_Renaissance,1382,1643,RGB
23419,0,Unknown Artist,2,genre_painting,22,Rococo,1382,1753,RGB
62481,0,Unknown Artist,8,sketch_and_study,8,Early_Renaissance,2073,1382,RGB
75918,0,Unknown Artist,10,Unknown Genre,22,Rococo,2322,1382,RGB
41664,0,Unknown Artist,6,portrait,22,Rococo,1382,1994,RGB
4836,20,rembrandt,7,religious_painting,4,Baroque,1996,1382,RGB
68339,0,Unknown Artist,10,Unknown Genre,11,High_Renaissance,1382,1842,RGB
75626,0,Unknown Artist,10,Unknown Genre,22,Rococo,2183,1382,RGB
56409,0,Unknown Artist,7,religious_painting,8,Early_Renaissance,1594,1382,RGB
23781,0,Unknown Artist,6,portrait,22,Rococo,1382,1801,RGB
72353,0,Unknown Artist,10,Unknown Genre,22,Rococo,1647,1382,RGB
78588,0,Unknown Artist,10,Unknown Genre,4,Baroque,1382,1661,RGB
75873,0,Unknown Artist,10,Unknown Genre,8,Early_Renaissance,3370,1382,RGB
30994,126,thomas-gainsborough,4,landscape,22,Rococo,2772,1382,RGB
36470,0,Unknown Artist,7,religious_painting,8,Early_Renaissance,1413,1382,RGB
35710,29,lucas-cranach-the-elder,6,portrait,17,Northern_Renaissance,1382,2203,RGB
10855,25,albrecht-durer,6,portrait,17,Northern_Renaissance,1382,2081,RGB
42446,77,titian,6,portrait,13,Mannerism_Late_Renaissance,1382,1590,RGB
23113,38,fra-angelico,7,religious_painting,8,Early_Renaissance,1381,2221,RGB
44104,116,frans-hals,6,portrait,4,Baroque,1382,1913,RGB
55852,38,fra-angelico,7,religious_painting,8,Early_Renaissance,2152,1382,RGB
71800,0,Unknown Artist,10,Unknown Genre,13,Mannerism_Late_Renaissance,2230,1382,RGB
46411,0,Unknown Artist,6,portrait,4,Baroque,1382,1793,RGB
31157,58,pietro-perugino,7,religious_painting,11,High_Renaissance,1382,1857,RGB
50422,117,hans-holbein-the-younger,6,portrait,17,Northern_Renaissance,1382,1772,RGB
34278,0,Unknown Artist,7,religious_painting,8,Early_Renaissance,1641,1382,RGB
47353,83,joshua-reynolds,6,portrait,22,Rococo,1382,2247,RGB
69975,0,Unknown Artist,10,Unknown Genre,22,Rococo,1642,1382,RGB
56412,0,Unknown Artist,7,religious_painting,11,High_Renaissance,1798,1382,RGB
70995,0,Unknown Artist,10,Unknown Genre,8,Early_Renaissance,1382,1872,RGB
37309,0,Unknown Artist,7,religious_painting,13,Mannerism_Late_Renaissance,1904,1382,RGB
43465,0,Unknown Artist,7,religious_painting,17,Northern_Renaissance,1382,1556,RGB
56134,0,Unknown Artist,7,religious_painting,13,Mannerism_Late_Renaissance,1382,1995,RGB
41616,0,Unknown Artist,4,landscape,4,Baroque,1563,1382,RGB
46276,0,Unknown Artist,6,portrait,11,High_Renaissance,1424,1382,RGB
42173,0,Unknown Artist,7,religious_painting,4,Baroque,1382,1637,RGB
78678,0,Unknown Artist,10,Unknown Genre,4,Baroque,2276,1382,RGB
28647,0,Unknown Artist,2,genre_painting,22,Rococo,1382,1684,RGB
23612,24,leonardo-da-vinci,7,religious_painting,11,High_Renaissance,1382,1776,RGB
3507,25,albrecht-durer,6,portrait,17,Northern_Renaissance,1382,2476,RGB
39173,24,leonardo-da-vinci,8,sketch_and_study,11,High_Renaissance,1382,1834,RGB
62436,77,titian,8,sketch_and_study,13,Mannerism_Late_Renaissance,1382,2139,RGB
62479,87,michelangelo,8,sketch_and_study,11,High_Renaissance,1382,2526,RGB
46874,82,paolo-veronese,7,religious_painting,13,Mannerism_Late_Renaissance,1382,2321,RGB
28879,0,Unknown Artist,6,portrait,22,Rococo,1382,1851,RGB
44996,0,Unknown Artist,7,religious_painting,11,High_Renaissance,1382,1597,RGB
25075,69,raphael,7,religious_painting,11,High_Renaissance,1382,1742,RGB
66155,83,joshua-reynolds,6,portrait,22,Rococo,1382,1796,RGB
40308,83,joshua-reynolds,6,portrait,22,Rococo,1382,2342,RGB
3102,0,Unknown Artist,10,Unknown Genre,17,Northern_Renaissance,1382,2490,RGB
75083,0,Unknown Artist,10,Unknown Genre,11,High_Renaissance,1382,1756,RGB
36862,0,Unknown Artist,6,portrait,22,Rococo,1382,1876,RGB
65696,0,Unknown Artist,6,portrait,22,Rococo,1382,1809,RGB
76289,0,Unknown Artist,10,Unknown Genre,11,High_Renaissance,1382,1866,RGB
73143,0,Unknown Artist,10,Unknown Genre,17,Northern_Renaissance,1382,1619,RGB
75655,0,Unknown Artist,10,Unknown Genre,13,Mannerism_Late_Renaissance,5076,1382,RGB
50275,0,Unknown Artist,2,genre_painting,4,Baroque,1382,1862,RGB
56581,121,el-greco,7,religious_painting,13,Mannerism_Late_Renaissance,1382,1941,RGB
42079,0,Unknown Artist,7,religious_painting,8,Early_Renaissance,1382,1832,RGB
55797,77,titian,7,religious_painting,11,High_Renaissance,1382,1422,RGB
50601,38,fra-angelico,7,religious_painting,8,Early_Renaissance,1382,3162,RGB
18136,25,albrecht-durer,2,genre_painting,17,Northern_Renaissance,1382,2298,RGB
61028,0,Unknown Artist,4,landscape,4,Baroque,1382,1652,RGB
47956,80,peter-paul-rubens,7,religious_painting,4,Baroque,2430,1382,RGB
45736,0,Unknown Artist,7,religious_painting,8,Early_Renaissance,1382,1677,RGB
20643,0,Unknown Artist,6,portrait,22,Rococo,1382,1714,RGB
55863,0,Unknown Artist,7,religious_painting,8,Early_Renaissance,1382,1746,RGB
57011,0,Unknown Artist,7,religious_painting,8,Early_Renaissance,1382,2716,RGB
11791,20,rembrandt,8,sketch_and_study,4,Baroque,1382,1867,RGB
56959,80,peter-paul-rubens,7,religious_painting,4,Baroque,1382,2362,RGB
68818,0,Unknown Artist,10,Unknown Genre,13,Mannerism_Late_Renaissance,1382,1761,RGB
41903,0,Unknown Artist,7,religious_painting,8,Early_Renaissance,1611,1382,RGB
32538,0,Unknown Artist,8,sketch_and_study,22,Rococo,1855,1382,RGB
38928,24,leonardo-da-vinci,8,sketch_and_study,11,High_Renaissance,2174,1382,RGB
19969,77,titian,7,religious_painting,11,High_Renaissance,1381,2106,RGB
59675,114,anthony-van-dyck,4,landscape,4,Baroque,1382,1793,RGB
36314,0,Unknown Artist,7,religious_painting,8,Early_Renaissance,1381,1922,RGB
10835,25,albrecht-durer,7,religious_painting,17,Northern_Renaissance,1382,2225,RGB
51786,0,Unknown Artist,2,genre_painting,22,Rococo,2056,1381,RGB
55207,0,Unknown Artist,2,genre_painting,4,Baroque,1649,1382,RGB
61949,69,raphael,8,sketch_and_study,11,High_Renaissance,1382,1985,RGB
34453,0,Unknown Artist,7,religious_painting,8,Early_Renaissance,3211,1382,RGB
41878,29,lucas-cranach-the-elder,2,genre_painting,17,Northern_Renaissance,2088,1382,RGB
56930,0,Unknown Artist,7,religious_painting,11,High_Renaissance,1382,2063,RGB
39905,0,Unknown Artist,7,religious_painting,8,Early_Renaissance,1382,1707,RGB
51896,58,pietro-perugino,7,religious_painting,11,High_Renaissance,1976,1381,RGB
24063,0,Unknown Artist,4,landscape,22,Rococo,1659,1382,RGB
78491,0,Unknown Artist,10,Unknown Genre,13,Mannerism_Late_Renaissance,1761,1382,RGB
23611,0,Unknown Artist,7,religious_painting,8,Early_Renaissance,3420,1382,RGB
31347,117,hans-holbein-the-younger,7,religious_painting,17,Northern_Renaissance,1382,3011,RGB
45243,0,Unknown Artist,7,religious_painting,11,High_Renaissance,1382,1744,RGB
42190,0,Unknown Artist,7,religious_painting,13,Mannerism_Late_Renaissance,1382,1723,RGB
44434,0,Unknown Artist,7,religious_painting,17,Northern_Renaissance,1382,2119,RGB
1197,20,rembrandt,7,religious_painting,4,Baroque,1382,1698,RGB
51949,121,el-greco,7,religious_painting,13,Mannerism_Late_Renaissance,1382,3169,RGB
20322,24,leonardo-da-vinci,8,sketch_and_study,8,Early_Renaissance,1382,1914,RGB
78476,0,Unknown Artist,10,Unknown Genre,13,Mannerism_Late_Renaissance,1382,2010,RGB
72647,0,Unknown Artist,10,Unknown Genre,4,Baroque,1795,1382,RGB
61978,0,Unknown Artist,8,sketch_and_study,22,Rococo,1382,1881,RGB
65245,117,hans-holbein-the-younger,6,portrait,17,Northern_Renaissance,1382,1996,RGB
68996,0,Unknown Artist,10,Unknown Genre,11,High_Renaissance,1382,1871,RGB
78631,0,Unknown Artist,10,Unknown Genre,4,Baroque,2162,1382,RGB
57008,0,Unknown Artist,7,religious_painting,8,Early_Renaissance,1861,1382,RGB
66114,0,Unknown Artist,6,portrait,8,Early_Renaissance,1382,2068,RGB
56584,0,Unknown Artist,7,religious_painting,4,Baroque,1382,2521,RGB
43569,0,Unknown Artist,7,religious_painting,17,Northern_Renaissance,1900,1382,RGB
31006,58,pietro-perugino,7,religious_painting,11,High_Renaissance,1382,1971,RGB
28194,0,Unknown Artist,7,religious_painting,8,Early_Renaissance,1382,2126,RGB
27436,0,Unknown Artist,2,genre_painting,22,Rococo,1382,1767,RGB
38316,0,Unknown Artist,7,religious_painting,11,High_Renaissance,1382,2065,RGB
56868,67,tintoretto,7,religious_painting,13,Mannerism_Late_Renaissance,1382,1703,RGB
49145,0,Unknown Artist,7,religious_painting,8,Early_Renaissance,1382,1771,RGB
76884,0,Unknown Artist,10,Unknown Genre,4,Baroque,1686,1382,RGB
37319,0,Unknown Artist,7,religious_painting,13,Mannerism_Late_Renaissance,1382,1605,RGB
44487,0,Unknown Artist,6,portrait,13,Mannerism_Late_Renaissance,1382,1950,RGB
57022,0,Unknown Artist,7,religious_painting,8,Early_Renaissance,1987,1382,RGB
70051,0,Unknown Artist,10,Unknown Genre,13,Mannerism_Late_Renaissance,1382,1807,RGB
17666,20,rembrandt,10,Unknown Genre,4,Baroque,1382,1790,RGB
21927,0,Unknown Artist,7,religious_painting,13,Mannerism_Late_Renaissance,1382,1686,RGB
30055,0,Unknown Artist,6,portrait,11,High_Renaissance,1382,1549,RGB
33007,0,Unknown Artist,7,religious_painting,17,Northern_Renaissance,1382,1999,RGB
27760,24,leonardo-da-vinci,8,sketch_and_study,11,High_Renaissance,1382,2227,RGB
56857,38,fra-angelico,7,religious_painting,8,Early_Renaissance,1382,2017,RGB
42579,0,Unknown Artist,6,portrait,22,Rococo,1382,1784,RGB
46121,83,joshua-reynolds,6,portrait,22,Rococo,1382,2303,RGB
8017,20,rembrandt,4,landscape,4,Baroque,2300,1382,RGB
56314,77,titian,7,religious_painting,13,Mannerism_Late_Renaissance,1382,1825,RGB
65883,0,Unknown Artist,6,portrait,22,Rococo,1382,1724,RGB
64712,0,Unknown Artist,6,portrait,22,Rococo,1382,1792,RGB
43836,0,Unknown Artist,8,sketch_and_study,22,Rococo,1382,1539,RGB
54492,0,Unknown Artist,2,genre_painting,22,Rococo,1382,1901,RGB
31768,0,Unknown Artist,6,portrait,11,High_Renaissance,1382,1483,RGB
31618,0,Unknown Artist,6,portrait,13,Mannerism_Late_Renaissance,1382,1445,RGB
22257,0,Unknown Artist,8,sketch_and_study,11,High_Renaissance,1382,1829,RGB
47108,0,Unknown Artist,7,religious_painting,22,Rococo,1382,3255,RGB
36953,0,Unknown Artist,7,religious_painting,11,High_Renaissance,1426,1382,RGB
55814,0,Unknown Artist,7,religious_painting,17,Northern_Renaissance,1382,3348,RGB
64132,126,thomas-gainsborough,6,portrait,22,Rococo,1382,2106,RGB
73424,0,Unknown Artist,10,Unknown Genre,13,Mannerism_Late_Renaissance,1382,2008,RGB
23475,0,Unknown Artist,7,religious_painting,13,Mannerism_Late_Renaissance,1411,1382,RGB
41983,0,Unknown Artist,2,genre_painting,22,Rococo,2641,1382,RGB
31226,80,peter-paul-rubens,7,religious_painting,4,Baroque,1577,1382,RGB
56155,0,Unknown Artist,7,religious_painting,13,Mannerism_Late_Renaissance,1406,1382,RGB
42859,0,Unknown Artist,7,religious_painting,11,High_Renaissance,1382,1911,RGB
42715,23,hieronymus-bosch,7,religious_painting,17,Northern_Renaissance,1382,1711,RGB
46979,82,paolo-veronese,7,religious_painting,13,Mannerism_Late_Renaissance,2032,1382,RGB
56528,58,pietro-perugino,7,religious_painting,11,High_Renaissance,1382,1505,RGB
25277,82,paolo-veronese,6,portrait,13,Mannerism_Late_Renaissance,1382,2247,RGB
41226,0,Unknown Artist,7,religious_painting,13,Mannerism_Late_Renaissance,1382,1640,RGB
38612,38,fra-angelico,7,religious_painting,8,Early_Renaissance,1382,1933,RGB
1440,25,albrecht-durer,7,religious_painting,17,Northern_Renaissance,1382,1928,RGB
56105,38,fra-angelico,7,religious_painting,8,Early_Renaissance,1382,1563,RGB
17617,20,rembrandt,7,religious_painting,4,Baroque,1972,1382,RGB
22783,0,Unknown Artist,7,religious_painting,4,Baroque,1382,1852,RGB
48473,0,Unknown Artist,6,portrait,22,Rococo,1382,1818,RGB
74578,0,Unknown Artist,10,Unknown Genre,22,Rococo,1382,1766,RGB
41000,126,thomas-gainsborough,6,portrait,22,Rococo,1382,1618,RGB
31521,0,Unknown Artist,7,religious_painting,17,Northern_Renaissance,1382,1842,RGB
10647,20,rembrandt,6,portrait,4,Baroque,1382,1608,RGB
2635,25,albrecht-durer,8,sketch_and_study,17,Northern_Renaissance,1382,2342,RGB
33898,0,Unknown Artist,6,portrait,17,Northern_Renaissance,1382,1838,RGB
29308,0,Unknown Artist,7,religious_painting,4,Baroque,1382,1558,RGB
75702,0,Unknown Artist,10,Unknown Genre,22,Rococo,1382,1669,RGB
42722,0,Unknown Artist,7,religious_painting,8,Early_Renaissance,1382,1701,RGB
43810,0,Unknown Artist,1,cityscape,4,Baroque,2360,1382,RGB
23831,0,Unknown Artist,6,portrait,13,Mannerism_Late_Renaissance,1382,1860,RGB
78450,0,Unknown Artist,10,Unknown Genre,13,Mannerism_Late_Renaissance,2504,1382,RGB
78647,0,Unknown Artist,10,Unknown Genre,4,Baroque,2050,1382,RGB
25825,0,Unknown Artist,7,religious_painting,17,Northern_Renaissance,1382,3437,RGB
35933,0,Unknown Artist,2,genre_painting,8,Early_Renaissance,1382,1607,RGB
6245,0,Unknown Artist,10,Unknown Genre,17,Northern_Renaissance,1382,1947,RGB
64782,0,Unknown Artist,6,portrait,8,Early_Renaissance,1383,1382,RGB
64970,0,Unknown Artist,6,portrait,22,Rococo,1382,1716,RGB
40598,0,Unknown Artist,7,religious_painting,13,Mannerism_Late_Renaissance,1382,1648,RGB
28096,0,Unknown Artist,2,genre_painting,4,Baroque,1679,1382,RGB
75821,0,Unknown Artist,10,Unknown Genre,22,Rococo,1382,1753,RGB
41711,0,Unknown Artist,6,portrait,22,Rococo,1382,1814,RGB
28659,0,Unknown Artist,7,religious_painting,17,Northern_Renaissance,1382,2077,RGB
17641,20,rembrandt,2,genre_painting,4,Baroque,1831,1382,RGB
56582,67,tintoretto,7,religious_painting,13,Mannerism_Late_Renaissance,1382,2176,RGB
25411,0,Unknown Artist,6,portrait,22,Rococo,1382,2257,RGB
44096,0,Unknown Artist,7,religious_painting,8,Early_Renaissance,2208,1382,RGB
56576,0,Unknown Artist,7,religious_painting,17,Northern_Renaissance,1382,1899,RGB
70669,0,Unknown Artist,10,Unknown Genre,13,Mannerism_Late_Renaissance,1394,1382,RGB
75223,0,Unknown Artist,10,Unknown Genre,22,Rococo,1382,1552,RGB
52603,0,Unknown Artist,5,nude_painting,11,High_Renaissance,1382,2236,RGB
33259,0,Unknown Artist,7,religious_painting,11,High_Renaissance,1382,2350,RGB
47720,0,Unknown Artist,8,sketch_and_study,8,Early_Renaissance,1382,1943,RGB
36097,0,Unknown Artist,6,portrait,4,Baroque,1382,1740,RGB
26765,83,joshua-reynolds,6,portrait,22,Rococo,1382,1744,RGB
31263,0,Unknown Artist,7,religious_painting,11,High_Renaissance,1382,2000,RGB
39721,0,Unknown Artist,6,portrait,22,Rococo,1382,1739,RGB
35176,0,Unknown Artist,6,portrait,22,Rococo,1382,1732,RGB
4741,25,albrecht-durer,6,portrait,17,Northern_Renaissance,1382,2036,RGB
34565,0,Unknown Artist,8,sketch_and_study,13,Mannerism_Late_Renaissance,1561,1382,RGB
24347,0,Unknown Artist,6,portrait,8,Early_Renaissance,1382,2236,RGB
46749,0,Unknown Artist,2,genre_painting,4,Baroque,1382,1792,RGB
36513,77,titian,6,portrait,13,Mannerism_Late_Renaissance,1382,1632,RGB
49404,0,Unknown Artist,7,religious_painting,13,Mannerism_Late_Renaissance,1382,1810,RGB
78485,0,Unknown Artist,10,Unknown Genre,13,Mannerism_Late_Renaissance,1382,1835,RGB
52840,61,bartolome-esteban-murillo,7,religious_painting,4,Baroque,1382,1790,RGB
62210,0,Unknown Artist,8,sketch_and_study,22,Rococo,1382,2083,RGB
33789,69,raphael,6,portrait,11,High_Renaissance,1382,2073,RGB
11318,25,albrecht-durer,7,religious_painting,17,Northern_Renaissance,1382,2001,RGB
73310,0,Unknown Artist,10,Unknown Genre,4,Baroque,2318,1382,RGB
72551,0,Unknown Artist,10,Unknown Genre,22,Rococo,2183,1382,RGB
43896,0,Unknown Artist,7,religious_painting,11,High_Renaissance,1382,2898,RGB
78475,0,Unknown Artist,10,Unknown Genre,13,Mannerism_Late_Renaissance,3941,1381,RGB
19087,0,Unknown Artist,7,religious_painting,11,High_Renaissance,1382,1653,RGB
62131,24,leonardo-da-vinci,8,sketch_and_study,11,High_Renaissance,2090,1382,RGB
45191,0,Unknown Artist,2,genre_painting,4,Baroque,1382,1653,RGB
74705,0,Unknown Artist,10,Unknown Genre,17,Northern_Renaissance,1814,1382,RGB
72513,0,Unknown Artist,10,Unknown Genre,4,Baroque,1955,1382,RGB
22364,67,tintoretto,7,religious_painting,13,Mannerism_Late_Renaissance,1382,2215,RGB
7408,20,rembrandt,7,religious_painting,4,Baroque,1382,1900,RGB
56919,38,fra-angelico,7,religious_painting,8,Early_Renaissance,1382,1438,RGB
63164,29,lucas-cranach-the-elder,6,portrait,17,Northern_Renaissance,2891,1382,RGB
64206,126,thomas-gainsborough,6,portrait,22,Rococo,1382,1702,RGB
65601,0,Unknown Artist,6,portrait,22,Rococo,1382,1936,RGB
13085,25,albrecht-durer,2,genre_painting,17,Northern_Renaissance,1382,1653,RGB
56406,0,Unknown Artist,7,religious_painting,4,Baroque,1381,2221,RGB
50187,0,Unknown Artist,7,religious_painting,8,Early_Renaissance,1382,1415,RGB
44211,67,tintoretto,7,religious_painting,13,Mannerism_Late_Renaissance,1761,1382,RGB
22626,121,el-greco,7,religious_painting,13,Mannerism_Late_Renaissance,1381,1659,RGB
56920,82,paolo-veronese,7,religious_painting,13,Mannerism_Late_Renaissance,1991,1382,RGB
22369,23,hieronymus-bosch,8,sketch_and_study,17,Northern_Renaissance,1382,2370,RGB
65426,0,Unknown Artist,6,portrait,13,Mannerism_Late_Renaissance,1382,1901,RGB
22975,0,Unknown Artist,7,religious_painting,17,Northern_Renaissance,1382,1889,RGB
36263,0,Unknown Artist,7,religious_painting,4,Baroque,1704,1382,RGB
11947,20,rembrandt,6,portrait,4,Baroque,1382,1769,RGB
26852,0,Unknown Artist,7,religious_painting,17,Northern_Renaissance,1913,1382,RGB
66274,0,Unknown Artist,6,portrait,22,Rococo,1382,1610,RGB
30012,67,tintoretto,7,religious_painting,13,Mannerism_Late_Renaissance,1824,1382,RGB
76122,0,Unknown Artist,10,Unknown Genre,11,High_Renaissance,1382,1703,RGB
53033,0,Unknown Artist,6,portrait,22,Rococo,1382,1703,RGB
44373,0,Unknown Artist,7,religious_painting,17,Northern_Renaissance,1947,1382,RGB
20329,58,pietro-perugino,7,religious_painting,11,High_Renaissance,1382,1805,RGB
56525,0,Unknown Artist,7,religious_painting,8,Early_Renaissance,1873,1382,RGB
71111,0,Unknown Artist,10,Unknown Genre,17,Northern_Renaissance,1828,1382,RGB
56044,121,el-greco,7,religious_painting,13,Mannerism_Late_Renaissance,1763,1382,RGB
19502,67,tintoretto,6,portrait,13,Mannerism_Late_Renaissance,1382,1663,RGB
29860,0,Unknown Artist,7,religious_painting,17,Northern_Renaissance,1382,1650,RGB
64235,0,Unknown Artist,6,portrait,22,Rococo,1675,1382,RGB
21763,0,Unknown Artist,7,religious_painting,17,Northern_Renaissance,1382,1979,RGB
23077,0,Unknown Artist,6,portrait,8,Early_Renaissance,1382,2088,RGB
28164,0,Unknown Artist,6,portrait,11,High_Renaissance,1382,1928,RGB
39996,0,Unknown Artist,7,religious_painting,22,Rococo,1382,2066,RGB
22660,29,lucas-cranach-the-elder,6,portrait,17,Northern_Renaissance,1382,2067,RGB
29282,0,Unknown Artist,7,religious_painting,4,Baroque,1382,1987,RGB
49047,128,canaletto,8,sketch_and_study,4,Baroque,1382,1794,RGB
51626,0,Unknown Artist,2,genre_painting,22,Rococo,1925,1382,RGB
50894,0,Unknown Artist,4,landscape,22,Rococo,1737,1382,RGB
25137,0,Unknown Artist,2,genre_painting,22,Rococo,1834,1382,RGB
49595,0,Unknown Artist,6,portrait,22,Rococo,1382,1774,RGB
31362,0,Unknown Artist,7,religious_painting,8,Early_Renaissance,1505,1382,RGB
19265,58,pietro-perugino,7,religious_painting,11,High_Renaissance,1382,2441,RGB
33566,0,Unknown Artist,7,religious_painting,4,Baroque,1382,1893,RGB
45117,117,hans-holbein-the-younger,6,portrait,17,Northern_Renaissance,1382,1879,RGB
45227,0,Unknown Artist,7,religious_painting,8,Early_Renaissance,1382,1515,RGB
56312,121,el-greco,7,religious_painting,13,Mannerism_Late_Renaissance,1382,1665,RGB
78510,0,Unknown Artist,10,Unknown Genre,13,Mannerism_Late_Renaissance,3544,1382,RGB
62988,0,Unknown Artist,6,portrait,13,Mannerism_Late_Renaissance,1382,1757,RGB
4119,0,Unknown Artist,10,Unknown Genre,17,Northern_Renaissance,1382,1815,RGB
29753,58,pietro-perugino,7,religious_painting,8,Early_Renaissance,1382,1977,RGB
56425,0,Unknown Artist,7,religious_painting,8,Early_Renaissance,1382,1493,RGB
38279,0,Unknown Artist,7,religious_painting,11,High_Renaissance,3113,1382,RGB
29031,83,joshua-reynolds,8,sketch_and_study,22,Rococo,1381,1628,RGB
56167,0,Unknown Artist,7,religious_painting,8,Early_Renaissance,1382,1681,RGB
76882,0,Unknown Artist,10,Unknown Genre,4,Baroque,1382,1409,RGB
35155,0,Unknown Artist,7,religious_painting,8,Early_Renaissance,1523,1382,RGB
32195,83,joshua-reynolds,6,portrait,22,Rococo,1382,1750,RGB
23215,0,Unknown Artist,7,religious_painting,13,Mannerism_Late_Renaissance,2179,1382,RGB
78497,0,Unknown Artist,10,Unknown Genre,13,Mannerism_Late_Renaissance,1468,1382,RGB
17968,25,albrecht-durer,7,religious_painting,17,Northern_Renaissance,1382,1941,RGB
24631,77,titian,6,portrait,13,Mannerism_Late_Renaissance,1382,2465,RGB
42799,69,raphael,8,sketch_and_study,11,High_Renaissance,1382,1875,RGB
65969,0,Unknown Artist,6,portrait,4,Baroque,1382,1699,RGB
52901,0,Unknown Artist,7,religious_painting,8,Early_Renaissance,3071,1382,RGB
50663,38,fra-angelico,7,religious_painting,8,Early_Renaissance,1382,1653,RGB
50522,24,leonardo-da-vinci,8,sketch_and_study,8,Early_Renaissance,1382,1993,RGB
55621,0,Unknown Artist,7,religious_painting,8,Early_Renaissance,1382,1714,RGB
46100,83,joshua-reynolds,6,portrait,22,Rococo,1382,1712,RGB
804,20,rembrandt,6,portrait,4,Baroque,1382,1974,RGB
33817,0,Unknown Artist,6,portrait,4,Baroque,1382,1707,RGB
24280,0,Unknown Artist,7,religious_painting,11,High_Renaissance,1382,1658,RGB
36228,83,joshua-reynolds,6,portrait,22,Rococo,1382,1796,RGB
52912,0,Unknown Artist,7,religious_painting,4,Baroque,2383,1382,RGB
28064,0,Unknown Artist,7,religious_painting,13,Mannerism_Late_Renaissance,2886,1382,RGB
65853,29,lucas-cranach-the-elder,6,portrait,17,Northern_Renaissance,1382,2098,RGB
55628,0,Unknown Artist,7,religious_painting,8,Early_Renaissance,1382,1718,RGB
49716,0,Unknown Artist,8,sketch_and_study,4,Baroque,1381,2488,RGB
24496,0,Unknown Artist,6,portrait,8,Early_Renaissance,1382,1907,RGB
54236,0,Unknown Artist,2,genre_painting,4,Baroque,1382,1613,RGB
4644,25,albrecht-durer,7,religious_painting,17,Northern_Renaissance,2013,1382,RGB
51644,0,Unknown Artist,7,religious_painting,8,Early_Renaissance,1382,5705,RGB
40186,0,Unknown Artist,7,religious_painting,11,High_Renaissance,1382,1949,RGB
56815,23,hieronymus-bosch,7,religious_painting,17,Northern_Renaissance,1382,1877,RGB
19758,82,paolo-veronese,7,religious_painting,13,Mannerism_Late_Renaissance,1382,1790,RGB
35465,0,Unknown Artist,6,portrait,22,Rococo,1382,1747,RGB
50996,0,Unknown Artist,7,religious_painting,8,Early_Renaissance,1382,1710,RGB
18029,25,albrecht-durer,7,religious_painting,17,Northern_Renaissance,1382,1894,RGB
63978,0,Unknown Artist,6,portrait,22,Rococo,1382,1903,RGB
57310,87,michelangelo,5,nude_painting,11,High_Renaissance,1382,1816,RGB
22390,0,Unknown Artist,7,religious_painting,11,High_Renaissance,1382,1842,RGB
56052,82,paolo-veronese,7,religious_painting,13,Mannerism_Late_Renaissance,1385,1382,RGB
78714,0,Unknown Artist,10,Unknown Genre,4,Baroque,2119,1382,RGB
23320,83,joshua-reynolds,6,portrait,4,Baroque,1382,1672,RGB
78509,0,Unknown Artist,10,Unknown Genre,13,Mannerism_Late_Renaissance,1382,1890,RGB
23255,67,tintoretto,7,religious_painting,13,Mannerism_Late_Renaissance,1683,1382,RGB
34318,121,el-greco,7,religious_painting,13,Mannerism_Late_Renaissance,1382,1704,RGB
20883,0,Unknown Artist,7,religious_painting,17,Northern_Renaissance,1382,1797,RGB
62367,0,Unknown Artist,8,sketch_and_study,17,Northern_Renaissance,1382,1882,RGB
68375,0,Unknown Artist,10,Unknown Genre,22,Rococo,1382,1488,RGB
69270,0,Unknown Artist,10,Unknown Genre,11,High_Renaissance,1382,1897,RGB
29395,24,leonardo-da-vinci,8,sketch_and_study,11,High_Renaissance,1382,1965,RGB
8373,20,rembrandt,6,portrait,4,Baroque,1406,1382,RGB
53404,0,Unknown Artist,2,genre_painting,8,Early_Renaissance,1382,1814,RGB
79399,0,Unknown Artist,10,Unknown Genre,11,High_Renaissance,1382,2562,RGB
50004,29,lucas-cranach-the-elder,7,religious_painting,17,Northern_Renaissance,1991,1382,RGB
17625,20,rembrandt,2,genre_painting,4,Baroque,2580,1382,RGB
50410,0,Unknown Artist,7,religious_painting,4,Baroque,1382,2126,RGB
28636,0,Unknown Artist,7,religious_painting,17,Northern_Renaissance,1571,1382,RGB
36521,77,titian,7,religious_painting,13,Mannerism_Late_Renaissance,1534,1382,RGB
62188,0,Unknown Artist,8,sketch_and_study,22,Rococo,1382,1882,RGB
28577,0,Unknown Artist,6,portrait,22,Rococo,1382,1630,RGB
77263,0,Unknown Artist,10,Unknown Genre,17,Northern_Renaissance,1381,2087,RGB
56878,0,Unknown Artist,7,religious_painting,11,High_Renaissance,1901,1382,RGB
64136,0,Unknown Artist,6,portrait,22,Rococo,2256,1382,RGB
41316,0,Unknown Artist,6,portrait,22,Rococo,1382,1675,RGB
5581,0,Unknown Artist,10,Unknown Genre,17,Northern_Renaissance,1382,1386,RGB
35618,0,Unknown Artist,7,religious_painting,13,Mannerism_Late_Renaissance,1382,1604,RGB
26255,58,pietro-perugino,7,religious_painting,11,High_Renaissance,1382,1870,RGB
51551,0,Unknown Artist,2,genre_painting,22,Rococo,1382,1551,RGB
20669,0,Unknown Artist,8,sketch_and_study,13,Mannerism_Late_Renaissance,1382,2532,RGB
75613,0,Unknown Artist,10,Unknown Genre,22,Rococo,1382,1808,RGB
30591,69,raphael,6,portrait,11,High_Renaissance,2006,1382,RGB
39952,0,Unknown Artist,7,religious_painting,8,Early_Renaissance,1733,1382,RGB
23873,0,Unknown Artist,7,religious_painting,4,Baroque,1382,2201,RGB
76292,0,Unknown Artist,10,Unknown Genre,11,High_Renaissance,1635,1382,RGB
25721,67,tintoretto,7,religious_painting,13,Mannerism_Late_Renaissance,1382,1842,RGB
28959,0,Unknown Artist,9,still_life,4,Baroque,2426,1382,RGB
25720,103,hans-memling,7,religious_painting,17,Northern_Renaissance,1382,1853,RGB
81109,0,Unknown Artist,10,Unknown Genre,17,Northern_Renaissance,1382,3499,RGB
55041,0,Unknown Artist,2,genre_painting,4,Baroque,1382,1641,RGB
56574,0,Unknown Artist,7,religious_painting,13,Mannerism_Late_Renaissance,1382,1786,RGB
22388,0,Unknown Artist,6,portrait,22,Rococo,1382,1800,RGB
32220,125,jacob-jordaens,6,portrait,4,Baroque,1382,1590,RGB
56214,0,Unknown Artist,7,religious_painting,8,Early_Renaissance,1382,1762,RGB
46167,0,Unknown Artist,7,religious_painting,4,Baroque,1382,1504,RGB
6707,25,albrecht-durer,6,portrait,17,Northern_Renaissance,1382,1797,RGB
64522,0,Unknown Artist,6,portrait,22,Rococo,1382,1771,RGB
31287,0,Unknown Artist,7,religious_painting,8,Early_Renaissance,1400,1382,RGB
75326,0,Unknown Artist,10,Unknown Genre,8,Early_Renaissance,1549,1382,RGB
37673,69,raphael,7,religious_painting,11,High_Renaissance,1956,1382,RGB
691,25,albrecht-durer,7,religious_painting,17,Northern_Renaissance,1382,1863,RGB
32351,125,jacob-jordaens,2,genre_painting,4,Baroque,1829,1382,RGB
39835,23,hieronymus-bosch,7,religious_painting,17,Northern_Renaissance,1382,1880,RGB
56716,0,Unknown Artist,7,religious_painting,8,Early_Renaissance,1382,1383,RGB
71822,0,Unknown Artist,10,Unknown Genre,13,Mannerism_Late_Renaissance,2569,1382,RGB
64464,0,Unknown Artist,6,portrait,13,Mannerism_Late_Renaissance,1382,1843,RGB
63527,0,Unknown Artist,6,portrait,22,Rococo,1382,1660,RGB
57224,87,michelangelo,5,nude_painting,11,High_Renaissance,1382,1877,RGB
62290,0,Unknown Artist,8,sketch_and_study,8,Early_Renaissance,2108,1382,RGB
80016,0,Unknown Artist,10,Unknown Genre,22,Rococo,1382,1664,RGB
50242,83,joshua-reynolds,6,portrait,22,Rococo,1382,1757,RGB
71567,0,Unknown Artist,10,Unknown Genre,22,Rococo,1702,1382,RGB
32725,0,Unknown Artist,7,religious_painting,8,Early_Renaissance,1382,2467,RGB
29757,0,Unknown Artist,6,portrait,22,Rococo,1382,1827,RGB
73332,0,Unknown Artist,10,Unknown Genre,13,Mannerism_Late_Renaissance,2030,1382,RGB
18108,25,albrecht-durer,6,portrait,17,Northern_Renaissance,1382,2020,RGB
25374,103,hans-memling,7,religious_painting,17,Northern_Renaissance,1382,2160,RGB
67800,0,Unknown Artist,10,Unknown Genre,22,Rococo,1382,2126,RGB
19785,114,anthony-van-dyck,6,portrait,4,Baroque,1382,2186,RGB
53566,0,Unknown Artist,2,genre_painting,22,Rococo,1901,1382,RGB
48425,0,Unknown Artist,6,portrait,22,Rococo,1382,1750,RGB
39498,0,Unknown Artist,7,religious_painting,13,Mannerism_Late_Renaissance,1382,1638,RGB
55780,0,Unknown Artist,7,religious_painting,13,Mannerism_Late_Renaissance,1382,2024,RGB
8517,25,albrecht-durer,7,religious_painting,17,Northern_Renaissance,1382,1665,RGB
80060,0,Unknown Artist,10,Unknown Genre,22,Rococo,1734,1382,RGB
61987,87,michelangelo,8,sketch_and_study,11,High_Renaissance,1382,2294,RGB
50878,0,Unknown Artist,7,religious_painting,17,Northern_Renaissance,1382,1645,RGB
46107,126,thomas-gainsborough,6,portrait,22,Rococo,1382,1739,RGB
72426,0,Unknown Artist,10,Unknown Genre,22,Rococo,1382,1970,RGB
79408,0,Unknown Artist,10,Unknown Genre,11,High_Renaissance,1382,1834,RGB
53532,0,Unknown Artist,2,genre_painting,22,Rococo,1796,1382,RGB
55848,0,Unknown Artist,7,religious_painting,8,Early_Renaissance,1382,1771,RGB
23195,0,Unknown Artist,7,religious_painting,4,Baroque,1744,1382,RGB
69752,0,Unknown Artist,10,Unknown Genre,11,High_Renaissance,1382,1666,RGB
35573,77,titian,6,portrait,11,High_Renaissance,1382,1625,RGB
36838,0,Unknown Artist,7,religious_painting,17,Northern_Renaissance,1382,1795,RGB
25871,121,el-greco,7,religious_painting,13,Mannerism_Late_Renaissance,1548,1382,RGB
22700,126,thomas-gainsborough,6,portrait,22,Rococo,1382,2075,RGB
74520,0,Unknown Artist,10,Unknown Genre,17,Northern_Renaissance,1893,1381,RGB
37106,0,Unknown Artist,7,religious_painting,8,Early_Renaissance,1382,2678,RGB
44218,0,Unknown Artist,7,religious_painting,17,Northern_Renaissance,1382,1900,RGB
35995,77,titian,7,religious_painting,13,Mannerism_Late_Renaissance,1382,1681,RGB
56089,67,tintoretto,7,religious_painting,13,Mannerism_Late_Renaissance,1382,2809,RGB
69445,0,Unknown Artist,10,Unknown Genre,17,Northern_Renaissance,1827,1382,RGB
76603,0,Unknown Artist,10,Unknown Genre,13,Mannerism_Late_Renaissance,1919,1382,RGB
34184,0,Unknown Artist,2,genre_painting,8,Early_Renaissance,2104,1382,RGB
42955,0,Unknown Artist,6,portrait,11,High_Renaissance,1382,1828,RGB
39175,0,Unknown Artist,7,religious_painting,13,Mannerism_Late_Renaissance,1768,1382,RGB
22128,0,Unknown Artist,7,religious_painting,8,Early_Renaissance,1827,1382,RGB
21104,77,titian,6,portrait,11,High_Renaissance,1382,1751,RGB
25049,0,Unknown Artist,7,religious_painting,11,High_Renaissance,1382,1691,RGB
75634,0,Unknown Artist,10,Unknown Genre,22,Rococo,1382,1637,RGB
48542,103,hans-memling,7,religious_painting,17,Northern_Renaissance,1381,1927,RGB
36629,0,Unknown Artist,6,portrait,13,Mannerism_Late_Renaissance,1382,1773,RGB
22215,103,hans-memling,6,portrait,17,Northern_Renaissance,1382,2259,RGB
29441,0,Unknown Artist,7,religious_painting,11,High_Renaissance,1382,2015,RGB
60599,0,Unknown Artist,4,landscape,22,Rococo,1799,1382,RGB
21340,83,joshua-reynolds,6,portrait,22,Rococo,1382,1769,RGB
57140,0,Unknown Artist,7,religious_painting,8,Early_Renaissance,1382,1485,RGB
32552,24,leonardo-da-vinci,8,sketch_and_study,11,High_Renaissance,1382,1853,RGB
44580,0,Unknown Artist,2,genre_painting,22,Rococo,1382,1771,RGB
23996,0,Unknown Artist,7,religious_painting,17,Northern_Renaissance,1382,3356,RGB
26409,0,Unknown Artist,7,religious_painting,11,High_Renaissance,1382,2671,RGB
43862,0,Unknown Artist,6,portrait,11,High_Renaissance,1382,1704,RGB
36935,0,Unknown Artist,2,genre_painting,22,Rococo,1880,1382,RGB
7894,25,albrecht-durer,2,genre_painting,17,Northern_Renaissance,1439,1382,RGB
1688,20,rembrandt,7,religious_painting,4,Baroque,1381,1827,RGB
75216,0,Unknown Artist,10,Unknown Genre,11,High_Renaissance,1382,1936,RGB
32450,0,Unknown Artist,6,portrait,22,Rococo,1382,1743,RGB
30871,0,Unknown Artist,8,sketch_and_study,17,Northern_Renaissance,1382,1921,RGB
23213,0,Unknown Artist,2,genre_painting,4,Baroque,1382,1665,RGB
34371,67,tintoretto,7,religious_painting,13,Mannerism_Late_Renaissance,1750,1382,RGB
69704,0,Unknown Artist,10,Unknown Genre,17,Northern_Renaissance,1829,1382,RGB
38359,0,Unknown Artist,6,portrait,22,Rococo,1691,1382,RGB
61307,80,peter-paul-rubens,4,landscape,4,Baroque,1821,1382,RGB
55633,69,raphael,7,religious_painting,11,High_Renaissance,1382,1955,RGB
38455,61,bartolome-esteban-murillo,7,religious_painting,4,Baroque,1475,1382,RGB
48338,0,Unknown Artist,7,religious_painting,8,Early_Renaissance,1382,1618,RGB
69258,0,Unknown Artist,10,Unknown Genre,22,Rococo,1749,1382,RGB
47497,23,hieronymus-bosch,7,religious_painting,17,Northern_Renaissance,1382,1900,RGB
69514,0,Unknown Artist,10,Unknown Genre,17,Northern_Renaissance,1382,1982,RGB
52662,87,michelangelo,5,nude_painting,11,High_Renaissance,1382,2153,RGB
62194,0,Unknown Artist,8,sketch_and_study,13,Mannerism_Late_Renaissance,1382,1864,RGB
39225,0,Unknown Artist,7,religious_painting,8,Early_Renaissance,1742,1382,RGB
78466,0,Unknown Artist,10,Unknown Genre,13,Mannerism_Late_Renaissance,2138,1382,RGB
70009,0,Unknown Artist,10,Unknown Genre,13,Mannerism_Late_Renaissance,1382,1791,RGB
31171,0,Unknown Artist,6,portrait,13,Mannerism_Late_Renaissance,1382,1871,RGB
73428,0,Unknown Artist,10,Unknown Genre,8,Early_Renaissance,1382,2450,RGB
37513,0,Unknown Artist,7,religious_painting,22,Rococo,1382,1662,RGB
60755,0,Unknown Artist,4,landscape,4,Baroque,1629,1382,RGB
34601,0,Unknown Artist,6,portrait,4,Baroque,1382,1413,RGB
23640,24,leonardo-da-vinci,8,sketch_and_study,11,High_Renaissance,1382,1618,RGB
18123,0,Unknown Artist,10,Unknown Genre,17,Northern_Renaissance,1382,1514,RGB
56174,0,Unknown Artist,7,religious_painting,4,Baroque,1439,1382,RGB
57005,58,pietro-perugino,7,religious_painting,8,Early_Renaissance,1917,1382,RGB
4581,25,albrecht-durer,8,sketch_and_study,17,Northern_Renaissance,1382,1679,RGB
30503,29,lucas-cranach-the-elder,7,religious_painting,17,Northern_Renaissance,1382,1971,RGB
20039,0,Unknown Artist,7,religious_painting,11,High_Renaissance,1382,1569,RGB
79403,0,Unknown Artist,10,Unknown Genre,11,High_Renaissance,1382,1389,RGB
24170,0,Unknown Artist,6,portrait,22,Rococo,1382,1681,RGB
74001,0,Unknown Artist,10,Unknown Genre,4,Baroque,1382,1853,RGB
51543,77,titian,7,religious_painting,13,Mannerism_Late_Renaissance,1382,1759,RGB
55879,0,Unknown Artist,7,religious_painting,8,Early_Renaissance,4131,1382,RGB
12625,25,albrecht-durer,7,religious_painting,17,Northern_Renaissance,1436,1382,RGB
64308,116,frans-hals,6,portrait,4,Baroque,1382,1818,RGB
50829,0,Unknown Artist,7,religious_painting,8,Early_Renaissance,1382,1961,RGB
73356,0,Unknown Artist,10,Unknown Genre,13,Mannerism_Late_Renaissance,1714,1382,RGB
55773,0,Unknown Artist,7,religious_painting,8,Early_Renaissance,2450,1382,RGB
37987,0,Unknown Artist,6,portrait,11,High_Renaissance,1382,1677,RGB
32438,0,Unknown Artist,6,portrait,22,Rococo,1382,1700,RGB
51287,0,Unknown Artist,7,religious_painting,11,High_Renaissance,1382,1392,RGB
56512,0,Unknown Artist,7,religious_painting,13,Mannerism_Late_Renaissance,1382,1671,RGB
52042,67,tintoretto,6,portrait,13,Mannerism_Late_Renaissance,1382,1637,RGB
55693,0,Unknown Artist,7,religious_painting,17,Northern_Renaissance,1382,2026,RGB
62067,24,leonardo-da-vinci,8,sketch_and_study,11,High_Renaissance,1382,1939,RGB
56572,0,Unknown Artist,7,religious_painting,4,Baroque,1382,1783,RGB
44891,103,hans-memling,7,religious_painting,17,Northern_Renaissance,1382,4340,RGB
65576,77,titian,6,portrait,11,High_Renaissance,1382,1773,RGB
56372,58,pietro-perugino,7,religious_painting,8,Early_Renaissance,1382,2011,RGB
43831,0,Unknown Artist,7,religious_painting,11,High_Renaissance,1382,1438,RGB
46567,110,joseph-wright,6,portrait,22,Rococo,1382,2183,RGB
12901,25,albrecht-durer,7,religious_painting,17,Northern_Renaissance,1382,1796,RGB
73053,0,Unknown Artist,10,Unknown Genre,11,High_Renaissance,1382,1849,RGB
20144,121,el-greco,7,religious_painting,13,Mannerism_Late_Renaissance,1382,2487,RGB
36126,0,Unknown Artist,6,portrait,22,Rococo,1382,1663,RGB
50599,83,joshua-reynolds,6,portrait,22,Rococo,1382,1718,RGB
64193,0,Unknown Artist,6,portrait,22,Rococo,1382,1653,RGB
63400,0,Unknown Artist,6,portrait,17,Northern_Renaissance,1382,1936,RGB
42921,0,Unknown Artist,7,religious_painting,8,Early_Renaissance,1382,3415,RGB
31834,0,Unknown Artist,7,religious_painting,8,Early_Renaissance,1382,1749,RGB
20859,0,Unknown Artist,7,religious_painting,8,Early_Renaissance,1586,1382,RGB
76514,0,Unknown Artist,10,Unknown Genre,13,Mannerism_Late_Renaissance,2697,1382,RGB
30677,0,Unknown Artist,7,religious_painting,8,Early_Renaissance,1382,1741,RGB
50714,0,Unknown Artist,2,genre_painting,4,Baroque,1877,1382,RGB
23748,0,Unknown Artist,7,religious_painting,4,Baroque,1674,1382,RGB
21192,0,Unknown Artist,7,religious_painting,8,Early_Renaissance,2597,1382,RGB
23848,82,paolo-veronese,7,religious_painting,13,Mannerism_Late_Renaissance,1382,1854,RGB
68208,0,Unknown Artist,10,Unknown Genre,11,High_Renaissance,1674,1382,RGB
34713,0,Unknown Artist,7,religious_painting,8,Early_Renaissance,1382,1438,RGB
27785,29,lucas-cranach-the-elder,7,religious_painting,17,Northern_Renaissance,1973,1382,RGB
78513,0,Unknown Artist,10,Unknown Genre,13,Mannerism_Late_Renaissance,1382,1701,RGB
57125,69,raphael,7,religious_painting,11,High_Renaissance,1382,1545,RGB
47861,0,Unknown Artist,7,religious_painting,8,Early_Renaissance,1382,3571,RGB
55943,0,Unknown Artist,7,religious_painting,11,High_Renaissance,1843,1382,RGB
42013,121,el-greco,7,religious_painting,13,Mannerism_Late_Renaissance,1382,1751,RGB
46958,0,Unknown Artist,6,portrait,22,Rococo,1382,1943,RGB
57015,0,Unknown Artist,7,religious_painting,8,Early_Renaissance,1382,2015,RGB
81124,0,Unknown Artist,10,Unknown Genre,17,Northern_Renaissance,1382,2333,RGB
31358,0,Unknown Artist,7,religious_painting,8,Early_Renaissance,1411,1382,RGB
8122,25,albrecht-durer,8,sketch_and_study,17,Northern_Renaissance,2323,1382,RGB
55842,0,Unknown Artist,7,religious_painting,22,Rococo,2075,1382,RGB
74674,0,Unknown Artist,10,Unknown Genre,13,Mannerism_Late_Renaissance,1382,1662,RGB
41332,80,peter-paul-rubens,4,landscape,4,Baroque,2164,1382,RGB
64867,29,lucas-cranach-the-elder,6,portrait,17,Northern_Renaissance,2023,1382,RGB
56985,103,hans-memling,7,religious_painting,17,Northern_Renaissance,1975,1382,RGB
46165,0,Unknown Artist,1,cityscape,22,Rococo,1960,1382,RGB
7682,20,rembrandt,7,religious_painting,4,Baroque,1560,1382,RGB
54711,0,Unknown Artist,2,genre_painting,17,Northern_Renaissance,1949,1382,RGB
25517,77,titian,8,sketch_and_study,13,Mannerism_Late_Renaissance,1382,1879,RGB
69620,0,Unknown Artist,10,Unknown Genre,22,Rococo,1659,1382,RGB
80083,0,Unknown Artist,10,Unknown Genre,22,Rococo,1382,1867,RGB
65085,125,jacob-jordaens,6,portrait,4,Baroque,1382,1640,RGB
56786,69,raphael,7,religious_painting,11,High_Renaissance,1382,2317,RGB
80094,0,Unknown Artist,10,Unknown Genre,22,Rococo,1734,1382,RGB
57072,67,tintoretto,7,religious_painting,13,Mannerism_Late_Renaissance,1382,2101,RGB
1183,25,albrecht-durer,7,religious_painting,17,Northern_Renaissance,1382,1784,RGB
75458,0,Unknown Artist,10,Unknown Genre,4,Baroque,1382,1802,RGB
6583,20,rembrandt,6,portrait,4,Baroque,1382,1632,RGB
32131,80,peter-paul-rubens,7,religious_painting,4,Baroque,1725,1382,RGB
51275,58,pietro-perugino,7,religious_painting,11,High_Renaissance,1382,2355,RGB
39391,0,Unknown Artist,7,religious_painting,11,High_Renaissance,1382,2864,RGB
34346,0,Unknown Artist,8,sketch_and_study,8,Early_Renaissance,2073,1382,RGB
62382,0,Unknown Artist,8,sketch_and_study,17,Northern_Renaissance,1875,1382,RGB
71252,0,Unknown Artist,10,Unknown Genre,4,Baroque,1671,1382,RGB
47828,0,Unknown Artist,7,religious_painting,11,High_Renaissance,1382,1603,RGB
68962,0,Unknown Artist,10,Unknown Genre,11,High_Renaissance,1382,2399,RGB
75428,0,Unknown Artist,10,Unknown Genre,11,High_Renaissance,1382,3054,RGB
46533,24,leonardo-da-vinci,8,sketch_and_study,11,High_Renaissance,1382,1756,RGB
66256,0,Unknown Artist,6,portrait,13,Mannerism_Late_Renaissance,1382,1863,RGB
63907,0,Unknown Artist,6,portrait,4,Baroque,1382,2459,RGB
36985,0,Unknown Artist,7,religious_painting,13,Mannerism_Late_Renaissance,1382,2068,RGB
64057,0,Unknown Artist,6,portrait,4,Baroque,1382,2074,RGB
33123,38,fra-angelico,7,religious_painting,8,Early_Renaissance,1382,1696,RGB
21462,77,titian,6,portrait,11,High_Renaissance,1382,2172,RGB
79405,0,Unknown Artist,10,Unknown Genre,11,High_Renaissance,1488,1382,RGB
38716,77,titian,7,religious_painting,13,Mannerism_Late_Renaissance,1382,2714,RGB
57156,0,Unknown Artist,7,religious_painting,4,Baroque,2221,1381,RGB
48334,67,tintoretto,6,portrait,13,Mannerism_Late_Renaissance,1382,1823,RGB
52632,77,titian,7,religious_painting,11,High_Renaissance,1773,1382,RGB
76257,0,Unknown Artist,10,Unknown Genre,4,Baroque,1382,1579,RGB
45830,87,michelangelo,7,religious_painting,11,High_Renaissance,1382,1408,RGB
75687,0,Unknown Artist,10,Unknown Genre,11,High_Renaissance,1382,1741,RGB
22847,24,leonardo-da-vinci,8,sketch_and_study,11,High_Renaissance,1382,1808,RGB
59559,0,Unknown Artist,4,landscape,17,Northern_Renaissance,1382,1811,RGB
27697,0,Unknown Artist,2,genre_painting,4,Baroque,1382,1869,RGB
66198,67,tintoretto,6,portrait,13,Mannerism_Late_Renaissance,1382,1634,RGB
23852,0,Unknown Artist,6,portrait,8,Early_Renaissance,1382,1850,RGB
38642,69,raphael,7,religious_painting,11,High_Renaissance,1382,1728,RGB
64592,0,Unknown Artist,6,portrait,13,Mannerism_Late_Renaissance,1578,1382,RGB
37325,0,Unknown Artist,7,religious_painting,4,Baroque,1771,1382,RGB
26780,0,Unknown Artist,6,portrait,22,Rococo,1382,1821,RGB
48073,0,Unknown Artist,7,religious_painting,17,Northern_Renaissance,1743,1382,RGB
38977,121,el-greco,7,religious_painting,13,Mannerism_Late_Renaissance,1382,1494,RGB
21454,0,Unknown Artist,2,genre_painting,22,Rococo,1803,1382,RGB
44944,0,Unknown Artist,7,religious_painting,17,Northern_Renaissance,1382,1845,RGB
76847,0,Unknown Artist,10,Unknown Genre,11,High_Renaissance,2367,1382,RGB
48695,0,Unknown Artist,7,religious_painting,8,Early_Renaissance,1382,2274,RGB
1170,0,Unknown Artist,10,Unknown Genre,17,Northern_Renaissance,1382,1799,RGB
7125,20,rembrandt,8,sketch_and_study,4,Baroque,1382,2260,RGB
52748,24,leonardo-da-vinci,8,sketch_and_study,8,Early_Renaissance,1382,2229,RGB
37401,0,Unknown Artist,6,portrait,13,Mannerism_Late_Renaissance,1382,1860,RGB
33377,0,Unknown Artist,6,portrait,22,Rococo,1382,1650,RGB
73833,0,Unknown Artist,10,Unknown Genre,4,Baroque,1842,1382,RGB
17775,20,rembrandt,4,landscape,4,Baroque,1937,1382,RGB
51294,0,Unknown Artist,8,sketch_and_study,17,Northern_Renaissance,1382,1681,RGB
27218,121,el-greco,7,religious_painting,13,Mannerism_Late_Renaissance,1382,1818,RGB
55938,0,Unknown Artist,7,religious_painting,8,Early_Renaissance,2077,1382,RGB
46126,0,Unknown Artist,7,religious_painting,8,Early_Renaissance,1382,1800,RGB
78457,0,Unknown Artist,10,Unknown Genre,13,Mannerism_Late_Renaissance,1382,1951,RGB
26261,0,Unknown Artist,8,sketch_and_study,11,High_Renaissance,1382,2804,RGB
36274,0,Unknown Artist,7,religious_painting,17,Northern_Renaissance,1382,1949,RGB
77113,0,Unknown Artist,10,Unknown Genre,8,Early_Renaissance,1382,1978,RGB
42925,0,Unknown Artist,7,religious_painting,17,Northern_Renaissance,1382,1646,RGB
64620,0,Unknown Artist,6,portrait,11,High_Renaissance,1382,1952,RGB
59073,0,Unknown Artist,4,landscape,17,Northern_Renaissance,2076,1382,RGB
34849,0,Unknown Artist,6,portrait,22,Rococo,1382,1780,RGB
36374,0,Unknown Artist,7,religious_painting,13,Mannerism_Late_Renaissance,1382,1842,RGB
30747,0,Unknown Artist,7,religious_painting,11,High_Renaissance,1382,1516,RGB
56358,0,Unknown Artist,7,religious_painting,17,Northern_Renaissance,1382,1905,RGB
78536,0,Unknown Artist,10,Unknown Genre,4,Baroque,1451,1382,RGB
32924,0,Unknown Artist,7,religious_painting,22,Rococo,1549,1382,RGB
48624,0,Unknown Artist,6,portrait,11,High_Renaissance,1382,1762,RGB
20220,67,tintoretto,7,religious_painting,13,Mannerism_Late_Renaissance,3225,1382,RGB
37762,87,michelangelo,5,nude_painting,11,High_Renaissance,1382,2103,RGB
50544,38,fra-angelico,7,religious_painting,8,Early_Renaissance,2227,1382,RGB
37394,0,Unknown Artist,2,genre_painting,22,Rococo,1765,1382,RGB
18127,25,albrecht-durer,8,sketch_and_study,17,Northern_Renaissance,1382,2279,RGB
3907,25,albrecht-durer,7,religious_painting,17,Northern_Renaissance,1382,2247,RGB
56003,0,Unknown Artist,7,religious_painting,13,Mannerism_Late_Renaissance,1476,1382,RGB
80049,0,Unknown Artist,10,Unknown Genre,22,Rococo,1741,1382,RGB
23849,0,Unknown Artist,9,still_life,4,Baroque,1753,1382,RGB
18167,25,albrecht-durer,7,religious_painting,17,Northern_Renaissance,1382,2042,RGB
28958,0,Unknown Artist,7,religious_painting,22,Rococo,1382,2396,RGB
62945,0,Unknown Artist,6,portrait,22,Rococo,1382,1767,RGB
58915,0,Unknown Artist,4,landscape,17,Northern_Renaissance,2062,1382,RGB
72335,0,Unknown Artist,10,Unknown Genre,13,Mannerism_Late_Renaissance,1382,2008,RGB
76742,0,Unknown Artist,10,Unknown Genre,11,High_Renaissance,1587,1382,RGB
29129,69,raphael,7,religious_painting,11,High_Renaissance,1771,1382,RGB
37793,67,tintoretto,8,sketch_and_study,13,Mannerism_Late_Renaissance,1382,2073,RGB
43314,61,bartolome-esteban-murillo,7,religious_painting,4,Baroque,1382,2075,RGB
72775,0,Unknown Artist,10,Unknown Genre,13,Mannerism_Late_Renaissance,3894,1382,RGB
56518,0,Unknown Artist,7,religious_painting,8,Early_Renaissance,1382,2089,RGB
70488,0,Unknown Artist,10,Unknown Genre,17,Northern_Renaissance,1382,1903,RGB
56801,0,Unknown Artist,7,religious_painting,8,Early_Renaissance,1382,2118,RGB
21271,125,jacob-jordaens,7,religious_painting,4,Baroque,1651,1382,RGB
51592,0,Unknown Artist,2,genre_painting,4,Baroque,1382,1780,RGB
55675,0,Unknown Artist,7,religious_painting,8,Early_Renaissance,1738,1382,RGB
63594,0,Unknown Artist,6,portrait,22,Rococo,1382,1709,RGB
39923,67,tintoretto,7,religious_painting,13,Mannerism_Late_Renaissance,1382,1874,RGB
45973,0,Unknown Artist,2,genre_painting,4,Baroque,1382,1622,RGB
22495,0,Unknown Artist,7,religious_painting,11,High_Renaissance,1807,1382,RGB
59982,126,thomas-gainsborough,4,landscape,22,Rococo,1722,1382,RGB
56804,82,paolo-veronese,7,religious_painting,13,Mannerism_Late_Renaissance,1423,1382,RGB
24346,0,Unknown Artist,2,genre_painting,22,Rococo,1382,1812,RGB
65257,126,thomas-gainsborough,6,portrait,22,Rococo,1382,2015,RGB
35794,0,Unknown Artist,6,portrait,11,High_Renaissance,1382,1835,RGB
27787,24,leonardo-da-vinci,8,sketch_and_study,8,Early_Renaissance,2608,1382,RGB
22880,0,Unknown Artist,7,religious_painting,13,Mannerism_Late_Renaissance,1382,1935,RGB
72070,0,Unknown Artist,10,Unknown Genre,22,Rococo,1774,1382,RGB
35079,67,tintoretto,7,religious_painting,13,Mannerism_Late_Renaissance,1432,1382,RGB
62966,126,thomas-gainsborough,6,portrait,22,Rococo,1382,1761,RGB
32897,0,Unknown Artist,7,religious_painting,8,Early_Renaissance,2237,1382,RGB
24924,0,Unknown Artist,7,religious_painting,8,Early_Renaissance,1382,2597,RGB
65203,69,raphael,6,portrait,11,High_Renaissance,1382,1992,RGB
21356,0,Unknown Artist,7,religious_painting,4,Baroque,1382,2018,RGB
56745,0,Unknown Artist,7,religious_painting,13,Mannerism_Late_Renaissance,1382,1842,RGB
68213,0,Unknown Artist,10,Unknown Genre,4,Baroque,2258,1382,RGB
38983,0,Unknown Artist,6,portrait,8,Early_Renaissance,1382,1715,RGB
43491,116,frans-hals,6,portrait,4,Baroque,1382,1387,RGB
51444,82,paolo-veronese,7,religious_painting,13,Mannerism_Late_Renaissance,1727,1382,RGB
28866,58,pietro-perugino,7,religious_painting,11,High_Renaissance,1382,1949,RGB
38388,0,Unknown Artist,7,religious_painting,13,Mannerism_Late_Renaissance,1382,2073,RGB
73917,0,Unknown Artist,10,Unknown Genre,4,Baroque,1382,1898,RGB
56195,0,Unknown Artist,7,religious_painting,17,Northern_Renaissance,1852,1382,RGB
17567,20,rembrandt,7,religious_painting,4,Baroque,1382,1719,RGB
50231,61,bartolome-esteban-murillo,7,religious_painting,4,Baroque,1382,2075,RGB
26184,0,Unknown Artist,7,religious_painting,8,Early_Renaissance,1382,1503,RGB
61322,0,Unknown Artist,9,still_life,4,Baroque,2008,1382,RGB
43742,0,Unknown Artist,7,religious_painting,8,Early_Renaissance,1504,1382,RGB
27184,0,Unknown Artist,6,portrait,22,Rococo,1382,1784,RGB
32461,0,Unknown Artist,7,religious_painting,8,Early_Renaissance,1382,3136,RGB
37684,0,Unknown Artist,7,religious_painting,17,Northern_Renaissance,1382,1845,RGB
56260,0,Unknown Artist,7,religious_painting,8,Early_Renaissance,1382,4503,RGB
64359,0,Unknown Artist,6,portrait,4,Baroque,1382,1882,RGB
67875,0,Unknown Artist,10,Unknown Genre,22,Rococo,1382,1602,RGB
43021,0,Unknown Artist,7,religious_painting,8,Early_Renaissance,4993,1382,RGB
50882,0,Unknown Artist,7,religious_painting,8,Early_Renaissance,1382,2357,RGB
46349,29,lucas-cranach-the-elder,6,portrait,17,Northern_Renaissance,1382,2223,RGB
57084,0,Unknown Artist,7,religious_painting,8,Early_Renaissance,1382,1612,RGB
22947,38,fra-angelico,7,religious_painting,8,Early_Renaissance,1382,1749,RGB
29376,87,michelangelo,8,sketch_and_study,11,High_Renaissance,1382,1824,RGB
38512,24,leonardo-da-vinci,8,sketch_and_study,8,Early_Renaissance,1902,1382,RGB
30002,0,Unknown Artist,8,sketch_and_study,8,Early_Renaissance,1382,2232,RGB
50171,0,Unknown Artist,6,portrait,22,Rococo,1382,1813,RGB
21903,69,raphael,7,religious_painting,11,High_Renaissance,1382,2104,RGB
20501,0,Unknown Artist,7,religious_painting,11,High_Renaissance,1382,1715,RGB
26243,0,Unknown Artist,7,religious_painting,8,Early_Renaissance,1382,2125,RGB
78746,0,Unknown Artist,10,Unknown Genre,4,Baroque,1382,1703,RGB
24906,0,Unknown Artist,7,religious_painting,8,Early_Renaissance,1382,1891,RGB
35059,0,Unknown Artist,7,religious_painting,8,Early_Renaissance,1382,1912,RGB
52969,0,Unknown Artist,7,religious_painting,17,Northern_Renaissance,1382,1852,RGB
56472,0,Unknown Artist,7,religious_painting,17,Northern_Renaissance,1382,2047,RGB
18096,25,albrecht-durer,6,portrait,17,Northern_Renaissance,1382,1723,RGB
23615,38,fra-angelico,7,religious_painting,8,Early_Renaissance,1382,2000,RGB
30630,24,leonardo-da-vinci,6,portrait,11,High_Renaissance,1382,2090,RGB
2379,20,rembrandt,7,religious_painting,4,Baroque,1382,1940,RGB
42457,116,frans-hals,6,portrait,4,Baroque,1382,1700,RGB
81111,0,Unknown Artist,10,Unknown Genre,17,Northern_Renaissance,1382,5197,RGB
49432,0,Unknown Artist,7,religious_painting,11,High_Renaissance,1382,1647,RGB
45542,69,raphael,7,religious_painting,11,High_Renaissance,1382,1910,RGB
37130,83,joshua-reynolds,6,portrait,22,Rococo,1381,2265,RGB
55940,67,tintoretto,7,religious_painting,13,Mannerism_Late_Renaissance,1957,1382,RGB
46434,67,tintoretto,7,religious_painting,13,Mannerism_Late_Renaissance,1382,1611,RGB
53624,0,Unknown Artist,2,genre_painting,22,Rococo,1842,1382,RGB
56679,0,Unknown Artist,7,religious_painting,8,Early_Renaissance,1382,2278,RGB
30927,77,titian,6,portrait,13,Mannerism_Late_Renaissance,1382,1651,RGB
48383,103,hans-memling,7,religious_painting,17,Northern_Renaissance,1382,1697,RGB
48154,38,fra-angelico,7,religious_painting,8,Early_Renaissance,2177,1382,RGB
55822,0,Unknown Artist,7,religious_painting,4,Baroque,1382,2382,RGB
47044,38,fra-angelico,7,religious_painting,8,Early_Renaissance,1382,1682,RGB
52686,121,el-greco,6,portrait,13,Mannerism_Late_Renaissance,1382,2089,RGB
41991,126,thomas-gainsborough,6,portrait,22,Rococo,1382,1683,RGB
56635,0,Unknown Artist,7,religious_painting,11,High_Renaissance,1604,1382,RGB
65792,0,Unknown Artist,6,portrait,22,Rococo,1382,1807,RGB
25971,67,tintoretto,7,religious_painting,13,Mannerism_Late_Renaissance,1382,1456,RGB
68496,0,Unknown Artist,10,Unknown Genre,4,Baroque,1382,1552,RGB
29110,0,Unknown Artist,7,religious_painting,17,Northern_Renaissance,1382,1712,RGB
28964,0,Unknown Artist,7,religious_painting,22,Rococo,1382,1876,RGB
33011,82,paolo-veronese,7,religious_painting,13,Mannerism_Late_Renaissance,2797,1382,RGB
57337,0,Unknown Artist,5,nude_painting,4,Baroque,2014,1382,RGB
38513,126,thomas-gainsborough,6,portrait,22,Rococo,1382,1703,RGB
78490,0,Unknown Artist,10,Unknown Genre,13,Mannerism_Late_Renaissance,1962,1382,RGB
72673,0,Unknown Artist,10,Unknown Genre,8,Early_Renaissance,1382,1924,RGB
56580,38,fra-angelico,7,religious_painting,8,Early_Renaissance,1382,2007,RGB
72817,0,Unknown Artist,10,Unknown Genre,13,Mannerism_Late_Renaissance,1712,1382,RGB
30841,87,michelangelo,5,nude_painting,11,High_Renaissance,1382,1667,RGB
56362,0,Unknown Artist,7,religious_painting,13,Mannerism_Late_Renaissance,1592,1382,RGB
56925,0,Unknown Artist,7,religious_painting,8,Early_Renaissance,1715,1382,RGB
77197,0,Unknown Artist,10,Unknown Genre,4,Baroque,2588,1382,RGB
68284,0,Unknown Artist,10,Unknown Genre,17,Northern_Renaissance,1465,1382,RGB
70253,0,Unknown Artist,10,Unknown Genre,22,Rococo,1764,1382,RGB
23572,0,Unknown Artist,6,portrait,4,Baroque,1382,1706,RGB
23715,0,Unknown Artist,6,portrait,22,Rococo,1382,1768,RGB
29939,77,titian,6,portrait,13,Mannerism_Late_Renaissance,1382,1623,RGB
20810,0,Unknown Artist,3,illustration,8,Early_Renaissance,2050,1382,RGB
46324,77,titian,6,portrait,11,High_Renaissance,1382,1646,RGB
38094,0,Unknown Artist,6,portrait,22,Rococo,1382,1825,RGB
70006,0,Unknown Artist,10,Unknown Genre,22,Rococo,1382,2283,RGB
74939,0,Unknown Artist,10,Unknown Genre,22,Rococo,1514,1382,RGB
30341,67,tintoretto,7,religious_painting,13,Mannerism_Late_Renaissance,1382,2923,RGB
55696,0,Unknown Artist,7,religious_painting,4,Baroque,1641,1382,RGB
56858,121,el-greco,7,religious_painting,13,Mannerism_Late_Renaissance,1645,1382,RGB
48745,0,Unknown Artist,7,religious_painting,13,Mannerism_Late_Renaissance,1382,1765,RGB
36982,38,fra-angelico,7,religious_painting,8,Early_Renaissance,1382,1419,RGB
24113,121,el-greco,6,portrait,13,Mannerism_Late_Renaissance,1382,1699,RGB
55764,0,Unknown Artist,7,religious_painting,8,Early_Renaissance,1382,1900,RGB
31908,0,Unknown Artist,7,religious_painting,17,Northern_Renaissance,1382,2360,RGB
38014,82,paolo-veronese,7,religious_painting,13,Mannerism_Late_Renaissance,3338,1382,RGB
47303,121,el-greco,6,portrait,13,Mannerism_Late_Renaissance,1382,2050,RGB
43150,0,Unknown Artist,7,religious_painting,8,Early_Renaissance,1669,1382,RGB
27372,0,Unknown Artist,8,sketch_and_study,11,High_Renaissance,1382,1451,RGB
34653,0,Unknown Artist,6,portrait,8,Early_Renaissance,1382,2193,RGB
76522,0,Unknown Artist,10,Unknown Genre,17,Northern_Renaissance,1382,1580,RGB
49244,0,Unknown Artist,2,genre_painting,22,Rococo,1382,1873,RGB
59772,82,paolo-veronese,4,landscape,13,Mannerism_Late_Renaissance,1382,2749,RGB
28550,0,Unknown Artist,7,religious_painting,8,Early_Renaissance,2868,1382,RGB
27333,121,el-greco,7,religious_painting,13,Mannerism_Late_Renaissance,1382,3635,RGB
19146,0,Unknown Artist,7,religious_painting,8,Early_Renaissance,1661,1382,RGB
23926,61,bartolome-esteban-murillo,7,religious_painting,4,Baroque,1382,1883,RGB
43622,0,Unknown Artist,2,genre_painting,17,Northern_Renaissance,1382,1967,RGB
33512,23,hieronymus-bosch,7,religious_painting,17,Northern_Renaissance,1685,1382,RGB
48432,0,Unknown Artist,2,genre_painting,22,Rococo,1763,1382,RGB
36698,83,joshua-reynolds,6,portrait,22,Rococo,1382,2311,RGB
38079,0,Unknown Artist,2,genre_painting,4,Baroque,1634,1381,RGB
36740,0,Unknown Artist,7,religious_painting,8,Early_Renaissance,1382,2768,RGB
70537,0,Unknown Artist,10,Unknown Genre,22,Rococo,1967,1382,RGB
38351,0,Unknown Artist,7,religious_painting,8,Early_Renaissance,1382,1979,RGB
29130,114,anthony-van-dyck,6,portrait,4,Baroque,1382,1618,RGB
46633,0,Unknown Artist,6,portrait,13,Mannerism_Late_Renaissance,1382,1458,RGB
17759,20,rembrandt,8,sketch_and_study,4,Baroque,1382,1808,RGB
78640,0,Unknown Artist,10,Unknown Genre,4,Baroque,1382,1555,RGB
20794,67,tintoretto,7,religious_painting,13,Mannerism_Late_Renaissance,1382,3462,RGB
26551,0,Unknown Artist,7,religious_painting,13,Mannerism_Late_Renaissance,1382,2101,RGB
31915,0,Unknown Artist,6,portrait,4,Baroque,1382,2476,RGB
34041,87,michelangelo,7,religious_painting,11,High_Renaissance,1382,3939,RGB
25993,0,Unknown Artist,6,portrait,22,Rococo,1382,1797,RGB
76358,0,Unknown Artist,10,Unknown Genre,11,High_Renaissance,1446,1382,RGB
47365,114,anthony-van-dyck,8,sketch_and_study,4,Baroque,1382,2132,RGB
72017,0,Unknown Artist,10,Unknown Genre,13,Mannerism_Late_Renaissance,1382,2391,RGB
322,20,rembrandt,7,religious_painting,4,Baroque,1915,1382,RGB
55717,0,Unknown Artist,7,religious_painting,8,Early_Renaissance,1641,1382,RGB
56850,0,Unknown Artist,7,religious_painting,13,Mannerism_Late_Renaissance,1382,1974,RGB
55736,0,Unknown Artist,7,religious_painting,4,Baroque,1382,1693,RGB
56883,0,Unknown Artist,7,religious_painting,8,Early_Renaissance,2121,1382,RGB
49860,77,titian,6,portrait,13,Mannerism_Late_Renaissance,1382,1644,RGB
41583,0,Unknown Artist,7,religious_painting,8,Early_Renaissance,3169,1382,RGB
48915,0,Unknown Artist,7,religious_painting,13,Mannerism_Late_Renaissance,1382,3204,RGB
77142,0,Unknown Artist,10,Unknown Genre,13,Mannerism_Late_Renaissance,1382,1756,RGB
25751,0,Unknown Artist,7,religious_painting,8,Early_Renaissance,1382,1824,RGB
64703,126,thomas-gainsborough,6,portrait,22,Rococo,1382,1837,RGB
44152,69,raphael,7,religious_painting,11,High_Renaissance,1746,1382,RGB
43894,0,Unknown Artist,7,religious_painting,4,Baroque,1857,1382,RGB
74276,0,Unknown Artist,10,Unknown Genre,13,Mannerism_Late_Renaissance,1721,1382,RGB
31355,23,hieronymus-bosch,7,religious_painting,17,Northern_Renaissance,1382,2712,RGB
49624,38,fra-angelico,7,religious_painting,8,Early_Renaissance,1382,1601,RGB
8196,25,albrecht-durer,7,religious_painting,17,Northern_Renaissance,1382,1727,RGB
80079,0,Unknown Artist,10,Unknown Genre,22,Rococo,2048,1382,RGB
52835,58,pietro-perugino,7,religious_painting,11,High_Renaissance,1382,1855,RGB
50778,0,Unknown Artist,7,religious_painting,8,Early_Renaissance,2221,1381,RGB
17996,25,albrecht-durer,2,genre_painting,17,Northern_Renaissance,1382,1992,RGB
21351,77,titian,6,portrait,13,Mannerism_Late_Renaissance,1382,2020,RGB
4750,25,albrecht-durer,8,sketch_and_study,17,Northern_Renaissance,1382,1919,RGB
50464,0,Unknown Artist,2,genre_painting,17,Northern_Renaissance,1382,1417,RGB
46819,0,Unknown Artist,7,religious_painting,4,Baroque,1382,2074,RGB
70492,0,Unknown Artist,10,Unknown Genre,22,Rococo,1382,2027,RGB
62384,0,Unknown Artist,8,sketch_and_study,4,Baroque,1382,1852,RGB
24407,0,Unknown Artist,7,religious_painting,17,Northern_Renaissance,1382,1589,RGB
56376,0,Unknown Artist,7,religious_painting,22,Rococo,1382,1723,RGB
26324,0,Unknown Artist,6,portrait,22,Rococo,1382,1709,RGB
53365,0,Unknown Artist,2,genre_painting,22,Rococo,1382,1859,RGB
65060,114,anthony-van-dyck,6,portrait,4,Baroque,1382,1889,RGB
56166,0,Unknown Artist,7,religious_painting,17,Northern_Renaissance,1382,1615,RGB
17599,20,rembrandt,6,portrait,4,Baroque,1382,1805,RGB
56822,0,Unknown Artist,7,religious_painting,8,Early_Renaissance,1382,1850,RGB
35102,0,Unknown Artist,6,portrait,11,High_Renaissance,1382,1660,RGB
35017,0,Unknown Artist,2,genre_painting,4,Baroque,1875,1382,RGB
65510,0,Unknown Artist,6,portrait,22,Rococo,1382,1782,RGB
29212,0,Unknown Artist,2,genre_painting,4,Baroque,1382,1613,RGB
57039,23,hieronymus-bosch,7,religious_painting,17,Northern_Renaissance,1382,1709,RGB
44030,0,Unknown Artist,7,religious_painting,8,Early_Renaissance,1382,3689,RGB
34707,67,tintoretto,7,religious_painting,13,Mannerism_Late_Renaissance,1382,2528,RGB
45958,110,joseph-wright,4,landscape,4,Baroque,2182,1382,RGB
55037,0,Unknown Artist,2,genre_painting,4,Baroque,1877,1382,RGB
41445,0,Unknown Artist,7,religious_painting,8,Early_Renaissance,3601,1382,RGB
55869,0,Unknown Artist,7,religious_painting,8,Early_Renaissance,1398,1382,RGB
22670,58,pietro-perugino,7,religious_painting,11,High_Renaissance,1382,2836,RGB
35304,0,Unknown Artist,6,portrait,22,Rococo,1382,2002,RGB
62773,0,Unknown Artist,3,illustration,8,Early_Renaissance,2038,1382,RGB
7169,20,rembrandt,7,religious_painting,4,Baroque,1382,1537,RGB
42609,0,Unknown Artist,6,portrait,4,Baroque,1623,1382,RGB
63115,0,Unknown Artist,6,portrait,22,Rococo,1382,1630,RGB
4444,20,rembrandt,6,portrait,4,Baroque,1382,1736,RGB
19927,0,Unknown Artist,2,genre_painting,22,Rococo,1870,1382,RGB
65515,116,frans-hals,6,portrait,4,Baroque,1382,1574,RGB
62413,69,raphael,8,sketch_and_study,11,High_Renaissance,2090,1382,RGB
78471,0,Unknown Artist,10,Unknown Genre,13,Mannerism_Late_Renaissance,1665,1382,RGB
56496,0,Unknown Artist,7,religious_painting,8,Early_Renaissance,1382,1518,RGB
55654,0,Unknown Artist,7,religious_painting,8,Early_Renaissance,2060,1382,RGB
11236,20,rembrandt,8,sketch_and_study,4,Baroque,1382,1620,RGB
29648,0,Unknown Artist,4,landscape,8,Early_Renaissance,1382,1878,RGB
41676,87,michelangelo,7,religious_painting,11,High_Renaissance,1382,1977,RGB
37344,0,Unknown Artist,7,religious_painting,17,Northern_Renaissance,1382,2019,RGB
49320,0,Unknown Artist,6,portrait,8,Early_Renaissance,1382,1531,RGB
77432,0,Unknown Artist,10,Unknown Genre,13,Mannerism_Late_Renaissance,1382,1727,RGB
65139,0,Unknown Artist,6,portrait,11,High_Renaissance,1382,1869,RGB
30801,125,jacob-jordaens,8,sketch_and_study,4,Baroque,1613,1382,RGB
73643,0,Unknown Artist,10,Unknown Genre,13,Mannerism_Late_Renaissance,2009,1382,RGB
78657,0,Unknown Artist,10,Unknown Genre,4,Baroque,1895,1382,RGB
20049,0,Unknown Artist,7,religious_painting,22,Rococo,1382,1763,RGB
52212,0,Unknown Artist,6,portrait,11,High_Renaissance,1598,1382,RGB
63576,0,Unknown Artist,6,portrait,17,Northern_Renaissance,1382,1992,RGB
72374,0,Unknown Artist,10,Unknown Genre,4,Baroque,1889,1382,RGB
5964,0,Unknown Artist,10,Unknown Genre,17,Northern_Renaissance,1382,1851,RGB
56968,77,titian,7,religious_painting,11,High_Renaissance,1672,1382,RGB
26983,77,titian,7,religious_painting,11,High_Renaissance,1382,2561,RGB
74253,0,Unknown Artist,10,Unknown Genre,8,Early_Renaissance,1382,2230,RGB
80053,0,Unknown Artist,10,Unknown Genre,22,Rococo,2677,1382,RGB
41940,83,joshua-reynolds,8,sketch_and_study,22,Rococo,1382,2241,RGB
17699,20,rembrandt,6,portrait,4,Baroque,1382,1458,RGB
49263,0,Unknown Artist,7,religious_painting,4,Baroque,1744,1382,RGB
39288,0,Unknown Artist,6,portrait,11,High_Renaissance,1382,1821,RGB
18065,25,albrecht-durer,8,sketch_and_study,17,Northern_Renaissance,1382,1875,RGB
24024,0,Unknown Artist,7,religious_painting,8,Early_Renaissance,1985,1382,RGB
63765,0,Unknown Artist,6,portrait,22,Rococo,1382,1719,RGB
38822,0,Unknown Artist,7,religious_painting,8,Early_Renaissance,1382,1993,RGB
58969,0,Unknown Artist,4,landscape,4,Baroque,1647,1382,RGB
64986,121,el-greco,6,portrait,13,Mannerism_Late_Renaissance,1382,1466,RGB
27297,87,michelangelo,8,sketch_and_study,11,High_Renaissance,1398,1382,RGB
18177,25,albrecht-durer,8,sketch_and_study,17,Northern_Renaissance,1382,2043,RGB
45284,0,Unknown Artist,4,landscape,22,Rococo,1713,1382,RGB
52054,0,Unknown Artist,7,religious_painting,8,Early_Renaissance,1455,1382,RGB
26039,0,Unknown Artist,9,still_life,4,Baroque,2936,1382,RGB
25392,121,el-greco,7,religious_painting,13,Mannerism_Late_Renaissance,1382,3790,RGB
56881,0,Unknown Artist,7,religious_painting,13,Mannerism_Late_Renaissance,1549,1382,RGB
42303,0,Unknown Artist,7,religious_painting,17,Northern_Renaissance,2824,1382,RGB
29926,121,el-greco,7,religious_painting,13,Mannerism_Late_Renaissance,1382,2836,RGB
33808,0,Unknown Artist,6,portrait,17,Northern_Renaissance,1382,1873,RGB
22529,116,frans-hals,6,portrait,4,Baroque,1382,1586,RGB
17587,20,rembrandt,4,landscape,4,Baroque,1683,1382,RGB
38748,0,Unknown Artist,2,genre_painting,22,Rococo,1382,1553,RGB
46402,0,Unknown Artist,6,portrait,22,Rococo,1382,1631,RGB
23046,0,Unknown Artist,7,religious_painting,17,Northern_Renaissance,1382,1699,RGB
52585,0,Unknown Artist,6,portrait,22,Rococo,1382,1680,RGB
56939,0,Unknown Artist,7,religious_painting,4,Baroque,1382,1813,RGB
51360,0,Unknown Artist,7,religious_painting,8,Early_Renaissance,1382,1736,RGB
56316,0,Unknown Artist,7,religious_painting,8,Early_Renaissance,1813,1382,RGB
50050,0,Unknown Artist,1,cityscape,13,Mannerism_Late_Renaissance,2088,1382,RGB
22513,0,Unknown Artist,6,portrait,11,High_Renaissance,1382,1698,RGB
29427,0,Unknown Artist,7,religious_painting,8,Early_Renaissance,1382,1914,RGB
56060,0,Unknown Artist,7,religious_painting,11,High_Renaissance,2002,1382,RGB
78574,0,Unknown Artist,10,Unknown Genre,4,Baroque,1382,1604,RGB
21150,24,leonardo-da-vinci,8,sketch_and_study,11,High_Renaissance,1382,1766,RGB
30920,0,Unknown Artist,7,religious_painting,13,Mannerism_Late_Renaissance,1382,1842,RGB
57049,0,Unknown Artist,7,religious_painting,13,Mannerism_Late_Renaissance,1382,1842,RGB
33613,80,peter-paul-rubens,8,sketch_and_study,4,Baroque,1382,1873,RGB
80056,0,Unknown Artist,10,Unknown Genre,22,Rococo,1382,1693,RGB
70378,0,Unknown Artist,10,Unknown Genre,13,Mannerism_Late_Renaissance,2363,1382,RGB
24023,0,Unknown Artist,1,cityscape,13,Mannerism_Late_Renaissance,2194,1382,RGB
11714,20,rembrandt,6,portrait,4,Baroque,1382,1623,RGB
68880,0,Unknown Artist,10,Unknown Genre,4,Baroque,1696,1382,RGB
78569,0,Unknown Artist,10,Unknown Genre,4,Baroque,1996,1382,RGB
68709,0,Unknown Artist,10,Unknown Genre,11,High_Renaissance,1382,1695,RGB
76127,0,Unknown Artist,10,Unknown Genre,13,Mannerism_Late_Renaissance,1455,1382,RGB
28595,0,Unknown Artist,2,genre_painting,22,Rococo,1382,2073,RGB
7912,25,albrecht-durer,8,sketch_and_study,17,Northern_Renaissance,1990,1382,RGB
55695,0,Unknown Artist,7,religious_painting,8,Early_Renaissance,1382,1856,RGB
77081,0,Unknown Artist,10,Unknown Genre,13,Mannerism_Late_Renaissance,1408,1382,RGB
64055,0,Unknown Artist,6,portrait,22,Rococo,1382,1658,RGB
73276,0,Unknown Artist,10,Unknown Genre,8,Early_Renaissance,1382,1464,RGB
47853,125,jacob-jordaens,7,religious_painting,4,Baroque,1382,1826,RGB
9681,20,rembrandt,2,genre_painting,4,Baroque,1382,1868,RGB
17959,25,albrecht-durer,4,landscape,17,Northern_Renaissance,1382,1735,RGB
30545,0,Unknown Artist,7,religious_painting,8,Early_Renaissance,1916,1382,RGB
33650,0,Unknown Artist,7,religious_painting,8,Early_Renaissance,1734,1382,RGB
62282,24,leonardo-da-vinci,8,sketch_and_study,11,High_Renaissance,1733,1382,RGB
43350,77,titian,6,portrait,11,High_Renaissance,1382,1796,RGB
5781,20,rembrandt,6,portrait,4,Baroque,1382,1882,RGB
56765,0,Unknown Artist,7,religious_painting,13,Mannerism_Late_Renaissance,1382,1967,RGB
8970,0,Unknown Artist,10,Unknown Genre,17,Northern_Renaissance,1382,1915,RGB
36775,0,Unknown Artist,2,genre_painting,22,Rococo,1981,1382,RGB
56633,121,el-greco,7,religious_painting,13,Mannerism_Late_Renaissance,1751,1381,RGB
43430,0,Unknown Artist,7,religious_painting,13,Mannerism_Late_Renaissance,1381,2032,RGB
21491,0,Unknown Artist,2,genre_painting,22,Rococo,1382,1801,RGB
35277,121,el-greco,6,portrait,13,Mannerism_Late_Renaissance,1382,1771,RGB
73166,0,Unknown Artist,10,Unknown Genre,4,Baroque,2207,1382,RGB
433,25,albrecht-durer,7,religious_painting,17,Northern_Renaissance,1382,1796,RGB
55880,0,Unknown Artist,7,religious_painting,11,High_Renaissance,1382,2193,RGB
64426,0,Unknown Artist,6,portrait,22,Rococo,1382,1662,RGB
44636,0,Unknown Artist,7,religious_painting,13,Mannerism_Late_Renaissance,1382,1674,RGB
54336,0,Unknown Artist,2,genre_painting,22,Rococo,1382,1725,RGB
29895,87,michelangelo,8,sketch_and_study,11,High_Renaissance,1382,1382,RGB
79385,0,Unknown Artist,10,Unknown Genre,11,High_Renaissance,2117,1382,RGB
46267,23,hieronymus-bosch,7,religious_painting,17,Northern_Renaissance,1507,1382,RGB
39269,69,raphael,7,religious_painting,11,High_Renaissance,1382,1568,RGB
30236,0,Unknown Artist,7,religious_painting,17,Northern_Renaissance,1382,1716,RGB
53829,80,peter-paul-rubens,2,genre_painting,4,Baroque,2141,1382,RGB
37571,23,hieronymus-bosch,7,religious_painting,17,Northern_Renaissance,1382,2752,RGB
50628,0,Unknown Artist,7,religious_painting,11,High_Renaissance,1690,1382,RGB
58200,128,canaletto,1,cityscape,4,Baroque,1382,1755,RGB
44823,0,Unknown Artist,2,genre_painting,22,Rococo,1382,1706,RGB
70186,0,Unknown Artist,10,Unknown Genre,17,Northern_Renaissance,1382,1474,RGB
12134,20,rembrandt,7,religious_painting,4,Baroque,1382,1912,RGB
59041,0,Unknown Artist,4,landscape,22,Rococo,1833,1382,RGB
4387,25,albrecht-durer,6,portrait,17,Northern_Renaissance,1988,1382,RGB
32070,58,pietro-perugino,7,religious_painting,8,Early_Renaissance,1382,1497,RGB
26659,0,Unknown Artist,7,religious_painting,11,High_Renaissance,1765,1382,RGB
73041,0,Unknown Artist,10,Unknown Genre,13,Mannerism_Late_Renaissance,3356,1382,RGB
20887,67,tintoretto,7,religious_painting,13,Mannerism_Late_Renaissance,1382,2532,RGB
56342,58,pietro-perugino,7,religious_painting,11,High_Renaissance,1392,1382,RGB
57081,0,Unknown Artist,7,religious_painting,11,High_Renaissance,1382,1922,RGB
32863,0,Unknown Artist,1,cityscape,13,Mannerism_Late_Renaissance,1860,1382,RGB
19607,0,Unknown Artist,2,genre_painting,22,Rococo,1382,1706,RGB
78622,0,Unknown Artist,10,Unknown Genre,4,Baroque,1906,1382,RGB
54436,0,Unknown Artist,2,genre_painting,4,Baroque,1570,1382,RGB
57872,128,canaletto,1,cityscape,22,Rococo,1914,1382,RGB
52563,0,Unknown Artist,1,cityscape,11,High_Renaissance,2038,1382,RGB
30690,58,pietro-perugino,7,religious_painting,11,High_Renaissance,1382,1623,RGB
12026,25,albrecht-durer,7,religious_painting,17,Northern_Renaissance,1381,2288,RGB
47661,0,Unknown Artist,7,religious_painting,17,Northern_Renaissance,1382,1780,RGB
51954,0,Unknown Artist,7,religious_painting,4,Baroque,1382,1690,RGB
54741,67,tintoretto,2,genre_painting,13,Mannerism_Late_Renaissance,2105,1382,RGB
27380,0,Unknown Artist,4,landscape,17,Northern_Renaissance,2057,1382,RGB
24020,61,bartolome-esteban-murillo,7,religious_painting,4,Baroque,1382,2257,RGB
78641,0,Unknown Artist,10,Unknown Genre,4,Baroque,1645,1382,RGB
80040,0,Unknown Artist,10,Unknown Genre,22,Rococo,1382,3156,RGB
56646,0,Unknown Artist,7,religious_painting,8,Early_Renaissance,1382,2630,RGB
32425,0,Unknown Artist,6,portrait,17,Northern_Renaissance,1382,1974,RGB
25356,0,Unknown Artist,6,portrait,22,Rococo,1382,1828,RGB
58882,0,Unknown Artist,4,landscape,4,Baroque,1755,1382,RGB
22648,0,Unknown Artist,7,religious_painting,11,High_Renaissance,1382,1726,RGB
17735,20,rembrandt,6,portrait,4,Baroque,1382,1833,RGB
78741,0,Unknown Artist,10,Unknown Genre,4,Baroque,1382,1759,RGB
24026,116,frans-hals,6,portrait,4,Baroque,1382,2135,RGB
4667,25,albrecht-durer,6,portrait,17,Northern_Renaissance,1382,1839,RGB
40794,0,Unknown Artist,7,religious_painting,8,Early_Renaissance,1998,1382,RGB
78517,0,Unknown Artist,10,Unknown Genre,13,Mannerism_Late_Renaissance,2090,1382,RGB
23266,0,Unknown Artist,4,landscape,22,Rococo,1863,1382,RGB
49036,0,Unknown Artist,7,religious_painting,22,Rococo,1382,1944,RGB
72806,0,Unknown Artist,10,Unknown Genre,4,Baroque,1661,1382,RGB
81157,0,Unknown Artist,10,Unknown Genre,17,Northern_Renaissance,1382,2136,RGB
51821,0,Unknown Artist,6,portrait,8,Early_Renaissance,5385,1382,RGB
35073,38,fra-angelico,7,religious_painting,8,Early_Renaissance,1382,1765,RGB
80527,0,Unknown Artist,10,Unknown Genre,8,Early_Renaissance,1382,2095,RGB
20257,0,Unknown Artist,2,genre_painting,4,Baroque,1805,1382,RGB
80526,0,Unknown Artist,10,Unknown Genre,8,Early_Renaissance,2132,1382,RGB
78486,0,Unknown Artist,10,Unknown Genre,13,Mannerism_Late_Renaissance,2069,1382,RGB
2448,0,Unknown Artist,10,Unknown Genre,17,Northern_Renaissance,1382,1936,RGB
27413,24,leonardo-da-vinci,8,sketch_and_study,8,Early_Renaissance,1382,3607,RGB
4892,25,albrecht-durer,7,religious_painting,17,Northern_Renaissance,1382,3705,RGB
72475,0,Unknown Artist,10,Unknown Genre,13,Mannerism_Late_Renaissance,1382,1772,RGB
60526,24,leonardo-da-vinci,4,landscape,11,High_Renaissance,1382,1749,RGB
29024,0,Unknown Artist,7,religious_painting,11,High_Renaissance,1382,1749,RGB
36239,0,Unknown Artist,6,portrait,4,Baroque,1382,2307,RGB
56338,0,Unknown Artist,7,religious_painting,13,Mannerism_Late_Renaissance,1382,1798,RGB
56308,77,titian,7,religious_painting,13,Mannerism_Late_Renaissance,1382,1689,RGB
77253,0,Unknown Artist,10,Unknown Genre,17,Northern_Renaissance,1382,1721,RGB
75106,0,Unknown Artist,10,Unknown Genre,22,Rococo,2057,1382,RGB
38412,0,Unknown Artist,7,religious_painting,8,Early_Renaissance,1599,1382,RGB
81117,0,Unknown Artist,10,Unknown Genre,17,Northern_Renaissance,1382,1961,RGB
43844,0,Unknown Artist,6,portrait,22,Rococo,1382,1609,RGB
64538,0,Unknown Artist,6,portrait,8,Early_Renaissance,1565,1382,RGB
65024,126,thomas-gainsborough,6,portrait,22,Rococo,1382,1753,RGB
18111,0,Unknown Artist,10,Unknown Genre,17,Northern_Renaissance,1382,1665,RGB
56892,0,Unknown Artist,7,religious_painting,8,Early_Renaissance,1382,1599,RGB
1823,20,rembrandt,8,sketch_and_study,4,Baroque,1785,1382,RGB
56566,0,Unknown Artist,7,religious_painting,8,Early_Renaissance,1382,1735,RGB
38247,0,Unknown Artist,7,religious_painting,8,Early_Renaissance,1782,1382,RGB
44983,0,Unknown Artist,9,still_life,4,Baroque,1382,1725,RGB
69078,0,Unknown Artist,10,Unknown Genre,11,High_Renaissance,1382,2729,RGB
37361,0,Unknown Artist,7,religious_painting,11,High_Renaissance,1382,1429,RGB
42473,38,fra-angelico,7,religious_painting,8,Early_Renaissance,1705,1382,RGB
68872,0,Unknown Artist,10,Unknown Genre,13,Mannerism_Late_Renaissance,1382,1519,RGB
29050,0,Unknown Artist,6,portrait,22,Rococo,1382,1646,RGB
21759,67,tintoretto,7,religious_painting,13,Mannerism_Late_Renaissance,2082,1382,RGB
55697,0,Unknown Artist,7,religious_painting,11,High_Renaissance,2331,1382,RGB
55660,0,Unknown Artist,7,religious_painting,11,High_Renaissance,1931,1382,RGB
20863,67,tintoretto,7,religious_painting,13,Mannerism_Late_Renaissance,2095,1382,RGB
5459,25,albrecht-durer,1,cityscape,17,Northern_Renaissance,1794,1382,RGB
63763,0,Unknown Artist,6,portrait,22,Rococo,1805,1382,RGB
32016,0,Unknown Artist,6,portrait,22,Rococo,1382,1783,RGB
27938,0,Unknown Artist,9,still_life,4,Baroque,1974,1382,RGB
76780,0,Unknown Artist,10,Unknown Genre,13,Mannerism_Late_Renaissance,1382,1778,RGB
46820,0,Unknown Artist,2,genre_painting,11,High_Renaissance,1653,1382,RGB
56634,82,paolo-veronese,7,religious_painting,13,Mannerism_Late_Renaissance,1782,1382,RGB
57060,0,Unknown Artist,7,religious_painting,13,Mannerism_Late_Renaissance,1753,1382,RGB
41427,0,Unknown Artist,2,genre_painting,17,Northern_Renaissance,1457,1382,RGB
10765,25,albrecht-durer,7,religious_painting,17,Northern_Renaissance,1382,1785,RGB
19258,0,Unknown Artist,7,religious_painting,8,Early_Renaissance,1382,1997,RGB
44001,0,Unknown Artist,6,portrait,11,High_Renaissance,1382,1882,RGB
18071,0,Unknown Artist,10,Unknown Genre,17,Northern_Renaissance,1382,2129,RGB
56654,58,pietro-perugino,7,religious_painting,8,Early_Renaissance,1382,1382,RGB
56477,38,fra-angelico,7,religious_painting,8,Early_Renaissance,1382,2620,RGB
71907,0,Unknown Artist,10,Unknown Genre,11,High_Renaissance,1382,1842,RGB
66086,0,Unknown Artist,6,portrait,8,Early_Renaissance,1382,1920,RGB
50238,0,Unknown Artist,6,portrait,13,Mannerism_Late_Renaissance,1382,1862,RGB
41239,0,Unknown Artist,7,religious_painting,8,Early_Renaissance,1771,1382,RGB
64763,0,Unknown Artist,6,portrait,22,Rococo,1382,1721,RGB
44547,126,thomas-gainsborough,6,portrait,22,Rococo,1382,2165,RGB
25980,67,tintoretto,7,religious_painting,13,Mannerism_Late_Renaissance,2173,1382,RGB
45870,0,Unknown Artist,7,religious_painting,17,Northern_Renaissance,1382,2043,RGB
40107,0,Unknown Artist,7,religious_painting,8,Early_Renaissance,2126,1382,RGB
38984,0,Unknown Artist,6,portrait,22,Rococo,1382,2073,RGB
45383,0,Unknown Artist,8,sketch_and_study,8,Early_Renaissance,1382,1716,RGB
56688,0,Unknown Artist,7,religious_painting,8,Early_Renaissance,1382,2183,RGB
35276,61,bartolome-esteban-murillo,2,genre_painting,4,Baroque,1382,2126,RGB
23296,126,thomas-gainsborough,6,portrait,22,Rococo,1382,2128,RGB
27867,24,leonardo-da-vinci,6,portrait,11,High_Renaissance,1382,1599,RGB
34200,0,Unknown Artist,7,religious_painting,17,Northern_Renaissance,1934,1382,RGB
20954,0,Unknown Artist,2,genre_painting,17,Northern_Renaissance,1382,1931,RGB
70708,0,Unknown Artist,10,Unknown Genre,22,Rococo,2216,1382,RGB
39936,121,el-greco,6,portrait,13,Mannerism_Late_Renaissance,1382,1509,RGB
4994,20,rembrandt,7,religious_painting,4,Baroque,1382,2079,RGB
29435,0,Unknown Artist,4,landscape,11,High_Renaissance,1740,1382,RGB
43674,0,Unknown Artist,7,religious_painting,8,Early_Renaissance,1651,1382,RGB
47161,24,leonardo-da-vinci,8,sketch_and_study,11,High_Renaissance,1382,1899,RGB
46198,116,frans-hals,6,portrait,4,Baroque,1382,1723,RGB
56929,82,paolo-veronese,7,religious_painting,13,Mannerism_Late_Renaissance,1442,1382,RGB
42529,0,Unknown Artist,2,genre_painting,4,Baroque,1382,1571,RGB
17971,25,albrecht-durer,7,religious_painting,17,Northern_Renaissance,1382,1795,RGB
57020,82,paolo-veronese,7,religious_painting,13,Mannerism_Late_Renaissance,2101,1382,RGB
9206,25,albrecht-durer,8,sketch_and_study,17,Northern_Renaissance,2078,1382,RGB
22165,0,Unknown Artist,8,sketch_and_study,13,Mannerism_Late_Renaissance,1382,2293,RGB
45453,0,Unknown Artist,7,religious_painting,4,Baroque,1883,1382,RGB
17577,20,rembrandt,7,religious_painting,4,Baroque,1382,1689,RGB
28645,0,Unknown Artist,7,religious_painting,17,Northern_Renaissance,1382,1983,RGB
45974,0,Unknown Artist,7,religious_painting,8,Early_Renaissance,1382,1693,RGB
25221,0,Unknown Artist,6,portrait,8,Early_Renaissance,1382,1791,RGB
44647,77,titian,7,religious_painting,13,Mannerism_Late_Renaissance,1382,1696,RGB
12525,25,albrecht-durer,4,landscape,17,Northern_Renaissance,1760,1382,RGB
56946,82,paolo-veronese,7,religious_painting,13,Mannerism_Late_Renaissance,1723,1382,RGB
56544,0,Unknown Artist,7,religious_painting,8,Early_Renaissance,1382,1974,RGB
30654,83,joshua-reynolds,6,portrait,22,Rococo,1382,1794,RGB
28223,0,Unknown Artist,6,portrait,22,Rococo,1382,1756,RGB
32011,0,Unknown Artist,7,religious_painting,4,Baroque,1382,1875,RGB
56434,0,Unknown Artist,7,religious_painting,11,High_Renaissance,1382,2685,RGB
81132,0,Unknown Artist,10,Unknown Genre,17,Northern_Renaissance,1382,1742,RGB
31818,0,Unknown Artist,7,religious_painting,8,Early_Renaissance,1382,1878,RGB
55860,0,Unknown Artist,7,religious_painting,8,Early_Renaissance,1382,1497,RGB
27871,67,tintoretto,7,religious_painting,13,Mannerism_Late_Renaissance,2991,1382,RGB
56368,0,Unknown Artist,7,religious_painting,8,Early_Renaissance,1382,1994,RGB
55741,38,fra-angelico,7,religious_painting,8,Early_Renaissance,1382,2406,RGB
57044,67,tintoretto,7,religious_painting,13,Mannerism_Late_Renaissance,1382,2386,RGB
35768,0,Unknown Artist,6,portrait,22,Rococo,1382,1703,RGB
40509,24,leonardo-da-vinci,8,sketch_and_study,11,High_Renaissance,1382,1683,RGB
38887,0,Unknown Artist,7,religious_painting,8,Early_Renaissance,1845,1382,RGB
11039,20,rembrandt,2,genre_painting,4,Baroque,1382,2012,RGB
56294,0,Unknown Artist,7,religious_painting,17,Northern_Renaissance,1382,1741,RGB
31781,121,el-greco,7,religious_painting,13,Mannerism_Late_Renaissance,1382,2985,RGB
65985,77,titian,6,portrait,13,Mannerism_Late_Renaissance,1382,1684,RGB
49578,125,jacob-jordaens,6,portrait,4,Baroque,1382,1712,RGB
36831,0,Unknown Artist,7,religious_painting,8,Early_Renaissance,1382,2145,RGB
62165,114,anthony-van-dyck,8,sketch_and_study,4,Baroque,1786,1382,RGB
65953,0,Unknown Artist,6,portrait,11,High_Renaissance,1785,1382,RGB
79375,0,Unknown Artist,10,Unknown Genre,11,High_Renaissance,2256,1382,RGB
29053,0,Unknown Artist,7,religious_painting,8,Early_Renaissance,1382,3295,RGB
32298,0,Unknown Artist,7,religious_painting,8,Early_Renaissance,1382,1451,RGB
46032,0,Unknown Artist,7,religious_painting,8,Early_Renaissance,1382,1946,RGB
74084,0,Unknown Artist,10,Unknown Genre,17,Northern_Renaissance,1382,2873,RGB
22099,0,Unknown Artist,6,portrait,22,Rococo,1382,1989,RGB
79359,0,Unknown Artist,10,Unknown Genre,11,High_Renaissance,1481,1382,RGB
57122,0,Unknown Artist,7,religious_painting,4,Baroque,1382,2952,RGB
2617,20,rembrandt,2,genre_painting,4,Baroque,1382,1487,RGB
44885,0,Unknown Artist,7,religious_painting,8,Early_Renaissance,7222,1382,RGB
65056,67,tintoretto,6,portrait,13,Mannerism_Late_Renaissance,1382,1654,RGB
25880,87,michelangelo,8,sketch_and_study,11,High_Renaissance,2163,1381,RGB
29936,0,Unknown Artist,6,portrait,11,High_Renaissance,1382,1675,RGB
2611,20,rembrandt,7,religious_painting,4,Baroque,1753,1382,RGB
8421,0,Unknown Artist,10,Unknown Genre,17,Northern_Renaissance,1382,1629,RGB
61559,0,Unknown Artist,9,still_life,4,Baroque,1985,1382,RGB
52035,77,titian,6,portrait,13,Mannerism_Late_Renaissance,1382,1842,RGB
69858,0,Unknown Artist,10,Unknown Genre,11,High_Renaissance,1382,1564,RGB
55790,0,Unknown Artist,7,religious_painting,8,Early_Renaissance,1382,1614,RGB
36342,0,Unknown Artist,6,portrait,11,High_Renaissance,1382,1809,RGB
9312,20,rembrandt,2,genre_painting,4,Baroque,2273,1382,RGB
35163,0,Unknown Artist,7,religious_painting,17,Northern_Renaissance,2120,1382,RGB
40830,0,Unknown Artist,6,portrait,17,Northern_Renaissance,1382,1867,RGB
21956,0,Unknown Artist,7,religious_painting,8,Early_Renaissance,1382,1875,RGB
4684,25,albrecht-durer,7,religious_painting,17,Northern_Renaissance,1382,1679,RGB
17665,20,rembrandt,6,portrait,4,Baroque,1382,1744,RGB
38257,0,Unknown Artist,7,religious_painting,11,High_Renaissance,1382,1656,RGB
18139,25,albrecht-durer,6,portrait,17,Northern_Renaissance,1382,2801,RGB
49552,38,fra-angelico,7,religious_painting,8,Early_Renaissance,1382,4073,RGB
10549,20,rembrandt,2,genre_painting,4,Baroque,1382,1812,RGB
36098,0,Unknown Artist,7,religious_painting,17,Northern_Renaissance,1382,1962,RGB
56011,23,hieronymus-bosch,7,religious_painting,17,Northern_Renaissance,1382,2081,RGB
30445,67,tintoretto,7,religious_painting,13,Mannerism_Late_Renaissance,1382,2005,RGB
26051,0,Unknown Artist,7,religious_painting,8,Early_Renaissance,1947,1382,RGB
40650,128,canaletto,4,landscape,22,Rococo,2365,1382,RGB
55250,0,Unknown Artist,2,genre_painting,22,Rococo,1382,1714,RGB
23406,0,Unknown Artist,7,religious_painting,8,Early_Renaissance,2725,1382,RGB
45127,0,Unknown Artist,6,portrait,4,Baroque,1794,1382,RGB
71433,0,Unknown Artist,10,Unknown Genre,13,Mannerism_Late_Renaissance,1784,1382,RGB
27139,24,leonardo-da-vinci,8,sketch_and_study,11,High_Renaissance,1382,1737,RGB
6522,20,rembrandt,8,sketch_and_study,4,Baroque,1382,1417,RGB
56767,0,Unknown Artist,7,religious_painting,4,Baroque,1382,1995,RGB
23608,82,paolo-veronese,7,religious_painting,13,Mannerism_Late_Renaissance,1382,1827,RGB
49137,0,Unknown Artist,6,portrait,4,Baroque,1382,1780,RGB
37938,0,Unknown Artist,7,religious_painting,8,Early_Renaissance,1382,1900,RGB
21074,0,Unknown Artist,6,portrait,22,Rococo,1382,2275,RGB
36123,0,Unknown Artist,7,religious_painting,4,Baroque,1382,2206,RGB
75419,0,Unknown Artist,10,Unknown Genre,11,High_Renaissance,1382,1672,RGB
23158,0,Unknown Artist,7,religious_painting,8,Early_Renaissance,1382,2002,RGB
68231,0,Unknown Artist,10,Unknown Genre,13,Mannerism_Late_Renaissance,3471,1382,RGB
79353,0,Unknown Artist,10,Unknown Genre,11,High_Renaissance,1934,1382,RGB
49096,121,el-greco,7,religious_painting,13,Mannerism_Late_Renaissance,1382,1793,RGB
56926,0,Unknown Artist,7,religious_painting,13,Mannerism_Late_Renaissance,1382,2108,RGB
9712,25,albrecht-durer,5,nude_painting,17,Northern_Renaissance,1382,2179,RGB
39374,0,Unknown Artist,7,religious_painting,22,Rococo,1382,2752,RGB
35861,0,Unknown Artist,7,religious_painting,13,Mannerism_Late_Renaissance,1842,1382,RGB
36610,69,raphael,8,sketch_and_study,11,High_Renaissance,1426,1382,RGB
20207,0,Unknown Artist,7,religious_painting,8,Early_Renaissance,1382,3995,RGB
49733,38,fra-angelico,7,religious_painting,8,Early_Renaissance,1382,2007,RGB
56333,58,pietro-perugino,7,religious_painting,11,High_Renaissance,1382,2563,RGB
51020,116,frans-hals,6,portrait,4,Baroque,1382,1723,RGB
43349,121,el-greco,7,religious_painting,13,Mannerism_Late_Renaissance,1382,1869,RGB
63200,0,Unknown Artist,6,portrait,22,Rococo,1382,1717,RGB
4502,20,rembrandt,10,Unknown Genre,4,Baroque,1382,1729,RGB
44784,0,Unknown Artist,2,genre_painting,22,Rococo,2009,1382,RGB
26110,0,Unknown Artist,5,nude_painting,13,Mannerism_Late_Renaissance,1382,1659,RGB
55734,38,fra-angelico,7,religious_painting,8,Early_Renaissance,1584,1382,RGB
50284,0,Unknown Artist,6,portrait,22,Rococo,1382,1798,RGB
3418,0,Unknown Artist,10,Unknown Genre,17,Northern_Renaissance,1573,1382,RGB
23528,116,frans-hals,6,portrait,4,Baroque,1382,1669,RGB
35146,82,paolo-veronese,7,religious_painting,13,Mannerism_Late_Renaissance,1382,1612,RGB
39341,110,joseph-wright,6,portrait,22,Rococo,1382,1736,RGB
65240,0,Unknown Artist,6,portrait,17,Northern_Renaissance,1382,1609,RGB
39353,0,Unknown Artist,3,illustration,8,Early_Renaissance,2786,1382,RGB
53344,0,Unknown Artist,2,genre_painting,22,Rococo,1858,1382,RGB
36965,0,Unknown Artist,6,portrait,13,Mannerism_Late_Renaissance,1381,1688,RGB
69689,0,Unknown Artist,10,Unknown Genre,11,High_Renaissance,1382,1651,RGB
5841,20,rembrandt,7,religious_painting,4,Baroque,1382,1960,RGB
79379,0,Unknown Artist,10,Unknown Genre,11,High_Renaissance,1382,2550,RGB
73436,0,Unknown Artist,10,Unknown Genre,4,Baroque,1382,1838,RGB
19823,0,Unknown Artist,4,landscape,4,Baroque,2406,1382,RGB
36447,0,Unknown Artist,7,religious_painting,11,High_Renaissance,1633,1382,RGB
43208,116,frans-hals,6,portrait,4,Baroque,1382,1689,RGB
64432,0,Unknown Artist,6,portrait,17,Northern_Renaissance,1382,1973,RGB
63001,83,joshua-reynolds,6,portrait,22,Rococo,1382,2282,RGB
57123,82,paolo-veronese,7,religious_painting,13,Mannerism_Late_Renaissance,1382,2409,RGB
34473,0,Unknown Artist,7,religious_painting,11,High_Renaissance,1382,2656,RGB
10680,20,rembrandt,6,portrait,4,Baroque,1382,1796,RGB
65729,0,Unknown Artist,6,portrait,22,Rococo,1382,1757,RGB
32409,0,Unknown Artist,7,religious_painting,11,High_Renaissance,1915,1382,RGB
49563,77,titian,7,religious_painting,13,Mannerism_Late_Renaissance,1382,1445,RGB
78583,0,Unknown Artist,10,Unknown Genre,4,Baroque,1785,1382,RGB
31435,0,Unknown Artist,7,religious_painting,13,Mannerism_Late_Renaissance,1382,1822,RGB
38169,0,Unknown Artist,6,portrait,13,Mannerism_Late_Renaissance,1382,1762,RGB
79398,0,Unknown Artist,10,Unknown Genre,11,High_Renaissance,2072,1382,RGB
22745,0,Unknown Artist,7,religious_painting,17,Northern_Renaissance,1382,1784,RGB
50547,0,Unknown Artist,4,landscape,22,Rococo,1877,1382,RGB
18165,25,albrecht-durer,7,religious_painting,17,Northern_Renaissance,1382,1900,RGB
55607,0,Unknown Artist,7,religious_painting,11,High_Renaissance,1382,1853,RGB
70891,0,Unknown Artist,10,Unknown Genre,11,High_Renaissance,1382,2945,RGB
21522,0,Unknown Artist,6,portrait,4,Baroque,1382,1790,RGB
35998,83,joshua-reynolds,6,portrait,22,Rococo,1382,1723,RGB
19299,0,Unknown Artist,2,genre_painting,4,Baroque,1382,1608,RGB
73666,0,Unknown Artist,10,Unknown Genre,22,Rococo,1382,1500,RGB
55889,38,fra-angelico,7,religious_painting,8,Early_Renaissance,2337,1382,RGB
56218,77,titian,7,religious_painting,13,Mannerism_Late_Renaissance,1487,1382,RGB
63436,77,titian,6,portrait,11,High_Renaissance,1382,2230,RGB
78560,0,Unknown Artist,10,Unknown Genre,4,Baroque,2132,1382,RGB
42124,0,Unknown Artist,7,religious_painting,11,High_Renaissance,1382,1685,RGB
81159,0,Unknown Artist,10,Unknown Genre,17,Northern_Renaissance,1382,2005,RGB
36515,0,Unknown Artist,2,genre_painting,22,Rococo,1382,1762,RGB
56647,0,Unknown Artist,7,religious_painting,17,Northern_Renaissance,1382,2010,RGB
29832,117,hans-holbein-the-younger,6,portrait,17,Northern_Renaissance,1404,1382,RGB
51413,125,jacob-jordaens,7,religious_painting,4,Baroque,1999,1382,RGB
57018,0,Unknown Artist,7,religious_painting,8,Early_Renaissance,1382,1773,RGB
79397,0,Unknown Artist,10,Unknown Genre,11,High_Renaissance,2374,1382,RGB
51411,0,Unknown Artist,6,portrait,13,Mannerism_Late_Renaissance,1382,1701,RGB
28892,0,Unknown Artist,5,nude_painting,4,Baroque,1382,1832,RGB
73868,0,Unknown Artist,10,Unknown Genre,13,Mannerism_Late_Renaissance,1768,1382,RGB
50706,0,Unknown Artist,6,portrait,13,Mannerism_Late_Renaissance,1518,1382,RGB
45334,128,canaletto,1,cityscape,4,Baroque,1742,1382,RGB
39814,67,tintoretto,6,portrait,13,Mannerism_Late_Renaissance,1381,1648,RGB
50745,0,Unknown Artist,6,portrait,22,Rococo,1382,1673,RGB
72501,0,Unknown Artist,10,Unknown Genre,13,Mannerism_Late_Renaissance,1382,1400,RGB
71992,0,Unknown Artist,10,Unknown Genre,4,Baroque,1718,1382,RGB
64964,117,hans-holbein-the-younger,6,portrait,17,Northern_Renaissance,1382,1737,RGB
32723,103,hans-memling,7,religious_painting,17,Northern_Renaissance,2746,1382,RGB
47808,29,lucas-cranach-the-elder,6,portrait,17,Northern_Renaissance,1382,2062,RGB
29023,24,leonardo-da-vinci,7,religious_painting,11,High_Renaissance,1382,1876,RGB
73381,0,Unknown Artist,10,Unknown Genre,4,Baroque,2762,1382,RGB
51475,0,Unknown Artist,6,portrait,22,Rococo,1382,1820,RGB
19238,0,Unknown Artist,1,cityscape,22,Rococo,2567,1382,RGB
56493,0,Unknown Artist,7,religious_painting,13,Mannerism_Late_Renaissance,1643,1382,RGB
56075,0,Unknown Artist,7,religious_painting,13,Mannerism_Late_Renaissance,1382,2048,RGB
27982,0,Unknown Artist,6,portrait,22,Rococo,1382,2311,RGB
42819,0,Unknown Artist,7,religious_painting,17,Northern_Renaissance,1382,1800,RGB
36938,117,hans-holbein-the-younger,7,religious_painting,17,Northern_Renaissance,1623,1382,RGB
65775,0,Unknown Artist,6,portrait,22,Rococo,1382,1709,RGB
56229,77,titian,7,religious_painting,11,High_Renaissance,1382,2004,RGB
26063,103,hans-memling,7,religious_painting,17,Northern_Renaissance,3997,1382,RGB
52569,0,Unknown Artist,7,religious_painting,8,Early_Renaissance,1382,2159,RGB
54010,0,Unknown Artist,2,genre_painting,22,Rococo,1382,1830,RGB
41505,0,Unknown Artist,7,religious_painting,17,Northern_Renaissance,1382,1972,RGB
69006,0,Unknown Artist,10,Unknown Genre,13,Mannerism_Late_Renaissance,2831,1382,RGB
55700,61,bartolome-esteban-murillo,7,religious_painting,4,Baroque,1807,1382,RGB
43824,0,Unknown Artist,6,portrait,4,Baroque,1382,1619,RGB
74952,0,Unknown Artist,10,Unknown Genre,13,Mannerism_Late_Renaissance,1382,1570,RGB
56305,38,fra-angelico,7,religious_painting,8,Early_Renaissance,2158,1382,RGB
24700,83,joshua-reynolds,6,portrait,22,Rococo,1382,2215,RGB
80018,0,Unknown Artist,10,Unknown Genre,22,Rococo,1743,1382,RGB
31949,82,paolo-veronese,7,religious_painting,13,Mannerism_Late_Renaissance,1382,1828,RGB
37004,82,paolo-veronese,8,sketch_and_study,13,Mannerism_Late_Renaissance,3843,1382,RGB
25647,80,peter-paul-rubens,8,sketch_and_study,4,Baroque,1382,2113,RGB
8146,25,albrecht-durer,7,religious_painting,17,Northern_Renaissance,1382,1832,RGB
69317,0,Unknown Artist,10,Unknown Genre,11,High_Renaissance,1382,1412,RGB
30103,0,Unknown Artist,2,genre_painting,22,Rococo,1677,1382,RGB
47932,77,titian,6,portrait,11,High_Renaissance,1382,1801,RGB
56193,0,Unknown Artist,7,religious_painting,22,Rococo,1382,2839,RGB
55819,38,fra-angelico,7,religious_painting,8,Early_Renaissance,1382,2126,RGB
36193,0,Unknown Artist,6,portrait,13,Mannerism_Late_Renaissance,1382,1832,RGB
56684,58,pietro-perugino,7,religious_painting,11,High_Renaissance,1632,1382,RGB
56322,0,Unknown Artist,7,religious_painting,8,Early_Renaissance,1382,1928,RGB
53238,0,Unknown Artist,2,genre_painting,4,Baroque,2100,1382,RGB
39997,82,paolo-veronese,7,religious_painting,13,Mannerism_Late_Renaissance,2811,1382,RGB
35479,0,Unknown Artist,6,portrait,22,Rococo,1382,1673,RGB
77249,0,Unknown Artist,10,Unknown Genre,11,High_Renaissance,2246,1382,RGB
73011,0,Unknown Artist,10,Unknown Genre,13,Mannerism_Late_Renaissance,3247,1382,RGB
487,25,albrecht-durer,7,religious_painting,17,Northern_Renaissance,1382,1899,RGB
56830,29,lucas-cranach-the-elder,7,religious_painting,17,Northern_Renaissance,1382,2119,RGB
54121,0,Unknown Artist,2,genre_painting,17,Northern_Renaissance,1910,1382,RGB
25959,0,Unknown Artist,2,genre_painting,4,Baroque,1591,1382,RGB
12346,20,rembrandt,8,sketch_and_study,4,Baroque,1382,1738,RGB
20985,0,Unknown Artist,7,religious_painting,8,Early_Renaissance,1382,1665,RGB
55973,0,Unknown Artist,7,religious_painting,17,Northern_Renaissance,1382,1990,RGB
65658,0,Unknown Artist,6,portrait,22,Rococo,1382,1699,RGB
64900,0,Unknown Artist,6,portrait,8,Early_Renaissance,1383,1382,RGB
26806,38,fra-angelico,7,religious_painting,8,Early_Renaissance,1385,1382,RGB
25783,0,Unknown Artist,2,genre_painting,4,Baroque,1382,1874,RGB
55105,61,bartolome-esteban-murillo,2,genre_painting,4,Baroque,1633,1382,RGB
52358,121,el-greco,7,religious_painting,13,Mannerism_Late_Renaissance,1401,1382,RGB
56699,67,tintoretto,7,religious_painting,13,Mannerism_Late_Renaissance,2171,1382,RGB
64754,0,Unknown Artist,6,portrait,8,Early_Renaissance,1382,1776,RGB
65379,0,Unknown Artist,6,portrait,4,Baroque,1382,1633,RGB
40992,0,Unknown Artist,7,religious_painting,8,Early_Renaissance,1855,1382,RGB
20754,0,Unknown Artist,1,cityscape,22,Rococo,2187,1382,RGB
75990,0,Unknown Artist,10,Unknown Genre,13,Mannerism_Late_Renaissance,2000,1382,RGB
22067,0,Unknown Artist,7,religious_painting,17,Northern_Renaissance,1832,1382,RGB
70085,0,Unknown Artist,10,Unknown Genre,11,High_Renaissance,2502,1382,RGB
32556,0,Unknown Artist,7,religious_painting,17,Northern_Renaissance,1382,1887,RGB
29804,67,tintoretto,7,religious_painting,13,Mannerism_Late_Renaissance,1865,1382,RGB
36182,0,Unknown Artist,7,religious_painting,8,Early_Renaissance,1382,1705,RGB
69145,0,Unknown Artist,10,Unknown Genre,22,Rococo,1779,1382,RGB
55727,0,Unknown Artist,7,religious_painting,11,High_Renaissance,1541,1382,RGB
3697,20,rembrandt,6,portrait,4,Baroque,1382,1638,RGB
5923,20,rembrandt,2,genre_painting,4,Baroque,1382,2224,RGB
20082,0,Unknown Artist,7,religious_painting,8,Early_Renaissance,1382,2126,RGB
26582,126,thomas-gainsborough,6,portrait,22,Rococo,1382,2186,RGB
20070,0,Unknown Artist,8,sketch_and_study,22,Rococo,1382,1474,RGB
26769,0,Unknown Artist,3,illustration,4,Baroque,1382,1739,RGB
70892,0,Unknown Artist,10,Unknown Genre,13,Mannerism_Late_Renaissance,1382,1382,RGB
44579,0,Unknown Artist,6,portrait,17,Northern_Renaissance,1382,2146,RGB
65822,0,Unknown Artist,6,portrait,17,Northern_Renaissance,1382,1884,RGB
23982,0,Unknown Artist,7,religious_painting,11,High_Renaissance,1382,1662,RGB
75864,0,Unknown Artist,10,Unknown Genre,13,Mannerism_Late_Renaissance,1382,1718,RGB
23800,87,michelangelo,7,religious_painting,11,High_Renaissance,2043,1382,RGB
49148,82,paolo-veronese,7,religious_painting,13,Mannerism_Late_Renaissance,1382,2516,RGB
56963,0,Unknown Artist,7,religious_painting,8,Early_Renaissance,3755,1382,RGB
43791,0,Unknown Artist,6,portrait,22,Rococo,1382,1794,RGB
81081,0,Unknown Artist,10,Unknown Genre,17,Northern_Renaissance,3191,1382,RGB
12438,25,albrecht-durer,7,religious_painting,17,Northern_Renaissance,1381,2288,RGB
63079,77,titian,6,portrait,13,Mannerism_Late_Renaissance,1382,1790,RGB
73771,0,Unknown Artist,10,Unknown Genre,22,Rococo,1382,1727,RGB
41864,67,tintoretto,6,portrait,13,Mannerism_Late_Renaissance,1382,1711,RGB
38324,69,raphael,7,religious_painting,11,High_Renaissance,1382,1578,RGB
26884,0,Unknown Artist,8,sketch_and_study,11,High_Renaissance,1382,2403,RGB
62440,0,Unknown Artist,8,sketch_and_study,22,Rococo,1382,1903,RGB
56407,0,Unknown Artist,7,religious_painting,8,Early_Renaissance,1382,1673,RGB
56321,0,Unknown Artist,7,religious_painting,11,High_Renaissance,1382,1714,RGB
53461,0,Unknown Artist,2,genre_painting,4,Baroque,1948,1382,RGB
1181,20,rembrandt,2,genre_painting,4,Baroque,1382,2006,RGB
40994,0,Unknown Artist,7,religious_painting,13,Mannerism_Late_Renaissance,1382,1382,RGB
4718,0,Unknown Artist,10,Unknown Genre,17,Northern_Renaissance,1382,2282,RGB
49810,83,joshua-reynolds,6,portrait,22,Rococo,1382,2032,RGB
27796,0,Unknown Artist,7,religious_painting,8,Early_Renaissance,1382,2079,RGB
56416,121,el-greco,7,religious_painting,13,Mannerism_Late_Renaissance,1382,2561,RGB
7905,25,albrecht-durer,8,sketch_and_study,17,Northern_Renaissance,1382,2366,RGB
68748,0,Unknown Artist,10,Unknown Genre,8,Early_Renaissance,2080,1382,RGB
25091,0,Unknown Artist,6,portrait,13,Mannerism_Late_Renaissance,1382,1878,RGB
26629,23,hieronymus-bosch,8,sketch_and_study,17,Northern_Renaissance,1836,1382,RGB
63572,0,Unknown Artist,6,portrait,22,Rococo,1382,1748,RGB
6642,20,rembrandt,6,portrait,4,Baroque,1382,1760,RGB
13279,25,albrecht-durer,1,cityscape,17,Northern_Renaissance,2780,1382,RGB
56593,0,Unknown Artist,7,religious_painting,8,Early_Renaissance,1382,3521,RGB
56440,0,Unknown Artist,7,religious_painting,13,Mannerism_Late_Renaissance,1382,1825,RGB
38860,0,Unknown Artist,7,religious_painting,8,Early_Renaissance,1825,1382,RGB
75834,0,Unknown Artist,10,Unknown Genre,4,Baroque,1382,2407,RGB
52916,0,Unknown Artist,6,portrait,17,Northern_Renaissance,1382,2133,RGB
57085,0,Unknown Artist,7,religious_painting,22,Rococo,2167,1382,RGB
49962,0,Unknown Artist,7,religious_painting,11,High_Renaissance,1766,1382,RGB
44627,69,raphael,7,religious_painting,11,High_Renaissance,1382,1860,RGB
34211,0,Unknown Artist,6,portrait,8,Early_Renaissance,1382,1895,RGB
68433,0,Unknown Artist,10,Unknown Genre,4,Baroque,1896,1382,RGB
20632,0,Unknown Artist,8,sketch_and_study,8,Early_Renaissance,1382,3093,RGB
52243,0,Unknown Artist,7,religious_painting,11,High_Renaissance,2556,1382,RGB
44670,0,Unknown Artist,6,portrait,8,Early_Renaissance,1382,1751,RGB
50200,69,raphael,8,sketch_and_study,11,High_Renaissance,1458,1382,RGB
44742,0,Unknown Artist,7,religious_painting,8,Early_Renaissance,1382,1861,RGB
53178,0,Unknown Artist,2,genre_painting,4,Baroque,2850,1382,RGB
39585,83,joshua-reynolds,6,portrait,22,Rococo,1382,1445,RGB
20083,0,Unknown Artist,7,religious_painting,11,High_Renaissance,1382,2002,RGB
72747,0,Unknown Artist,10,Unknown Genre,13,Mannerism_Late_Renaissance,1743,1382,RGB
76141,0,Unknown Artist,10,Unknown Genre,11,High_Renaissance,1382,2640,RGB
56575,87,michelangelo,7,religious_painting,11,High_Renaissance,1609,1382,RGB
25862,0,Unknown Artist,7,religious_painting,11,High_Renaissance,1501,1382,RGB
72479,0,Unknown Artist,10,Unknown Genre,13,Mannerism_Late_Renaissance,1382,1715,RGB
33550,58,pietro-perugino,7,religious_painting,11,High_Renaissance,2647,1382,RGB
58503,0,Unknown Artist,1,cityscape,17,Northern_Renaissance,1625,1382,RGB
64247,67,tintoretto,6,portrait,13,Mannerism_Late_Renaissance,1382,1910,RGB
45382,0,Unknown Artist,7,religious_painting,8,Early_Renaissance,1382,1730,RGB
75234,0,Unknown Artist,10,Unknown Genre,11,High_Renaissance,1449,1382,RGB
30981,0,Unknown Artist,7,religious_painting,11,High_Renaissance,1832,1382,RGB
44958,0,Unknown Artist,7,religious_painting,13,Mannerism_Late_Renaissance,1382,1595,RGB
6825,25,albrecht-durer,7,religious_painting,17,Northern_Renaissance,1382,1519,RGB
56498,0,Unknown Artist,7,religious_painting,8,Early_Renaissance,1382,2385,RGB
56972,0,Unknown Artist,7,religious_painting,22,Rococo,2000,1382,RGB
75944,0,Unknown Artist,10,Unknown Genre,22,Rococo,1954,1382,RGB
49197,103,hans-memling,7,religious_painting,17,Northern_Renaissance,1382,1771,RGB
80063,0,Unknown Artist,10,Unknown Genre,22,Rococo,1717,1382,RGB
56024,0,Unknown Artist,7,religious_painting,17,Northern_Renaissance,1382,3692,RGB
52277,0,Unknown Artist,7,religious_painting,8,Early_Renaissance,1449,1382,RGB
30329,0,Unknown Artist,6,portrait,22,Rococo,1382,2273,RGB
29222,0,Unknown Artist,7,religious_painting,22,Rococo,1382,2339,RGB
33305,0,Unknown Artist,7,religious_painting,8,Early_Renaissance,1382,1931,RGB
74355,0,Unknown Artist,10,Unknown Genre,22,Rococo,1382,1618,RGB
70984,0,Unknown Artist,10,Unknown Genre,11,High_Renaissance,2305,1382,RGB
56843,0,Unknown Artist,7,religious_painting,13,Mannerism_Late_Renaissance,1382,1613,RGB
64356,29,lucas-cranach-the-elder,6,portrait,17,Northern_Renaissance,1382,1382,RGB
62115,0,Unknown Artist,8,sketch_and_study,22,Rococo,1867,1381,RGB
17977,25,albrecht-durer,7,religious_painting,17,Northern_Renaissance,1382,1799,RGB
75572,0,Unknown Artist,10,Unknown Genre,11,High_Renaissance,1382,1448,RGB
36902,0,Unknown Artist,7,religious_painting,8,Early_Renaissance,1382,2838,RGB
73327,0,Unknown Artist,10,Unknown Genre,4,Baroque,1857,1382,RGB
40316,0,Unknown Artist,7,religious_painting,13,Mannerism_Late_Renaissance,1382,3952,RGB
34658,0,Unknown Artist,7,religious_painting,8,Early_Renaissance,1382,3156,RGB
6033,25,albrecht-durer,7,religious_painting,17,Northern_Renaissance,1382,1828,RGB
17680,20,rembrandt,7,religious_painting,4,Baroque,1381,2039,RGB
56728,24,leonardo-da-vinci,7,religious_painting,11,High_Renaissance,1382,1801,RGB
21219,0,Unknown Artist,6,portrait,13,Mannerism_Late_Renaissance,1382,1673,RGB
29083,77,titian,7,religious_painting,13,Mannerism_Late_Renaissance,1382,1578,RGB
56932,69,raphael,7,religious_painting,11,High_Renaissance,1382,1684,RGB
31967,0,Unknown Artist,7,religious_painting,8,Early_Renaissance,3175,1382,RGB
3112,20,rembrandt,10,Unknown Genre,4,Baroque,1382,1768,RGB
19653,82,paolo-veronese,7,religious_painting,13,Mannerism_Late_Renaissance,1382,2010,RGB
24971,116,frans-hals,6,portrait,4,Baroque,1382,1908,RGB
27233,0,Unknown Artist,7,religious_painting,4,Baroque,1382,1886,RGB
56380,0,Unknown Artist,7,religious_painting,17,Northern_Renaissance,1799,1382,RGB
55868,0,Unknown Artist,7,religious_painting,13,Mannerism_Late_Renaissance,1382,2034,RGB
17714,20,rembrandt,5,nude_painting,4,Baroque,2230,1382,RGB
9451,25,albrecht-durer,6,portrait,17,Northern_Renaissance,1382,2039,RGB
24616,0,Unknown Artist,7,religious_painting,13,Mannerism_Late_Renaissance,1957,1382,RGB
63313,0,Unknown Artist,6,portrait,13,Mannerism_Late_Renaissance,1382,1691,RGB
79407,0,Unknown Artist,10,Unknown Genre,11,High_Renaissance,1382,1969,RGB
75180,0,Unknown Artist,10,Unknown Genre,22,Rococo,1382,1967,RGB
38131,38,fra-angelico,7,religious_painting,8,Early_Renaissance,2633,1382,RGB
1306,0,Unknown Artist,10,Unknown Genre,17,Northern_Renaissance,1874,1382,RGB
23877,0,Unknown Artist,6,portrait,22,Rococo,1382,1909,RGB
338,0,Unknown Artist,10,Unknown Genre,17,Northern_Renaissance,1425,1382,RGB
63774,0,Unknown Artist,6,portrait,22,Rococo,1382,1842,RGB
41006,0,Unknown Artist,2,genre_painting,22,Rococo,1534,1382,RGB
56183,58,pietro-perugino,7,religious_painting,11,High_Renaissance,1382,1421,RGB
45600,24,leonardo-da-vinci,8,sketch_and_study,11,High_Renaissance,1382,1692,RGB
43547,0,Unknown Artist,2,genre_painting,4,Baroque,1382,1803,RGB
39183,77,titian,7,religious_painting,11,High_Renaissance,1419,1382,RGB
69379,0,Unknown Artist,10,Unknown Genre,22,Rococo,1667,1382,RGB
46438,82,paolo-veronese,7,religious_painting,13,Mannerism_Late_Renaissance,1382,2391,RGB
55841,0,Unknown Artist,7,religious_painting,4,Baroque,1382,2290,RGB
65864,0,Unknown Artist,6,portrait,11,High_Renaissance,1382,1784,RGB
79390,0,Unknown Artist,10,Unknown Genre,11,High_Renaissance,1382,1903,RGB
46968,0,Unknown Artist,7,religious_painting,17,Northern_Renaissance,1783,1382,RGB
31124,0,Unknown Artist,6,portrait,22,Rococo,1382,1824,RGB
10712,20,rembrandt,8,sketch_and_study,4,Baroque,1382,1801,RGB
56996,67,tintoretto,7,religious_painting,13,Mannerism_Late_Renaissance,1970,1382,RGB
25469,0,Unknown Artist,7,religious_painting,11,High_Renaissance,1382,1716,RGB
80528,0,Unknown Artist,10,Unknown Genre,8,Early_Renaissance,1893,1382,RGB
55920,58,pietro-perugino,7,religious_painting,8,Early_Renaissance,1541,1382,RGB
10593,25,albrecht-durer,6,portrait,17,Northern_Renaissance,1382,2135,RGB
5456,25,albrecht-durer,8,sketch_and_study,17,Northern_Renaissance,1382,1543,RGB
75614,0,Unknown Artist,10,Unknown Genre,13,Mannerism_Late_Renaissance,1382,2410,RGB
27353,24,leonardo-da-vinci,8,sketch_and_study,11,High_Renaissance,1964,1381,RGB
18045,25,albrecht-durer,7,religious_painting,17,Northern_Renaissance,1382,1893,RGB
56153,0,Unknown Artist,7,religious_painting,4,Baroque,1806,1382,RGB
48856,23,hieronymus-bosch,7,religious_painting,17,Northern_Renaissance,1382,1721,RGB
76525,0,Unknown Artist,10,Unknown Genre,11,High_Renaissance,1382,1805,RGB
44764,0,Unknown Artist,7,religious_painting,8,Early_Renaissance,1382,1950,RGB
48844,0,Unknown Artist,6,portrait,22,Rococo,1382,1744,RGB
39423,0,Unknown Artist,7,religious_painting,17,Northern_Renaissance,1382,1911,RGB
37818,0,Unknown Artist,2,genre_painting,22,Rococo,1582,1382,RGB
76354,0,Unknown Artist,10,Unknown Genre,11,High_Renaissance,1382,1839,RGB
18157,25,albrecht-durer,3,illustration,17,Northern_Renaissance,1382,1737,RGB
52900,0,Unknown Artist,7,religious_painting,4,Baroque,1382,1837,RGB
39583,0,Unknown Artist,2,genre_painting,22,Rococo,1382,1759,RGB
62306,24,leonardo-da-vinci,8,sketch_and_study,11,High_Renaissance,1382,1691,RGB
31050,114,anthony-van-dyck,6,portrait,4,Baroque,1382,2048,RGB
80093,0,Unknown Artist,10,Unknown Genre,22,Rococo,2239,1382,RGB
39813,0,Unknown Artist,7,religious_painting,13,Mannerism_Late_Renaissance,1382,1963,RGB
31493,0,Unknown Artist,6,portrait,22,Rococo,1382,1677,RGB
47711,38,fra-angelico,7,religious_painting,8,Early_Renaissance,1382,1963,RGB
32544,24,leonardo-da-vinci,8,sketch_and_study,11,High_Renaissance,1382,1853,RGB
19755,0,Unknown Artist,7,religious_painting,8,Early_Renaissance,1382,1768,RGB
47916,87,michelangelo,7,religious_painting,11,High_Renaissance,2446,1382,RGB
78697,0,Unknown Artist,10,Unknown Genre,4,Baroque,1382,1518,RGB
23774,0,Unknown Artist,6,portrait,4,Baroque,1382,1661,RGB
28757,0,Unknown Artist,6,portrait,22,Rococo,1382,1628,RGB
30793,0,Unknown Artist,6,portrait,8,Early_Renaissance,1382,1815,RGB
67885,0,Unknown Artist,10,Unknown Genre,4,Baroque,1382,1704,RGB
49848,0,Unknown Artist,7,religious_painting,11,High_Renaissance,1382,1676,RGB
41196,0,Unknown Artist,7,religious_painting,8,Early_Renaissance,1382,1696,RGB
26752,23,hieronymus-bosch,7,religious_painting,17,Northern_Renaissance,1382,1705,RGB
64571,0,Unknown Artist,6,portrait,13,Mannerism_Late_Renaissance,1382,1940,RGB
37119,0,Unknown Artist,6,portrait,17,Northern_Renaissance,1382,2002,RGB
41797,0,Unknown Artist,7,religious_painting,8,Early_Renaissance,1649,1382,RGB
9330,25,albrecht-durer,7,religious_painting,17,Northern_Renaissance,1382,2236,RGB
11145,20,rembrandt,7,religious_painting,4,Baroque,1382,1831,RGB
44297,0,Unknown Artist,7,religious_painting,13,Mannerism_Late_Renaissance,1382,2071,RGB
72897,0,Unknown Artist,10,Unknown Genre,13,Mannerism_Late_Renaissance,1706,1382,RGB
55192,0,Unknown Artist,2,genre_painting,4,Baroque,1382,1800,RGB
39344,0,Unknown Artist,6,portrait,11,High_Renaissance,1382,1713,RGB
7079,25,albrecht-durer,8,sketch_and_study,17,Northern_Renaissance,1382,1706,RGB
31604,23,hieronymus-bosch,7,religious_painting,17,Northern_Renaissance,1382,1676,RGB
39153,0,Unknown Artist,6,portrait,4,Baroque,1382,2531,RGB
63119,0,Unknown Artist,6,portrait,22,Rococo,1382,1785,RGB
26901,0,Unknown Artist,6,portrait,22,Rococo,1382,1926,RGB
26574,0,Unknown Artist,7,religious_painting,8,Early_Renaissance,1382,1851,RGB
64971,0,Unknown Artist,6,portrait,11,High_Renaissance,1382,1753,RGB
36886,67,tintoretto,7,religious_painting,13,Mannerism_Late_Renaissance,1382,1942,RGB
56022,0,Unknown Artist,7,religious_painting,17,Northern_Renaissance,1381,1901,RGB
62794,0,Unknown Artist,3,illustration,22,Rococo,1782,1382,RGB
48765,0,Unknown Artist,6,portrait,22,Rococo,1382,1667,RGB
45008,0,Unknown Artist,7,religious_painting,17,Northern_Renaissance,1382,1759,RGB
35224,58,pietro-perugino,7,religious_painting,11,High_Renaissance,1382,1824,RGB
62408,0,Unknown Artist,8,sketch_and_study,17,Northern_Renaissance,1382,2005,RGB
56419,0,Unknown Artist,7,religious_painting,17,Northern_Renaissance,1382,1623,RGB
50194,0,Unknown Artist,7,religious_painting,8,Early_Renaissance,1382,1829,RGB
23458,0,Unknown Artist,6,portrait,13,Mannerism_Late_Renaissance,1382,1861,RGB
56861,77,titian,7,religious_painting,13,Mannerism_Late_Renaissance,1382,2433,RGB
39626,0,Unknown Artist,7,religious_painting,17,Northern_Renaissance,1382,2831,RGB
45931,117,hans-holbein-the-younger,6,portrait,17,Northern_Renaissance,1382,1743,RGB
46437,0,Unknown Artist,6,portrait,22,Rococo,1740,1382,RGB
20823,0,Unknown Artist,7,religious_painting,17,Northern_Renaissance,1382,1694,RGB
37158,0,Unknown Artist,6,portrait,22,Rococo,1382,1755,RGB
36667,0,Unknown Artist,7,religious_painting,17,Northern_Renaissance,1382,1830,RGB
78494,0,Unknown Artist,10,Unknown Genre,13,Mannerism_Late_Renaissance,2629,1382,RGB
65309,0,Unknown Artist,6,portrait,22,Rococo,1382,1803,RGB
52772,0,Unknown Artist,8,sketch_and_study,22,Rococo,2056,1382,RGB
66149,0,Unknown Artist,6,portrait,17,Northern_Renaissance,1382,3057,RGB
31534,0,Unknown Artist,1,cityscape,4,Baroque,1382,1737,RGB
53368,0,Unknown Artist,2,genre_painting,22,Rococo,1382,1739,RGB
80029,0,Unknown Artist,10,Unknown Genre,22,Rococo,1689,1382,RGB
3935,20,rembrandt,7,religious_painting,4,Baroque,1382,1701,RGB
76937,0,Unknown Artist,10,Unknown Genre,22,Rococo,2031,1382,RGB
18185,0,Unknown Artist,10,Unknown Genre,17,Northern_Renaissance,1382,1870,RGB
24720,0,Unknown Artist,6,portrait,13,Mannerism_Late_Renaissance,1382,1751,RGB
56694,58,pietro-perugino,7,religious_painting,11,High_Renaissance,1382,1884,RGB
73498,0,Unknown Artist,10,Unknown Genre,4,Baroque,1382,2002,RGB
53102,0,Unknown Artist,7,religious_painting,8,Early_Renaissance,1382,1619,RGB
70053,0,Unknown Artist,10,Unknown Genre,11,High_Renaissance,1382,2122,RGB
25685,24,leonardo-da-vinci,8,sketch_and_study,11,High_Renaissance,1382,1976,RGB
21372,23,hieronymus-bosch,7,religious_painting,17,Northern_Renaissance,1382,1997,RGB
23252,82,paolo-veronese,7,religious_painting,13,Mannerism_Late_Renaissance,1822,1382,RGB
27984,0,Unknown Artist,7,religious_painting,13,Mannerism_Late_Renaissance,1382,1982,RGB
59194,0,Unknown Artist,4,landscape,8,Early_Renaissance,1382,1813,RGB
47247,0,Unknown Artist,6,portrait,22,Rococo,1382,2008,RGB
75296,0,Unknown Artist,10,Unknown Genre,11,High_Renaissance,2970,1382,RGB
74847,0,Unknown Artist,10,Unknown Genre,11,High_Renaissance,1382,2994,RGB
56718,38,fra-angelico,7,religious_painting,8,Early_Renaissance,1844,1381,RGB
47811,0,Unknown Artist,7,religious_painting,8,Early_Renaissance,1382,1639,RGB
67816,0,Unknown Artist,10,Unknown Genre,11,High_Renaissance,1382,1636,RGB
25672,24,leonardo-da-vinci,8,sketch_and_study,11,High_Renaissance,1382,2246,RGB
55566,0,Unknown Artist,2,genre_painting,22,Rococo,1382,1744,RGB
71489,0,Unknown Artist,10,Unknown Genre,11,High_Renaissance,1867,1382,RGB
23441,0,Unknown Artist,7,religious_painting,8,Early_Renaissance,1382,2123,RGB
74368,0,Unknown Artist,10,Unknown Genre,17,Northern_Renaissance,1785,1382,RGB
47865,0,Unknown Artist,6,portrait,13,Mannerism_Late_Renaissance,1382,1700,RGB
41307,0,Unknown Artist,7,religious_painting,11,High_Renaissance,1382,1801,RGB
51189,0,Unknown Artist,7,religious_painting,11,High_Renaissance,1382,1710,RGB
76872,0,Unknown Artist,10,Unknown Genre,11,High_Renaissance,1382,1394,RGB
27474,0,Unknown Artist,6,portrait,22,Rococo,1382,1932,RGB
11936,0,Unknown Artist,10,Unknown Genre,17,Northern_Renaissance,1382,1905,RGB
52576,24,leonardo-da-vinci,7,religious_painting,11,High_Renaissance,1382,1753,RGB
46227,116,frans-hals,6,portrait,4,Baroque,1382,1981,RGB
25260,77,titian,6,portrait,11,High_Renaissance,1382,1549,RGB
66009,0,Unknown Artist,6,portrait,22,Rococo,1382,1734,RGB
50982,0,Unknown Artist,2,genre_painting,4,Baroque,1868,1382,RGB
46809,121,el-greco,7,religious_painting,13,Mannerism_Late_Renaissance,1382,1781,RGB
63085,0,Unknown Artist,6,portrait,11,High_Renaissance,1382,1919,RGB
25781,103,hans-memling,7,religious_painting,17,Northern_Renaissance,1382,4530,RGB
28600,0,Unknown Artist,8,sketch_and_study,13,Mannerism_Late_Renaissance,2041,1382,RGB
70738,0,Unknown Artist,10,Unknown Genre,11,High_Renaissance,1382,2352,RGB
56351,0,Unknown Artist,7,religious_painting,11,High_Renaissance,1382,2139,RGB
29333,114,anthony-van-dyck,8,sketch_and_study,4,Baroque,1381,1670,RGB
47084,38,fra-angelico,7,religious_painting,8,Early_Renaissance,1382,4073,RGB
75754,0,Unknown Artist,10,Unknown Genre,4,Baroque,2167,1382,RGB
43335,24,leonardo-da-vinci,8,sketch_and_study,11,High_Renaissance,1747,1381,RGB
43659,0,Unknown Artist,2,genre_painting,22,Rococo,1382,1758,RGB
47925,38,fra-angelico,7,religious_painting,8,Early_Renaissance,1382,1635,RGB
28025,0,Unknown Artist,6,portrait,22,Rococo,1381,1896,RGB
26623,58,pietro-perugino,7,religious_painting,11,High_Renaissance,1382,1546,RGB
3393,20,rembrandt,8,sketch_and_study,4,Baroque,1382,1509,RGB
54676,0,Unknown Artist,2,genre_painting,8,Early_Renaissance,2120,1382,RGB
69931,0,Unknown Artist,10,Unknown Genre,4,Baroque,1629,1382,RGB
4753,20,rembrandt,2,genre_painting,4,Baroque,1382,2294,RGB
18164,25,albrecht-durer,7,religious_painting,17,Northern_Renaissance,1908,1382,RGB
56559,0,Unknown Artist,7,religious_painting,11,High_Renaissance,3764,1382,RGB
56283,0,Unknown Artist,7,religious_painting,22,Rococo,1802,1382,RGB
44191,0,Unknown Artist,6,portrait,22,Rococo,1382,1766,RGB
50486,77,titian,6,portrait,11,High_Renaissance,1382,1776,RGB
71977,0,Unknown Artist,10,Unknown Genre,13,Mannerism_Late_Renaissance,2864,1382,RGB
25249,0,Unknown Artist,6,portrait,22,Rococo,1382,1797,RGB
34964,38,fra-angelico,7,religious_painting,8,Early_Renaissance,1382,1848,RGB
22211,0,Unknown Artist,7,religious_painting,8,Early_Renaissance,1382,4013,RGB
793,20,rembrandt,6,portrait,4,Baroque,1382,1972,RGB
19924,0,Unknown Artist,6,portrait,22,Rococo,1382,1616,RGB
37503,0,Unknown Artist,6,portrait,11,High_Renaissance,1397,1382,RGB
41598,0,Unknown Artist,6,portrait,4,Baroque,1382,1719,RGB
33605,0,Unknown Artist,7,religious_painting,13,Mannerism_Late_Renaissance,1382,1842,RGB
40169,0,Unknown Artist,7,religious_painting,13,Mannerism_Late_Renaissance,1382,1956,RGB
37410,87,michelangelo,7,religious_painting,11,High_Renaissance,1382,2081,RGB
52683,38,fra-angelico,7,religious_painting,8,Early_Renaissance,1382,2074,RGB
69412,0,Unknown Artist,10,Unknown Genre,17,Northern_Renaissance,2399,1382,RGB
76627,0,Unknown Artist,10,Unknown Genre,22,Rococo,1626,1382,RGB
21294,24,leonardo-da-vinci,8,sketch_and_study,11,High_Renaissance,1382,1893,RGB
30092,0,Unknown Artist,2,genre_painting,22,Rococo,1382,1767,RGB
29260,0,Unknown Artist,7,religious_painting,11,High_Renaissance,1382,1689,RGB
43325,126,thomas-gainsborough,6,portrait,22,Rococo,1382,1725,RGB
42450,0,Unknown Artist,7,religious_painting,11,High_Renaissance,1382,2111,RGB
28744,0,Unknown Artist,7,religious_painting,8,Early_Renaissance,1382,2303,RGB
29361,0,Unknown Artist,6,portrait,17,Northern_Renaissance,1382,1837,RGB
26385,67,tintoretto,2,genre_painting,13,Mannerism_Late_Renaissance,1382,1727,RGB
56666,0,Unknown Artist,7,religious_painting,8,Early_Renaissance,1872,1382,RGB
55742,0,Unknown Artist,7,religious_painting,11,High_Renaissance,1792,1382,RGB
55706,0,Unknown Artist,7,religious_painting,8,Early_Renaissance,1382,1543,RGB
68695,0,Unknown Artist,10,Unknown Genre,17,Northern_Renaissance,1574,1382,RGB
80516,0,Unknown Artist,10,Unknown Genre,8,Early_Renaissance,1836,1382,RGB
23773,0,Unknown Artist,7,religious_painting,4,Baroque,1382,1861,RGB
79364,0,Unknown Artist,10,Unknown Genre,11,High_Renaissance,1935,1382,RGB
21813,0,Unknown Artist,9,still_life,4,Baroque,1768,1382,RGB
49235,77,titian,6,portrait,11,High_Renaissance,1382,1685,RGB
56569,38,fra-angelico,7,religious_painting,8,Early_Renaissance,1420,1382,RGB
52224,116,frans-hals,6,portrait,4,Baroque,1382,1795,RGB
37413,80,peter-paul-rubens,7,religious_painting,4,Baroque,1382,1629,RGB
48635,0,Unknown Artist,7,religious_painting,8,Early_Renaissance,1382,2476,RGB
55983,0,Unknown Artist,7,religious_painting,4,Baroque,1382,1677,RGB
56752,0,Unknown Artist,7,religious_painting,8,Early_Renaissance,1382,1385,RGB
80099,0,Unknown Artist,10,Unknown Genre,22,Rococo,1382,1683,RGB
68258,0,Unknown Artist,10,Unknown Genre,17,Northern_Renaissance,1382,2361,RGB
23083,23,hieronymus-bosch,8,sketch_and_study,17,Northern_Renaissance,1382,1928,RGB
37467,103,hans-memling,7,religious_painting,17,Northern_Renaissance,1531,1382,RGB
80522,0,Unknown Artist,10,Unknown Genre,8,Early_Renaissance,1382,2074,RGB
34153,69,raphael,7,religious_painting,11,High_Renaissance,2098,1382,RGB
10375,25,albrecht-durer,8,sketch_and_study,17,Northern_Renaissance,1382,1534,RGB
39921,0,Unknown Artist,6,portrait,22,Rococo,1382,1850,RGB
55924,58,pietro-perugino,7,religious_painting,8,Early_Renaissance,1382,2004,RGB
70086,0,Unknown Artist,10,Unknown Genre,11,High_Renaissance,2072,1382,RGB
56099,0,Unknown Artist,7,religious_painting,13,Mannerism_Late_Renaissance,2906,1382,RGB
41206,0,Unknown Artist,7,religious_painting,8,Early_Renaissance,1382,2299,RGB
44651,67,tintoretto,7,religious_painting,13,Mannerism_Late_Renaissance,1900,1382,RGB
18068,25,albrecht-durer,6,portrait,17,Northern_Renaissance,1382,1991,RGB
22623,0,Unknown Artist,7,religious_painting,8,Early_Renaissance,1556,1382,RGB
47156,0,Unknown Artist,6,portrait,13,Mannerism_Late_Renaissance,1382,3512,RGB
24795,0,Unknown Artist,6,portrait,22,Rococo,1382,1744,RGB
29057,24,leonardo-da-vinci,8,sketch_and_study,11,High_Renaissance,1382,2079,RGB
55748,0,Unknown Artist,7,religious_painting,8,Early_Renaissance,1382,2443,RGB
32451,0,Unknown Artist,7,religious_painting,8,Early_Renaissance,1382,2250,RGB
55805,87,michelangelo,7,religious_painting,11,High_Renaissance,1428,1382,RGB
68091,0,Unknown Artist,10,Unknown Genre,4,Baroque,2026,1382,RGB
48158,0,Unknown Artist,7,religious_painting,8,Early_Renaissance,1711,1382,RGB
19416,0,Unknown Artist,6,portrait,13,Mannerism_Late_Renaissance,1382,1746,RGB
36878,103,hans-memling,6,portrait,17,Northern_Renaissance,1382,1930,RGB
3119,25,albrecht-durer,7,religious_painting,17,Northern_Renaissance,1382,3615,RGB
78469,0,Unknown Artist,10,Unknown Genre,13,Mannerism_Late_Renaissance,1588,1382,RGB
57562,87,michelangelo,5,nude_painting,11,High_Renaissance,1382,2299,RGB
56565,82,paolo-veronese,7,religious_painting,13,Mannerism_Late_Renaissance,1382,2326,RGB
57144,0,Unknown Artist,7,religious_painting,8,Early_Renaissance,1382,2069,RGB
23413,0,Unknown Artist,7,religious_painting,8,Early_Renaissance,1382,1577,RGB
49243,0,Unknown Artist,7,religious_painting,8,Early_Renaissance,1381,1769,RGB
76529,0,Unknown Artist,10,Unknown Genre,11,High_Renaissance,1383,1382,RGB
71123,0,Unknown Artist,10,Unknown Genre,8,Early_Renaissance,1382,1842,RGB
55121,0,Unknown Artist,2,genre_painting,4,Baroque,1382,1813,RGB
56966,0,Unknown Artist,7,religious_painting,17,Northern_Renaissance,2501,1382,RGB
63698,126,thomas-gainsborough,6,portrait,22,Rococo,1382,1649,RGB
63731,0,Unknown Artist,6,portrait,13,Mannerism_Late_Renaissance,1382,1683,RGB
23891,24,leonardo-da-vinci,8,sketch_and_study,11,High_Renaissance,1382,2014,RGB
65383,0,Unknown Artist,6,portrait,4,Baroque,1382,1651,RGB
56118,0,Unknown Artist,7,religious_painting,11,High_Renaissance,2131,1382,RGB
10489,25,albrecht-durer,7,religious_painting,17,Northern_Renaissance,1382,2142,RGB
27828,0,Unknown Artist,7,religious_painting,8,Early_Renaissance,1382,1816,RGB
36213,0,Unknown Artist,7,religious_painting,17,Northern_Renaissance,1382,1811,RGB
75232,0,Unknown Artist,10,Unknown Genre,22,Rococo,1382,2029,RGB
33947,0,Unknown Artist,2,genre_painting,4,Baroque,1382,1709,RGB
76591,0,Unknown Artist,10,Unknown Genre,13,Mannerism_Late_Renaissance,1382,1828,RGB
56441,23,hieronymus-bosch,7,religious_painting,17,Northern_Renaissance,1382,1688,RGB
74630,0,Unknown Artist,10,Unknown Genre,17,Northern_Renaissance,1442,1382,RGB
27013,0,Unknown Artist,2,genre_painting,22,Rococo,1814,1382,RGB
46398,69,raphael,7,religious_painting,11,High_Renaissance,2654,1382,RGB
46509,69,raphael,8,sketch_and_study,11,High_Renaissance,1382,2437,RGB
4283,25,albrecht-durer,6,portrait,17,Northern_Renaissance,1382,1827,RGB
67884,0,Unknown Artist,10,Unknown Genre,11,High_Renaissance,1382,2153,RGB
55496,0,Unknown Artist,2,genre_painting,22,Rococo,1382,4018,RGB
55937,69,raphael,7,religious_painting,11,High_Renaissance,2607,1382,RGB
17988,25,albrecht-durer,8,sketch_and_study,17,Northern_Renaissance,1824,1382,RGB
56198,58,pietro-perugino,7,religious_painting,11,High_Renaissance,1382,1682,RGB
10312,20,rembrandt,2,genre_painting,4,Baroque,1382,2954,RGB
57048,0,Unknown Artist,7,religious_painting,8,Early_Renaissance,1382,4083,RGB
47532,67,tintoretto,7,religious_painting,13,Mannerism_Late_Renaissance,2273,1382,RGB
68096,0,Unknown Artist,10,Unknown Genre,22,Rococo,2332,1382,RGB
58083,0,Unknown Artist,1,cityscape,22,Rococo,1957,1382,RGB
56808,0,Unknown Artist,7,religious_painting,13,Mannerism_Late_Renaissance,1382,2100,RGB
35778,0,Unknown Artist,7,religious_painting,8,Early_Renaissance,1382,1476,RGB
72256,0,Unknown Artist,10,Unknown Genre,4,Baroque,2378,1382,RGB
56704,82,paolo-veronese,7,religious_painting,13,Mannerism_Late_Renaissance,2319,1382,RGB
38056,58,pietro-perugino,7,religious_painting,11,High_Renaissance,1382,1382,RGB
75978,0,Unknown Artist,10,Unknown Genre,22,Rococo,1382,1946,RGB
31265,0,Unknown Artist,6,portrait,22,Rococo,1382,2073,RGB
49140,0,Unknown Artist,7,religious_painting,11,High_Renaissance,1382,1496,RGB
55851,0,Unknown Artist,7,religious_painting,8,Early_Renaissance,1760,1382,RGB
69664,0,Unknown Artist,10,Unknown Genre,22,Rococo,1382,1677,RGB
29028,0,Unknown Artist,2,genre_painting,22,Rococo,1773,1382,RGB
32084,0,Unknown Artist,7,religious_painting,8,Early_Renaissance,1382,2764,RGB
66162,0,Unknown Artist,6,portrait,22,Rococo,1382,1659,RGB
56064,0,Unknown Artist,7,religious_painting,8,Early_Renaissance,1382,4112,RGB
53081,0,Unknown Artist,2,genre_painting,4,Baroque,1382,1765,RGB
30101,0,Unknown Artist,7,religious_painting,8,Early_Renaissance,1382,2205,RGB
55611,67,tintoretto,7,religious_painting,13,Mannerism_Late_Renaissance,1382,2515,RGB
47977,0,Unknown Artist,2,genre_painting,22,Rococo,1382,1776,RGB
55910,0,Unknown Artist,7,religious_painting,8,Early_Renaissance,1517,1382,RGB
22082,0,Unknown Artist,7,religious_painting,8,Early_Renaissance,1382,1600,RGB
32337,0,Unknown Artist,7,religious_painting,8,Early_Renaissance,1382,2038,RGB
65008,126,thomas-gainsborough,6,portrait,22,Rococo,1382,2111,RGB
50478,0,Unknown Artist,7,religious_painting,4,Baroque,1382,1902,RGB
45814,0,Unknown Artist,2,genre_painting,22,Rococo,1624,1382,RGB
27840,0,Unknown Artist,7,religious_painting,8,Early_Renaissance,1382,1780,RGB
38273,121,el-greco,7,religious_painting,13,Mannerism_Late_Renaissance,1382,1760,RGB
77047,0,Unknown Artist,10,Unknown Genre,4,Baroque,1382,1621,RGB
41421,0,Unknown Artist,7,religious_painting,13,Mannerism_Late_Renaissance,1402,1381,RGB
25482,58,pietro-perugino,7,religious_painting,8,Early_Renaissance,1381,1965,RGB
43871,121,el-greco,7,religious_painting,13,Mannerism_Late_Renaissance,1382,1834,RGB
50263,0,Unknown Artist,7,religious_painting,8,Early_Renaissance,1382,1997,RGB
55689,0,Unknown Artist,7,religious_painting,8,Early_Renaissance,1382,1423,RGB
22846,0,Unknown Artist,6,portrait,8,Early_Renaissance,1382,2035,RGB
51122,0,Unknown Artist,6,portrait,13,Mannerism_Late_Renaissance,1382,1766,RGB
22851,121,el-greco,7,religious_painting,13,Mannerism_Late_Renaissance,1382,3480,RGB
39887,0,Unknown Artist,6,portrait,22,Rococo,1382,1939,RGB
56465,121,el-greco,7,religious_painting,13,Mannerism_Late_Renaissance,1382,2831,RGB
68271,0,Unknown Artist,10,Unknown Genre,13,Mannerism_Late_Renaissance,1382,1389,RGB
44777,121,el-greco,7,religious_painting,13,Mannerism_Late_Renaissance,1382,1836,RGB
5746,20,rembrandt,7,religious_painting,4,Baroque,1972,1382,RGB
76972,0,Unknown Artist,10,Unknown Genre,4,Baroque,1382,1438,RGB
24978,0,Unknown Artist,6,portrait,22,Rococo,1382,1752,RGB
51074,0,Unknown Artist,4,landscape,4,Baroque,1381,1941,RGB
4099,0,Unknown Artist,10,Unknown Genre,17,Northern_Renaissance,2121,1382,RGB
65023,29,lucas-cranach-the-elder,6,portrait,17,Northern_Renaissance,1382,1967,RGB
25713,0,Unknown Artist,4,landscape,17,Northern_Renaissance,1791,1382,RGB
32426,0,Unknown Artist,6,portrait,22,Rococo,1382,1800,RGB
48304,58,pietro-perugino,7,religious_painting,11,High_Renaissance,1952,1381,RGB
55723,61,bartolome-esteban-murillo,7,religious_painting,4,Baroque,1382,1723,RGB
35687,67,tintoretto,7,religious_painting,13,Mannerism_Late_Renaissance,1899,1382,RGB
19345,0,Unknown Artist,7,religious_painting,17,Northern_Renaissance,2156,1382,RGB
46416,0,Unknown Artist,6,portrait,17,Northern_Renaissance,1382,2090,RGB
55793,58,pietro-perugino,7,religious_painting,11,High_Renaissance,1382,1797,RGB
5673,0,Unknown Artist,10,Unknown Genre,17,Northern_Renaissance,1382,1687,RGB
42453,0,Unknown Artist,7,religious_painting,11,High_Renaissance,1382,2500,RGB
34651,0,Unknown Artist,7,religious_painting,4,Baroque,1382,1432,RGB
50193,0,Unknown Artist,2,genre_painting,4,Baroque,1759,1382,RGB
39501,29,lucas-cranach-the-elder,6,portrait,17,Northern_Renaissance,1382,1939,RGB
24960,0,Unknown Artist,2,genre_painting,4,Baroque,1382,1645,RGB
63373,77,titian,6,portrait,13,Mannerism_Late_Renaissance,1382,1665,RGB
65845,0,Unknown Artist,6,portrait,17,Northern_Renaissance,1470,1382,RGB
54699,0,Unknown Artist,2,genre_painting,4,Baroque,1382,1896,RGB
74890,0,Unknown Artist,10,Unknown Genre,4,Baroque,1382,1547,RGB
2879,25,albrecht-durer,6,portrait,17,Northern_Renaissance,1382,1769,RGB
40102,0,Unknown Artist,2,genre_painting,4,Baroque,2243,1382,RGB
31517,0,Unknown Artist,8,sketch_and_study,11,High_Renaissance,2073,1382,RGB
45962,0,Unknown Artist,7,religious_painting,13,Mannerism_Late_Renaissance,1624,1382,RGB
26335,0,Unknown Artist,6,portrait,4,Baroque,1382,1881,RGB
62520,87,michelangelo,8,sketch_and_study,11,High_Renaissance,1382,2003,RGB
47706,0,Unknown Artist,2,genre_painting,4,Baroque,1799,1382,RGB
73326,0,Unknown Artist,10,Unknown Genre,22,Rococo,2079,1382,RGB
3902,20,rembrandt,4,landscape,4,Baroque,1793,1382,RGB
62084,24,leonardo-da-vinci,8,sketch_and_study,11,High_Renaissance,1382,1817,RGB
65713,0,Unknown Artist,6,portrait,13,Mannerism_Late_Renaissance,1382,2071,RGB
25143,0,Unknown Artist,6,portrait,22,Rococo,1382,1775,RGB
42626,0,Unknown Artist,7,religious_painting,8,Early_Renaissance,1629,1382,RGB
44596,0,Unknown Artist,6,portrait,11,High_Renaissance,1382,1923,RGB
48685,0,Unknown Artist,7,religious_painting,11,High_Renaissance,1382,1782,RGB
44161,77,titian,7,religious_painting,11,High_Renaissance,1383,1382,RGB
2807,25,albrecht-durer,6,portrait,17,Northern_Renaissance,1382,2020,RGB
47893,0,Unknown Artist,7,religious_painting,8,Early_Renaissance,1382,2399,RGB
64650,83,joshua-reynolds,6,portrait,22,Rococo,1382,2265,RGB
29983,0,Unknown Artist,6,portrait,8,Early_Renaissance,1382,1808,RGB
76124,0,Unknown Artist,10,Unknown Genre,11,High_Renaissance,1498,1382,RGB
45784,126,thomas-gainsborough,6,portrait,22,Rococo,1382,1727,RGB
64770,94,konstantin-somov,6,portrait,8,Early_Renaissance,1382,1708,RGB
29295,24,leonardo-da-vinci,8,sketch_and_study,11,High_Renaissance,1382,1658,RGB
65763,0,Unknown Artist,6,portrait,13,Mannerism_Late_Renaissance,1382,1721,RGB
40901,0,Unknown Artist,6,portrait,22,Rococo,1382,1791,RGB
40970,0,Unknown Artist,7,religious_painting,22,Rococo,1382,1835,RGB
73454,0,Unknown Artist,10,Unknown Genre,8,Early_Renaissance,1382,2453,RGB
38496,0,Unknown Artist,7,religious_painting,8,Early_Renaissance,2879,1382,RGB
41238,0,Unknown Artist,7,religious_painting,11,High_Renaissance,1382,2918,RGB
53073,0,Unknown Artist,7,religious_painting,8,Early_Renaissance,2995,1382,RGB
18116,25,albrecht-durer,7,religious_painting,17,Northern_Renaissance,1382,1690,RGB
46838,24,leonardo-da-vinci,7,religious_painting,11,High_Renaissance,1382,1815,RGB
18047,0,Unknown Artist,10,Unknown Genre,17,Northern_Renaissance,1382,1672,RGB
46655,126,thomas-gainsborough,4,landscape,22,Rococo,1693,1382,RGB
45631,0,Unknown Artist,7,religious_painting,11,High_Renaissance,1382,1756,RGB
63751,77,titian,6,portrait,13,Mannerism_Late_Renaissance,1382,1675,RGB
49458,67,tintoretto,7,religious_painting,13,Mannerism_Late_Renaissance,3543,1382,RGB
28217,0,Unknown Artist,7,religious_painting,8,Early_Renaissance,1382,1785,RGB
36642,82,paolo-veronese,7,religious_painting,13,Mannerism_Late_Renaissance,1382,1579,RGB
56846,0,Unknown Artist,7,religious_painting,8,Early_Renaissance,1382,2097,RGB
78758,0,Unknown Artist,10,Unknown Genre,4,Baroque,1811,1382,RGB
70499,0,Unknown Artist,10,Unknown Genre,22,Rococo,1705,1382,RGB
37769,0,Unknown Artist,6,portrait,4,Baroque,1382,2133,RGB
11503,20,rembrandt,10,Unknown Genre,4,Baroque,1382,1547,RGB
71348,0,Unknown Artist,10,Unknown Genre,8,Early_Renaissance,4097,1382,RGB
55792,0,Unknown Artist,7,religious_painting,11,High_Renaissance,1382,1897,RGB
46629,77,titian,6,portrait,11,High_Renaissance,1382,1644,RGB
64084,67,tintoretto,6,portrait,13,Mannerism_Late_Renaissance,1382,2140,RGB
49452,0,Unknown Artist,7,religious_painting,4,Baroque,1382,1930,RGB
81105,0,Unknown Artist,10,Unknown Genre,17,Northern_Renaissance,1713,1382,RGB
50196,0,Unknown Artist,7,religious_painting,8,Early_Renaissance,1382,4730,RGB
56478,0,Unknown Artist,7,religious_painting,8,Early_Renaissance,2072,1382,RGB
49923,126,thomas-gainsborough,6,portrait,22,Rococo,1382,2119,RGB
28899,0,Unknown Artist,6,portrait,22,Rococo,1382,1720,RGB
36364,0,Unknown Artist,7,religious_painting,8,Early_Renaissance,2637,1382,RGB
41670,121,el-greco,7,religious_painting,13,Mannerism_Late_Renaissance,1382,1804,RGB
44829,0,Unknown Artist,7,religious_painting,17,Northern_Renaissance,2541,1382,RGB
30259,0,Unknown Artist,6,portrait,22,Rococo,1382,1699,RGB
47849,69,raphael,7,religious_painting,11,High_Renaissance,2321,1382,RGB
73023,0,Unknown Artist,10,Unknown Genre,22,Rococo,1666,1381,RGB
37805,0,Unknown Artist,7,religious_painting,11,High_Renaissance,1382,1677,RGB
64570,0,Unknown Artist,6,portrait,22,Rococo,1382,1808,RGB
21734,103,hans-memling,7,religious_painting,17,Northern_Renaissance,1382,2160,RGB
73636,0,Unknown Artist,10,Unknown Genre,11,High_Renaissance,2370,1382,RGB
33903,0,Unknown Artist,2,genre_painting,4,Baroque,1382,1602,RGB
42934,0,Unknown Artist,7,religious_painting,8,Early_Renaissance,1382,3991,RGB
20871,29,lucas-cranach-the-elder,7,religious_painting,17,Northern_Renaissance,1382,1915,RGB
10901,25,albrecht-durer,8,sketch_and_study,17,Northern_Renaissance,1382,1966,RGB
38282,23,hieronymus-bosch,7,religious_painting,17,Northern_Renaissance,2501,1382,RGB
18194,25,albrecht-durer,2,genre_painting,17,Northern_Renaissance,1574,1382,RGB
43197,0,Unknown Artist,6,portrait,13,Mannerism_Late_Renaissance,1382,1763,RGB
39541,114,anthony-van-dyck,6,portrait,4,Baroque,1587,1382,RGB
55746,58,pietro-perugino,7,religious_painting,11,High_Renaissance,2733,1382,RGB
56371,38,fra-angelico,7,religious_painting,8,Early_Renaissance,1651,1382,RGB
27617,77,titian,7,religious_painting,13,Mannerism_Late_Renaissance,1382,1941,RGB
74953,0,Unknown Artist,10,Unknown Genre,13,Mannerism_Late_Renaissance,1381,3340,RGB
5389,20,rembrandt,7,religious_painting,4,Baroque,1382,2004,RGB
18147,25,albrecht-durer,5,nude_painting,17,Northern_Renaissance,1382,2617,RGB
17782,20,rembrandt,10,Unknown Genre,4,Baroque,1382,1471,RGB
28250,0,Unknown Artist,6,portrait,4,Baroque,1382,1869,RGB
65290,114,anthony-van-dyck,6,portrait,4,Baroque,1382,2367,RGB
30163,0,Unknown Artist,7,religious_painting,11,High_Renaissance,1382,1749,RGB
13171,25,albrecht-durer,7,religious_painting,17,Northern_Renaissance,1401,1382,RGB
48229,0,Unknown Artist,7,religious_painting,8,Early_Renaissance,1585,1382,RGB
42534,0,Unknown Artist,6,portrait,22,Rococo,1382,1999,RGB
23481,121,el-greco,7,religious_painting,13,Mannerism_Late_Renaissance,1382,1893,RGB
77433,0,Unknown Artist,10,Unknown Genre,8,Early_Renaissance,2567,1381,RGB
56854,23,hieronymus-bosch,7,religious_painting,17,Northern_Renaissance,1382,1728,RGB
55811,0,Unknown Artist,7,religious_painting,17,Northern_Renaissance,1382,2073,RGB
78526,0,Unknown Artist,10,Unknown Genre,13,Mannerism_Late_Renaissance,1842,1382,RGB
45029,121,el-greco,1,cityscape,13,Mannerism_Late_Renaissance,1382,1549,RGB
22943,77,titian,7,religious_painting,13,Mannerism_Late_Renaissance,1382,2126,RGB
38068,0,Unknown Artist,7,religious_painting,11,High_Renaissance,1638,1382,RGB
19474,67,tintoretto,7,religious_painting,13,Mannerism_Late_Renaissance,1382,2181,RGB
47158,0,Unknown Artist,7,religious_painting,17,Northern_Renaissance,1887,1382,RGB
28354,0,Unknown Artist,7,religious_painting,8,Early_Renaissance,1390,1382,RGB
56461,0,Unknown Artist,7,religious_painting,8,Early_Renaissance,1382,1908,RGB
20288,117,hans-holbein-the-younger,6,portrait,17,Northern_Renaissance,1382,1916,RGB
20108,0,Unknown Artist,2,genre_painting,22,Rococo,1632,1382,RGB
19639,0,Unknown Artist,8,sketch_and_study,8,Early_Renaissance,1385,1382,RGB
7589,25,albrecht-durer,4,landscape,17,Northern_Renaissance,2007,1382,RGB
43064,0,Unknown Artist,7,religious_painting,8,Early_Renaissance,1382,4332,RGB
28048,29,lucas-cranach-the-elder,6,portrait,17,Northern_Renaissance,1873,1382,RGB
56945,0,Unknown Artist,7,religious_painting,8,Early_Renaissance,1382,2179,RGB
64872,83,joshua-reynolds,6,portrait,22,Rococo,1382,1630,RGB
56069,0,Unknown Artist,7,religious_painting,11,High_Renaissance,2005,1382,RGB
44276,38,fra-angelico,7,religious_painting,8,Early_Renaissance,1382,1530,RGB
71885,0,Unknown Artist,10,Unknown Genre,4,Baroque,1382,1697,RGB
57135,103,hans-memling,7,religious_painting,17,Northern_Renaissance,1382,2183,RGB
56036,121,el-greco,7,religious_painting,13,Mannerism_Late_Renaissance,1382,2528,RGB
59905,126,thomas-gainsborough,4,landscape,22,Rococo,1736,1382,RGB
47618,121,el-greco,6,portrait,13,Mannerism_Late_Renaissance,1382,1738,RGB
56668,0,Unknown Artist,7,religious_painting,17,Northern_Renaissance,1382,2189,RGB
43931,83,joshua-reynolds,6,portrait,22,Rococo,1381,1660,RGB
70202,0,Unknown Artist,10,Unknown Genre,11,High_Renaissance,1382,1839,RGB
56366,0,Unknown Artist,7,religious_painting,13,Mannerism_Late_Renaissance,1807,1382,RGB
55770,0,Unknown Artist,7,religious_painting,8,Early_Renaissance,1382,1991,RGB
30629,116,frans-hals,6,portrait,4,Baroque,1382,1801,RGB
47724,82,paolo-veronese,6,portrait,13,Mannerism_Late_Renaissance,1382,1730,RGB
63539,0,Unknown Artist,6,portrait,4,Baroque,1382,1729,RGB
80089,0,Unknown Artist,10,Unknown Genre,22,Rococo,1691,1382,RGB
43826,58,pietro-perugino,7,religious_painting,8,Early_Renaissance,2183,1382,RGB
45237,0,Unknown Artist,7,religious_painting,11,High_Renaissance,1382,1723,RGB
17578,20,rembrandt,2,genre_painting,4,Baroque,1382,2700,RGB
20697,0,Unknown Artist,7,religious_painting,8,Early_Renaissance,1382,1427,RGB
46993,0,Unknown Artist,7,religious_painting,11,High_Renaissance,1382,3140,RGB
22791,77,titian,6,portrait,13,Mannerism_Late_Renaissance,1382,1623,RGB
51412,0,Unknown Artist,9,still_life,4,Baroque,2243,1382,RGB
46778,0,Unknown Artist,6,portrait,22,Rococo,1382,1884,RGB
72601,0,Unknown Artist,10,Unknown Genre,22,Rococo,1767,1382,RGB
50070,0,Unknown Artist,6,portrait,22,Rococo,1382,1670,RGB
71069,0,Unknown Artist,10,Unknown Genre,22,Rococo,1776,1382,RGB
9085,20,rembrandt,7,religious_painting,4,Baroque,1382,1861,RGB
33183,0,Unknown Artist,6,portrait,8,Early_Renaissance,1382,1999,RGB
29795,67,tintoretto,7,religious_painting,13,Mannerism_Late_Renaissance,1382,1860,RGB
45898,0,Unknown Artist,6,portrait,13,Mannerism_Late_Renaissance,1951,1382,RGB
29982,121,el-greco,7,religious_painting,13,Mannerism_Late_Renaissance,1873,1382,RGB
46959,121,el-greco,7,religious_painting,13,Mannerism_Late_Renaissance,1382,1991,RGB
25935,67,tintoretto,7,religious_painting,13,Mannerism_Late_Renaissance,1382,1731,RGB
6879,25,albrecht-durer,8,sketch_and_study,17,Northern_Renaissance,1382,1712,RGB
46824,0,Unknown Artist,6,portrait,22,Rococo,1381,1666,RGB
56924,58,pietro-perugino,7,religious_painting,11,High_Renaissance,1382,1558,RGB
22835,67,tintoretto,7,religious_painting,13,Mannerism_Late_Renaissance,1382,1801,RGB
70273,0,Unknown Artist,10,Unknown Genre,11,High_Renaissance,1382,1717,RGB
17994,25,albrecht-durer,8,sketch_and_study,17,Northern_Renaissance,1382,1405,RGB
79355,0,Unknown Artist,10,Unknown Genre,11,High_Renaissance,2061,1382,RGB
49513,0,Unknown Artist,7,religious_painting,11,High_Renaissance,1382,1985,RGB
68021,0,Unknown Artist,10,Unknown Genre,17,Northern_Renaissance,1382,2032,RGB
66012,0,Unknown Artist,6,portrait,11,High_Renaissance,1382,1811,RGB
42837,0,Unknown Artist,7,religious_painting,4,Baroque,1382,3014,RGB
21042,0,Unknown Artist,7,religious_painting,17,Northern_Renaissance,1382,1445,RGB
56550,0,Unknown Artist,7,religious_painting,8,Early_Renaissance,1798,1382,RGB
34933,0,Unknown Artist,7,religious_painting,8,Early_Renaissance,1570,1382,RGB
40419,87,michelangelo,7,religious_painting,11,High_Renaissance,1878,1382,RGB
23155,117,hans-holbein-the-younger,6,portrait,17,Northern_Renaissance,1382,1865,RGB
20033,82,paolo-veronese,7,religious_painting,13,Mannerism_Late_Renaissance,1886,1382,RGB
65995,29,lucas-cranach-the-elder,6,portrait,17,Northern_Renaissance,1382,1926,RGB
38176,0,Unknown Artist,9,still_life,22,Rococo,1771,1382,RGB
35467,77,titian,6,portrait,13,Mannerism_Late_Renaissance,1382,1391,RGB
29310,82,paolo-veronese,7,religious_painting,13,Mannerism_Late_Renaissance,1886,1382,RGB
36009,0,Unknown Artist,6,portrait,8,Early_Renaissance,1382,2610,RGB
31932,0,Unknown Artist,3,illustration,8,Early_Renaissance,2358,1381,RGB
55698,77,titian,7,religious_painting,13,Mannerism_Late_Renaissance,1684,1381,RGB
33881,24,leonardo-da-vinci,8,sketch_and_study,11,High_Renaissance,1382,1932,RGB
29227,0,Unknown Artist,7,religious_painting,8,Early_Renaissance,1382,2764,RGB
23093,0,Unknown Artist,6,portrait,22,Rococo,1382,1718,RGB
30332,0,Unknown Artist,7,religious_painting,8,Early_Renaissance,1382,2868,RGB
55091,0,Unknown Artist,2,genre_painting,22,Rococo,1382,1593,RGB
34865,0,Unknown Artist,6,portrait,8,Early_Renaissance,1382,1944,RGB
32276,0,Unknown Artist,7,religious_painting,13,Mannerism_Late_Renaissance,1382,2045,RGB
38278,0,Unknown Artist,7,religious_painting,8,Early_Renaissance,1382,1508,RGB
40121,67,tintoretto,7,religious_painting,13,Mannerism_Late_Renaissance,1382,2222,RGB
70635,0,Unknown Artist,10,Unknown Genre,13,Mannerism_Late_Renaissance,1382,1683,RGB
45087,58,pietro-perugino,6,portrait,8,Early_Renaissance,1382,1983,RGB
19366,87,michelangelo,5,nude_painting,11,High_Renaissance,1382,2144,RGB
24394,24,leonardo-da-vinci,8,sketch_and_study,11,High_Renaissance,1382,1619,RGB
48378,0,Unknown Artist,6,portrait,11,High_Renaissance,1382,1441,RGB
19173,0,Unknown Artist,7,religious_painting,13,Mannerism_Late_Renaissance,1382,1671,RGB
49845,0,Unknown Artist,7,religious_painting,8,Early_Renaissance,1382,2093,RGB
11718,0,Unknown Artist,10,Unknown Genre,17,Northern_Renaissance,1382,2637,RGB
38923,0,Unknown Artist,7,religious_painting,11,High_Renaissance,1382,1972,RGB
3422,20,rembrandt,7,religious_painting,4,Baroque,1382,1632,RGB
64962,0,Unknown Artist,6,portrait,4,Baroque,1381,1839,RGB
28739,0,Unknown Artist,7,religious_painting,4,Baroque,1382,2322,RGB
37430,0,Unknown Artist,7,religious_painting,8,Early_Renaissance,1382,1616,RGB
55787,82,paolo-veronese,7,religious_painting,13,Mannerism_Late_Renaissance,1725,1382,RGB
55942,82,paolo-veronese,7,religious_painting,13,Mannerism_Late_Renaissance,1382,1920,RGB
33058,0,Unknown Artist,6,portrait,4,Baroque,1382,1721,RGB
50875,38,fra-angelico,7,religious_painting,8,Early_Renaissance,1771,1382,RGB
32662,121,el-greco,7,religious_painting,13,Mannerism_Late_Renaissance,1382,1803,RGB
56746,0,Unknown Artist,7,religious_painting,4,Baroque,1382,1919,RGB
68870,0,Unknown Artist,10,Unknown Genre,4,Baroque,1382,1688,RGB
67970,0,Unknown Artist,10,Unknown Genre,22,Rococo,1382,1568,RGB
43106,0,Unknown Artist,7,religious_painting,8,Early_Renaissance,1382,1877,RGB
55081,0,Unknown Artist,2,genre_painting,22,Rococo,1382,1623,RGB
55768,69,raphael,7,religious_painting,11,High_Renaissance,1382,1730,RGB
55757,0,Unknown Artist,7,religious_painting,8,Early_Renaissance,1382,1957,RGB
26692,58,pietro-perugino,7,religious_painting,8,Early_Renaissance,2175,1382,RGB
50775,126,thomas-gainsborough,8,sketch_and_study,22,Rococo,1893,1382,RGB
51940,126,thomas-gainsborough,4,landscape,22,Rococo,1492,1382,RGB
56563,67,tintoretto,7,religious_painting,13,Mannerism_Late_Renaissance,1382,1618,RGB
12660,25,albrecht-durer,6,portrait,17,Northern_Renaissance,1382,1782,RGB
39633,114,anthony-van-dyck,6,portrait,4,Baroque,1382,1808,RGB
71764,0,Unknown Artist,10,Unknown Genre,22,Rococo,2032,1382,RGB
73880,0,Unknown Artist,10,Unknown Genre,22,Rococo,1797,1382,RGB
20738,0,Unknown Artist,7,religious_painting,8,Early_Renaissance,1382,1544,RGB
28045,103,hans-memling,7,religious_painting,17,Northern_Renaissance,1970,1382,RGB
9702,25,albrecht-durer,7,religious_painting,17,Northern_Renaissance,1382,1792,RGB
55719,0,Unknown Artist,7,religious_painting,13,Mannerism_Late_Renaissance,2041,1382,RGB
3880,25,albrecht-durer,7,religious_painting,17,Northern_Renaissance,1382,1784,RGB
40460,0,Unknown Artist,7,religious_painting,11,High_Renaissance,1382,3332,RGB
53663,0,Unknown Artist,2,genre_painting,22,Rococo,1382,1753,RGB
20308,24,leonardo-da-vinci,8,sketch_and_study,8,Early_Renaissance,1382,2126,RGB
27914,0,Unknown Artist,7,religious_painting,17,Northern_Renaissance,1865,1382,RGB
46903,0,Unknown Artist,7,religious_painting,8,Early_Renaissance,1382,2022,RGB
51556,0,Unknown Artist,7,religious_painting,11,High_Renaissance,1382,2905,RGB
51702,0,Unknown Artist,7,religious_painting,8,Early_Renaissance,1382,3496,RGB
20392,0,Unknown Artist,6,portrait,13,Mannerism_Late_Renaissance,1707,1382,RGB
32156,67,tintoretto,7,religious_painting,13,Mannerism_Late_Renaissance,2361,1382,RGB
78639,0,Unknown Artist,10,Unknown Genre,4,Baroque,1382,1524,RGB
70402,0,Unknown Artist,10,Unknown Genre,4,Baroque,1382,1692,RGB
37210,126,thomas-gainsborough,6,portrait,22,Rococo,1382,2135,RGB
50267,0,Unknown Artist,7,religious_painting,8,Early_Renaissance,1382,5937,RGB
37583,38,fra-angelico,7,religious_painting,8,Early_Renaissance,1382,4134,RGB
26232,0,Unknown Artist,6,portrait,22,Rococo,1382,1965,RGB
70203,0,Unknown Artist,10,Unknown Genre,17,Northern_Renaissance,1550,1382,RGB
31653,67,tintoretto,7,religious_painting,13,Mannerism_Late_Renaissance,1382,1834,RGB
78529,0,Unknown Artist,10,Unknown Genre,13,Mannerism_Late_Renaissance,2005,1382,RGB
52993,103,hans-memling,7,religious_painting,17,Northern_Renaissance,1382,2011,RGB
68727,0,Unknown Artist,10,Unknown Genre,13,Mannerism_Late_Renaissance,1780,1382,RGB
37828,0,Unknown Artist,7,religious_painting,17,Northern_Renaissance,1382,1738,RGB
26378,103,hans-memling,7,religious_painting,17,Northern_Renaissance,1382,1907,RGB
72001,0,Unknown Artist,10,Unknown Genre,22,Rococo,1382,1614,RGB
31571,0,Unknown Artist,7,religious_painting,17,Northern_Renaissance,3416,1382,RGB
1830,20,rembrandt,8,sketch_and_study,4,Baroque,2071,1382,RGB
47049,0,Unknown Artist,7,religious_painting,8,Early_Renaissance,1382,2029,RGB
56562,0,Unknown Artist,7,religious_painting,11,High_Renaissance,1382,2120,RGB
46712,0,Unknown Artist,7,religious_painting,13,Mannerism_Late_Renaissance,1382,2023,RGB
46174,0,Unknown Artist,7,religious_painting,8,Early_Renaissance,1382,1882,RGB
75399,0,Unknown Artist,10,Unknown Genre,22,Rococo,1614,1382,RGB
18183,25,albrecht-durer,8,sketch_and_study,17,Northern_Renaissance,1382,1942,RGB
23198,103,hans-memling,7,religious_painting,17,Northern_Renaissance,1733,1382,RGB
70473,0,Unknown Artist,10,Unknown Genre,4,Baroque,1382,1762,RGB
62162,24,leonardo-da-vinci,8,sketch_and_study,11,High_Renaissance,1650,1382,RGB
4651,20,rembrandt,8,sketch_and_study,4,Baroque,1382,1824,RGB
62887,0,Unknown Artist,3,illustration,8,Early_Renaissance,2056,1382,RGB
57059,0,Unknown Artist,7,religious_painting,8,Early_Renaissance,1382,1997,RGB
57000,0,Unknown Artist,7,religious_painting,17,Northern_Renaissance,1867,1382,RGB
26604,0,Unknown Artist,7,religious_painting,4,Baroque,1382,1928,RGB
11178,0,Unknown Artist,10,Unknown Genre,17,Northern_Renaissance,1382,1442,RGB
57034,0,Unknown Artist,7,religious_painting,13,Mannerism_Late_Renaissance,1382,1654,RGB
21355,0,Unknown Artist,8,sketch_and_study,22,Rococo,1382,1846,RGB
48978,0,Unknown Artist,7,religious_painting,8,Early_Renaissance,1382,1729,RGB
62550,87,michelangelo,8,sketch_and_study,11,High_Renaissance,1382,3437,RGB
37943,0,Unknown Artist,2,genre_painting,4,Baroque,1382,1645,RGB
65562,126,thomas-gainsborough,6,portrait,22,Rococo,1382,1819,RGB
47767,69,raphael,7,religious_painting,11,High_Renaissance,1382,1420,RGB
50241,126,thomas-gainsborough,6,portrait,22,Rococo,1382,1823,RGB
13128,25,albrecht-durer,8,sketch_and_study,17,Northern_Renaissance,2251,1382,RGB
18012,25,albrecht-durer,6,portrait,17,Northern_Renaissance,1382,2108,RGB
75350,0,Unknown Artist,10,Unknown Genre,22,Rococo,2362,1382,RGB
56702,77,titian,7,religious_painting,13,Mannerism_Late_Renaissance,1382,2022,RGB
1310,25,albrecht-durer,7,religious_painting,17,Northern_Renaissance,1382,1944,RGB
41303,0,Unknown Artist,7,religious_painting,13,Mannerism_Late_Renaissance,1382,2135,RGB
7346,25,albrecht-durer,5,nude_painting,17,Northern_Renaissance,1382,1995,RGB
32857,24,leonardo-da-vinci,8,sketch_and_study,11,High_Renaissance,1382,1953,RGB
62974,0,Unknown Artist,6,portrait,4,Baroque,1432,1382,RGB
66261,69,raphael,6,portrait,11,High_Renaissance,1382,2167,RGB
66283,0,Unknown Artist,6,portrait,22,Rococo,1382,1741,RGB
45370,0,Unknown Artist,6,portrait,22,Rococo,1382,1749,RGB
34382,29,lucas-cranach-the-elder,6,portrait,17,Northern_Renaissance,1382,1771,RGB
55850,80,peter-paul-rubens,7,religious_painting,4,Baroque,1382,2091,RGB
56540,23,hieronymus-bosch,7,religious_painting,17,Northern_Renaissance,1382,1696,RGB
56243,0,Unknown Artist,7,religious_painting,13,Mannerism_Late_Renaissance,1382,1858,RGB
39944,61,bartolome-esteban-murillo,7,religious_painting,4,Baroque,1382,2075,RGB
64756,0,Unknown Artist,6,portrait,11,High_Renaissance,1382,1805,RGB
51888,0,Unknown Artist,6,portrait,4,Baroque,1382,2073,RGB
18007,25,albrecht-durer,7,religious_painting,17,Northern_Renaissance,1382,2258,RGB
76073,0,Unknown Artist,10,Unknown Genre,11,High_Renaissance,1381,2041,RGB
49115,87,michelangelo,5,nude_painting,11,High_Renaissance,1382,2307,RGB
57024,58,pietro-perugino,7,religious_painting,8,Early_Renaissance,1382,1876,RGB
65502,0,Unknown Artist,6,portrait,17,Northern_Renaissance,4700,1382,RGB
22868,0,Unknown Artist,7,religious_painting,4,Baroque,1382,1596,RGB
56136,0,Unknown Artist,7,religious_painting,11,High_Renaissance,2005,1382,RGB
33254,24,leonardo-da-vinci,7,religious_painting,11,High_Renaissance,1812,1382,RGB
29828,0,Unknown Artist,7,religious_painting,13,Mannerism_Late_Renaissance,1382,1395,RGB
33067,0,Unknown Artist,7,religious_painting,8,Early_Renaissance,1382,1905,RGB
68738,0,Unknown Artist,10,Unknown Genre,11,High_Renaissance,2059,1382,RGB
73646,0,Unknown Artist,10,Unknown Genre,22,Rococo,2333,1382,RGB
56828,103,hans-memling,7,religious_painting,17,Northern_Renaissance,1382,1855,RGB
726,25,albrecht-durer,7,religious_painting,17,Northern_Renaissance,1382,2065,RGB
55733,87,michelangelo,7,religious_painting,11,High_Renaissance,1382,1829,RGB
31258,0,Unknown Artist,7,religious_painting,8,Early_Renaissance,1421,1382,RGB
69505,0,Unknown Artist,10,Unknown Genre,22,Rococo,1382,2062,RGB
25449,0,Unknown Artist,7,religious_painting,11,High_Renaissance,1382,1840,RGB
49910,117,hans-holbein-the-younger,6,portrait,17,Northern_Renaissance,1382,2107,RGB
4999,25,albrecht-durer,6,portrait,17,Northern_Renaissance,1382,1837,RGB
35718,0,Unknown Artist,7,religious_painting,8,Early_Renaissance,1382,1577,RGB
81106,0,Unknown Artist,10,Unknown Genre,17,Northern_Renaissance,2087,1382,RGB
18121,25,albrecht-durer,3,illustration,17,Northern_Renaissance,1382,1842,RGB
46407,83,joshua-reynolds,6,portrait,22,Rococo,1382,2261,RGB
55631,0,Unknown Artist,7,religious_painting,13,Mannerism_Late_Renaissance,1382,1910,RGB
26073,0,Unknown Artist,6,portrait,11,High_Renaissance,1382,1645,RGB
20022,77,titian,7,religious_painting,11,High_Renaissance,1648,1382,RGB
64749,67,tintoretto,6,portrait,13,Mannerism_Late_Renaissance,1382,1710,RGB
63770,117,hans-holbein-the-younger,6,portrait,17,Northern_Renaissance,1382,1724,RGB
56632,23,hieronymus-bosch,7,religious_painting,17,Northern_Renaissance,1382,1697,RGB
57071,0,Unknown Artist,7,religious_painting,8,Early_Renaissance,1382,2068,RGB
32434,0,Unknown Artist,6,portrait,22,Rococo,1382,1725,RGB
21063,0,Unknown Artist,6,portrait,22,Rococo,1382,1923,RGB
63143,0,Unknown Artist,6,portrait,22,Rococo,1382,1708,RGB
56507,0,Unknown Artist,7,religious_painting,8,Early_Renaissance,1382,1908,RGB
7817,20,rembrandt,8,sketch_and_study,4,Baroque,2166,1382,RGB
35521,23,hieronymus-bosch,7,religious_painting,17,Northern_Renaissance,1382,1418,RGB
27070,0,Unknown Artist,7,religious_painting,17,Northern_Renaissance,1382,2022,RGB
63932,0,Unknown Artist,6,portrait,4,Baroque,1382,1839,RGB
22907,80,peter-paul-rubens,7,religious_painting,4,Baroque,1382,1784,RGB
28399,0,Unknown Artist,7,religious_painting,22,Rococo,1382,2001,RGB
26308,0,Unknown Artist,7,religious_painting,8,Early_Renaissance,1382,1663,RGB
21771,0,Unknown Artist,7,religious_painting,8,Early_Renaissance,1382,1926,RGB
78608,0,Unknown Artist,10,Unknown Genre,4,Baroque,1633,1382,RGB
78505,0,Unknown Artist,10,Unknown Genre,13,Mannerism_Late_Renaissance,1544,1382,RGB
46180,0,Unknown Artist,7,religious_painting,8,Early_Renaissance,1382,2540,RGB
79406,0,Unknown Artist,10,Unknown Genre,11,High_Renaissance,2067,1382,RGB
56471,0,Unknown Artist,7,religious_painting,8,Early_Renaissance,1706,1382,RGB
56866,38,fra-angelico,7,religious_painting,8,Early_Renaissance,1382,4073,RGB
45896,125,jacob-jordaens,6,portrait,4,Baroque,1382,1789,RGB
68604,0,Unknown Artist,10,Unknown Genre,17,Northern_Renaissance,2213,1382,RGB
51336,80,peter-paul-rubens,6,portrait,4,Baroque,1382,1608,RGB
38767,0,Unknown Artist,7,religious_painting,17,Northern_Renaissance,1676,1382,RGB
45598,0,Unknown Artist,2,genre_painting,22,Rococo,1382,1720,RGB
57090,0,Unknown Artist,7,religious_painting,13,Mannerism_Late_Renaissance,1382,1930,RGB
46667,126,thomas-gainsborough,6,portrait,22,Rococo,1382,2106,RGB
36852,103,hans-memling,9,still_life,17,Northern_Renaissance,1382,1808,RGB
41502,67,tintoretto,7,religious_painting,13,Mannerism_Late_Renaissance,1382,2835,RGB
78472,0,Unknown Artist,10,Unknown Genre,13,Mannerism_Late_Renaissance,1406,1382,RGB
27547,0,Unknown Artist,7,religious_painting,11,High_Renaissance,1382,1664,RGB
57086,67,tintoretto,7,religious_painting,13,Mannerism_Late_Renaissance,2429,1382,RGB
45537,82,paolo-veronese,7,religious_painting,13,Mannerism_Late_Renaissance,2177,1382,RGB
80080,0,Unknown Artist,10,Unknown Genre,22,Rococo,1382,1729,RGB
64127,116,frans-hals,6,portrait,4,Baroque,1382,1725,RGB
55767,67,tintoretto,7,religious_painting,13,Mannerism_Late_Renaissance,1382,3185,RGB
22565,0,Unknown Artist,7,religious_painting,8,Early_Renaissance,1382,1802,RGB
21595,0,Unknown Artist,6,portrait,17,Northern_Renaissance,1382,1757,RGB
44578,58,pietro-perugino,7,religious_painting,11,High_Renaissance,1382,2085,RGB
21545,0,Unknown Artist,6,portrait,8,Early_Renaissance,1382,1437,RGB
30929,77,titian,6,portrait,11,High_Renaissance,1382,1593,RGB
55653,58,pietro-perugino,7,religious_painting,11,High_Renaissance,1382,1835,RGB
51212,0,Unknown Artist,6,portrait,8,Early_Renaissance,1382,1865,RGB
39976,0,Unknown Artist,7,religious_painting,4,Baroque,1382,2436,RGB
56731,38,fra-angelico,7,religious_painting,8,Early_Renaissance,1382,1785,RGB
29448,0,Unknown Artist,6,portrait,13,Mannerism_Late_Renaissance,1382,1723,RGB
54673,0,Unknown Artist,2,genre_painting,4,Baroque,1703,1382,RGB
47033,38,fra-angelico,7,religious_painting,8,Early_Renaissance,2056,1382,RGB
59118,0,Unknown Artist,4,landscape,4,Baroque,1879,1382,RGB
41644,110,joseph-wright,6,portrait,22,Rococo,1382,1679,RGB
56800,0,Unknown Artist,7,religious_painting,8,Early_Renaissance,1382,1498,RGB
71812,0,Unknown Artist,10,Unknown Genre,8,Early_Renaissance,1382,1534,RGB
147,25,albrecht-durer,6,portrait,17,Northern_Renaissance,1382,1974,RGB
74243,0,Unknown Artist,10,Unknown Genre,13,Mannerism_Late_Renaissance,1382,1777,RGB
37779,0,Unknown Artist,7,religious_painting,8,Early_Renaissance,1382,4043,RGB
51123,0,Unknown Artist,6,portrait,17,Northern_Renaissance,1381,1777,RGB
75432,0,Unknown Artist,10,Unknown Genre,11,High_Renaissance,2143,1382,RGB
73820,0,Unknown Artist,10,Unknown Genre,22,Rococo,1382,1562,RGB
30363,0,Unknown Artist,7,religious_painting,8,Early_Renaissance,1382,1556,RGB
23042,58,pietro-perugino,7,religious_painting,8,Early_Renaissance,1382,2016,RGB
56454,58,pietro-perugino,7,religious_painting,11,High_Renaissance,1382,1989,RGB
42615,0,Unknown Artist,7,religious_painting,11,High_Renaissance,2054,1381,RGB
8353,25,albrecht-durer,7,religious_painting,17,Northern_Renaissance,1382,1867,RGB
48963,0,Unknown Artist,6,portrait,22,Rococo,1382,2100,RGB
17671,20,rembrandt,6,portrait,4,Baroque,1382,1799,RGB
21434,103,hans-memling,7,religious_painting,17,Northern_Renaissance,1382,4238,RGB
445,25,albrecht-durer,6,portrait,17,Northern_Renaissance,1382,2023,RGB
30134,0,Unknown Artist,7,religious_painting,8,Early_Renaissance,1842,1382,RGB
63502,0,Unknown Artist,6,portrait,11,High_Renaissance,1382,2073,RGB
33742,0,Unknown Artist,7,religious_painting,11,High_Renaissance,3642,1382,RGB
46504,58,pietro-perugino,7,religious_painting,11,High_Renaissance,1382,1893,RGB
37128,0,Unknown Artist,2,genre_painting,4,Baroque,1381,1848,RGB
74835,0,Unknown Artist,10,Unknown Genre,17,Northern_Renaissance,1496,1382,RGB
19972,82,paolo-veronese,7,religious_painting,13,Mannerism_Late_Renaissance,2098,1382,RGB
57057,0,Unknown Artist,7,religious_painting,4,Baroque,1382,1933,RGB
54007,0,Unknown Artist,2,genre_painting,22,Rococo,1652,1382,RGB
65109,116,frans-hals,6,portrait,4,Baroque,1382,1827,RGB
31902,0,Unknown Artist,6,portrait,22,Rococo,1382,1626,RGB
48156,87,michelangelo,5,nude_painting,11,High_Renaissance,1382,1835,RGB
42800,69,raphael,6,portrait,11,High_Renaissance,1382,1764,RGB
69921,0,Unknown Artist,10,Unknown Genre,17,Northern_Renaissance,1382,1828,RGB
9022,25,albrecht-durer,6,portrait,17,Northern_Renaissance,1382,2111,RGB
45450,0,Unknown Artist,7,religious_painting,8,Early_Renaissance,1382,1542,RGB
52559,0,Unknown Artist,4,landscape,4,Baroque,1872,1382,RGB
40774,24,leonardo-da-vinci,8,sketch_and_study,11,High_Renaissance,1382,1992,RGB
36697,0,Unknown Artist,2,genre_painting,4,Baroque,1948,1382,RGB
19655,0,Unknown Artist,7,religious_painting,11,High_Renaissance,1382,1556,RGB
20828,121,el-greco,7,religious_painting,13,Mannerism_Late_Renaissance,1672,1382,RGB
24724,0,Unknown Artist,7,religious_painting,17,Northern_Renaissance,1382,1747,RGB
47907,0,Unknown Artist,6,portrait,11,High_Renaissance,1579,1382,RGB
23675,0,Unknown Artist,6,portrait,13,Mannerism_Late_Renaissance,1382,1846,RGB
24329,0,Unknown Artist,7,religious_painting,11,High_Renaissance,1382,1927,RGB
20047,23,hieronymus-bosch,7,religious_painting,17,Northern_Renaissance,1382,1685,RGB
6218,20,rembrandt,6,portrait,4,Baroque,1382,1476,RGB
76064,0,Unknown Artist,10,Unknown Genre,22,Rococo,1901,1382,RGB
23815,0,Unknown Artist,7,religious_painting,11,High_Renaissance,1382,2133,RGB
10954,0,Unknown Artist,10,Unknown Genre,17,Northern_Renaissance,1382,3484,RGB
44562,58,pietro-perugino,7,religious_painting,11,High_Renaissance,1381,1827,RGB
23075,0,Unknown Artist,7,religious_painting,4,Baroque,1577,1382,RGB
25846,0,Unknown Artist,7,religious_painting,8,Early_Renaissance,1393,1382,RGB
38482,0,Unknown Artist,7,religious_painting,11,High_Renaissance,1382,1835,RGB
52226,82,paolo-veronese,7,religious_painting,13,Mannerism_Late_Renaissance,1382,2074,RGB
50321,67,tintoretto,7,religious_painting,13,Mannerism_Late_Renaissance,2055,1382,RGB
11879,20,rembrandt,8,sketch_and_study,4,Baroque,1382,1572,RGB
22723,0,Unknown Artist,6,portrait,17,Northern_Renaissance,1382,1994,RGB
19712,0,Unknown Artist,6,portrait,22,Rococo,1382,1807,RGB
38082,0,Unknown Artist,6,portrait,22,Rococo,1382,1683,RGB
40981,82,paolo-veronese,6,portrait,13,Mannerism_Late_Renaissance,1382,1826,RGB
38087,0,Unknown Artist,7,religious_painting,8,Early_Renaissance,1382,1793,RGB
50216,83,joshua-reynolds,8,sketch_and_study,22,Rococo,1382,1724,RGB
38300,103,hans-memling,7,religious_painting,17,Northern_Renaissance,1382,3315,RGB
48838,0,Unknown Artist,7,religious_painting,4,Baroque,1382,1837,RGB
30336,83,joshua-reynolds,6,portrait,22,Rococo,1382,1842,RGB
33015,121,el-greco,7,religious_painting,13,Mannerism_Late_Renaissance,1382,1693,RGB
43387,23,hieronymus-bosch,7,religious_painting,17,Northern_Renaissance,1382,4245,RGB
32103,29,lucas-cranach-the-elder,7,religious_painting,17,Northern_Renaissance,1713,1381,RGB
18104,0,Unknown Artist,10,Unknown Genre,17,Northern_Renaissance,1382,1545,RGB
73067,0,Unknown Artist,10,Unknown Genre,11,High_Renaissance,1382,1992,RGB
33576,0,Unknown Artist,7,religious_painting,22,Rococo,1819,1382,RGB
27505,0,Unknown Artist,7,religious_painting,8,Early_Renaissance,1484,1382,RGB
25016,0,Unknown Artist,7,religious_painting,17,Northern_Renaissance,1382,1898,RGB
71323,0,Unknown Artist,10,Unknown Genre,13,Mannerism_Late_Renaissance,1382,2062,RGB
20187,0,Unknown Artist,6,portrait,11,High_Renaissance,1382,1705,RGB
56146,77,titian,7,religious_painting,13,Mannerism_Late_Renaissance,1382,1413,RGB
55617,0,Unknown Artist,7,religious_painting,13,Mannerism_Late_Renaissance,1382,3204,RGB
34941,0,Unknown Artist,6,portrait,22,Rococo,1382,1692,RGB
19415,0,Unknown Artist,7,religious_painting,8,Early_Renaissance,1382,4181,RGB
34341,0,Unknown Artist,2,genre_painting,22,Rococo,1382,1854,RGB
9682,25,albrecht-durer,7,religious_painting,17,Northern_Renaissance,1382,1801,RGB
55968,58,pietro-perugino,7,religious_painting,8,Early_Renaissance,1382,1862,RGB
28177,121,el-greco,7,religious_painting,13,Mannerism_Late_Renaissance,1382,1780,RGB
13163,20,rembrandt,2,genre_painting,4,Baroque,1382,1684,RGB
36873,58,pietro-perugino,7,religious_painting,11,High_Renaissance,2358,1381,RGB
34536,0,Unknown Artist,1,cityscape,22,Rococo,2023,1382,RGB
22841,0,Unknown Artist,7,religious_painting,11,High_Renaissance,1382,1663,RGB
33432,58,pietro-perugino,7,religious_painting,11,High_Renaissance,1382,2273,RGB
55241,0,Unknown Artist,2,genre_painting,17,Northern_Renaissance,1986,1382,RGB
79384,0,Unknown Artist,10,Unknown Genre,11,High_Renaissance,1959,1382,RGB
50126,0,Unknown Artist,6,portrait,4,Baroque,1382,1576,RGB
24990,69,raphael,8,sketch_and_study,11,High_Renaissance,1382,1958,RGB
22121,0,Unknown Artist,6,portrait,11,High_Renaissance,1382,1832,RGB
73912,0,Unknown Artist,10,Unknown Genre,4,Baroque,1382,1646,RGB
51147,0,Unknown Artist,2,genre_painting,4,Baroque,1779,1382,RGB
26594,0,Unknown Artist,7,religious_painting,11,High_Renaissance,1733,1382,RGB
43628,0,Unknown Artist,7,religious_painting,8,Early_Renaissance,2065,1382,RGB
35937,0,Unknown Artist,8,sketch_and_study,17,Northern_Renaissance,1382,2263,RGB
46595,0,Unknown Artist,2,genre_painting,4,Baroque,1828,1382,RGB
45434,87,michelangelo,7,religious_painting,11,High_Renaissance,1382,1815,RGB
55759,77,titian,7,religious_painting,13,Mannerism_Late_Renaissance,1382,1915,RGB
29044,0,Unknown Artist,2,genre_painting,4,Baroque,1382,1783,RGB
71282,0,Unknown Artist,10,Unknown Genre,4,Baroque,2159,1382,RGB
51213,0,Unknown Artist,2,genre_painting,4,Baroque,1382,1847,RGB
63906,77,titian,6,portrait,11,High_Renaissance,1382,1805,RGB
29612,0,Unknown Artist,7,religious_painting,8,Early_Renaissance,1382,1797,RGB
21989,0,Unknown Artist,6,portrait,22,Rococo,1382,1758,RGB
65208,0,Unknown Artist,6,portrait,13,Mannerism_Late_Renaissance,1382,1840,RGB
56025,0,Unknown Artist,7,religious_painting,11,High_Renaissance,1382,2181,RGB
63346,83,joshua-reynolds,6,portrait,22,Rococo,1382,2218,RGB
32020,0,Unknown Artist,6,portrait,8,Early_Renaissance,1382,1917,RGB
42988,0,Unknown Artist,6,portrait,4,Baroque,1382,1457,RGB
55649,69,raphael,7,religious_painting,11,High_Renaissance,1995,1382,RGB
50641,0,Unknown Artist,7,religious_painting,13,Mannerism_Late_Renaissance,1382,2348,RGB
74005,0,Unknown Artist,10,Unknown Genre,11,High_Renaissance,1382,1813,RGB
11600,25,albrecht-durer,7,religious_painting,17,Northern_Renaissance,1382,2258,RGB
46192,82,paolo-veronese,7,religious_painting,13,Mannerism_Late_Renaissance,1382,1699,RGB
46816,0,Unknown Artist,9,still_life,11,High_Renaissance,1382,1677,RGB
36262,0,Unknown Artist,6,portrait,13,Mannerism_Late_Renaissance,1382,1869,RGB
43787,0,Unknown Artist,2,genre_painting,4,Baroque,1842,1382,RGB
55866,0,Unknown Artist,7,religious_painting,13,Mannerism_Late_Renaissance,1382,1528,RGB
55840,0,Unknown Artist,7,religious_painting,17,Northern_Renaissance,1382,1619,RGB
68176,0,Unknown Artist,10,Unknown Genre,17,Northern_Renaissance,1382,1776,RGB
24003,23,hieronymus-bosch,7,religious_painting,17,Northern_Renaissance,1382,2245,RGB
56143,0,Unknown Artist,7,religious_painting,17,Northern_Renaissance,1382,2262,RGB
79392,0,Unknown Artist,10,Unknown Genre,11,High_Renaissance,1745,1382,RGB
55714,0,Unknown Artist,7,religious_painting,11,High_Renaissance,1382,2290,RGB
56430,0,Unknown Artist,7,religious_painting,17,Northern_Renaissance,2090,1382,RGB
56298,67,tintoretto,7,religious_painting,13,Mannerism_Late_Renaissance,1729,1382,RGB
40873,24,leonardo-da-vinci,8,sketch_and_study,8,Early_Renaissance,1382,1936,RGB
52764,77,titian,6,portrait,11,High_Renaissance,1382,1779,RGB
30590,121,el-greco,6,portrait,13,Mannerism_Late_Renaissance,1382,1595,RGB
47959,0,Unknown Artist,7,religious_painting,22,Rococo,1382,2066,RGB
40051,0,Unknown Artist,7,religious_painting,8,Early_Renaissance,1382,1677,RGB
27738,116,frans-hals,6,portrait,4,Baroque,1382,1689,RGB
73663,0,Unknown Artist,10,Unknown Genre,11,High_Renaissance,1382,1820,RGB
21386,0,Unknown Artist,1,cityscape,22,Rococo,1382,1842,RGB
63811,116,frans-hals,6,portrait,4,Baroque,1382,1887,RGB
65659,0,Unknown Artist,6,portrait,13,Mannerism_Late_Renaissance,1382,1726,RGB
34256,0,Unknown Artist,2,genre_painting,22,Rococo,1797,1382,RGB
3782,25,albrecht-durer,1,cityscape,17,Northern_Renaissance,1382,1467,RGB
32809,0,Unknown Artist,2,genre_painting,4,Baroque,1710,1382,RGB
45900,0,Unknown Artist,7,religious_painting,11,High_Renaissance,1778,1382,RGB
79409,0,Unknown Artist,10,Unknown Genre,11,High_Renaissance,1881,1382,RGB
47500,121,el-greco,7,religious_painting,13,Mannerism_Late_Renaissance,1382,2716,RGB
56251,0,Unknown Artist,7,religious_painting,8,Early_Renaissance,2742,1382,RGB
17744,20,rembrandt,7,religious_painting,4,Baroque,1382,1785,RGB
46129,0,Unknown Artist,6,portrait,11,High_Renaissance,1382,1633,RGB
37522,0,Unknown Artist,7,religious_painting,8,Early_Renaissance,3044,1382,RGB
50053,58,pietro-perugino,7,religious_painting,11,High_Renaissance,3158,1382,RGB
41556,0,Unknown Artist,7,religious_painting,13,Mannerism_Late_Renaissance,1382,1818,RGB
51537,0,Unknown Artist,6,portrait,11,High_Renaissance,1719,1382,RGB
28791,126,thomas-gainsborough,4,landscape,22,Rococo,1675,1382,RGB
34061,0,Unknown Artist,7,religious_painting,17,Northern_Renaissance,1382,2037,RGB
36825,0,Unknown Artist,7,religious_painting,17,Northern_Renaissance,1382,1708,RGB
80531,0,Unknown Artist,10,Unknown Genre,8,Early_Renaissance,1382,1788,RGB
27610,0,Unknown Artist,7,religious_painting,13,Mannerism_Late_Renaissance,1382,1882,RGB
23895,83,joshua-reynolds,6,portrait,22,Rococo,1382,1767,RGB
18075,25,albrecht-durer,6,portrait,17,Northern_Renaissance,1382,1902,RGB
51640,38,fra-angelico,7,religious_painting,8,Early_Renaissance,1702,1382,RGB
51752,77,titian,6,portrait,13,Mannerism_Late_Renaissance,1382,1982,RGB
64652,0,Unknown Artist,6,portrait,22,Rococo,1382,2086,RGB
64724,0,Unknown Artist,6,portrait,11,High_Renaissance,1382,1852,RGB
54427,0,Unknown Artist,2,genre_painting,22,Rococo,1774,1382,RGB
21002,24,leonardo-da-vinci,6,portrait,8,Early_Renaissance,1382,1906,RGB
56590,0,Unknown Artist,7,religious_painting,11,High_Renaissance,1382,1762,RGB
69878,0,Unknown Artist,10,Unknown Genre,17,Northern_Renaissance,1382,2416,RGB
22002,0,Unknown Artist,6,portrait,22,Rococo,1763,1382,RGB
24074,24,leonardo-da-vinci,8,sketch_and_study,11,High_Renaissance,1382,1448,RGB
81146,0,Unknown Artist,10,Unknown Genre,17,Northern_Renaissance,1532,1382,RGB
10124,25,albrecht-durer,7,religious_painting,17,Northern_Renaissance,1382,1902,RGB
56492,0,Unknown Artist,7,religious_painting,8,Early_Renaissance,1976,1382,RGB
63093,0,Unknown Artist,6,portrait,17,Northern_Renaissance,1382,2351,RGB
55639,69,raphael,7,religious_painting,11,High_Renaissance,1382,2209,RGB
32942,0,Unknown Artist,6,portrait,17,Northern_Renaissance,1382,1818,RGB
64920,83,joshua-reynolds,6,portrait,22,Rococo,1382,2139,RGB
19216,0,Unknown Artist,7,religious_painting,13,Mannerism_Late_Renaissance,1382,1555,RGB
30550,69,raphael,7,religious_painting,11,High_Renaissance,2201,1382,RGB
79412,0,Unknown Artist,10,Unknown Genre,11,High_Renaissance,1382,1521,RGB
17985,25,albrecht-durer,2,genre_painting,17,Northern_Renaissance,1382,1888,RGB
25772,87,michelangelo,7,religious_painting,11,High_Renaissance,1802,1382,RGB
24448,0,Unknown Artist,6,portrait,8,Early_Renaissance,1382,2058,RGB
50597,67,tintoretto,7,religious_painting,13,Mannerism_Late_Renaissance,1382,2095,RGB
55681,87,michelangelo,7,religious_painting,11,High_Renaissance,2246,1382,RGB
40864,0,Unknown Artist,7,religious_painting,8,Early_Renaissance,1382,1780,RGB
10758,20,rembrandt,7,religious_painting,4,Baroque,1382,1853,RGB
56902,0,Unknown Artist,7,religious_painting,8,Early_Renaissance,1382,1574,RGB
26811,121,el-greco,7,religious_painting,13,Mannerism_Late_Renaissance,1382,1801,RGB
19999,67,tintoretto,7,religious_painting,13,Mannerism_Late_Renaissance,1382,2720,RGB
55772,0,Unknown Artist,7,religious_painting,17,Northern_Renaissance,1382,2165,RGB
49023,77,titian,6,portrait,11,High_Renaissance,1382,1878,RGB
56615,29,lucas-cranach-the-elder,7,religious_painting,17,Northern_Renaissance,2013,1382,RGB
64176,0,Unknown Artist,6,portrait,13,Mannerism_Late_Renaissance,1382,1696,RGB
53080,0,Unknown Artist,7,religious_painting,13,Mannerism_Late_Renaissance,1382,1621,RGB
37959,128,canaletto,1,cityscape,4,Baroque,2738,1382,RGB
30414,0,Unknown Artist,7,religious_painting,17,Northern_Renaissance,1382,1848,RGB
48097,103,hans-memling,7,religious_painting,17,Northern_Renaissance,1382,1604,RGB
62254,69,raphael,8,sketch_and_study,11,High_Renaissance,1382,2081,RGB
64248,114,anthony-van-dyck,6,portrait,4,Baroque,1382,1958,RGB
49883,0,Unknown Artist,5,nude_painting,13,Mannerism_Late_Renaissance,1559,1382,RGB
71010,0,Unknown Artist,10,Unknown Genre,4,Baroque,2680,1382,RGB
57038,0,Unknown Artist,7,religious_painting,8,Early_Renaissance,1836,1382,RGB
32948,0,Unknown Artist,2,genre_painting,4,Baroque,1382,1808,RGB
55692,38,fra-angelico,7,religious_painting,8,Early_Renaissance,1382,1617,RGB
6720,20,rembrandt,6,portrait,4,Baroque,1382,1627,RGB
40377,87,michelangelo,8,sketch_and_study,11,High_Renaissance,1382,1797,RGB
9114,25,albrecht-durer,7,religious_painting,17,Northern_Renaissance,1382,1822,RGB
38564,0,Unknown Artist,2,genre_painting,4,Baroque,1568,1382,RGB
10334,20,rembrandt,7,religious_painting,4,Baroque,1798,1382,RGB
54910,126,thomas-gainsborough,2,genre_painting,22,Rococo,1382,1585,RGB
76332,0,Unknown Artist,10,Unknown Genre,22,Rococo,1382,1868,RGB
19071,0,Unknown Artist,7,religious_painting,17,Northern_Renaissance,1382,1792,RGB
63820,0,Unknown Artist,6,portrait,13,Mannerism_Late_Renaissance,1761,1382,RGB
27943,0,Unknown Artist,7,religious_painting,17,Northern_Renaissance,1382,2876,RGB
74682,0,Unknown Artist,10,Unknown Genre,4,Baroque,2025,1382,RGB
12439,20,rembrandt,10,Unknown Genre,4,Baroque,1382,1608,RGB
55858,0,Unknown Artist,7,religious_painting,13,Mannerism_Late_Renaissance,1382,1842,RGB
62424,0,Unknown Artist,8,sketch_and_study,22,Rococo,1381,1767,RGB
59341,126,thomas-gainsborough,4,landscape,22,Rococo,1654,1382,RGB
62299,0,Unknown Artist,8,sketch_and_study,22,Rococo,2073,1382,RGB
73895,0,Unknown Artist,10,Unknown Genre,4,Baroque,1867,1382,RGB
21986,0,Unknown Artist,6,portrait,13,Mannerism_Late_Renaissance,1382,1759,RGB
63074,77,titian,6,portrait,13,Mannerism_Late_Renaissance,1382,1587,RGB
33787,0,Unknown Artist,6,portrait,13,Mannerism_Late_Renaissance,1382,1779,RGB
55801,0,Unknown Artist,7,religious_painting,4,Baroque,1382,1823,RGB
78650,0,Unknown Artist,10,Unknown Genre,4,Baroque,2090,1381,RGB
55677,0,Unknown Artist,7,religious_painting,17,Northern_Renaissance,2700,1382,RGB
72889,0,Unknown Artist,10,Unknown Genre,17,Northern_Renaissance,1382,2017,RGB
52881,117,hans-holbein-the-younger,7,religious_painting,17,Northern_Renaissance,1382,3560,RGB
78665,0,Unknown Artist,10,Unknown Genre,4,Baroque,1382,1771,RGB
21329,69,raphael,7,religious_painting,11,High_Renaissance,1382,1650,RGB
50337,0,Unknown Artist,7,religious_painting,17,Northern_Renaissance,1382,1541,RGB
63005,0,Unknown Artist,6,portrait,11,High_Renaissance,1382,1856,RGB
47097,83,joshua-reynolds,6,portrait,22,Rococo,1382,2304,RGB
50929,58,pietro-perugino,7,religious_painting,11,High_Renaissance,1707,1382,RGB
46058,0,Unknown Artist,7,religious_painting,11,High_Renaissance,1712,1382,RGB
52432,0,Unknown Artist,7,religious_painting,17,Northern_Renaissance,1382,1487,RGB
24251,0,Unknown Artist,7,religious_painting,13,Mannerism_Late_Renaissance,1382,1949,RGB
56169,103,hans-memling,7,religious_painting,17,Northern_Renaissance,1630,1382,RGB
27482,0,Unknown Artist,6,portrait,13,Mannerism_Late_Renaissance,1382,1901,RGB
31197,0,Unknown Artist,7,religious_painting,8,Early_Renaissance,1382,3179,RGB
37935,0,Unknown Artist,6,portrait,22,Rococo,1382,1734,RGB
68842,0,Unknown Artist,10,Unknown Genre,22,Rococo,1808,1382,RGB
32140,0,Unknown Artist,5,nude_painting,22,Rococo,1713,1382,RGB
78752,0,Unknown Artist,10,Unknown Genre,4,Baroque,1859,1382,RGB
55718,0,Unknown Artist,7,religious_painting,11,High_Renaissance,1382,1679,RGB
48836,116,frans-hals,6,portrait,4,Baroque,1382,1744,RGB
26558,67,tintoretto,7,religious_painting,13,Mannerism_Late_Renaissance,2374,1382,RGB
76900,0,Unknown Artist,10,Unknown Genre,13,Mannerism_Late_Renaissance,1540,1382,RGB
61970,0,Unknown Artist,8,sketch_and_study,13,Mannerism_Late_Renaissance,1382,1930,RGB
78595,0,Unknown Artist,10,Unknown Genre,4,Baroque,2010,1382,RGB
32587,0,Unknown Artist,7,religious_painting,8,Early_Renaissance,1382,1507,RGB
56012,77,titian,7,religious_painting,11,High_Renaissance,1867,1382,RGB
31036,29,lucas-cranach-the-elder,6,portrait,17,Northern_Renaissance,1382,1842,RGB
81082,0,Unknown Artist,10,Unknown Genre,17,Northern_Renaissance,1992,1382,RGB
56189,23,hieronymus-bosch,7,religious_painting,17,Northern_Renaissance,1382,3675,RGB
51160,0,Unknown Artist,2,genre_painting,4,Baroque,1382,1767,RGB
25577,0,Unknown Artist,4,landscape,22,Rococo,2125,1382,RGB
31101,83,joshua-reynolds,6,portrait,22,Rococo,1382,1727,RGB
49907,0,Unknown Artist,6,portrait,4,Baroque,1771,1382,RGB
24914,69,raphael,7,religious_painting,11,High_Renaissance,1382,1660,RGB
21180,0,Unknown Artist,7,religious_painting,13,Mannerism_Late_Renaissance,1382,2152,RGB
34512,0,Unknown Artist,3,illustration,22,Rococo,1883,1382,RGB
33406,0,Unknown Artist,6,portrait,13,Mannerism_Late_Renaissance,1382,1677,RGB
56302,0,Unknown Artist,7,religious_painting,8,Early_Renaissance,1382,3526,RGB
31205,121,el-greco,7,religious_painting,13,Mannerism_Late_Renaissance,1382,2093,RGB
20411,67,tintoretto,7,religious_painting,13,Mannerism_Late_Renaissance,1931,1382,RGB
24388,0,Unknown Artist,6,portrait,13,Mannerism_Late_Renaissance,1382,1924,RGB
77365,0,Unknown Artist,10,Unknown Genre,11,High_Renaissance,1382,2131,RGB
20178,103,hans-memling,7,religious_painting,17,Northern_Renaissance,1382,4366,RGB
4493,20,rembrandt,4,landscape,4,Baroque,3293,1382,RGB
31053,24,leonardo-da-vinci,7,religious_painting,11,High_Renaissance,1382,1724,RGB
74995,0,Unknown Artist,10,Unknown Genre,17,Northern_Renaissance,1859,1382,RGB
28610,0,Unknown Artist,7,religious_painting,8,Early_Renaissance,1382,2191,RGB
7460,25,albrecht-durer,7,religious_painting,17,Northern_Renaissance,1382,1979,RGB
19683,0,Unknown Artist,6,portrait,4,Baroque,1382,1874,RGB
32854,69,raphael,7,religious_painting,11,High_Renaissance,1382,2082,RGB
81116,0,Unknown Artist,10,Unknown Genre,17,Northern_Renaissance,1788,1382,RGB
49488,29,lucas-cranach-the-elder,6,portrait,17,Northern_Renaissance,1382,2139,RGB
40245,77,titian,6,portrait,13,Mannerism_Late_Renaissance,1382,1792,RGB
64817,77,titian,6,portrait,11,High_Renaissance,1382,1836,RGB
78739,0,Unknown Artist,10,Unknown Genre,4,Baroque,1382,1962,RGB
78488,0,Unknown Artist,10,Unknown Genre,13,Mannerism_Late_Renaissance,1536,1382,RGB
56410,0,Unknown Artist,7,religious_painting,8,Early_Renaissance,1382,1382,RGB
56249,0,Unknown Artist,7,religious_painting,11,High_Renaissance,1382,1406,RGB
33602,0,Unknown Artist,2,genre_painting,4,Baroque,1847,1382,RGB
71674,0,Unknown Artist,10,Unknown Genre,11,High_Renaissance,1382,2836,RGB
27503,24,leonardo-da-vinci,8,sketch_and_study,8,Early_Renaissance,1382,1945,RGB
43388,77,titian,6,portrait,11,High_Renaissance,1382,1903,RGB
54156,0,Unknown Artist,2,genre_painting,22,Rococo,1382,1660,RGB
52592,67,tintoretto,6,portrait,13,Mannerism_Late_Renaissance,1382,1721,RGB
63442,0,Unknown Artist,6,portrait,13,Mannerism_Late_Renaissance,1382,1731,RGB
72305,0,Unknown Artist,10,Unknown Genre,11,High_Renaissance,1382,3197,RGB
42667,0,Unknown Artist,7,religious_painting,8,Early_Renaissance,1382,2306,RGB
18037,25,albrecht-durer,6,portrait,17,Northern_Renaissance,1382,1920,RGB
51013,0,Unknown Artist,1,cityscape,4,Baroque,2121,1382,RGB
70521,0,Unknown Artist,10,Unknown Genre,22,Rococo,1382,3121,RGB
1906,0,Unknown Artist,10,Unknown Genre,17,Northern_Renaissance,2116,1382,RGB
38941,0,Unknown Artist,7,religious_painting,8,Early_Renaissance,1382,1951,RGB
50851,0,Unknown Artist,7,religious_painting,8,Early_Renaissance,1382,1440,RGB
76430,0,Unknown Artist,10,Unknown Genre,4,Baroque,1382,1777,RGB
47125,0,Unknown Artist,7,religious_painting,11,High_Renaissance,2704,1382,RGB
75935,0,Unknown Artist,10,Unknown Genre,11,High_Renaissance,1382,1953,RGB
68500,0,Unknown Artist,10,Unknown Genre,22,Rococo,2516,1382,RGB
27256,0,Unknown Artist,2,genre_painting,22,Rococo,1382,1758,RGB
26597,77,titian,6,portrait,11,High_Renaissance,1382,2447,RGB
20593,0,Unknown Artist,7,religious_painting,4,Baroque,1382,2280,RGB
76781,0,Unknown Artist,10,Unknown Genre,8,Early_Renaissance,1382,2173,RGB
74142,0,Unknown Artist,10,Unknown Genre,4,Baroque,1382,1910,RGB
54981,0,Unknown Artist,2,genre_painting,4,Baroque,1811,1382,RGB
5315,0,Unknown Artist,10,Unknown Genre,17,Northern_Renaissance,1382,2170,RGB
23757,0,Unknown Artist,2,genre_painting,4,Baroque,1382,1644,RGB
69855,0,Unknown Artist,10,Unknown Genre,22,Rococo,2065,1382,RGB
78598,0,Unknown Artist,10,Unknown Genre,4,Baroque,1779,1382,RGB
26412,0,Unknown Artist,7,religious_painting,13,Mannerism_Late_Renaissance,1499,1382,RGB
32259,80,peter-paul-rubens,7,religious_painting,4,Baroque,1382,3645,RGB
48101,110,joseph-wright,6,portrait,22,Rococo,1382,1970,RGB
72352,0,Unknown Artist,10,Unknown Genre,11,High_Renaissance,1663,1382,RGB
63299,126,thomas-gainsborough,6,portrait,22,Rococo,1564,1382,RGB
30360,0,Unknown Artist,2,genre_painting,4,Baroque,1382,1570,RGB
25526,0,Unknown Artist,2,genre_painting,22,Rococo,1753,1382,RGB
54309,0,Unknown Artist,2,genre_painting,22,Rococo,1680,1382,RGB
50301,24,leonardo-da-vinci,8,sketch_and_study,11,High_Renaissance,1382,2145,RGB
62752,0,Unknown Artist,3,illustration,22,Rococo,1382,1739,RGB
5428,20,rembrandt,7,religious_painting,4,Baroque,1382,1756,RGB
79386,0,Unknown Artist,10,Unknown Genre,11,High_Renaissance,1523,1382,RGB
74826,0,Unknown Artist,10,Unknown Genre,8,Early_Renaissance,1661,1382,RGB
32038,0,Unknown Artist,7,religious_painting,8,Early_Renaissance,1382,2679,RGB
63762,80,peter-paul-rubens,6,portrait,4,Baroque,1465,1382,RGB
56863,0,Unknown Artist,7,religious_painting,11,High_Renaissance,1382,1386,RGB
26507,0,Unknown Artist,9,still_life,22,Rococo,1680,1382,RGB
55901,0,Unknown Artist,7,religious_painting,13,Mannerism_Late_Renaissance,1382,2362,RGB
57010,121,el-greco,7,religious_painting,13,Mannerism_Late_Renaissance,1382,2596,RGB
17590,20,rembrandt,10,Unknown Genre,4,Baroque,1382,1553,RGB
35541,58,pietro-perugino,7,religious_painting,11,High_Renaissance,1382,1887,RGB
46947,0,Unknown Artist,8,sketch_and_study,22,Rococo,1382,2044,RGB
64189,0,Unknown Artist,6,portrait,17,Northern_Renaissance,1381,1994,RGB
20031,80,peter-paul-rubens,6,portrait,4,Baroque,1382,2063,RGB
64887,126,thomas-gainsborough,6,portrait,22,Rococo,1382,1842,RGB
35946,0,Unknown Artist,7,religious_painting,17,Northern_Renaissance,1382,1753,RGB
78676,0,Unknown Artist,10,Unknown Genre,4,Baroque,1382,1882,RGB
75916,0,Unknown Artist,10,Unknown Genre,22,Rococo,1382,1884,RGB
49143,0,Unknown Artist,6,portrait,11,High_Renaissance,1382,1740,RGB
25270,0,Unknown Artist,2,genre_painting,17,Northern_Renaissance,1814,1382,RGB
51748,58,pietro-perugino,6,portrait,11,High_Renaissance,1382,1448,RGB
45009,0,Unknown Artist,9,still_life,4,Baroque,2008,1381,RGB
41278,58,pietro-perugino,7,religious_painting,11,High_Renaissance,3184,1382,RGB
49667,110,joseph-wright,6,portrait,22,Rococo,1382,1759,RGB
28914,0,Unknown Artist,2,genre_painting,22,Rococo,1954,1382,RGB
49986,58,pietro-perugino,7,religious_painting,8,Early_Renaissance,1382,1939,RGB
4480,20,rembrandt,8,sketch_and_study,4,Baroque,1382,1531,RGB
42524,69,raphael,6,portrait,11,High_Renaissance,1382,2038,RGB
56439,67,tintoretto,7,religious_painting,13,Mannerism_Late_Renaissance,1402,1382,RGB
70493,0,Unknown Artist,10,Unknown Genre,4,Baroque,2100,1382,RGB
60830,128,canaletto,4,landscape,22,Rococo,1711,1382,RGB
37323,58,pietro-perugino,7,religious_painting,11,High_Renaissance,1382,1406,RGB
27622,0,Unknown Artist,6,portrait,22,Rococo,1382,1725,RGB
76711,0,Unknown Artist,10,Unknown Genre,13,Mannerism_Late_Renaissance,1526,1382,RGB
58141,0,Unknown Artist,1,cityscape,22,Rococo,2442,1382,RGB
25320,0,Unknown Artist,8,sketch_and_study,8,Early_Renaissance,1382,2160,RGB
3375,25,albrecht-durer,6,portrait,17,Northern_Renaissance,1382,1915,RGB
28527,23,hieronymus-bosch,7,religious_painting,17,Northern_Renaissance,1382,3574,RGB
30000,0,Unknown Artist,6,portrait,22,Rococo,1382,1871,RGB
56013,0,Unknown Artist,7,religious_painting,8,Early_Renaissance,2875,1382,RGB
19219,67,tintoretto,7,religious_painting,13,Mannerism_Late_Renaissance,1581,1382,RGB
74573,0,Unknown Artist,10,Unknown Genre,22,Rococo,2113,1382,RGB
56490,0,Unknown Artist,7,religious_painting,8,Early_Renaissance,1382,1782,RGB
41259,0,Unknown Artist,7,religious_painting,22,Rococo,1382,2570,RGB
4422,25,albrecht-durer,7,religious_painting,17,Northern_Renaissance,1382,1808,RGB
38510,80,peter-paul-rubens,6,portrait,4,Baroque,1382,2009,RGB
48217,67,tintoretto,7,religious_painting,13,Mannerism_Late_Renaissance,1382,1727,RGB
28589,23,hieronymus-bosch,6,portrait,17,Northern_Renaissance,1382,3575,RGB
48161,0,Unknown Artist,9,still_life,4,Baroque,1647,1382,RGB
78495,0,Unknown Artist,10,Unknown Genre,13,Mannerism_Late_Renaissance,1382,1661,RGB
48869,24,leonardo-da-vinci,8,sketch_and_study,11,High_Renaissance,1382,1707,RGB
55878,0,Unknown Artist,7,religious_painting,11,High_Renaissance,1382,1914,RGB
26021,121,el-greco,7,religious_painting,13,Mannerism_Late_Renaissance,1382,2779,RGB
28772,77,titian,6,portrait,13,Mannerism_Late_Renaissance,1382,1633,RGB
71851,0,Unknown Artist,10,Unknown Genre,17,Northern_Renaissance,1382,1876,RGB
70471,0,Unknown Artist,10,Unknown Genre,22,Rococo,1382,2030,RGB
42440,58,pietro-perugino,7,religious_painting,11,High_Renaissance,1382,2441,RGB
18101,0,Unknown Artist,10,Unknown Genre,17,Northern_Renaissance,1758,1382,RGB
37312,0,Unknown Artist,7,religious_painting,8,Early_Renaissance,1647,1382,RGB
71354,0,Unknown Artist,10,Unknown Genre,4,Baroque,1829,1382,RGB
46751,0,Unknown Artist,2,genre_painting,22,Rococo,1382,2604,RGB
63509,0,Unknown Artist,6,portrait,11,High_Renaissance,1382,1760,RGB
28996,24,leonardo-da-vinci,8,sketch_and_study,11,High_Renaissance,1561,1382,RGB
46093,80,peter-paul-rubens,7,religious_painting,4,Baroque,1382,1439,RGB
70657,0,Unknown Artist,10,Unknown Genre,13,Mannerism_Late_Renaissance,1382,1821,RGB
62038,0,Unknown Artist,8,sketch_and_study,13,Mannerism_Late_Renaissance,1382,2146,RGB
27480,0,Unknown Artist,8,sketch_and_study,8,Early_Renaissance,1382,1382,RGB
57043,29,lucas-cranach-the-elder,7,religious_painting,17,Northern_Renaissance,1382,1784,RGB
63636,0,Unknown Artist,6,portrait,8,Early_Renaissance,1382,1726,RGB
30599,67,tintoretto,7,religious_painting,13,Mannerism_Late_Renaissance,1382,2264,RGB
63760,82,paolo-veronese,6,portrait,13,Mannerism_Late_Renaissance,1382,1610,RGB
55809,0,Unknown Artist,7,religious_painting,13,Mannerism_Late_Renaissance,1381,2122,RGB
48611,0,Unknown Artist,7,religious_painting,8,Early_Renaissance,1842,1382,RGB
26650,77,titian,6,portrait,11,High_Renaissance,1575,1382,RGB
68719,0,Unknown Artist,10,Unknown Genre,22,Rococo,1382,1595,RGB
20690,0,Unknown Artist,6,portrait,22,Rococo,1382,1719,RGB
23814,0,Unknown Artist,6,portrait,13,Mannerism_Late_Renaissance,1382,1652,RGB
64686,0,Unknown Artist,6,portrait,4,Baroque,1382,1792,RGB
62262,0,Unknown Artist,8,sketch_and_study,8,Early_Renaissance,1382,1977,RGB
46221,0,Unknown Artist,6,portrait,8,Early_Renaissance,1382,2112,RGB
26142,0,Unknown Artist,7,religious_painting,11,High_Renaissance,1382,2363,RGB
37605,0,Unknown Artist,7,religious_painting,8,Early_Renaissance,1382,1969,RGB
45891,77,titian,7,religious_painting,13,Mannerism_Late_Renaissance,1382,2362,RGB
44067,0,Unknown Artist,6,portrait,22,Rococo,1862,1382,RGB
55857,58,pietro-perugino,7,religious_painting,11,High_Renaissance,2522,1382,RGB
40899,67,tintoretto,7,religious_painting,13,Mannerism_Late_Renaissance,3237,1382,RGB
56317,121,el-greco,7,religious_painting,13,Mannerism_Late_Renaissance,1381,1829,RGB
41989,0,Unknown Artist,6,portrait,22,Rococo,1382,1673,RGB
7634,25,albrecht-durer,2,genre_painting,17,Northern_Renaissance,1382,1882,RGB
45523,0,Unknown Artist,7,religious_painting,8,Early_Renaissance,2087,1381,RGB
22586,117,hans-holbein-the-younger,7,religious_painting,17,Northern_Renaissance,1641,1382,RGB
19857,0,Unknown Artist,6,portrait,13,Mannerism_Late_Renaissance,1382,1802,RGB
46280,0,Unknown Artist,2,genre_painting,22,Rococo,1920,1382,RGB
56961,0,Unknown Artist,7,religious_painting,4,Baroque,1382,2073,RGB
42198,0,Unknown Artist,6,portrait,22,Rococo,1382,1730,RGB
63514,0,Unknown Artist,6,portrait,22,Rococo,1382,1914,RGB
37515,29,lucas-cranach-the-elder,7,religious_painting,17,Northern_Renaissance,1382,4016,RGB
52455,116,frans-hals,6,portrait,4,Baroque,1382,1805,RGB
63732,0,Unknown Artist,6,portrait,17,Northern_Renaissance,1382,1862,RGB
46471,69,raphael,7,religious_painting,11,High_Renaissance,1382,1390,RGB
44982,121,el-greco,7,religious_painting,13,Mannerism_Late_Renaissance,1382,1833,RGB
61077,0,Unknown Artist,4,landscape,17,Northern_Renaissance,1382,1950,RGB
25575,0,Unknown Artist,7,religious_painting,22,Rococo,1382,1682,RGB
44846,126,thomas-gainsborough,6,portrait,22,Rococo,1382,2193,RGB
52123,0,Unknown Artist,6,portrait,22,Rococo,1382,1705,RGB
57106,0,Unknown Artist,7,religious_painting,8,Early_Renaissance,1382,2614,RGB
56281,82,paolo-veronese,7,religious_painting,13,Mannerism_Late_Renaissance,1382,1670,RGB
68493,0,Unknown Artist,10,Unknown Genre,22,Rococo,1382,1954,RGB
55668,0,Unknown Artist,7,religious_painting,8,Early_Renaissance,1382,1596,RGB
69411,0,Unknown Artist,10,Unknown Genre,22,Rococo,1790,1382,RGB
29383,103,hans-memling,7,religious_painting,17,Northern_Renaissance,1382,1980,RGB
27561,0,Unknown Artist,7,religious_painting,8,Early_Renaissance,1382,1490,RGB
23795,69,raphael,7,religious_painting,11,High_Renaissance,1382,1609,RGB
25465,0,Unknown Artist,7,religious_painting,4,Baroque,1382,2082,RGB
36396,0,Unknown Artist,7,religious_painting,8,Early_Renaissance,1382,1997,RGB
45939,0,Unknown Artist,7,religious_painting,8,Early_Renaissance,1924,1382,RGB
44282,0,Unknown Artist,6,portrait,11,High_Renaissance,1382,1683,RGB
36038,0,Unknown Artist,7,religious_painting,11,High_Renaissance,1382,2123,RGB
35002,61,bartolome-esteban-murillo,7,religious_painting,4,Baroque,1382,1954,RGB
24834,29,lucas-cranach-the-elder,6,portrait,17,Northern_Renaissance,1382,2012,RGB
21523,38,fra-angelico,7,religious_painting,8,Early_Renaissance,2312,1382,RGB
57158,38,fra-angelico,7,religious_painting,8,Early_Renaissance,1382,3014,RGB
63444,0,Unknown Artist,6,portrait,22,Rococo,1382,1843,RGB
62011,0,Unknown Artist,8,sketch_and_study,22,Rococo,1382,1838,RGB
64870,0,Unknown Artist,6,portrait,11,High_Renaissance,1382,1804,RGB
72887,0,Unknown Artist,10,Unknown Genre,4,Baroque,1934,1382,RGB
56971,0,Unknown Artist,7,religious_painting,8,Early_Renaissance,1382,2731,RGB
42669,0,Unknown Artist,6,portrait,11,High_Renaissance,1382,1480,RGB
55705,0,Unknown Artist,7,religious_painting,11,High_Renaissance,1382,2196,RGB
32152,0,Unknown Artist,8,sketch_and_study,13,Mannerism_Late_Renaissance,1382,2132,RGB
68324,0,Unknown Artist,10,Unknown Genre,4,Baroque,1382,1387,RGB
79357,0,Unknown Artist,10,Unknown Genre,11,High_Renaissance,1382,1981,RGB
78649,0,Unknown Artist,10,Unknown Genre,4,Baroque,1908,1382,RGB
33409,0,Unknown Artist,9,still_life,22,Rococo,1382,1835,RGB
50437,0,Unknown Artist,6,portrait,22,Rococo,1382,1780,RGB
73606,0,Unknown Artist,10,Unknown Genre,11,High_Renaissance,1382,1799,RGB
49770,0,Unknown Artist,7,religious_painting,8,Early_Renaissance,1771,1382,RGB
78656,0,Unknown Artist,10,Unknown Genre,4,Baroque,2399,1382,RGB
27927,69,raphael,6,portrait,11,High_Renaissance,1382,1864,RGB
20106,0,Unknown Artist,7,religious_painting,8,Early_Renaissance,1382,3022,RGB
38248,0,Unknown Artist,7,religious_painting,13,Mannerism_Late_Renaissance,1382,1951,RGB
41723,0,Unknown Artist,7,religious_painting,4,Baroque,1382,1944,RGB
47313,82,paolo-veronese,7,religious_painting,13,Mannerism_Late_Renaissance,2708,1382,RGB
56268,77,titian,7,religious_painting,13,Mannerism_Late_Renaissance,1382,2271,RGB
34573,87,michelangelo,7,religious_painting,11,High_Renaissance,1759,1382,RGB
56840,0,Unknown Artist,7,religious_painting,4,Baroque,1382,2190,RGB
56035,77,titian,7,religious_painting,11,High_Renaissance,1382,2059,RGB
23960,0,Unknown Artist,2,genre_painting,17,Northern_Renaissance,2017,1382,RGB
63109,0,Unknown Artist,6,portrait,22,Rococo,1382,1821,RGB
11750,25,albrecht-durer,7,religious_painting,17,Northern_Renaissance,1382,2176,RGB
31075,0,Unknown Artist,6,portrait,8,Early_Renaissance,1382,1908,RGB
28394,0,Unknown Artist,7,religious_painting,17,Northern_Renaissance,1382,2157,RGB
55906,58,pietro-perugino,7,religious_painting,11,High_Renaissance,1850,1382,RGB
56042,38,fra-angelico,7,religious_painting,8,Early_Renaissance,1382,1386,RGB
7444,25,albrecht-durer,5,nude_painting,17,Northern_Renaissance,1382,2362,RGB
55921,117,hans-holbein-the-younger,7,religious_painting,17,Northern_Renaissance,1382,1992,RGB
68269,0,Unknown Artist,10,Unknown Genre,17,Northern_Renaissance,1951,1382,RGB
63327,69,raphael,6,portrait,11,High_Renaissance,1382,1784,RGB
37775,0,Unknown Artist,6,portrait,22,Rococo,1382,1770,RGB
59093,0,Unknown Artist,4,landscape,17,Northern_Renaissance,1382,1515,RGB
31757,0,Unknown Artist,9,still_life,4,Baroque,2239,1382,RGB
63901,29,lucas-cranach-the-elder,6,portrait,17,Northern_Renaissance,1382,2074,RGB
73330,0,Unknown Artist,10,Unknown Genre,22,Rococo,1858,1382,RGB
49700,121,el-greco,7,religious_painting,13,Mannerism_Late_Renaissance,1382,1866,RGB
33110,82,paolo-veronese,7,religious_painting,13,Mannerism_Late_Renaissance,1382,2444,RGB
65075,0,Unknown Artist,6,portrait,8,Early_Renaissance,1382,1776,RGB
19721,80,peter-paul-rubens,7,religious_painting,4,Baroque,1382,1409,RGB
24028,0,Unknown Artist,7,religious_painting,22,Rococo,1382,1727,RGB
56675,0,Unknown Artist,7,religious_painting,11,High_Renaissance,2046,1382,RGB
38196,77,titian,7,religious_painting,13,Mannerism_Late_Renaissance,1382,2129,RGB
55818,38,fra-angelico,7,religious_painting,8,Early_Renaissance,2099,1382,RGB
79352,0,Unknown Artist,10,Unknown Genre,11,High_Renaissance,1382,1742,RGB
79393,0,Unknown Artist,10,Unknown Genre,11,High_Renaissance,1382,1383,RGB
48655,0,Unknown Artist,7,religious_painting,8,Early_Renaissance,1382,1928,RGB
76235,0,Unknown Artist,10,Unknown Genre,13,Mannerism_Late_Renaissance,1382,1875,RGB
70939,0,Unknown Artist,10,Unknown Genre,22,Rococo,1640,1382,RGB
81133,0,Unknown Artist,10,Unknown Genre,17,Northern_Renaissance,1934,1382,RGB
56912,0,Unknown Artist,7,religious_painting,8,Early_Renaissance,1382,4242,RGB
11018,25,albrecht-durer,2,genre_painting,17,Northern_Renaissance,1847,1382,RGB
76609,0,Unknown Artist,10,Unknown Genre,13,Mannerism_Late_Renaissance,1736,1382,RGB
33000,87,michelangelo,7,religious_painting,11,High_Renaissance,2432,1382,RGB
29064,0,Unknown Artist,6,portrait,22,Rococo,1382,1917,RGB
56556,23,hieronymus-bosch,7,religious_painting,17,Northern_Renaissance,1382,2419,RGB
28641,0,Unknown Artist,1,cityscape,13,Mannerism_Late_Renaissance,1612,1382,RGB
56370,0,Unknown Artist,7,religious_painting,11,High_Renaissance,2221,1381,RGB
73070,0,Unknown Artist,10,Unknown Genre,8,Early_Renaissance,1763,1382,RGB
8039,20,rembrandt,2,genre_painting,4,Baroque,1382,1590,RGB
69859,0,Unknown Artist,10,Unknown Genre,13,Mannerism_Late_Renaissance,1382,1868,RGB
6736,25,albrecht-durer,6,portrait,17,Northern_Renaissance,1382,1967,RGB
69880,0,Unknown Artist,10,Unknown Genre,13,Mannerism_Late_Renaissance,1382,1838,RGB
44684,0,Unknown Artist,8,sketch_and_study,13,Mannerism_Late_Renaissance,1382,3251,RGB
70225,0,Unknown Artist,10,Unknown Genre,13,Mannerism_Late_Renaissance,2187,1382,RGB
39535,0,Unknown Artist,7,religious_painting,17,Northern_Renaissance,1885,1382,RGB
57006,23,hieronymus-bosch,7,religious_painting,17,Northern_Renaissance,1382,2709,RGB
27080,0,Unknown Artist,7,religious_painting,4,Baroque,1920,1382,RGB
50170,0,Unknown Artist,8,sketch_and_study,8,Early_Renaissance,1382,2038,RGB
34406,0,Unknown Artist,7,religious_painting,17,Northern_Renaissance,1382,1794,RGB
24222,0,Unknown Artist,7,religious_painting,17,Northern_Renaissance,1382,1976,RGB
26221,87,michelangelo,8,sketch_and_study,11,High_Renaissance,1382,1864,RGB
49799,0,Unknown Artist,6,portrait,22,Rococo,1382,2236,RGB
55958,82,paolo-veronese,7,religious_painting,13,Mannerism_Late_Renaissance,1382,1608,RGB
21637,0,Unknown Artist,7,religious_painting,8,Early_Renaissance,1382,1799,RGB
46300,0,Unknown Artist,7,religious_painting,17,Northern_Renaissance,1382,2194,RGB
45867,29,lucas-cranach-the-elder,7,religious_painting,17,Northern_Renaissance,1382,2145,RGB
23428,0,Unknown Artist,7,religious_painting,8,Early_Renaissance,1844,1382,RGB
29891,24,leonardo-da-vinci,8,sketch_and_study,11,High_Renaissance,1382,1944,RGB
35405,0,Unknown Artist,2,genre_painting,17,Northern_Renaissance,2165,1382,RGB
44215,0,Unknown Artist,7,religious_painting,8,Early_Renaissance,1382,5237,RGB
42889,0,Unknown Artist,7,religious_painting,8,Early_Renaissance,1736,1382,RGB
25499,0,Unknown Artist,7,religious_painting,8,Early_Renaissance,1382,4466,RGB
23331,0,Unknown Artist,2,genre_painting,17,Northern_Renaissance,1874,1382,RGB
39281,0,Unknown Artist,2,genre_painting,22,Rococo,1382,1727,RGB
63965,0,Unknown Artist,6,portrait,22,Rococo,1382,1825,RGB
55661,0,Unknown Artist,7,religious_painting,13,Mannerism_Late_Renaissance,1587,1382,RGB
37897,29,lucas-cranach-the-elder,6,portrait,17,Northern_Renaissance,1382,2017,RGB
52170,0,Unknown Artist,7,religious_painting,17,Northern_Renaissance,1382,1796,RGB
65796,0,Unknown Artist,6,portrait,17,Northern_Renaissance,1858,1382,RGB
70624,0,Unknown Artist,10,Unknown Genre,11,High_Renaissance,1533,1382,RGB
57193,87,michelangelo,5,nude_painting,11,High_Renaissance,1382,1792,RGB
23613,0,Unknown Artist,7,religious_painting,8,Early_Renaissance,1771,1382,RGB
70550,0,Unknown Artist,10,Unknown Genre,22,Rococo,2306,1382,RGB
49155,69,raphael,7,religious_painting,11,High_Renaissance,1382,1747,RGB
30991,0,Unknown Artist,6,portrait,11,High_Renaissance,1382,1756,RGB
31454,103,hans-memling,6,portrait,17,Northern_Renaissance,1382,1973,RGB
40689,24,leonardo-da-vinci,8,sketch_and_study,11,High_Renaissance,1382,1973,RGB
56276,0,Unknown Artist,7,religious_painting,11,High_Renaissance,1382,1465,RGB
47152,0,Unknown Artist,7,religious_painting,8,Early_Renaissance,1382,5479,RGB
56506,0,Unknown Artist,7,religious_painting,17,Northern_Renaissance,1382,1928,RGB
54968,126,thomas-gainsborough,2,genre_painting,22,Rococo,1617,1382,RGB
39872,61,bartolome-esteban-murillo,8,sketch_and_study,4,Baroque,2073,1382,RGB
28972,0,Unknown Artist,7,religious_painting,13,Mannerism_Late_Renaissance,1427,1382,RGB
56764,77,titian,7,religious_painting,11,High_Renaissance,1394,1382,RGB
55680,0,Unknown Artist,7,religious_painting,8,Early_Renaissance,1382,1898,RGB
30763,126,thomas-gainsborough,6,portrait,22,Rococo,1382,2143,RGB
74430,0,Unknown Artist,10,Unknown Genre,22,Rococo,1382,1518,RGB
65926,0,Unknown Artist,6,portrait,22,Rococo,1382,1661,RGB
52443,0,Unknown Artist,3,illustration,8,Early_Renaissance,3017,1382,RGB
63546,0,Unknown Artist,6,portrait,22,Rococo,1382,1727,RGB
31336,67,tintoretto,7,religious_painting,13,Mannerism_Late_Renaissance,1382,1644,RGB
55763,0,Unknown Artist,7,religious_painting,17,Northern_Renaissance,3243,1382,RGB
33441,0,Unknown Artist,7,religious_painting,4,Baroque,1382,1798,RGB
40150,24,leonardo-da-vinci,8,sketch_and_study,11,High_Renaissance,1382,1773,RGB
19917,0,Unknown Artist,6,portrait,4,Baroque,1382,1721,RGB
30562,24,leonardo-da-vinci,8,sketch_and_study,8,Early_Renaissance,1382,1972,RGB
8238,25,albrecht-durer,6,portrait,17,Northern_Renaissance,1382,1872,RGB
17995,25,albrecht-durer,4,landscape,17,Northern_Renaissance,1734,1382,RGB
22236,80,peter-paul-rubens,8,sketch_and_study,4,Baroque,1382,2073,RGB
23961,67,tintoretto,7,religious_painting,13,Mannerism_Late_Renaissance,1834,1382,RGB
80054,0,Unknown Artist,10,Unknown Genre,22,Rococo,1382,1675,RGB
6267,20,rembrandt,10,Unknown Genre,4,Baroque,1382,1671,RGB
55843,0,Unknown Artist,7,religious_painting,13,Mannerism_Late_Renaissance,1382,1689,RGB
33348,83,joshua-reynolds,6,portrait,22,Rococo,1382,1712,RGB
47577,114,anthony-van-dyck,6,portrait,4,Baroque,1382,1643,RGB
17601,20,rembrandt,7,religious_painting,4,Baroque,1692,1382,RGB
35216,77,titian,6,portrait,13,Mannerism_Late_Renaissance,1382,1820,RGB
30880,0,Unknown Artist,6,portrait,11,High_Renaissance,1382,1925,RGB
46441,23,hieronymus-bosch,7,religious_painting,17,Northern_Renaissance,1382,1928,RGB
68262,0,Unknown Artist,10,Unknown Genre,22,Rococo,1382,1827,RGB
65835,117,hans-holbein-the-younger,6,portrait,17,Northern_Renaissance,2446,1381,RGB
55638,0,Unknown Artist,7,religious_painting,8,Early_Renaissance,2587,1382,RGB
37000,0,Unknown Artist,6,portrait,11,High_Renaissance,1382,1946,RGB
53049,0,Unknown Artist,6,portrait,17,Northern_Renaissance,1382,2720,RGB
70019,0,Unknown Artist,10,Unknown Genre,11,High_Renaissance,1382,1911,RGB
72458,0,Unknown Artist,10,Unknown Genre,22,Rococo,1991,1382,RGB
55967,0,Unknown Artist,7,religious_painting,4,Baroque,1382,1895,RGB
40348,0,Unknown Artist,6,portrait,17,Northern_Renaissance,1382,1572,RGB
69451,0,Unknown Artist,10,Unknown Genre,13,Mannerism_Late_Renaissance,1826,1382,RGB
38058,77,titian,7,religious_painting,11,High_Renaissance,1382,2238,RGB
23967,121,el-greco,7,religious_painting,13,Mannerism_Late_Renaissance,1382,1798,RGB
38149,24,leonardo-da-vinci,7,religious_painting,11,High_Renaissance,3161,1382,RGB
63602,0,Unknown Artist,6,portrait,17,Northern_Renaissance,1382,1748,RGB
23385,23,hieronymus-bosch,7,religious_painting,17,Northern_Renaissance,1382,1711,RGB
27183,114,anthony-van-dyck,6,portrait,4,Baroque,1382,1918,RGB
21264,0,Unknown Artist,8,sketch_and_study,22,Rococo,1382,2193,RGB
41966,0,Unknown Artist,7,religious_painting,11,High_Renaissance,1382,2073,RGB
68922,0,Unknown Artist,10,Unknown Genre,22,Rococo,1382,1793,RGB
52853,0,Unknown Artist,7,religious_painting,8,Early_Renaissance,1382,1511,RGB
30831,24,leonardo-da-vinci,6,portrait,11,High_Renaissance,1382,1843,RGB
19735,0,Unknown Artist,3,illustration,17,Northern_Renaissance,1693,1382,RGB
29659,82,paolo-veronese,7,religious_painting,13,Mannerism_Late_Renaissance,1382,1511,RGB
64969,0,Unknown Artist,6,portrait,22,Rococo,1382,1841,RGB
56890,121,el-greco,7,religious_painting,13,Mannerism_Late_Renaissance,1382,1734,RGB
44553,29,lucas-cranach-the-elder,7,religious_painting,17,Northern_Renaissance,1382,2389,RGB
63486,0,Unknown Artist,6,portrait,4,Baroque,1382,1863,RGB
68414,0,Unknown Artist,10,Unknown Genre,22,Rococo,1382,2124,RGB
6856,0,Unknown Artist,10,Unknown Genre,17,Northern_Renaissance,1382,1430,RGB
27803,0,Unknown Artist,7,religious_painting,17,Northern_Renaissance,1382,1672,RGB
55620,0,Unknown Artist,7,religious_painting,8,Early_Renaissance,1623,1382,RGB
46602,58,pietro-perugino,7,religious_painting,11,High_Renaissance,1382,1645,RGB
55775,0,Unknown Artist,7,religious_painting,8,Early_Renaissance,2062,1382,RGB
20098,29,lucas-cranach-the-elder,7,religious_painting,17,Northern_Renaissance,1382,1818,RGB
38907,23,hieronymus-bosch,7,religious_painting,17,Northern_Renaissance,1382,2657,RGB
22541,69,raphael,7,religious_painting,11,High_Renaissance,1777,1382,RGB
52214,0,Unknown Artist,2,genre_painting,4,Baroque,1745,1382,RGB
38438,82,paolo-veronese,6,portrait,13,Mannerism_Late_Renaissance,1382,1831,RGB
56809,0,Unknown Artist,7,religious_painting,8,Early_Renaissance,2215,1382,RGB
781,25,albrecht-durer,6,portrait,17,Northern_Renaissance,1382,1705,RGB
19859,0,Unknown Artist,7,religious_painting,4,Baroque,1382,1821,RGB
63996,80,peter-paul-rubens,6,portrait,4,Baroque,1381,1948,RGB
47657,0,Unknown Artist,6,portrait,22,Rococo,1382,1728,RGB
18026,25,albrecht-durer,6,portrait,17,Northern_Renaissance,1382,1785,RGB
57417,0,Unknown Artist,5,nude_painting,22,Rococo,2287,1382,RGB
56674,121,el-greco,7,religious_painting,13,Mannerism_Late_Renaissance,1382,1821,RGB
48757,0,Unknown Artist,7,religious_painting,17,Northern_Renaissance,1808,1382,RGB
75611,0,Unknown Artist,10,Unknown Genre,4,Baroque,1382,1894,RGB
63226,0,Unknown Artist,6,portrait,4,Baroque,1382,1746,RGB
19757,0,Unknown Artist,7,religious_painting,4,Baroque,1382,2056,RGB
25103,0,Unknown Artist,6,portrait,22,Rococo,1382,2108,RGB
33925,126,thomas-gainsborough,4,landscape,22,Rococo,1690,1382,RGB
53974,0,Unknown Artist,2,genre_painting,4,Baroque,1382,1801,RGB
22096,38,fra-angelico,7,religious_painting,8,Early_Renaissance,1695,1382,RGB
56129,121,el-greco,7,religious_painting,13,Mannerism_Late_Renaissance,1382,2313,RGB
37020,0,Unknown Artist,6,portrait,13,Mannerism_Late_Renaissance,1382,1382,RGB
30942,69,raphael,7,religious_painting,11,High_Renaissance,1382,2270,RGB
31506,103,hans-memling,6,portrait,17,Northern_Renaissance,1382,1755,RGB
68182,0,Unknown Artist,10,Unknown Genre,22,Rococo,1862,1382,RGB
75330,0,Unknown Artist,10,Unknown Genre,4,Baroque,1922,1382,RGB
19052,24,leonardo-da-vinci,8,sketch_and_study,8,Early_Renaissance,1382,1963,RGB
27094,121,el-greco,6,portrait,13,Mannerism_Late_Renaissance,1382,1495,RGB
17754,20,rembrandt,10,Unknown Genre,4,Baroque,1485,1382,RGB
7689,25,albrecht-durer,7,religious_painting,17,Northern_Renaissance,1382,1887,RGB
80092,0,Unknown Artist,10,Unknown Genre,22,Rococo,1402,1382,RGB
19137,0,Unknown Artist,6,portrait,22,Rococo,1382,1755,RGB
36403,67,tintoretto,6,portrait,13,Mannerism_Late_Renaissance,1382,1701,RGB
48237,0,Unknown Artist,2,genre_painting,8,Early_Renaissance,2081,1382,RGB
36346,0,Unknown Artist,8,sketch_and_study,13,Mannerism_Late_Renaissance,2329,1382,RGB
41248,0,Unknown Artist,6,portrait,17,Northern_Renaissance,1382,1437,RGB
37457,58,pietro-perugino,7,religious_painting,11,High_Renaissance,1382,1867,RGB
56896,0,Unknown Artist,7,religious_painting,11,High_Renaissance,1382,1665,RGB
78558,0,Unknown Artist,10,Unknown Genre,4,Baroque,1382,1946,RGB
25222,0,Unknown Artist,7,religious_painting,11,High_Renaissance,1382,1540,RGB
48159,0,Unknown Artist,7,religious_painting,13,Mannerism_Late_Renaissance,1382,1883,RGB
56916,0,Unknown Artist,7,religious_painting,8,Early_Renaissance,1552,1382,RGB
69772,0,Unknown Artist,10,Unknown Genre,8,Early_Renaissance,1382,1985,RGB
31767,69,raphael,7,religious_painting,11,High_Renaissance,1382,2082,RGB
25673,0,Unknown Artist,8,sketch_and_study,22,Rococo,1382,1941,RGB
55018,0,Unknown Artist,2,genre_painting,4,Baroque,1646,1382,RGB
55941,67,tintoretto,7,religious_painting,13,Mannerism_Late_Renaissance,1382,2084,RGB
24241,114,anthony-van-dyck,6,portrait,4,Baroque,1382,1648,RGB
30544,69,raphael,7,religious_painting,11,High_Renaissance,1382,2013,RGB
45946,0,Unknown Artist,7,religious_painting,8,Early_Renaissance,1382,1867,RGB
65015,83,joshua-reynolds,6,portrait,22,Rococo,1382,1808,RGB
44693,0,Unknown Artist,7,religious_painting,17,Northern_Renaissance,1387,1382,RGB
71292,0,Unknown Artist,10,Unknown Genre,22,Rococo,1894,1382,RGB
45569,0,Unknown Artist,7,religious_painting,8,Early_Renaissance,1852,1382,RGB
80052,0,Unknown Artist,10,Unknown Genre,22,Rococo,1382,2421,RGB
55781,0,Unknown Artist,7,religious_painting,11,High_Renaissance,1382,1818,RGB
39715,69,raphael,8,sketch_and_study,11,High_Renaissance,1382,2164,RGB
27082,0,Unknown Artist,7,religious_painting,8,Early_Renaissance,1382,1748,RGB
63870,114,anthony-van-dyck,6,portrait,4,Baroque,1382,1957,RGB
56046,0,Unknown Artist,7,religious_painting,8,Early_Renaissance,1382,1649,RGB
26773,0,Unknown Artist,7,religious_painting,8,Early_Renaissance,1382,1597,RGB
56607,125,jacob-jordaens,7,religious_painting,4,Baroque,1382,1489,RGB
32099,0,Unknown Artist,6,portrait,11,High_Renaissance,1382,1811,RGB
18024,0,Unknown Artist,10,Unknown Genre,17,Northern_Renaissance,1984,1382,RGB
41183,0,Unknown Artist,2,genre_painting,22,Rococo,1853,1382,RGB
46517,77,titian,7,religious_painting,11,High_Renaissance,1646,1382,RGB
51330,83,joshua-reynolds,6,portrait,22,Rococo,1382,1639,RGB
1484,20,rembrandt,10,Unknown Genre,4,Baroque,1382,1658,RGB
26297,0,Unknown Artist,7,religious_painting,13,Mannerism_Late_Renaissance,1382,2355,RGB
25211,0,Unknown Artist,7,religious_painting,11,High_Renaissance,1382,2145,RGB
19938,87,michelangelo,8,sketch_and_study,11,High_Renaissance,1700,1382,RGB
55745,0,Unknown Artist,7,religious_painting,8,Early_Renaissance,1382,1415,RGB
58691,128,canaletto,4,landscape,22,Rococo,2278,1382,RGB
62076,0,Unknown Artist,8,sketch_and_study,8,Early_Renaissance,1979,1382,RGB
21567,0,Unknown Artist,7,religious_painting,8,Early_Renaissance,1876,1382,RGB
25184,0,Unknown Artist,7,religious_painting,13,Mannerism_Late_Renaissance,1382,2028,RGB
57155,0,Unknown Artist,7,religious_painting,11,High_Renaissance,1382,2053,RGB
32027,0,Unknown Artist,7,religious_painting,11,High_Renaissance,1382,1727,RGB
80015,0,Unknown Artist,10,Unknown Genre,22,Rococo,1382,1796,RGB
76459,0,Unknown Artist,10,Unknown Genre,4,Baroque,2627,1382,RGB
36993,0,Unknown Artist,7,religious_painting,8,Early_Renaissance,1382,2254,RGB
39147,0,Unknown Artist,9,still_life,4,Baroque,1792,1382,RGB
34452,0,Unknown Artist,6,portrait,11,High_Renaissance,1767,1382,RGB
25912,0,Unknown Artist,7,religious_painting,8,Early_Renaissance,2221,1381,RGB
45856,69,raphael,6,portrait,11,High_Renaissance,1398,1382,RGB
48088,0,Unknown Artist,2,genre_painting,4,Baroque,1751,1382,RGB
47446,114,anthony-van-dyck,7,religious_painting,4,Baroque,1382,1719,RGB
21503,0,Unknown Artist,7,religious_painting,11,High_Renaissance,1382,1536,RGB
81147,0,Unknown Artist,10,Unknown Genre,17,Northern_Renaissance,1382,1721,RGB
32071,0,Unknown Artist,1,cityscape,22,Rococo,2459,1382,RGB
47149,0,Unknown Artist,7,religious_painting,13,Mannerism_Late_Renaissance,1382,2247,RGB
55737,87,michelangelo,7,religious_painting,11,High_Renaissance,2266,1382,RGB
19763,67,tintoretto,7,religious_painting,13,Mannerism_Late_Renaissance,1382,2378,RGB
56391,0,Unknown Artist,7,religious_painting,4,Baroque,1382,1727,RGB
63281,0,Unknown Artist,6,portrait,22,Rococo,1382,1660,RGB
24750,117,hans-holbein-the-younger,8,sketch_and_study,17,Northern_Renaissance,1382,1952,RGB
74470,0,Unknown Artist,10,Unknown Genre,17,Northern_Renaissance,2117,1382,RGB
27560,0,Unknown Artist,7,religious_painting,11,High_Renaissance,1517,1382,RGB
28188,0,Unknown Artist,8,sketch_and_study,22,Rococo,2047,1382,RGB
4933,25,albrecht-durer,7,religious_painting,17,Northern_Renaissance,1382,2225,RGB
55800,0,Unknown Artist,7,religious_painting,8,Early_Renaissance,1762,1382,RGB
26850,0,Unknown Artist,4,landscape,4,Baroque,1983,1382,RGB
56355,0,Unknown Artist,7,religious_painting,8,Early_Renaissance,1382,1890,RGB
78685,0,Unknown Artist,10,Unknown Genre,4,Baroque,1382,1651,RGB
55813,0,Unknown Artist,7,religious_painting,11,High_Renaissance,1382,1661,RGB
56709,69,raphael,7,religious_painting,11,High_Renaissance,1382,1932,RGB
36708,87,michelangelo,7,religious_painting,11,High_Renaissance,1838,1382,RGB
80068,0,Unknown Artist,10,Unknown Genre,22,Rococo,1382,1635,RGB
39536,0,Unknown Artist,7,religious_painting,17,Northern_Renaissance,1382,1782,RGB
43032,82,paolo-veronese,7,religious_painting,13,Mannerism_Late_Renaissance,3413,1382,RGB
72965,0,Unknown Artist,10,Unknown Genre,17,Northern_Renaissance,1382,1772,RGB
72418,0,Unknown Artist,10,Unknown Genre,4,Baroque,1968,1382,RGB
45626,0,Unknown Artist,6,portrait,22,Rococo,1382,1715,RGB
362,25,albrecht-durer,7,religious_painting,17,Northern_Renaissance,1382,1827,RGB
56614,58,pietro-perugino,7,religious_painting,11,High_Renaissance,1382,1796,RGB
40117,0,Unknown Artist,7,religious_painting,13,Mannerism_Late_Renaissance,1382,2196,RGB
68593,0,Unknown Artist,10,Unknown Genre,17,Northern_Renaissance,1382,2703,RGB
40810,29,lucas-cranach-the-elder,7,religious_painting,17,Northern_Renaissance,1382,1969,RGB
48806,0,Unknown Artist,7,religious_painting,17,Northern_Renaissance,1382,3123,RGB
17596,20,rembrandt,10,Unknown Genre,4,Baroque,1382,1715,RGB
